date,close,code,name,ret,log_ret,ma5,ma20,ma60,vol20,ret_20d,year_month,signal
2020-01-02,956.41279,sh.600519,贵州茅台,,,,,,,,2020-01,0
2020-01-03,912.87484848,sh.600519,贵州茅台,-0.0455221238938052,-0.0465908146012574,,,,,,2020-01,0
2020-01-06,912.39241017,sh.600519,贵州茅台,-0.0005284824210057,-0.0005286221170605,,,,,,2020-01,0
2020-01-07,926.39158499,sh.600519,贵州茅台,0.0153433705321941,0.0152268513753618,,,,,,2020-01,0
2020-01-08,920.98319762,sh.600519,贵州茅台,-0.0058381222990688,-0.0058552307550606,925.810966252,,,,,2020-01,0
2020-01-09,933.3065341,sh.600519,贵州茅台,0.0133806311687834,0.0132919011562635,921.189715072,,,,,2020-01,0
2020-01-10,941.6010875,sh.600519,贵州茅台,0.0088872766845016,0.0088480172757624,926.934962876,,,,,2020-01,0
2020-01-13,951.56301541,sh.600519,贵州茅台,0.0105797752808989,0.0105242010897239,934.769083924,,,,,2020-01,0
2020-01-14,937.2845342,sh.600519,贵州茅台,-0.0150052923230185,-0.0151190107412523,936.947673766,,,,,2020-01,0
2020-01-15,941.28792579,sh.600519,贵州茅台,0.0042712660285353,0.0042621700634516,941.0086194,,,,,2020-01,0
2020-01-16,936.945981,sh.600519,贵州茅台,-0.0046127700898277,-0.0046234417436816,941.73650878,,,,,2020-01,0
2020-01-17,937.3691725,sh.600519,贵州茅台,0.0004516711833786,0.0004515692106539,940.89012578,,,,,2020-01,0
2020-01-20,923.403853,sh.600519,贵州茅台,-0.0148984198645597,-0.0150105160862198,935.258293298,,,,,2020-01,0
2020-01-21,910.1156399,sh.600519,贵州茅台,-0.0143904674610448,-0.0144950144365901,929.824514438,,,,,2020-01,0
2020-01-22,910.29338033,sh.600519,贵州茅台,0.0001952943364642,0.0001952752690078,923.625605346,,,,,2020-01,0
2020-01-23,891.0720224,sh.600519,贵州茅台,-0.0211155637790443,-0.0213416860944356,914.450813626,,,,,2020-01,0
2020-02-03,849.70082136,sh.600519,贵州茅台,-0.0464285714285714,-0.0475409447690001,896.917143398,,,,,2020-02,0
2020-02-04,878.55401783,sh.600519,贵州茅台,0.0339568889951391,0.0333930817887435,887.947176364,,,,,2020-02,0
2020-02-05,888.69368617,sh.600519,贵州茅台,0.0115413146308802,0.0114752217058973,883.6627856179999,,,,,2020-02,0
2020-02-06,906.476193,sh.600519,贵州茅台,0.020009714378232,0.0198121511510551,882.8993481519999,918.3361347875,,,,2020-02,0
2020-02-07,910.708108,sh.600519,贵州茅台,0.0046685340802987,0.0046576702739809,886.8265652719999,916.0509006875002,,0.3177911095702679,-0.04505407626064001,2020-02,0
2020-02-10,902.65900567,sh.600519,贵州茅台,-0.0088382899628252,-0.0088775793193563,897.418202134,915.540108547,,0.2753945297219404,-0.008370242329660008,2020-02,0
2020-02-11,929.328534,sh.600519,贵州茅台,0.0295455184764976,0.0291174606671026,907.573105368,916.3869147385,,0.2952125193809705,0.021703758567843293,2020-02,0
2020-02-12,928.71067441,sh.600519,贵州茅台,-0.0006648451730418,-0.0006650662806009,915.576503016,916.5028692095,,0.2903872669951818,0.005695542862607393,2020-02,0
2020-02-13,923.403853,sh.600519,贵州茅台,-0.005714181559689,-0.0057305699558042,918.962035016,916.6239019785,,0.29035293727261,0.005819483601987194,2020-02,0
2020-02-14,920.864704,sh.600519,贵州茅台,-0.002749770852429,-0.0027535584171829,920.993354216,916.0018104735,,0.2863257171482014,-0.010310918419225205,2020-02,0
2020-02-17,925.79065306,sh.600519,贵州茅台,0.0053492647058823,0.0053350082080236,925.619683694,915.2112887515,,0.2850573245573441,-0.013848930397844506,2020-02,0
2020-02-18,917.479172,sh.600519,贵州茅台,-0.0089777111407727,-0.00901825362432,923.249811294,913.507096581,,0.2832476384027822,-0.0334064168195161,2020-02,0
2020-02-19,928.0589595,sh.600519,贵州茅台,0.0115313653136532,0.0114653858583515,923.119468312,913.045817846,,0.2823390189660287,-0.006869759182844406,2020-02,0
2020-02-20,946.256194,sh.600519,贵州茅台,0.0196078431372548,0.0194180858571015,927.689936512,913.2942312565,,0.2907857677062748,0.008466817925875097,2020-02,0
2020-02-21,941.92271304,sh.600519,贵州茅台,-0.0045796064400716,-0.0045901249637294,931.90153832,913.5430678585,,0.2907781736030917,0.008499981575631196,2020-02,0
2020-02-24,920.17066994,sh.600519,贵州茅台,-0.0230932355689741,-0.0233640619629103,930.777541696,912.6831427305,,0.3025231513657008,-0.015044925176721504,2020-02,0
2020-02-25,909.70091223,sh.600519,贵州茅台,-0.0113780606707262,-0.0114432860337824,929.221889742,911.997995692,,0.3005917626506907,-0.011524565982888004,2020-02,0
2020-02-26,908.7614271,sh.600519,贵州茅台,-0.001032740670444,-0.0010332743145324,925.362383262,911.930285052,,0.2961567058854027,0.0018331608077127959,2020-02,0
2020-02-27,920.34841037,sh.600519,贵州茅台,0.0127503026916271,0.0126697019815139,920.180826536,912.433036554,,0.2995487022775826,0.014388169162875695,2020-02,0
2020-02-28,894.626831,sh.600519,贵州茅台,-0.0279476544753951,-0.028345622551366,910.721650128,912.610776984,,0.3070418820890191,0.007556078466524896,2020-02,0
2020-03-02,919.18040183,sh.600519,贵州茅台,0.027445600756859,0.0270757226843796,910.523596506,916.0847560075,,0.2670499011774941,0.0814302506519553,2020-03,0
2020-03-03,942.024279,sh.600519,贵州茅台,0.0248524415060633,0.0245486427209275,916.98826986,919.258269066,,0.2552303564017517,0.0723258031628795,2020-03,0
2020-03-04,955.49869636,sh.600519,贵州茅台,0.014303683737646,0.014202351196083,926.335723712,922.5985195755,,0.2565529016994958,0.0750881722696453,2020-03,0
2020-03-05,991.114493,sh.600519,贵州茅台,0.0372745632994366,0.0365966611260895,940.488940238,926.8304345755,,0.2775240979303935,0.0923530211908499,2020-03,0
2020-03-06,977.9955565,sh.600519,贵州茅台,-0.0132365499573015,-0.0133249338832819,957.162685338,930.1948070004998,,0.2846663263785099,0.0744479371532497,2020-03,0
2020-03-09,942.87912583,sh.600519,贵州茅台,-0.0359065339679792,-0.0365670326068138,961.902430138,932.2058130085,,0.3150962448669454,0.04737969314809568,2020-03,0
2020-03-10,978.418748,sh.600519,贵州茅台,0.0376926598504501,0.0369996521247011,969.181323938,934.6603237085,,0.3255690399993378,0.055526834522048193,2020-03,0
2020-03-11,980.55163316,sh.600519,贵州茅台,0.0021799307958476,0.0021775581941563,974.191911298,937.252371646,,0.3253267458886882,0.058371610490937594,2020-03,0
2020-03-12,963.6070455,sh.600519,贵州茅台,-0.0172806684390429,-0.0174317219226849,968.690421798,939.262531271,,0.3319214322183262,0.04680512361158369,2020-03,0
2020-03-13,941.20328749,sh.600519,贵州茅台,-0.0232498902064119,-0.0235244326399114,961.331967996,940.2794604455,,0.3438531198938941,0.02630500425760079,2020-03,0
2020-03-16,903.090661,sh.600519,贵州茅台,-0.040493511865687,-0.0413362015621295,953.37427503,939.1444608425,,0.3739105551726671,-0.019537772313968502,2020-03,0
2020-03-17,884.5548733,sh.600519,贵州茅台,-0.0205248359887534,-0.0207383977012952,934.60150009,937.4982459075,,0.37939400550747,-0.031084897161949204,2020-03,0
2020-03-18,853.14560017,sh.600519,贵州茅台,-0.0355085637738016,-0.0361543256532746,909.120293492,933.752577941,,0.3943251847216684,-0.078124826249404,2020-03,0
2020-03-19,842.997468,sh.600519,贵州茅台,-0.0118949592753895,-0.0119662703625851,884.998377992,928.589641641,,0.3851588036699996,-0.10962762866204831,2020-03,0
2020-03-20,876.24339224,sh.600519,贵州茅台,0.039437751004016,0.0386799429288163,872.0063989419999,925.305675601,,0.4169089622212959,-0.0656102712179607,2020-03,0
2020-03-23,862.464277,sh.600519,贵州茅台,-0.0157252144347422,-0.0158501672906898,863.8811221420001,922.420355954,,0.413067527118262,-0.0582422500837288,2020-03,0
2020-03-24,893.780448,sh.600519,贵州茅台,0.0363101079489696,0.0356664310434819,865.7262370820001,921.6243327425002,,0.4342463173548136,-0.010554081464033,2020-03,0
2020-03-25,914.1782783,sh.600519,贵州茅台,0.0228219696969698,0.0225654441582217,877.9327727080001,921.8951753025,,0.4420636640856742,0.013300628903380803,2020-03,0
2020-03-26,901.33018436,sh.600519,贵州茅台,-0.0140542542357189,-0.014153950473246,889.59931598,920.944264002,,0.4425835979199492,-0.013503928023965196,2020-03,0
2020-03-27,910.2849165,sh.600519,贵州茅台,0.0099350185929458,0.0098859907566022,896.407620832,921.727168277,,0.4319221033095504,0.024378745044375705,2020-03,0
2020-03-30,907.322576,sh.600519,贵州茅台,-0.00325430032543,-0.0032596070770374,905.379280632,921.1342769855,,0.4208018288219428,-0.006321156037913295,2020-03,0
2020-03-31,940.331513,sh.600519,贵州茅台,0.0363805970149253,0.0357344480088826,914.689493632,921.0496386855,,0.4317930209432248,0.005206999470948704,2020-03,0
2020-04-01,933.560449,sh.600519,贵州茅台,-0.0072007200720072,-0.0072267703861275,918.565927772,919.9527263175,,0.429256535981969,-0.016297404338704496,2020-04,0
2020-04-02,969.108535,sh.600519,贵州茅台,0.0380779691749773,0.0373708967348375,932.1215979,918.8524284175,921.3396659268332,0.430210466594728,-0.015493998463163794,2020-04,0
2020-04-03,964.69887957,sh.600519,贵州茅台,-0.0045502183406113,-0.0045606020949575,943.004390514,918.187594571,921.4777674196666,0.4279723483453009,-0.006807666846473594,2020-04,0
2020-04-07,981.76196085,sh.600519,贵州茅台,0.0176874687442423,0.0175328658297716,957.892267484,920.131736322,922.6258859591668,0.4108392112245198,0.04678633586574791,2020-04,0
2020-04-08,981.60114808,sh.600519,贵州茅台,-0.0001638001638001,-0.000163813580512,966.1461945,920.290856326,923.7793649243334,0.3890302100398763,0.008929875851497706,2020-04,0
2020-04-09,980.5347055,sh.600519,贵州茅台,-0.0010864316755191,-0.0010870222702111,975.5410458,920.290009943,924.6817502661668,0.3890099515345147,0.005663513380131007,2020-04,0
2020-04-10,986.036195,sh.600519,贵州茅台,0.0056107034958998,0.00559502212737,978.9265778,921.4114674179998,925.7659668891666,0.3837527156564307,0.028554885315073705,2020-04,0
2020-04-13,983.7509609,sh.600519,贵州茅台,-0.0023175965665236,-0.0023202863501387,982.736994066,923.5388510885,926.6067073358334,0.372940416344229,0.049487178954962,2020-04,0
2020-04-14,1003.0484933,sh.600519,贵州茅台,0.0196162780693451,0.0194263585447405,986.994300556,928.5367427035,927.6308307658333,0.3407327596617711,0.1095969688899941,2020-04,0
2020-04-15,1006.8572168,sh.600519,贵州茅台,0.0037971479200067,0.0037899569515423,992.0455143,934.6518598785,928.552400789,0.3267643571810237,0.1339189527987542,2020-04,0
2020-04-16,1013.2050893,sh.600519,贵州茅台,0.0063046402151984,0.0062848491113789,998.57959106,942.654834335,929.817743374,0.2863440855938265,0.1757321567877542,2020-04,0
2020-04-17,1037.665558,sh.600519,贵州茅台,0.0241416757163142,0.0238548722388323,1008.90546366,952.388238835,931.4240372441668,0.2803317343264818,0.2117687917794579,2020-04,0
2020-04-20,1038.7658559,sh.600519,贵州茅台,0.0010603588907014,0.0010597971073058,1019.90844266,960.514362018,933.1210351591668,0.2603354667966223,0.1733913996661433,2020-04,0
2020-04-21,1015.6596,sh.600519,贵州茅台,-0.0222439501344413,-0.0224950778273707,1022.430664,968.174128168,934.4258756175,0.2693107442202578,0.1668726639664442,2020-04,0
2020-04-22,1053.3236435,sh.600519,贵州茅台,0.0370833333333333,0.036412286031555,1031.72394934,976.151287943,936.5912054591666,0.2703875469742371,0.1676458893508079,2020-04,0
2020-04-23,1059.89157558,sh.600519,贵州茅台,0.0062354359180396,0.0062160760240682,1041.0612465959998,983.436952807,939.0874710538334,0.2649956370353579,0.15105935557187772,2020-04,0
2020-04-24,1058.45272448,sh.600519,贵州茅台,-0.001357545557632,-0.0013584678574063,1045.218679892,991.2930798129998,941.5567934563334,0.2549051646273459,0.16375606424996458,2020-04,0
2020-04-27,1079.984708,sh.600519,贵州茅台,0.0203428863868986,0.0201387339304266,1053.462450312,999.778069388,944.7053382163334,0.2585031858978365,0.1741639320439174,2020-04,0
2020-04-28,1082.63388679,sh.600519,贵州茅台,0.0024529780564261,0.002449974416659,1066.85730767,1008.5436349275,948.5875559735,0.2557797453570714,0.1798712104257735,2020-04,0
2020-04-29,1079.0536867,sh.600519,贵州茅台,-0.0033069351825066,-0.0033124151773176,1072.00331631,1015.4797436124998,951.9292171213332,0.237565684369669,0.1401836782283416,2020-04,0
2020-04-30,1071.2669631,sh.600519,贵州茅台,-0.0072162522550788,-0.0072424153456738,1074.278393814,1022.3650693175,954.9721050701668,0.2375780126083648,0.14016814604527,2020-04,0
2020-05-06,1100.2979,sh.600519,贵州茅台,0.0270996286639804,0.0267389356512254,1082.647428918,1028.9245375675,958.2024668535,0.2211650826318613,0.1291898055342731,2020-05,0
2020-05-07,1110.454496,sh.600519,贵州茅台,0.0092307692307691,0.0091884260544061,1088.741386518,1036.212318389,961.5315733201666,0.2174447846853529,0.1429707931056535,2020-05,0
2020-05-08,1112.66355563,sh.600519,贵州茅台,0.0019893292682926,0.0019873531731257,1094.747320286,1042.757398128,965.0316491528332,0.2144731143283313,0.1272726536297038,2020-05,0
2020-05-11,1119.77317283,sh.600519,贵州茅台,0.0063897277519568,0.0063693999882168,1102.891217512,1049.6659993655,968.2057264666666,0.2130848084934523,0.1338261815454607,2020-05,0
2020-05-12,1128.228539,sh.600519,贵州茅台,0.0075509633336103,0.0075225975133316,1114.283532692,1057.0506910405,971.5310242098334,0.2110998128600266,0.1424635765545901,2020-05,0
2020-05-13,1130.72536885,sh.600519,贵州茅台,0.0022130532633157,0.0022106080678433,1120.369026462,1064.285149733,974.9863828073334,0.211766146519148,0.13906592632200598,2020-05,0
2020-05-14,1122.80322397,sh.600519,贵州茅台,-0.0070062502339158,-0.0070309092507473,1122.838772056,1071.2377628865,978.3520248068332,0.2151161049890651,0.1343772726546138,2020-05,0
2020-05-15,1111.300879,sh.600519,贵州茅台,-0.010244310600864,-0.0102971446930086,1122.56623673,1076.6503821715,981.4438619058332,0.2174715094660837,0.1045166839844047,2020-05,0
2020-05-18,1139.40925843,sh.600519,贵州茅台,0.0252932216298553,0.0249786415629702,1126.4934538499997,1083.277984253,985.1426966796666,0.2286950520106312,0.1260127576942533,2020-05,0
2020-05-19,1139.32462013,sh.600519,贵州茅台,-7.42826156393539e-05,-7.42853747294828e-05,1128.712670076,1089.5839607945,988.6637910235,0.229811774837997,0.11963383486341556,2020-05,0
2020-05-20,1143.463433,sh.600519,贵州茅台,0.0036326897504659,0.0036261074691618,1131.2602829060002,1094.8738545445,991.9505783401668,0.2196217389011553,0.09912484889756724,2020-05,0
2020-05-21,1156.2438163,sh.600519,贵州茅台,0.0111769059955588,0.0111149059332426,1137.9484013719998,1100.7477525645002,995.5225967278332,0.2201766801099727,0.10924139600242465,2020-05,0
2020-05-22,1124.1659006,sh.600519,贵州茅台,-0.0277432105995167,-0.028135322786828,1140.521405692,1106.1730675944998,998.9225172388334,0.2300009498808812,0.10374213553734923,2020-05,0
2020-05-25,1153.5353907,sh.600519,贵州茅台,0.0261255834964615,0.0257901403268541,1143.3466321459998,1111.1836549545,1002.9864252133334,0.2124667313902889,0.09278438570047744,2020-05,0
2020-05-26,1149.388114,sh.600519,贵州茅台,-0.0035952747817155,-0.0036017533148259,1145.35933092,1115.6584818755,1006.996869995,0.2143444953471212,0.08295367500072236,2020-05,0
2020-05-27,1132.460454,sh.600519,贵州茅台,-0.0147275405007364,-0.0148370674304677,1143.15873512,1119.3588683515,1010.5320707221668,0.2239383049517655,0.06958368005761795,2020-05,0
2020-05-28,1137.538752,sh.600519,贵州茅台,0.0044843049327354,0.0044742803949211,1139.41772226,1122.2365705515,1014.5806027388334,0.2149956910404346,0.05372509860345475,2020-05,0
2020-05-29,1156.6670078,sh.600519,贵州茅台,0.0168154761904761,0.016675661263583,1145.9179437,1125.938226602,1018.5387128383334,0.2207564663046578,0.06808759673750475,2020-05,0
2020-06-01,1201.4406685,sh.600519,贵州茅台,0.0387092053270889,0.0379787935663478,1155.49899926,1132.0575756920002,1022.86231933,0.2519859499844437,0.11010373724710025,2020-06,0
2020-06-02,1194.00096193,sh.600519,贵州茅台,-0.0061923212398732,-0.0062115731783148,1164.421568846,1138.1942756335,1026.8373570895,0.2513256866398777,0.11112766826230584,2020-06,0
2020-06-03,1184.3437319,sh.600519,贵州茅台,-0.0080881258373443,-0.0081210121730434,1174.798224426,1142.3965672285,1030.0578444045,0.2421923765058084,0.07593991376098115,2020-06,0
2020-06-04,1191.69880017,sh.600519,贵州茅台,0.0062102479811334,0.0061910438583715,1185.63023406,1146.458782437,1033.6195651323333,0.2415299817406405,0.07291939251134545,2020-06,0
2020-06-05,1206.095775,sh.600519,贵州茅台,0.0120810517120151,0.0120086582827118,1195.5159875,1151.1303934055,1038.0065092851669,0.2432621544419832,0.08301111495506794,2020-06,0
2020-06-08,1190.0991363,sh.600519,贵州茅台,-0.0132631578947367,-0.0133518991059806,1193.24768106,1154.646691579,1041.5345157568331,0.2507503263706307,0.06335822930837444,2020-06,0
2020-06-09,1198.94383865,sh.600519,贵州茅台,0.0074319038475214,0.0074044233212165,1194.236256404,1158.1824565615,1045.1743858483337,0.2507230786861221,0.06323916982228554,2020-06,0
2020-06-10,1204.96162178,sh.600519,贵州茅台,0.005019236878331,0.0050066825003178,1198.35983438,1161.894269208,1049.1969621196668,0.2507800802471172,0.06604535343730085,2020-06,0
2020-06-11,1185.32553618,sh.600519,贵州茅台,-0.0162960257364821,-0.016430266354154,1197.085181582,1165.0203848185,1053.2656662645,0.2579113975895135,0.05675557793473454,2020-06,0
2020-06-12,1198.79148971,sh.600519,贵州茅台,0.0113605529611697,0.0112965064917908,1195.6243245239998,1169.3949153540002,1058.1940134096667,0.2547592603295585,0.07836044149676824,2020-06,0
2020-06-15,1170.547689,sh.600519,贵州茅台,-0.0235602279065497,-0.0238422078911834,1191.7140350640002,1170.9518368825,1062.960560338,0.2593723700223429,0.02950699196036325,2020-06,0
2020-06-16,1188.22016604,sh.600519,贵州茅台,0.0150976138828633,0.0149847791827522,1189.569300542,1173.396614178,1068.5451364358337,0.2637247031134652,0.044678888458865904,2020-06,0
2020-06-17,1189.168115,sh.600519,贵州茅台,0.0007977889848134,0.0007974709203355,1186.410599186,1175.681848278,1074.3146472191663,0.2637172653932618,0.0418439876932134,2020-06,0
2020-06-18,1195.939179,sh.600519,贵州茅台,0.005693950177936,0.0056778009166814,1188.53332775,1177.666616413,1079.6429103318333,0.2619241949394257,0.0363610318755906,2020-06,0
2020-06-19,1218.65609872,sh.600519,贵州茅台,0.0189950460014154,0.0188168926011109,1192.506249552,1182.391126319,1085.5794406938332,0.2438824922065943,0.0830992884765227,2020-06,0
2020-06-22,1217.945137,sh.600519,贵州茅台,-0.0005833981553506,-0.0005835683982706,1201.9857391520002,1185.611613634,1090.9821855105,0.2300024890244337,0.0563903068247106,2020-06,0
2020-06-23,1247.9917335,sh.600519,贵州茅台,0.0246699096594857,0.0243705213679631,1213.940052644,1190.541794609,1096.545743097167,0.2411595327258965,0.0846554912659118,2020-06,0
2020-06-24,1250.15838267,sh.600519,贵州茅台,0.0017361085909788,0.0017346032964436,1226.1381061779998,1196.4266910425,1102.3595464023335,0.2308523862289998,0.101119140357627,2020-06,0
2020-06-29,1252.86418639,sh.600519,贵州茅台,0.0021643687372003,0.0021620298653644,1237.523107656,1202.192962762,1108.0692009005,0.2310753510025455,0.0987992041620919,2020-06,0
2020-06-30,1252.61586896,sh.600519,贵州茅台,-0.0001981997990664,-0.0001982194432422,1244.3150617039998,1206.99040582,1113.8240891165,0.22734013764995,0.0817855281725494,2020-06,0
2020-07-01,1279.49409009,sh.600519,贵州茅台,0.0214576725363666,0.0212306978397979,1256.624852322,1210.8930768995,1119.4767987346668,0.1989742037707245,0.06453399538182711,2020-07,0
2020-07-02,1322.076248,sh.600519,贵州茅台,0.0332804647085198,0.0327386583288071,1271.441755222,1217.296841203,1125.952062051333,0.2221721239229601,0.10400678133022011,2020-07,0
2020-07-03,1320.18389793,sh.600519,贵州茅台,-0.001431347150259,-0.0014323725061349,1285.446858274,1224.0888495045,1131.8033181001665,0.2181107930482162,0.1106635600173054,2020-07,0
2020-07-06,1370.0272,sh.600519,贵州茅台,0.0377548174524415,0.037059550149286,1308.879460996,1233.005269496,1138.5587901073332,0.2463262434584363,0.1422081294886135,2020-07,0
2020-07-07,1445.378696,sh.600519,贵州茅台,0.0549999999999999,0.0535407669280297,1347.4320264040002,1244.969415546,1146.2857356931663,0.2992411425212481,0.18512707777659831,2020-07,0
2020-07-08,1439.67595778,sh.600519,贵州茅台,-0.0039454976303316,-0.003953301640005,1379.468399942,1257.44825662,1153.9203158548337,0.2916730765832992,0.1944447380410034,2020-07,0
2020-07-09,1460.791502,sh.600519,贵州茅台,0.0146668728514161,0.014560354535727,1407.211450742,1270.5406397875,1161.9245957965,0.2920499508172812,0.2016797070448981,2020-07,0
2020-07-10,1467.51319795,sh.600519,贵州茅台,0.004601406799531,0.0045908526907115,1436.677310746,1283.668218596,1169.9492125123331,0.2921498050787879,0.2012618769660981,2020-07,0
2020-07-13,1525.85923133,sh.600519,贵州茅台,0.039758438603145,0.0389884156003949,1467.843717012,1300.6949033535,1178.9843503528332,0.2928278428510517,0.25731634130572517,2020-07,0
2020-07-14,1508.742454,sh.600519,贵州茅台,-0.0112177958349934,-0.011281189846606,1480.5164686120002,1316.1924515679998,1187.4125830311668,0.3050785637444984,0.2347379925095621,2020-07,0
2020-07-15,1500.63360551,sh.600519,贵州茅台,-0.0053745743473324,-0.0053890693316152,1492.707998158,1332.6967473935,1195.6421895096669,0.283218465738161,0.2529236460687794,2020-07,0
2020-07-16,1382.014938,sh.600519,贵州茅台,-0.0790457224698008,-0.0823448883346153,1476.952685358,1342.3864859915,1201.7890203213333,0.431003703497995,0.1587803097161153,2020-07,0
2020-07-17,1411.17082935,sh.600519,贵州茅台,0.0210966542750929,0.0208772009851056,1465.684211638,1353.486621709,1208.0141081771665,0.4325629702217693,0.1790791750063948,2020-07,0
2020-07-20,1401.67482832,sh.600519,贵州茅台,-0.0067291647704864,-0.0067519076843699,1440.847331036,1363.773404175,1214.0625910508331,0.4360385652624994,0.1666560600579724,2020-07,0
2020-07-21,1428.253356,sh.600519,贵州茅台,0.0189619783012413,0.0187844407880622,1424.749511436,1374.253267039,1220.9391536508333,0.4360278564902428,0.16662299235779832,2020-07,0
2020-07-22,1436.88452736,sh.600519,贵州茅台,0.0060431654676258,0.0060249787765335,1411.999695806,1385.2002365570002,1227.3318350485,0.4348638756709685,0.1732495559807747,2020-07,0
2020-07-23,1435.103492,sh.600519,贵州茅台,-0.0012395118230358,-0.0012402806531972,1422.617406606,1394.555824482,1233.5853669888336,0.4319297801452962,0.14734013449825323,2020-07,0
2020-07-24,1366.0027451,sh.600519,贵州茅台,-0.0481503579952266,-0.0493481957350763,1413.583789756,1400.3480426035,1238.711200665833,0.4747334370438718,0.09745366791204782,2020-07,0
2020-07-27,1389.33602085,sh.600519,贵州茅台,0.0170814266909045,0.0169371794374563,1411.116028262,1407.1716343265,1243.8670558800002,0.4765541998304672,0.11237072586575202,2020-07,0
2020-07-28,1429.96589,sh.600519,贵州茅台,0.0292440910911835,0.0288246406663924,1411.458535062,1416.0391353785,1249.6559226001666,0.4832011502884488,0.14181301675600191,2020-07,0
2020-07-29,1431.678424,sh.600519,贵州茅台,0.0011976047904191,0.0011968882338461,1410.41731439,1423.6483520739998,1255.5330015551665,0.4805560133833714,0.12155294901005441,2020-07,0
2020-07-30,1438.52856,sh.600519,贵州茅台,0.0047846889952152,0.0047732787526575,1411.1023279899998,1429.470967674,1261.6540281701668,0.4696840605122049,0.09305717329674981,2020-07,0
2020-07-31,1436.97015406,sh.600519,贵州茅台,-0.0010833333333333,-0.0010839205630375,1425.295809782,1435.3102804804998,1267.2652324045,0.4696258896572093,0.09340518711367551,2020-07,0
2020-08-03,1428.253356,sh.600519,贵州茅台,-0.0060660954128877,-0.0060845689155749,1433.079276812,1438.2215882805,1272.5618800711666,0.4541873779312143,0.04958427424834631,2020-08,0
2020-08-04,1429.95732733,sh.600519,贵州茅台,0.0011930455635491,0.0011923344502283,1433.077564278,1437.450519847,1277.8501095995,0.4096371751186936,-0.004222680188104489,2020-08,0
2020-08-05,1428.253356,sh.600519,贵州茅台,-0.0011916239019396,-0.0011923344502284,1432.392550678,1436.879389758,1282.9914459856666,0.4094207806786223,-0.0014688064597124886,2020-08,0
2020-08-06,1402.53109532,sh.600519,贵州茅台,-0.0180095923261389,-0.0181737388282708,1425.193057742,1433.966369424,1287.5631552576667,0.4102466848717563,-0.03414527163726749,2020-08,0
2020-08-07,1396.571477,sh.600519,贵州茅台,-0.0042491880143593,-0.0042582414694072,1417.1133223299998,1430.4192833764998,1291.9939237268334,0.4096440270420124,-0.042995866451157785,2020-08,0
2020-08-10,1399.13171533,sh.600519,贵州茅台,0.0018332311465358,0.0018315528291669,1411.288994196,1424.0829075765,1296.5993985828334,0.3791711024788936,-0.08092107390776698,2020-08,0
2020-08-11,1406.42711017,sh.600519,贵州茅台,0.0052142301972473,0.0052006831701122,1406.582950764,1418.967140385,1301.518169102333,0.3795350348270924,-0.06448904787552628,2020-08,0
2020-08-12,1393.10359565,sh.600519,贵州茅台,-0.009473306098593,-0.009518463280973,1399.552998694,1413.590639892,1305.746408056,0.3801214122471588,-0.06858777962678689,2020-08,0
2020-08-13,1399.996545,sh.600519,贵州茅台,0.00494790866345,0.0049357079920338,1399.04608863,1414.489720242,1310.0909401371669,0.2547706253085144,0.01540585150646391,2020-08,0
2020-08-14,1422.259487,sh.600519,贵州茅台,0.0159021406727828,0.015777026281941,1404.18369063,1415.0441531245,1314.7375410371667,0.249894499724383,0.010211337904153812,2020-08,0
2020-08-17,1447.09123,sh.600519,贵州茅台,0.0174593618302227,0.0173086983038243,1413.775593564,1417.3149732085,1319.5849979321667,0.255292151506596,0.03439986450486291,2020-08,0
2020-08-18,1459.935235,sh.600519,贵州茅台,0.0088757396449703,0.0088365818004979,1424.47721853,1418.8990671585,1325.1811535055,0.2486821312468571,0.02431362584859191,2020-08,0
2020-08-19,1444.522429,sh.600519,贵州茅台,-0.0105571847507329,-0.0106133071716486,1434.7609852,1419.2809622405,1330.0309374771668,0.2513747022315649,0.0077132756302332114,2020-08,0
2020-08-20,1424.828288,sh.600519,贵州茅台,-0.0136336692353291,-0.0137274611648145,1439.7273338,1418.7672020405005,1334.6216070438336,0.2562403223751706,-0.004680881782060088,2020-08,0
2020-08-21,1435.103492,sh.600519,贵州茅台,0.0072115384615385,0.0071856596608745,1442.2961348,1422.2222393855,1339.6656576771668,0.1841466138024184,0.05068101467470501,2020-08,0
2020-08-24,1452.52852545,sh.600519,贵州茅台,0.0121420047732696,0.0120688819434172,1443.38359389,1425.3818646155,1344.915487234667,0.1797535081843392,0.04574159275707011,2020-08,0
2020-08-25,1478.773109,sh.600519,贵州茅台,0.0180682052642437,0.0179069151612329,1447.1511686899998,1427.8222255654998,1350.2839222546668,0.1609146548637826,0.03456570693013031,2020-08,0
2020-08-26,1478.773109,sh.600519,贵州茅台,0.0,0.0,1454.00130469,1430.1769598155,1354.9061295963331,0.1610231550856297,0.03336810213971121,2020-08,0
2020-08-27,1482.198177,sh.600519,贵州茅台,0.0023161551823971,0.0023134770295305,1465.47528249,1432.3604406655,1359.7094165141668,0.1606274536289302,0.030899568326893112,2020-08,0
2020-08-28,1504.461119,sh.600519,贵州茅台,0.0150202195262854,0.0149085330108879,1479.34680789,1435.7349889125,1365.0447062991668,0.1671703801486339,0.04700312118651181,2020-08,0
2020-08-31,1529.7209955,sh.600519,贵州茅台,0.0167899829254412,0.0166505892763674,1494.7853019,1440.8083708875,1370.6784095546668,0.1715386588896544,0.06985919952484071,2020-08,1
2020-09-01,1542.97600866,sh.600519,贵州茅台,0.0086649874055415,0.0086276618640925,1507.625881832,1446.459304954,1376.2930801156667,0.1722588699619396,0.07733114136683311,2020-09,0
2020-09-02,1536.999265,sh.600519,贵州茅台,-0.0038735169091776,-0.0038810384051777,1519.271113032,1451.896600404,1382.0747489273333,0.17356147946275,0.0746492483595951,2020-09,0
2020-09-03,1535.286731,sh.600519,贵州茅台,-0.0011142061281337,-0.0011148273172463,1529.888823832,1458.534382188,1387.6804637998332,0.154842244668966,0.09154463455760031,2020-09,0
2020-09-04,1515.59259,sh.600519,贵州茅台,-0.0128276631344115,-0.0129106480372579,1532.1151180319998,1464.485437838,1392.8576466035,0.1640483363086703,0.08296615943754812,2020-09,0
2020-09-07,1475.7761745,sh.600519,贵州茅台,-0.0262711864406779,-0.0266224396109547,1521.3261538319998,1468.3176607965,1397.6984905755,0.1964433156303072,0.05486174185033441,2020-09,0
2020-09-08,1465.4153438,sh.600519,贵州茅台,-0.0070205976211197,-0.0070453579729655,1505.81402086,1471.267072478,1402.142221477,0.1991835487592775,0.04262691403196741,2020-09,0
2020-09-09,1445.378696,sh.600519,贵州茅台,-0.0136730162440108,-0.0137673528280521,1487.48990706,1473.8808274955,1406.7227382603337,0.2029510053151074,0.03842720388654961,2020-09,0
2020-09-10,1460.6202486,sh.600519,贵州茅台,0.0105450236966824,0.0104898127291066,1472.55661058,1476.9120126755,1411.2627396363334,0.2050199837404931,0.044024318919782014,2020-09,0
2020-09-11,1483.910711,sh.600519,贵州茅台,0.0159455973736664,0.015819801830597,1466.22023478,1479.9945738755,1416.1751162363332,0.2050585555795624,0.044067775620665606,2020-09,0
2020-09-14,1512.167522,sh.600519,贵州茅台,0.0190421234852855,0.0188630914482991,1473.49850428,1483.2483884755,1421.4455886196663,0.2066908208632263,0.04565053727572841,2020-09,0
2020-09-15,1507.02992,sh.600519,贵州茅台,-0.0033975084937712,-0.0034032931317079,1481.82141952,1485.6031227255,1426.2518189743334,0.2060887026140622,0.03337728913698691,2020-09,0
2020-09-16,1477.1462017,sh.600519,贵州茅台,-0.0198295454545455,-0.0200287892324989,1488.17492066,1487.2343113604998,1430.5718367193333,0.2157846094152986,0.024104928433174314,2020-09,0
2020-09-17,1430.41114884,sh.600519,贵州茅台,-0.0316387455799663,-0.0321500646112223,1482.133100708,1487.5134544025,1433.6121603083334,0.2402808575465151,0.006099852088537111,2020-09,0
2020-09-18,1451.372565,sh.600519,贵州茅台,0.0146541196753107,0.0145477856260744,1475.625471508,1488.3269080525,1436.9657300138335,0.2445329212924922,0.013542433302309309,2020-09,0
2020-09-21,1427.2258356,sh.600519,贵州茅台,-0.0166371681415928,-0.0167771202662522,1458.637134228,1487.06177356,1439.8717575006667,0.2479512645451476,-0.015236739612553092,2020-09,0
2020-09-22,1426.27537923,sh.600519,贵州茅台,-0.000665946724262,-0.0006661685652767,1442.486226074,1484.4368870715,1442.7660826718336,0.2377908316954033,-0.03397089160105879,2020-09,0
2020-09-23,1412.82342466,sh.600519,贵州茅台,-0.0094315268747485,-0.0094762853739789,1429.621670666,1481.1394028544998,1444.9882382479998,0.2392495520330767,-0.043402418475807295,2020-09,0
2020-09-24,1395.13294844,sh.600519,贵州茅台,-0.0125213638953198,-0.01260041676526,1422.566030586,1476.7861414265,1446.205849922,0.2413473291549909,-0.05823993755352419,2020-09,0
2020-09-25,1400.09073437,sh.600519,贵州茅台,0.0035536297351042,0.0035473305119505,1412.30966446,1471.567622195,1447.5376305293332,0.2333470327529578,-0.0697065273447054,2020-09,0
2020-09-28,1422.259487,sh.600519,贵州茅台,0.0158337971145672,0.0157097502575618,1411.31639474,1466.1945467700002,1448.408168646,0.2322672879697225,-0.0706627131555794,2020-09,0
2020-09-29,1414.8099641,sh.600519,贵州茅台,-0.0052378085490669,-0.0052515739563499,1409.023311714,1459.786244542,1447.898689781,0.2277827325771901,-0.08456550911018779,2020-09,0
2020-09-30,1428.6814895,sh.600519,贵州茅台,0.0098045149185983,0.0097567625344836,1412.194924682,1454.370355767,1447.715448643,0.23317591065385,-0.0708874772824119,2020-09,1
2020-10-09,1452.228832,sh.600519,贵州茅台,0.0164818699430626,0.0163475181604197,1423.614101394,1450.2174608169998,1447.5727374763335,0.2437345769397759,-0.053291401211215596,2020-10,0
2020-10-12,1498.98957287,sh.600519,贵州茅台,0.0321992924528302,0.0316917612573761,1443.393869094,1449.3873099605,1448.097343725,0.2698394524782381,-0.008264445623973889,2020-10,0
2020-10-13,1489.048313,sh.600519,贵州茅台,-0.0066319739976351,-0.0066540632549414,1456.751634294,1450.0509168855,1447.4838284195,0.2533816745244886,0.011374766819068908,2020-10,0
2020-10-14,1480.485643,sh.600519,贵州茅台,-0.0057504312823462,-0.0057670286709925,1469.886770074,1450.8044318455,1447.0128815694998,0.252916774090698,0.012644933157842408,2020-10,0
2020-10-15,1477.060575,sh.600519,贵州茅台,-0.0023134759976864,-0.0023161562178303,1479.562587174,1452.3885257955,1446.6199977276665,0.2475524783973457,0.02400447340416681,2020-10,0
2020-10-16,1465.929104,sh.600519,贵州茅台,-0.0075362318840579,-0.0075647727637726,1482.302641574,1452.6539685655,1448.0185671610002,0.2468188248488537,0.005923217823426509,2020-10,0
2020-10-19,1454.797633,sh.600519,贵州茅台,-0.0075934579439252,-0.0076224350297554,1473.4642536,1451.1983146655,1448.7456805551667,0.2411005036286389,-0.01761583749416509,2020-10,0
2020-10-20,1484.766978,sh.600519,贵州茅台,0.0206003531489111,0.0203910356685551,1472.6079866,1449.8282874655,1450.1305497165,0.2428652759720802,-0.016057607830539493,2020-10,0
2020-10-21,1484.19327911,sh.600519,贵州茅台,-0.0003863898500576,-0.0003864645178503,1473.349513822,1448.686455421,1451.0628817683332,0.2426737344172296,-0.01304648918682589,2020-10,0
2020-10-22,1492.0452475,sh.600519,贵州茅台,0.0052903947892206,0.005276449812042,1476.346448322,1449.431407711,1451.982227104,0.2325139689620459,0.012073451056940208,2020-10,0
2020-10-23,1468.78047311,sh.600519,贵州茅台,-0.0155925394548063,-0.0157153817198858,1476.916722144,1451.3498739245,1452.5435101225,0.2087657134174894,0.02811965718210021,2020-10,0
2020-10-26,1406.846681,sh.600519,贵州茅台,-0.0421668133828476,-0.043081642877525,1467.326531744,1449.1235797245,1453.2242423875,0.253565496398147,-0.02870127587605809,2020-10,0
2020-10-27,1391.433875,sh.600519,贵州茅台,-0.0109555690809495,-0.0110160232734302,1448.6599111439998,1447.3339816945002,1453.2592066233333,0.2498220531248496,-0.023019676815414787,2020-10,0
2020-10-28,1425.52186427,sh.600519,贵州茅台,0.0244984615384615,0.0242031870250813,1436.925628176,1447.2963059465,1453.1851395278331,0.2659205661893948,0.0021447314473087113,2020-10,0
2020-10-29,1435.103492,sh.600519,贵州茅台,0.0067214877373393,0.0066989992531091,1425.537277076,1448.4103093135,1453.2422239945,0.2644128759744015,0.01829774605939651,2020-10,0
2020-10-30,1429.98301534,sh.600519,贵州茅台,-0.0035680190930786,-0.0035743996550355,1417.777785522,1450.1528126585,1453.0997982501665,0.2602558652650563,0.02725109086163771,2020-10,1
2020-11-02,1433.39952067,sh.600519,贵州茅台,0.0023891929437969,0.0023863433602363,1423.088353456,1451.8182519735,1453.0402876936669,0.2601586467924891,0.02608665407033041,2020-11,0
2020-11-03,1451.372565,sh.600519,贵州茅台,0.0125387542487798,0.0124607950673213,1435.076091456,1453.2739058735,1453.4256078436667,0.2579716470621981,0.02279161120454301,2020-11,0
2020-11-04,1455.29426786,sh.600519,贵州茅台,0.0027020648967552,0.0026984208821687,1441.030572174,1455.2981210615,1453.8478901858332,0.25690565808104,0.03073148465036511,2020-11,0
2020-11-05,1474.4061473,sh.600519,贵州茅台,0.013132656303322,0.0130471705954209,1448.891103234,1457.5843539515,1454.6171033741666,0.2585923484961676,0.03405962603508881,2020-11,0
2020-11-06,1456.18478554,sh.600519,贵州茅台,-0.0123584412567513,-0.0124354418545047,1454.131457274,1457.7821516285,1455.5113315445,0.2569902169361785,0.0052193148352749075,2020-11,0
2020-11-09,1492.10518619,sh.600519,贵州茅台,0.0246674742152863,0.0243681445565912,1465.872590378,1457.4379322945,1457.103560031,0.2457188339279048,-0.002312503402268993,2020-11,0
2020-11-10,1494.185915,sh.600519,贵州茅台,0.0013944920433612,0.0013935206423009,1474.435260378,1457.6948123945,1458.6877966921666,0.2445446321876836,0.005713962638727307,2020-11,0
2020-11-11,1482.49787045,sh.600519,贵州茅台,-0.0078223495702006,-0.0078531046361716,1479.875980896,1457.795423767,1459.9556426968334,0.2453322539375461,0.003642044350872906,2020-11,0
2020-11-12,1485.44342893,sh.600519,贵州茅台,0.0019868888439658,0.0019849175910018,1482.083437222,1458.2145664635,1461.4946399181667,0.2452269370889425,0.007942409192525108,2020-11,0
2020-11-13,1459.935235,sh.600519,贵州茅台,-0.0171721072867609,-0.0173212578737405,1482.833527114,1457.9148730135,1462.493618084833,0.2516623941575941,-0.0016934662101778918,2020-11,0
2020-11-16,1481.38472335,sh.600519,贵州茅台,0.0146920821114371,0.0145851990906646,1480.689434546,1459.244227531,1463.4790386906668,0.2552505607134385,0.020592073845184408,2020-11,0
2020-11-17,1469.1829186,sh.600519,贵州茅台,-0.0082367561631166,-0.0082708656694167,1475.688835266,1458.4650245609998,1463.8472335006666,0.2462930146657922,-0.008245035466843293,2020-11,0
2020-11-18,1450.21660455,sh.600519,贵州茅台,-0.0129094300034968,-0.0129934808442239,1469.232582086,1456.766190833,1463.6852563265,0.2502552144009181,-0.020768075620282492,2020-11,0
2020-11-19,1472.94193073,sh.600519,贵州茅台,0.0156702978773652,0.015548786528315,1466.732282446,1455.8110249944998,1464.1589146886663,0.2563743386917388,-0.01038817253213789,2020-11,0
2020-11-20,1472.74498932,sh.600519,贵州茅台,-0.0001337061603658,-0.0001337150998314,1469.29423331,1456.009250805,1464.9575263773331,0.2501158058052806,0.005070660762302609,2020-11,0
2020-11-23,1532.89774607,sh.600519,贵州茅台,0.0408439731156538,0.0400318966661607,1479.596837854,1462.3118040585,1466.5874306118335,0.2365872657878543,0.088081447260804,2020-11,0
2020-11-24,1510.0268545,sh.600519,贵州茅台,-0.0149200373140582,-0.0150324607131787,1487.765625034,1468.2414530335002,1467.545736096,0.2403889152209727,0.0841169790276953,2020-11,0
2020-11-25,1478.67035696,sh.600519,贵州茅台,-0.0207655231074567,-0.0209841585990704,1493.456375516,1470.898877668,1467.544023562,0.2433865159546195,0.0388529943817771,2020-11,0
2020-11-26,1485.10092213,sh.600519,贵州茅台,0.0043488835356251,0.0043394544690126,1495.8881737959998,1473.3987491745,1467.6494871141667,0.242913897534625,0.036480390180062904,2020-11,0
2020-11-27,1488.1064193,sh.600519,贵州茅台,0.0020237662809401,0.0020217212246393,1498.960459792,1476.3049193725,1467.7479578191665,0.2420771385703941,0.0420721755540816,2020-11,0
2020-11-30,1467.56457397,sh.600519,贵州茅台,-0.0138040163415615,-0.0139001777430543,1485.893825372,1478.0131720375,1467.133015402,0.248561142919817,0.0258789662687232,2020-11,1
2020-12-01,1487.335779,sh.600519,贵州茅台,0.0134721193061477,0.013382177213471,1481.355610272,1479.8113327375,1466.426595127,0.249142581065943,0.0268123313260911,2020-12,0
2020-12-02,1488.20060867,sh.600519,贵州茅台,0.0005814622913069,0.0005812933076107,1483.261660614,1481.4566497780002,1465.5136717938333,0.2491025962411065,0.0246917287206428,2020-12,0
2020-12-03,1497.610983,sh.600519,贵州茅台,0.0063233238013589,0.0063034154698863,1485.763672788,1482.616891563,1464.8572004271666,0.24594149914441,0.0178823962186797,2020-12,0
2020-12-04,1535.38092037,sh.600519,贵州茅台,0.0252201257861635,0.0249073463979668,1495.218573002,1486.5766983045,1464.85877025,0.2550879540514834,0.0554609632615945,2020-12,0
2020-12-07,1551.8983108,sh.600519,贵州茅台,0.0107578453078729,0.0107003913764142,1512.085320368,1489.566354535,1465.463865596667,0.2437811958194348,0.041551334354181096,2020-12,0
2020-12-08,1584.09395,sh.600519,贵州茅台,0.0207459721915692,0.0205337052793874,1531.436954568,1494.061756285,1467.269161855,0.2525808354729156,0.0609028145023891,2020-12,0
2020-12-09,1575.53128,sh.600519,贵州茅台,-0.0054054054054054,-0.0054200674693392,1548.903088834,1498.7134267625,1469.1044274583332,0.2513442649592914,0.0633197586671843,2020-12,0
2020-12-10,1569.4517843,sh.600519,贵州茅台,-0.0038586956521737,-0.0038661596252289,1563.271249094,1502.913844531,1471.1723122633332,0.2525615283275401,0.0574741741710448,2020-12,0
2020-12-11,1558.40594,sh.600519,贵州茅台,-0.0070380271700584,-0.0070629109069611,1567.87625302,1507.837379781,1472.8020737866666,0.244320747914321,0.06760825428774729,2020-12,0
2020-12-14,1566.112343,sh.600519,贵州茅台,0.0049450549450549,0.0049328683200246,1570.71905946,1512.0737607635,1474.1721009866667,0.2407592618159102,0.05786122712136509,2020-12,0
2020-12-15,1554.98943467,sh.600519,贵州茅台,-0.0071022416621103,-0.0071275826368588,1564.898156394,1516.364086567,1474.8857995311666,0.2400964258807515,0.05899574162237139,2020-12,0
2020-12-16,1575.53128,sh.600519,贵州茅台,0.0132102796790765,0.0131237848490243,1564.898156394,1522.6298203395,1476.0274888645,0.2350623240629833,0.08511545130494469,2020-12,0
2020-12-17,1597.37465117,sh.600519,贵州茅台,0.0138641304347826,0.0137689025369792,1570.482729768,1528.8514563615,1478.0312963556669,0.2339840154197648,0.08330928386236208,2020-12,0
2020-12-18,1579.812615,sh.600519,贵州茅台,-0.0109943125472391,-0.011055196665383,1574.764064768,1534.2048376455,1480.5213207916663,0.2397358555460918,0.07244867747548879,2020-12,0
2020-12-21,1577.6719475,sh.600519,贵州茅台,-0.0013550135501355,-0.0013559324111359,1577.0759856680002,1536.443547717,1482.6263104999998,0.195564834543501,0.030249690809699498,2020-12,0
2020-12-22,1610.638227,sh.600519,贵州茅台,0.0208955223880595,0.0206802052375386,1588.2057441339998,1541.474116342,1485.68318369,0.1969683016827104,0.06606525051181719,2020-12,0
2020-12-23,1576.94412055,sh.600519,贵州茅台,-0.0209197235513024,-0.0211416413978915,1588.488312244,1546.3878045215,1488.194329378667,0.1972188167961335,0.0659110500679715,2020-12,0
2020-12-24,1567.25974078,sh.600519,贵州茅台,-0.0061412320473488,-0.0061601669752064,1582.4653301659998,1550.495745454,1490.768267980667,0.1999717312058468,0.055420934484997596,2020-12,0
2020-12-25,1566.96861,sh.600519,贵州茅台,-0.0001857578373416,-0.0001857750924655,1579.896529166,1554.438854989,1493.6321956733334,0.200234874454278,0.053211410366715894,2020-12,0
2020-12-28,1603.788091,sh.600519,贵州茅台,0.0234972677595628,0.0232254566086218,1585.119757866,1561.2500308405,1497.0271516171667,0.2033084429485347,0.0905126944678402,2020-12,0
2020-12-29,1598.650489,sh.600519,贵州茅台,-0.0032034169781098,-0.0032085589023658,1582.7222102659998,1566.8157663405,1499.9670016505002,0.2021896544596504,0.07383715818358269,2020-12,0
2020-12-30,1655.164111,sh.600519,贵州茅台,0.0353508302088911,0.0347403356666081,1598.3662083559998,1575.163941457,1503.9729040988334,0.2307470068008824,0.1086065261011669,2020-12,0
2020-12-31,1710.821466,sh.600519,贵州茅台,0.0336264873254008,0.0330734800001678,1627.0785534,1585.824465607,1508.6752370405002,0.251562650598043,0.1359096896252088,2020-12,0
2021-01-04,1709.965199,sh.600519,贵州茅台,-0.0005005005005005,-0.0005006257926836,1655.6778712,1594.5536795385,1512.9708431571669,0.2429993030055715,0.1101890633385448,2021-01,0
2021-01-05,1763.43907315,sh.600519,贵州茅台,0.0312719078617926,0.0307929024282962,1687.60806763,1605.130717656,1517.3783348285,0.2592432384155292,0.1307031258924645,2021-01,0
2021-01-06,1798.1607,sh.600519,贵州茅台,0.0196897229842918,0.0194983878674027,1727.51010983,1615.834055156,1522.5302079451665,0.2585013533538678,0.1296468766851871,2021-01,0
2021-01-07,1832.41138,sh.600519,贵州茅台,0.0190476190476192,0.0188684843043829,1762.95956363,1628.678060156,1528.3956368951667,0.2581591608053865,0.1540999011382117,2021-01,0
2021-01-08,1789.59803,sh.600519,贵州茅台,-0.0233644859813083,-0.0236417630570404,1778.71487643,1639.685372441,1533.6045944785,0.2782505982182491,0.1345941108090771,2021-01,0
2021-01-11,1797.92950791,sh.600519,贵州茅台,0.0046555023923444,0.0046446990580715,1796.3077382119998,1651.6615508365,1539.1379345436665,0.2736343193090736,0.14628764037147987,2021-01,0
2021-01-12,1850.3073603,sh.600519,贵州茅台,0.0291323170121873,0.0287160365464986,1813.681395642,1665.8713017014998,1545.7297633320002,0.2841247628782574,0.17047490243861227,2021-01,0
2021-01-13,1852.961788,sh.600519,贵州茅台,0.0014345874404184,0.0014335594029453,1824.641613242,1680.769919368,1551.8663434986668,0.2794756202199892,0.179011731541141,2021-01,0
2021-01-14,1827.273778,sh.600519,贵州茅台,-0.0138632162661738,-0.0139602081046735,1823.614092842,1693.357044268,1557.5843518135002,0.2903152689104974,0.1519382355958907,2021-01,0
2021-01-15,1782.747894,sh.600519,贵州茅台,-0.0243673851921274,-0.0246691826867844,1822.244065642,1702.6257064095,1562.4293959218337,0.3103931137736124,0.11370671996898069,2021-01,0
2021-01-18,1766.478821,sh.600519,贵州茅台,-0.0091258405379444,-0.0091677361036624,1815.95392826,1711.9590167095,1567.391035053333,0.3091296965731556,0.1155751919782754,2021-01,0
2021-01-19,1720.59147247,sh.600519,贵州茅台,-0.0259767329132331,-0.0263200874454878,1790.0107506940003,1719.104992958,1572.6201149111666,0.3284187729473693,0.09095347261517779,2021-01,0
2021-01-20,1747.32412821,sh.600519,贵州茅台,0.0155368988907191,0.0154174370657391,1768.883218736,1725.9392880185,1578.5516191313332,0.3254181003793218,0.0855948491178374,2021-01,0
2021-01-21,1772.47269,sh.600519,贵州茅台,0.0143926140456622,0.0142900235679115,1757.923001136,1735.715716491,1584.3341328935,0.313056152306319,0.120907186714802,2021-01,0
2021-01-22,1780.99254665,sh.600519,贵州茅台,0.0048067632850241,0.004795247685482,1757.5719316660002,1746.4023567845002,1590.098950471,0.3097987493551385,0.1318551820471749,2021-01,0
2021-01-25,1862.380725,sh.600519,贵州茅台,0.0456982138993726,0.0446848095778878,1776.7523124659997,1761.1729625345,1597.305578965333,0.3380121003458117,0.17773915378388908,2021-01,0
2021-01-26,1834.02972463,sh.600519,贵州茅台,-0.0152229885057472,-0.0153400477086291,1799.4399628979995,1772.685044216,1603.9827490313332,0.3437099074201351,0.1390188975185791,2021-01,0
2021-01-27,1788.741763,sh.600519,贵州茅台,-0.0246931448393707,-0.0250031342575895,1807.723489856,1782.189607916,1609.605568998,0.3601995451969677,0.11752916965731819,2021-01,0
2021-01-28,1787.885496,sh.600519,贵州茅台,-0.0004786979415988,-0.0004788125540364,1810.806051056,1788.8256771660003,1615.148756133667,0.3433741917563769,0.08169964150682829,2021-01,0
2021-01-29,1812.01510006,sh.600519,贵州茅台,0.0134961685823753,0.0134059065203105,1817.010561738,1793.8853588690004,1620.775572013,0.3274707054512762,0.061569322763802795,2021-01,0
2021-02-01,1806.14110844,sh.600519,贵州茅台,-0.0032416902153881,-0.003246955875954,1805.7626384259995,1798.6941543409998,1626.6081773946669,0.3280121653715217,0.058828133048915196,2021-02,0
2021-02-02,1836.692715,sh.600519,贵州茅台,0.0169154040164603,0.0167739317152313,1806.2952365,1802.3568364335,1632.3513028748334,0.3152776380927343,0.0444716292035829,2021-02,0
2021-02-03,1875.14766597,sh.600519,贵州茅台,0.0209370629370628,0.0207208947135589,1823.5764170939997,1806.206184732,1638.700665391,0.3162238146128288,0.0457189691563539,2021-02,0
2021-02-04,1987.26726695,sh.600519,贵州茅台,0.0597924115602925,0.0580730507945137,1863.452771284,1813.9489790795,1647.113488666,0.3728691587335435,0.0864637616690272,2021-02,0
2021-02-05,1980.545571,sh.600519,贵州茅台,-0.0033823814550703,-0.0033881146387507,1897.158865472,1823.4963561295,1655.3651910338333,0.3597033470832487,0.10644586619526519,2021-02,0
2021-02-08,2028.3252696,sh.600519,贵州茅台,0.0241245136186769,0.0238381145559422,1941.595697704,1835.0161442139995,1664.838358277167,0.3658115277815582,0.1259148774215977,2021-02,0
2021-02-09,2103.35994681,sh.600519,贵州茅台,0.0369934143870314,0.0363255785879109,1994.9291440660004,1847.6687735394996,1675.2046120015,0.3733078251706392,0.13377597479644182,2021-02,0
2021-02-10,2227.150467,sh.600519,贵州茅台,0.0588537023241044,0.0571869100733591,2065.329704272,1866.3782074895,1687.8374044748334,0.4158095485531885,0.1911950896801278,2021-02,0
2021-02-18,2115.835757,sh.600519,贵州茅台,-0.0499807766243752,-0.0512730594600415,2091.043402282,1880.8063064395,1698.9310570156667,0.4601899097595496,0.15507752932192637,2021-02,0
2021-02-19,2106.41682,sh.600519,贵州茅台,-0.0044516390125455,-0.0044615770622015,2116.2176520820003,1896.9897527395,1709.4889718368331,0.4469932808889995,0.17499327550150828,2021-02,0
2021-02-22,1959.15602134,sh.600519,贵州茅台,-0.069910569105691,-0.0724745352061832,2102.3838024300003,1906.6236127565,1717.5958223705,0.5245756703301987,0.1142085469337617,2021-02,0
2021-02-23,1975.407969,sh.600519,贵州茅台,0.0082953820333737,0.0082611644535284,2076.7934068679997,1919.3644375829997,1724.9709927526667,0.5110500048224665,0.14848066188036851,2021-02,0
2021-02-24,1874.368463,sh.600519,贵州茅台,-0.0511486779367144,-0.0525031606508907,2006.237006068,1925.7166543225,1731.043352894333,0.5503206781343023,0.08179508505293501,2021-02,0
2021-02-25,1840.97405,sh.600519,贵州茅台,-0.0178163544997715,-0.0179769764011544,1951.264664668,1929.1417223225,1737.0817477783337,0.5541856183418987,0.0495861165075013,2021-02,0
2021-02-26,1817.66646226,sh.600519,贵州茅台,-0.0126604651162791,-0.0127412917311002,1893.51459312,1930.975418103,1742.6245067804998,0.5566754924220103,0.0321188881061981,2021-02,0
2021-03-01,1847.824186,sh.600519,贵州茅台,0.0165914508333413,0.0164553164274718,1871.2482260520003,1930.247591153,1748.619802892167,0.535274640531381,0.003012125040166798,2021-03,0
2021-03-02,1762.197486,sh.600519,贵州茅台,-0.046339202965709,-0.0474472294240851,1828.606129452,1926.6559792215,1753.530351426,0.5580392819806655,-0.028104089419795003,2021-03,0
2021-03-03,1832.41138,sh.600519,贵州茅台,0.0398445092322643,0.0390711916219022,1820.214712852,1928.8394600715,1759.2816114426666,0.5692279949088731,0.03643356465184,2021-03,0
2021-03-04,1740.790811,sh.600519,贵州茅台,-0.0499999999999999,-0.0512932943875504,1800.178065052,1926.4847258215,1763.491448148167,0.5982825861954574,-0.013087737406561106,2021-03,0
2021-03-05,1764.00420937,sh.600519,贵州茅台,0.0133349729463845,0.0132468447879068,1789.4456144740002,1924.084181287,1767.9313352543334,0.5982322906787099,-0.013248933042551902,2021-03,0
2021-03-08,1678.28332,sh.600519,贵州茅台,-0.048594492527098,-0.0498149061916906,1755.5374412739998,1917.691291865,1770.313041914833,0.6220140352374709,-0.0586017353542618,2021-03,0
2021-03-09,1658.58061633,sh.600519,贵州茅台,-0.0117397959183672,-0.0118092514535056,1734.81406734,1908.7856869314996,1772.0910803403335,0.6181930811128978,-0.0872569352890893,2021-03,0
2021-03-10,1686.85455267,sh.600519,贵州茅台,0.0170470678733498,0.0169033970902253,1705.7027018740002,1899.3710312665,1773.8037570515,0.6162326847233782,-0.0911469303528023,2021-03,0
2021-03-11,1753.634816,sh.600519,贵州茅台,0.0395886315297893,0.0388250882981159,1708.271502874,1887.689408719,1776.7721493181666,0.5919449849808043,-0.1113507103833055,2021-03,0
2021-03-12,1734.796942,sh.600519,贵州茅台,-0.0107421875,-0.0108003013507697,1702.4300494,1875.401977269,1779.5279019465002,0.5921610944625554,-0.1187105164282352,2021-03,0
2021-03-15,1691.51264515,sh.600519,贵州茅台,-0.0249506416584401,-0.0252671853255769,1705.0759144299998,1858.5613460465,1781.7463470323337,0.5846952919125379,-0.1677856717053522,2021-03,0
2021-03-16,1721.5248035,sh.600519,贵州茅台,0.0177427927813915,0.017587226854277,1717.6647518639998,1839.469588881,1784.336554707333,0.5686504958204616,-0.18703629331099209,2021-03,0
2021-03-17,1738.53026612,sh.600519,贵州茅台,0.0098781397662273,0.0098296698771206,1727.999894554,1815.038578837,1787.3955685648334,0.5147593794791809,-0.2360118558688692,2021-03,0
2021-03-18,1772.2158099,sh.600519,贵州茅台,0.0193758742292007,0.0191905520057233,1731.716093334,1797.857581482,1790.6736440631664,0.5053163009042655,-0.1666552050152933,2021-03,0
2021-03-19,1721.09667,sh.600519,贵州茅台,-0.028844760110161,-0.0292689471670513,1728.976038934,1778.5915739819998,1792.7356777103332,0.5102259832378183,-0.19104832611290878,2021-03,0
2021-03-22,1703.96276733,sh.600519,贵州茅台,-0.0099552238805969,-0.0100051084728374,1731.4660633699998,1765.8319112815002,1794.8048469158334,0.4578534608572247,-0.13109298088781468,2021-03,0
2021-03-23,1709.108932,sh.600519,贵州茅台,0.0030201156789733,0.0030155642911253,1728.9828890700005,1752.5169594315,1796.9954633241666,0.4559631726815537,-0.1363682472422151,2021-03,0
2021-03-24,1703.115063,sh.600519,贵州茅台,-0.0035070140280561,-0.0035131780174371,1721.899848446,1743.9542894315,1798.5367439241668,0.4248273408729168,-0.08872658333355679,2021-03,0
2021-03-25,1687.702257,sh.600519,贵州茅台,-0.0090497737556561,-0.009090971701252,1704.997137866,1736.2906997815,1800.382712865,0.4222974749942143,-0.07996000258944139,2021-03,0
2021-03-26,1723.665471,sh.600519,贵州茅台,0.0213089802130899,0.0210851184870713,1705.510898066,1731.5906502185,1802.9894750353335,0.4301964426639418,-0.04599055726007239,2021-03,0
2021-03-29,1741.7327047,sh.600519,贵州茅台,0.0104818678589171,0.01042731396865,1713.06488554,1726.2860761535,1805.902209947,0.4271741310301676,-0.05210014023449659,2021-03,0
2021-03-30,1760.52776535,sh.600519,贵州茅台,0.0107910132245219,0.0107332057370584,1723.34865221,1726.202590121,1808.5145378528332,0.3966424402375048,0.005030075955734313,2021-03,0
2021-03-31,1720.240403,sh.600519,贵州茅台,-0.0228836847352933,-0.0231495805305654,1726.7737202100002,1720.594041271,1810.5410364195,0.3755307437103519,-0.057698118011823285,2021-03,1
2021-04-01,1750.6378815,sh.600519,贵州茅台,0.0176704828272773,0.0175161749897626,1739.36084511,1721.086394796,1812.1322659278335,0.337858792111026,0.009972364815453914,2021-04,0
2021-04-02,1851.249254,sh.600519,贵州茅台,0.0574712643678161,0.0558804583944566,1764.87760171,1725.4486470275,1814.4727290611663,0.3920739439326151,0.05410865623688551,2021-04,0
2021-04-06,1820.44933001,sh.600519,贵州茅台,-0.0166373728029601,-0.0167773283902344,1780.6209267719998,1732.556947528,1816.314131244667,0.3508598534945066,0.08606577596102341,2021-04,0
2021-04-07,1764.766287,sh.600519,贵州茅台,-0.0305875269869193,-0.0310650889184601,1781.468631102,1737.8662310615,1816.3362514755,0.3682384242623381,0.06721804489247131,2021-04,0
2021-04-08,1772.47269,sh.600519,贵州茅台,0.0043668122270743,0.0043573053689558,1791.915088502,1742.1471379280003,1815.9081179755,0.3647218008147473,0.05453778924619581,2021-04,0
2021-04-09,1729.65934,sh.600519,贵州茅台,-0.0241545893719807,-0.0244510958641644,1787.719380202,1740.948364128,1814.1955839755,0.3491271575856705,-0.009205431655574192,2021-04,0
2021-04-12,1720.14621363,sh.600519,贵州茅台,-0.0055,-0.0055151806881102,1761.498772128,1740.2158277095,1813.0380537026665,0.3475719573715459,-0.003963244155574192,2021-04,0
2021-04-13,1730.515607,sh.600519,贵州茅台,0.0060282046304178,0.0060101076964808,1743.512027526,1742.165975802,1811.9144886875,0.3354964688169146,0.027015602133283707,2021-04,0
2021-04-14,1752.778549,sh.600519,贵州茅台,0.0128649183572489,0.0127828682576685,1741.114479926,1743.7286630770002,1810.2890084991664,0.3327712198709172,0.02213772770914111,2021-04,0
2021-04-15,1725.8917652,sh.600519,贵州茅台,-0.0153395212506106,-0.0154583888548465,1731.798294966,1743.096738031,1808.1711747858333,0.3359792244339085,-0.00307993330769679,2021-04,0
2021-04-16,1759.61155966,sh.600519,贵州茅台,0.0195376066679897,0.0193491977164349,1737.7887388980002,1742.466525519,1807.043471146833,0.3361043814313219,-0.002918200868907792,2021-04,0
2021-04-19,1787.885496,sh.600519,贵州茅台,0.0160682829029967,0.0159405544796515,1751.336595372,1745.805966819,1807.129097846833,0.3227870431782115,0.04199484214424991,2021-04,0
2021-04-20,1793.7081116,sh.600519,贵州茅台,0.0032567049808427,0.0032514134028031,1763.975096292,1750.2932340325,1807.5829193568331,0.319634228295956,0.055206771005689506,2021-04,0
2021-04-21,1781.03536,sh.600519,贵州茅台,-0.0070651136146647,-0.0070901897099688,1769.6264584920002,1753.8895554324995,1808.5903174823331,0.3215246687216137,0.04512154171205151,2021-04,0
2021-04-22,1760.0568185,sh.600519,贵州茅台,-0.0117788461538461,-0.0118487663574305,1776.459469152,1756.7366432075,1808.8025289871664,0.3248150081945605,0.036849709586261506,2021-04,0
2021-04-23,1805.81572698,sh.600519,贵州茅台,0.0259985405010945,0.0256663242340129,1785.700302616,1762.6423167065,1809.3582462701663,0.3329502512975814,0.07189802384301211,2021-04,0
2021-04-26,1779.16869794,sh.600519,贵州茅台,-0.0147562282473659,-0.0148661844163383,1783.956943004,1765.4174780535002,1809.3278487916664,0.3321114671786649,0.03583281538255631,2021-04,0
2021-04-27,1793.39985548,sh.600519,贵州茅台,0.007998767939475,0.007966947366163,1783.8952917800002,1768.0008355925002,1808.178167633,0.3313658281366413,0.03334971546311421,2021-04,0
2021-04-28,1748.497214,sh.600519,贵州茅台,-0.0250377189129313,-0.0253564947971599,1777.38766258,1767.3993080250002,1806.7526257891664,0.3425009022762544,-0.0024790166743389914,2021-04,0
2021-04-29,1735.10519812,sh.600519,贵州茅台,-0.0076591576885406,-0.0076886396713706,1772.397338504,1768.142547781,1805.8586830411664,0.3332204105551116,0.012745510372413709,2021-04,0
2021-04-30,1718.33949026,sh.600519,贵州茅台,-0.0096626463214828,-0.0097096326080126,1754.90209116,1766.527628219,1804.6995829455,0.3287847652214024,-0.01458761877634639,2021-04,1
2021-05-06,1677.427053,sh.600519,贵州茅台,-0.0238092865187017,-0.0240973085006869,1734.553762172,1757.836518169,1802.4564488278336,0.2566258005359485,-0.09586816966286418,2021-05,0
2021-05-07,1629.476101,sh.600519,贵州茅台,-0.0285860132720775,-0.0290025506483912,1701.769011276,1748.2878567184998,1799.5120320371666,0.2672259128489808,-0.10781681013198159,2021-05,0
2021-05-10,1608.95138101,sh.600519,贵州茅台,-0.0125959012086179,-0.012675902070809,1673.8598446780002,1740.497111419,1795.7163431373333,0.251918902096658,-0.08982518435368017,2021-05,0
2021-05-11,1677.427053,sh.600519,贵州茅台,0.0425591927749955,0.0416784527192001,1662.324215654,1735.744829569,1792.4209995878334,0.301357533893294,-0.05163280380575898,2021-05,0
2021-05-12,1698.833728,sh.600519,贵州茅台,0.0127616130678918,0.0126808699002773,1658.423063202,1734.203548969,1787.6137739386666,0.2947242612683808,-0.014716601365886485,2021-05,0
2021-05-13,1688.1303905,sh.600519,贵州茅台,-0.0063004032258064,-0.0063203345271362,1660.563730702,1732.6027578125002,1782.740187597,0.2949095013222781,-0.015517004591692887,2021-05,0
2021-05-14,1720.96822995,sh.600519,贵州茅台,0.0194521937610956,0.0192654180850448,1678.862156492,1732.12538896,1777.6175702695,0.3027623272315232,-0.0020930154610150874,2021-05,0
2021-05-17,1762.16323532,sh.600519,贵州茅台,0.0239371097345573,0.023655108456413,1709.504527354,1732.5946232759998,1771.9309584113332,0.3114786092322666,0.008979175916293311,2021-05,0
2021-05-18,1763.31919577,sh.600519,贵州茅台,0.0006559894264224,0.0006557743594079,1726.6829559080002,1734.4659948044998,1764.2004372241668,0.3058490330566936,0.02497468659332631,2021-05,0
2021-05-19,1754.491083,sh.600519,贵州茅台,-0.0050065313138868,-0.0050191059796479,1737.814426908,1734.2099709714998,1758.1780259908332,0.2987085561903758,0.00043054861144981027,2021-05,0
2021-05-20,1762.95100096,sh.600519,贵州茅台,0.0048218643240607,0.0048102763717072,1752.778549,1732.9632462195,1752.4535956735,0.2933143513076655,-0.01081586996748619,2021-05,0
2021-05-21,1748.5828407,sh.600519,贵州茅台,-0.0081500621697234,-0.0081834554885915,1758.30147115,1730.7069826744998,1748.9440426628332,0.2941491188278649,-0.022222637118052294,2021-05,0
2021-05-24,1773.57727443,sh.600519,贵州茅台,0.0142941090054355,0.0141929114419388,1760.5842789720002,1730.334078396,1745.580197753333,0.298158707421035,-0.0008634144979520926,2021-05,0
2021-05-25,1879.0779315,sh.600519,贵州茅台,0.0594846689744072,0.0577826285643345,1783.7360261180002,1736.2851340460002,1745.658688895,0.3615286117970763,0.07040010063030121,2021-05,0
2021-05-26,1900.91274,sh.600519,贵州茅台,0.01161995898838,0.0115529657380364,1813.020357518,1741.039984697,1746.6576670616666,0.3531775056970151,0.05602151911758671,2021-05,0
2021-05-27,1922.319415,sh.600519,贵州茅台,0.0112612612612612,0.0111983253100295,1844.894040326,1748.1975205499998,1748.4018829406668,0.3480607312278781,0.08203900862621381,2021-05,0
2021-05-28,1909.47541,sh.600519,贵州茅台,-0.0066815144766146,-0.0067039357221902,1877.072554186,1754.001298276,1749.4294033406666,0.3497774046415296,0.0673587262101242,2021-05,0
2021-05-31,1899.200206,sh.600519,贵州茅台,-0.0053811659192825,-0.005395696543852,1902.1971405,1761.5364478759998,1751.712782007333,0.3352632705153238,0.08701527920377301,2021-05,0
2021-06-01,1918.85153365,sh.600519,贵州茅台,0.010347159603246,0.0102939941736154,1910.15186093,1770.7237646524998,1753.1534512348333,0.3327916652952603,0.10502159649555962,2021-06,0
2021-06-02,1902.625274,sh.600519,贵州茅台,-0.0084562350788728,-0.0084921918843526,1910.49436773,1779.9380538394998,1755.8506922848333,0.3321014409864395,0.10622800773816961,2021-06,0
2021-06-03,1902.81365274,sh.600519,贵州茅台,9.90099009900991e-05,9.900499983335808e-05,1906.593215278,1791.2073838265,1758.164183007667,0.3146828556167747,0.1301363041578614,2021-06,0
2021-06-04,1927.8851505,sh.600519,贵州茅台,0.0131760131760132,0.0130899645422177,1910.2751633779997,1806.1278363015,1762.324213516,0.2865745325390889,0.1718983306059521,2021-06,0
2021-06-07,1944.582357,sh.600519,贵州茅台,0.0086608927381746,0.0086236023639321,1919.351593578,1822.909385101,1767.090909193833,0.2754442604189115,0.1931551245527446,2021-06,0
2021-06-08,1876.080997,sh.600519,贵州茅台,-0.0352267723469836,-0.0358622025100919,1910.797486248,1832.8420823009997,1770.244683266,0.2902064898684652,0.1153691594307655,2021-06,0
2021-06-09,1883.3592665,sh.600519,贵州茅台,0.0038795070743953,0.003872001193308,1906.944284748,1842.068359226,1772.406757441,0.2890781718046242,0.10648705343726901,2021-06,0
2021-06-10,1916.73655416,sh.600519,贵州茅台,0.0177222095930893,0.0175670022979433,1909.728865032,1853.498667409,1775.439084310333,0.2888421929961098,0.1305096662561647,2021-06,0
2021-06-11,1865.64310227,sh.600519,贵州茅台,-0.0266564811836602,-0.0270182079053368,1897.280455386,1860.732411025,1778.341258595667,0.3072571637547479,0.0844009913114089,2021-06,0
2021-06-15,1877.793531,sh.600519,贵州茅台,0.0065127294256956,0.0064916132365073,1883.9226901859995,1866.5139258090005,1780.9457373873336,0.2985282603895692,0.0669766110025472,2021-06,0
2021-06-16,1847.824186,sh.600519,贵州茅台,-0.0159598723210214,-0.0160886025998082,1878.271327986,1870.7391753205,1782.7673027186668,0.3062428887127645,0.0503607492551034,2021-06,0
2021-06-17,1846.89085497,sh.600519,贵州茅台,-0.0005050973123262,-0.000505224916944,1870.9776456800005,1875.359163919,1784.0118868031668,0.3051909851379182,0.054862183256664004,2021-06,0
2021-06-18,1790.40292098,sh.600519,贵州茅台,-0.0305854208103257,-0.0310629162887857,1845.710919044,1876.73175992,1785.1669909861666,0.3270862799702181,0.019454898122277603,2021-06,0
2021-06-21,1782.43963788,sh.600519,贵州茅台,-0.0044477603374559,-0.0044576810510323,1829.070226166,1878.424599779,1786.4749388286666,0.325978843940202,0.023157199954545106,2021-06,0
2021-06-22,1776.72833699,sh.600519,贵州茅台,-0.0032042043773179,-0.00320934883236,1808.857187364,1878.5821529070004,1787.6019289118335,0.3225256820486265,0.005658886571791704,2021-06,0
2021-06-23,1745.072146,sh.600519,贵州茅台,-0.0178171250668683,-0.0179777609462877,1788.3067793639998,1871.881863632,1788.3012136285,0.2406656297666909,-0.07164290746948379,2021-06,0
2021-06-24,1770.80296935,sh.600519,贵州茅台,0.0147448478900884,0.0146371995030777,1773.0892022399998,1865.3763750995,1789.686225501,0.2435223051727548,-0.0685180185677754,2021-06,0
2021-06-25,1808.176268,sh.600519,贵州茅台,0.0211052834769744,0.0208856518652286,1776.643871644,1859.6692177495,1791.0947387843332,0.2536913635034202,-0.05867399635206219,2021-06,0
2021-06-28,1817.69253029,sh.600519,贵州茅台,0.0052629063097513,0.0052491056183257,1783.694450126,1855.080073764,1792.3607358775,0.2548911072386134,-0.04672957556569629,2021-06,0
2021-06-29,1782.246398,sh.600519,贵州茅台,-0.0195006205391319,-0.019693266226234,1784.798062328,1849.232383364,1792.7227130883334,0.261957531410198,-0.06084903018554569,2021-06,0
2021-06-30,1777.6654543,sh.600519,贵州茅台,-0.0025703200775946,-0.0025736290214913,1791.316723988,1842.1730793965005,1793.6797972766667,0.2571696094915063,-0.07376650986638629,2021-06,1
2021-07-01,1819.412545,sh.600519,贵州茅台,0.0234842222978557,0.0232127105610678,1801.038639118,1838.0124429465,1794.8260416683331,0.2737717403114271,-0.04182605248965779,2021-07,0
2021-07-02,1739.894277,sh.600519,贵州茅台,-0.0437054631828978,-0.0446893204766902,1787.382240918,1829.8664741595,1792.970125385,0.3107783245246174,-0.0856305255735457,2021-07,0
2021-07-05,1723.472026,sh.600519,贵州茅台,-0.0094386487829112,-0.0094834751180079,1768.53814006,1819.6458179344995,1791.3538369848332,0.3042278804431809,-0.10824518753247009,2021-07,0
2021-07-06,1739.8078441,sh.600519,贵州茅台,0.0094784353059178,0.0094337967852025,1760.05042928,1809.4070922895,1790.9378629365,0.3047428763279761,-0.10742764496472688,2021-07,0
2021-07-07,1732.115316,sh.600519,贵州茅台,-0.0044214814446819,-0.0044312851022308,1750.94040162,1802.2088082395005,1790.2652400365,0.2835997769490154,-0.07662235406242521,2021-07,0
2021-07-08,1715.693065,sh.600519,贵州茅台,-0.0094810379241516,-0.0095262690834646,1730.19650562,1793.8254981645,1790.0324687865,0.2827459884321298,-0.08998289906097211,2021-07,0
2021-07-09,1704.55186419,sh.600519,贵州茅台,-0.0064937027707807,-0.0065148785813454,1723.128023058,1783.216263666,1789.7725629625,0.2702960958701497,-0.11419881142484209,2021-07,0
2021-07-12,1694.949169,sh.600519,贵州茅台,-0.0056335599941179,-0.0056494883435989,1717.423451658,1774.6815670025,1789.1797889958332,0.2587424483544757,-0.0931758902352998,2021-07,0
2021-07-13,1713.8779741,sh.600519,贵州茅台,0.0111677715451301,0.0111058724084135,1712.237477658,1766.4857891574998,1788.5314460808331,0.2619163253670868,-0.0885208481158653,2021-07,0
2021-07-14,1695.813498,sh.600519,贵州茅台,-0.0105401180089768,-0.0105960584794513,1704.977114058,1758.8852547575,1788.0301416275,0.2594457489855089,-0.08310109380382069,2021-07,0
2021-07-15,1726.92069871,sh.600519,贵州茅台,0.0183435270132517,0.0181773140656602,1707.2226408,1752.8867469445,1787.4852939449995,0.2713179482730236,-0.06425246947824279,2021-07,0
2021-07-16,1690.5410911,sh.600519,贵州茅台,-0.0210661715023599,-0.0212912296474966,1704.420486182,1747.8936554505,1785.8628871966669,0.260467407111038,-0.054733220170276986,2021-07,0
2021-07-19,1707.049775,sh.600519,贵州茅台,0.0097653254256353,0.0097179527917502,1706.840607382,1744.1241623064998,1784.4185815866667,0.2640899447046555,-0.04052013440718579,2021-07,0
2021-07-20,1711.37142,sh.600519,贵州茅台,0.0025316455696202,0.0025284463533586,1706.3392965619998,1740.8563164569998,1783.25751592,0.2645350159457202,-0.03478428446024769,2021-07,0
2021-07-21,1701.863801,sh.600519,贵州茅台,-0.0055555555555555,-0.0055710450494553,1707.5493571619998,1738.695899207,1782.287632295,0.2581544620628214,-0.02252271494893489,2021-07,0
2021-07-22,1676.80690329,sh.600519,贵州茅台,-0.0147232097511427,-0.0148326719558615,1697.5265980779998,1733.996095904,1780.1374852335,0.2553020339281284,-0.05199077259016599,2021-07,0
2021-07-23,1642.2251,sh.600519,贵州茅台,-0.0206236050329636,-0.020839241528732,1687.863399858,1725.698537504,1777.8550919344998,0.2467393736551691,-0.09371966110010399,2021-07,0
2021-07-26,1559.34459219,sh.600519,贵州茅台,-0.0504684210526317,-0.0517864907811438,1658.3223632959998,1712.781140599,1773.954170879667,0.2920749365660295,-0.149450988462487,2021-07,0
2021-07-27,1480.50050081,sh.600519,贵州茅台,-0.050562327130829,-0.0518853929389161,1612.148179458,1697.6938457394997,1769.4875589931669,0.3276815262763067,-0.18051269505418407,2021-07,0
2021-07-28,1528.9115681,sh.600519,贵州茅台,0.0326991225355979,0.0321758820149899,1577.557732878,1685.2561514295,1766.0509984928333,0.3592883717064603,-0.1452432524409916,2021-07,0
2021-07-29,1512.39424091,sh.600519,贵州茅台,-0.010803324099723,-0.0108621037324782,1544.675200402,1669.905236225,1762.6185776703337,0.3404946745303979,-0.1795307988385703,2021-07,0
2021-07-30,1451.19974771,sh.600519,贵州茅台,-0.0404619982969384,-0.0413033585833259,1506.470129944,1655.4705097604997,1758.8481225821663,0.3362754790205158,-0.1762873339526109,2021-07,0
2021-08-02,1516.897395,sh.600519,贵州茅台,0.045271264271973,0.0442764347663084,1497.980690506,1645.1417782105,1756.9718108155,0.3871552746462982,-0.12157742089772669,2021-08,0
2021-08-03,1511.9707197,sh.600519,贵州茅台,-0.0032478632478631,-0.0032531490037461,1504.274734284,1633.7499219904998,1755.3554664603332,0.382985668513718,-0.1343037194515076,2021-08,0
2021-08-04,1490.103196,sh.600519,贵州茅台,-0.0144629280283541,-0.0145685356725815,1496.513059864,1621.6493159905,1752.233402177,0.3838457130250098,-0.1443451660351798,2021-08,0
2021-08-05,1468.494971,sh.600519,贵州茅台,-0.0145011600928074,-0.0146073295517064,1487.733205882,1609.2894112905,1748.3944228936666,0.3846511782111875,-0.14936528820383557,2021-08,0
2021-08-06,1444.293759,sh.600519,贵州茅台,-0.016480282519129,-0.0166175930765384,1486.35200814,1596.2765060309998,1744.3304790353334,0.38594686279479,-0.1593518679521839,2021-08,0
2021-08-09,1464.0004602,sh.600519,贵州茅台,0.0136445242369838,0.0135522758921049,1475.77262118,1584.729070591,1740.0476828728335,0.3934860505142934,-0.14007378372108217,2021-08,0
2021-08-10,1554.927871,sh.600519,贵州茅台,0.0621088676349039,0.0602564294630346,1484.36405144,1576.781565436,1736.5937601341668,0.460524631890614,-0.08913268763130838,2021-08,0
2021-08-11,1513.0079145,sh.600519,贵州茅台,-0.0269594219010562,-0.0273294935558128,1488.94499514,1567.641286261,1732.4219054463333,0.4670432932708158,-0.10555199152338779,2021-08,0
2021-08-12,1460.71601,sh.600519,贵州茅台,-0.0345615538417594,-0.0351729324776011,1487.38920294,1554.3310518254998,1727.5256542296668,0.4693046284953127,-0.1584570723783989,2021-08,0
2021-08-13,1469.39387316,sh.600519,贵州茅台,0.0059408284023669,0.0059232512621408,1492.409225772,1543.2736909285,1722.6330354329998,0.4690641476253117,-0.13145007247367207,2021-08,0
2021-08-16,1468.6678368,sh.600519,贵州茅台,-0.0004941060210348,-0.0004942281316402,1493.342701092,1531.3545940185,1717.967785368,0.4657264671434121,-0.14170950392034218,2021-08,0
2021-08-17,1413.177915,sh.600519,贵州茅台,-0.0377824858757062,-0.0385147477162659,1464.9927098920002,1516.4449187685,1711.9611293775,0.4765444592961148,-0.1820236353656686,2021-08,0
2021-08-18,1400.21298,sh.600519,贵州茅台,-0.0091743119266054,-0.0092166551049239,1442.433722992,1501.3623777185,1703.9800468525,0.4763604422836324,-0.18564239173671848,2021-08,0
2021-08-19,1400.18705013,sh.600519,贵州茅台,-1.8518518518528815e-05,-1.851868998840979e-05,1430.327931018,1487.5313850605,1695.634618688,0.4769920171853452,-0.17093770050409432,2021-08,0
2021-08-20,1337.981292,sh.600519,贵州茅台,-0.0444267486434933,-0.0454438553867689,1404.045414786,1472.3191946605,1685.8956499713331,0.4922253266570696,-0.19474084411462403,2021-08,0
2021-08-23,1357.16075251,sh.600519,贵州茅台,0.0143346253229974,0.01423285597874,1381.743997928,1462.2100026765002,1676.6904056798332,0.4745334318955446,-0.12993779773899491,2021-08,0
2021-08-24,1404.69020422,sh.600519,贵州茅台,0.035021239467835,0.0344219477317363,1380.046455772,1458.419487847,1668.4485723168334,0.4662973047642983,-0.04435423114033092,2021-08,0
2021-08-25,1439.12507158,sh.600519,贵州茅台,0.0245142076569979,0.0242185564942636,1387.828874088,1453.930163021,1660.4531312823335,0.4590166613968175,-0.052539146018930935,2021-08,0
2021-08-26,1378.604755,sh.600519,贵州茅台,-0.0420535489063194,-0.0429633991354675,1383.512415062,1447.2406887255,1651.7194559656666,0.4793526744213031,-0.08378937082552732,2021-08,0
2021-08-27,1379.49501387,sh.600519,贵州茅台,0.0006457680250784,0.0006455596066291,1391.815159436,1443.6554520334998,1642.9974786511666,0.4599110207516176,-0.04268160450351051,2021-08,0
2021-08-30,1370.825794,sh.600519,贵州茅台,-0.0062843430261335,-0.0063041726307807,1394.548167734,1436.3518719835,1633.7131560428336,0.42447389428432,-0.09423721180161701,2021-08,0
2021-08-31,1346.624582,sh.600519,贵州茅台,-0.0176544766708702,-0.0178121757640998,1382.93504329,1428.0845650985,1623.7471931261666,0.4268884519010952,-0.10864382522462411,2021-08,1
2021-09-01,1401.95028129,sh.600519,贵州茅台,0.0410847240051348,0.0402631734537732,1375.5000852320002,1423.676919363,1615.845014531,0.4558563526313434,-0.053096173191135215,2021-09,0
2021-09-02,1399.1757852,sh.600519,贵州茅台,-0.0019790260232673,-0.0019809868827561,1379.6142912720002,1420.210960073,1607.7752898426666,0.4537023104299757,-0.040574039121595115,2021-09,0
2021-09-03,1433.24763438,sh.600519,贵州茅台,0.0243513713862117,0.024059603878929,1390.364815374,1419.658653842,1599.7171411796664,0.4595651298992784,0.000257614783745589,2021-09,0
2021-09-06,1444.00853043,sh.600519,贵州茅台,0.0075080508014619,0.0074800056767116,1405.00136266,1418.6590573535,1592.6898983156666,0.4576632451636943,-0.005878858651776312,2021-09,0
2021-09-07,1442.565101,sh.600519,贵州茅台,-0.0009995989632902,-0.0010000988955162,1424.18946646,1413.0409188535,1585.4360911489998,0.3939199153171822,-0.06898732524997041,2021-09,0
2021-09-08,1411.5356899,sh.600519,贵州茅台,-0.0215098861593767,-0.0217445955791373,1426.106548182,1407.9673076235,1578.1646162139998,0.3900622582745737,-0.06353778950829092,2021-09,0
2021-09-09,1412.38273232,sh.600519,贵州茅台,0.0006000857265322,0.0005999057470911,1428.747937606,1405.5506437395,1570.9228141698334,0.3720936836485415,-0.028376149939999314,2021-09,0
2021-09-10,1437.01610882,sh.600519,贵州茅台,0.0174410065602663,0.0172906578432277,1429.501632494,1403.9317555225,1565.0330339671668,0.3773131618708354,-0.016875971782099916,2021-09,0
2021-09-13,1429.600166,sh.600519,贵州茅台,-0.0051606539234202,-0.0051740160893799,1426.619959608,1401.9783719825,1559.1523761024998,0.3776192804891943,-0.021542519684485312,2021-09,0
2021-09-14,1432.193153,sh.600519,贵州茅台,0.0018137847642079,0.0018121418429262,1424.545570008,1402.9291338825,1553.4101230359995,0.3518496712684466,0.01805375095542879,2021-09,0
2021-09-15,1396.53093846,sh.600519,贵州茅台,-0.0249004224502111,-0.0252156823789908,1421.54461972,1402.7450318055,1547.601102910333,0.3621021715533593,0.0023276404318230866,2021-09,0
2021-09-16,1415.83140503,sh.600519,贵州茅台,0.0138202928689021,0.0137256634950618,1422.234354262,1403.5272495505,1541.6849101716666,0.3653512305583335,0.016166451819243716,2021-09,0
2021-09-17,1457.258694,sh.600519,贵州茅台,0.0292600438320707,0.0288401400191669,1426.282871298,1409.4911196505,1535.8362839383335,0.3368650296348515,0.08985324429480772,2021-09,0
2021-09-22,1415.50296001,sh.600519,贵州茅台,-0.0286536180308423,-0.0290721472490645,1423.4634301,1412.4082300255,1529.1331244336666,0.354315856024218,0.046865000940968016,2021-09,0
2021-09-23,1413.177915,sh.600519,贵州茅台,-0.001642557504778,-0.0016439079813825,1419.6603825,1412.8326155645,1522.9819830503334,0.3327099599002074,0.010201203968355017,2021-09,0
2021-09-24,1464.173326,sh.600519,贵州茅台,0.036085626911315,0.0354497918806459,1433.188860008,1414.0850282855,1517.7571142453332,0.3460506219423004,0.021772623222672115,2021-09,0
2021-09-27,1603.330295,sh.600519,贵州茅台,0.0950413223140496,0.0907920998295358,1470.688638002,1425.3213052855,1514.155743412,0.4468515247703277,0.1588674944430411,2021-09,0
2021-09-28,1574.85929774,sh.600519,贵州茅台,-0.0177574123989217,-0.0179169669186151,1494.20875875,1435.089519479,1511.4051604243332,0.4555283506891511,0.14046431401904103,2021-09,0
2021-09-29,1573.07878,sh.600519,贵州茅台,-0.0011305884548259,-0.0011312280520793,1525.723922748,1445.202168779,1508.8986063243333,0.4538958815193287,0.14561806859034862,2021-09,0
2021-09-30,1581.72207,sh.600519,贵州茅台,0.0054945054945054,0.0054794657646255,1559.432753748,1456.957043179,1506.2638434226667,0.4443666853243463,0.1687670507557242,2021-09,0
2021-10-08,1590.0196284,sh.600519,贵州茅台,0.0052459016393442,0.0052321898303021,1584.602014228,1466.3605105345,1503.8955819626667,0.4273282922664018,0.13292822838993362,2021-10,0
2021-10-11,1613.80596248,sh.600519,贵州茅台,0.0149597738638833,0.0148489800471969,1586.697147724,1477.0920193985,1502.1974635873337,0.4270235154779612,0.14986702827708423,2021-10,0
2021-10-12,1617.15091571,sh.600519,贵州茅台,0.0020727109130638,0.0020705658114049,1595.155471318,1486.287183465,1500.7407811126666,0.4226586723163053,0.12758836780393631,2021-10,0
2021-10-13,1668.0685371,sh.600519,贵州茅台,0.0314860047354608,0.0310004855606934,1614.153422738,1497.4901837985,1500.292770581,0.431975102241096,0.15156632173793522,2021-10,0
2021-10-14,1651.732719,sh.600519,贵州茅台,-0.0097932535364525,-0.0098415228447912,1628.1555525380002,1507.9485646985,1499.2570163293335,0.435405258023411,0.1427726671647729,2021-10,0
2021-10-15,1656.89276313,sh.600519,贵州茅台,0.0031240188383045,0.0031191492306483,1641.5301794840002,1520.21641836,1498.6083374148332,0.4224967524272728,0.16740657216245414,2021-10,0
2021-10-18,1555.7922,sh.600519,贵州茅台,-0.061018169298424,-0.0629591495866653,1629.9274269880002,1527.386891744,1495.7561957696669,0.4889210639301699,0.10578831713749792,2021-10,0
2021-10-19,1566.31972722,sh.600519,贵州茅台,0.0067666666666665,0.0067438755333454,1619.76118929,1533.8520726640002,1493.6858397049998,0.4868662404437093,0.09511397724389811,2021-10,0
2021-10-20,1591.229689,sh.600519,贵州茅台,0.0159034974450662,0.0157783618154763,1604.39341967,1541.933548814,1491.7555049383334,0.4869173767436832,0.11617812861238452,2021-10,0
2021-10-21,1593.822676,sh.600519,贵州茅台,0.0016295491580662,0.0016282228834612,1592.81141107,1550.015024964,1489.796359205,0.4869378645990843,0.11599389300624283,2021-10,0
2021-10-22,1643.089429,sh.600519,贵州茅台,0.0309110629067246,0.0304429383718901,1590.050744244,1562.342949491,1488.8167863383337,0.48052658907739,0.17180537836317852,2021-10,0
2021-10-25,1618.91414687,sh.600519,贵州茅台,-0.0147133087848501,-0.0148226230877222,1602.675133618,1572.497086583,1487.8519070646666,0.4870377192481211,0.1432717767094263,2021-10,0
2021-10-26,1608.55948545,sh.600519,贵州茅台,-0.0063960534534951,-0.0064165958437167,1611.123085264,1580.0621261555,1487.2908134888337,0.482001519043149,0.10761567942386052,2021-10,0
2021-10-27,1572.214451,sh.600519,贵州茅台,-0.0225947717686252,-0.0228539450388679,1607.3200376640002,1587.8977007050005,1487.5053111356667,0.4767788113381024,0.11367452568607761,2021-10,0
2021-10-28,1577.82394621,sh.600519,贵州茅台,0.0035678944474986,0.003561544611319,1604.120291706,1596.1300022655,1489.127368559,0.4760751141004563,0.11888497763835423,2021-10,0
2021-10-29,1578.33390032,sh.600519,贵州茅台,0.0003232008940066,0.0003231486758486,1591.16918597,1601.8380309815,1489.951074096,0.4627837707981969,0.08312255162104583,2021-10,1
2021-11-01,1558.385187,sh.600519,贵州茅台,-0.0126390957679839,-0.0127196486019726,1579.063393996,1599.5907755815,1490.7175898641667,0.3172782099174978,-0.024557866460987676,2021-11,0
2021-11-02,1559.80268656,sh.600519,贵州茅台,0.0009095951192457,0.0009091816882894,1569.312034218,1598.8379450225,1492.5276388450002,0.3112413075213867,-0.005890858942820276,2021-11,0
2021-11-03,1525.540685,sh.600519,贵州茅台,-0.0219655997872152,-0.0222104355242096,1559.977281018,1596.4610402725,1492.6716936783334,0.3206288272362934,-0.026725870275209576,2021-11,0
2021-11-04,1559.4223818,sh.600519,贵州茅台,0.0222096317280453,0.0219665898551412,1556.296968136,1595.3460558625,1493.4625547133337,0.3306840491034499,-0.010010744041669677,2021-11,0
2021-11-05,1573.02692026,sh.600519,贵州茅台,0.0087240882385544,0.0086862532719109,1555.235572124,1594.4964204555,1494.844616784333,0.3317145743069308,-0.006532557442459478,2021-11,0
2021-11-08,1573.1652129,sh.600519,贵州茅台,8.791498620830396e-05,8.791112191238864e-05,1558.191577304,1592.4643829765,1496.589120816,0.326788784616183,-0.021404416320134477,2021-11,0
2021-11-09,1547.15755329,sh.600519,贵州茅台,-0.0165320586780945,-0.0166702382049873,1555.66255065,1588.9647148555,1498.3035173874998,0.3310606508873792,-0.04000918591129277,2021-11,0
2021-11-10,1516.02442271,sh.600519,贵州茅台,-0.020122792610097,-0.0203280137497742,1553.759298192,1581.362509136,1499.1705834293332,0.3119586101647379,-0.09161798325685058,2021-11,0
2021-11-11,1529.5165984,sh.600519,贵州茅台,0.0088997086642454,0.0088603396664154,1547.778141512,1575.251703106,1498.7470622193334,0.3148592994161124,-0.07292502105615267,2021-11,0
2021-11-12,1533.12949362,sh.600519,贵州茅台,0.0023621157323687,0.0023593303224469,1539.798656184,1569.0635396305,1499.0824218713335,0.314653559112751,-0.07368692416208847,2021-11,0
2021-11-15,1522.20437506,sh.600519,贵州茅台,-0.0071260246479269,-0.007151536030307,1529.606488616,1567.3841483835,1500.1072279556668,0.2316024533792152,-0.01979477951159138,2021-11,0
2021-11-16,1562.706832,sh.600519,贵州茅台,0.0266077654246681,0.0262599353319662,1532.716344358,1567.2035036225,1501.6624439363334,0.2503641585555173,4.6319246410221615e-05,2021-11,0
2021-11-17,1551.470555,sh.600519,贵州茅台,-0.0071902654867256,-0.0072162400297425,1539.8055708160002,1565.2155469225,1503.0424892396668,0.2442562669859389,-0.02304744368538158,2021-11,0
2021-11-18,1548.877568,sh.600519,贵州茅台,-0.0016713091922005,-0.0016727073875035,1543.677764736,1562.9682915224998,1505.304150123,0.2440385735925745,-0.02634830203564828,2021-11,0
2021-11-19,1580.34778689,sh.600519,贵州茅台,0.0203180803571427,0.0201144221705004,1553.12142339,1559.831209417,1508.3063969045,0.2278436245243939,-0.03694128458523018,2021-11,0
2021-11-22,1602.69933483,sh.600519,贵州茅台,0.0141434361002181,0.0140443508852107,1569.2204153440002,1559.020468815,1511.6816016495,0.2292514976604529,-0.008084539700161982,2021-11,0
2021-11-23,1639.13944547,sh.600519,贵州茅台,0.0227367104035551,0.0224820837596241,1584.506938038,1560.5494668160002,1516.7009042073337,0.2421150596622776,0.021048224156888215,2021-11,0
2021-11-24,1677.662589,sh.600519,贵州茅台,0.023502053859093,0.0232301328187991,1609.745344838,1565.821873716,1522.042601482167,0.2376518101286796,0.06714504978460642,2021-11,0
2021-11-25,1690.65345387,sh.600519,贵州茅台,0.00774343122102,0.0077136047314481,1638.100522012,1571.463349099,1526.8086556429998,0.2381625416639222,0.07132058655812781,2021-11,0
2021-11-26,1677.67123229,sh.600519,贵州茅台,-0.007678818832022,-0.007708452761206,1657.565211092,1576.4302156975,1530.7844249881666,0.2412810385134242,0.06331856683209922,2021-11,0
2021-11-29,1715.693065,sh.600519,贵州茅台,0.0226634587147926,0.0224104579820381,1680.1639571259998,1584.2956095975,1536.4025634881666,0.2431439556942787,0.09862112131487571,2021-11,0
2021-11-30,1668.82050333,sh.600519,贵州茅台,-0.0273198992443324,-0.027700027056657,1686.1001686980003,1589.746500436,1541.2246549791666,0.26864725279921,0.07039162695129761,2021-11,0
2021-12-01,1670.73931371,sh.600519,贵州茅台,0.0011498003387249,0.0011491398245732,1684.7155136400002,1597.0064318715,1546.2232136409998,0.2515494847763351,0.09350702707723771,2021-12,0
2021-12-02,1671.612286,sh.600519,贵州茅台,0.0005225065830656,0.0005223701240327,1680.907280066,1602.6159270815,1551.6396753743334,0.2431382452818535,0.07181990193225801,2021-12,0
2021-12-03,1704.35306852,sh.600519,贵州茅台,0.0195863495346433,0.0193970053708098,1686.243647312,1609.1822344945,1556.6797218281667,0.2491623807050509,0.08268216322834691,2021-12,0
2021-12-06,1700.3944417,sh.600519,贵州茅台,-0.0023226565511086,-0.0023253581018295,1683.183922652,1615.5436959345,1561.7000327698331,0.2498276142017449,0.08027159169103001,2021-12,0
2021-12-07,1690.51516123,sh.600519,贵州茅台,-0.0058099933919584,-0.0058269370638541,1687.522854232,1622.7115763315,1565.987824884,0.2408710030382847,0.0909936569771661,2021-12,0
2021-12-08,1765.824147,sh.600519,贵州茅台,0.0445479505284092,0.0435842085992561,1706.53982089,1635.201562546,1571.3514184935002,0.2615164050935552,0.1556644001156723,2021-12,0
2021-12-09,1803.46567495,sh.600519,贵州茅台,0.0213166911404796,0.0210926685022287,1732.91049868,1648.8990163735002,1577.3664280593334,0.2658970889476005,0.16808138259190653,2021-12,0
2021-12-10,1806.44761,sh.600519,贵州茅台,0.001653447077712,0.0016520816390059,1753.329406976,1662.5649221925,1583.9482933943334,0.2661224692491665,0.1673727139372498,2021-12,0
2021-12-13,1830.8216878,sh.600519,贵州茅台,0.0134928229665072,0.0134026054507122,1779.4148561959998,1677.9957878295002,1590.9222759856666,0.2601984085151084,0.18799156155168392,2021-12,0
2021-12-14,1858.30735,sh.600519,贵州茅台,0.0150127466717022,0.0149011707121395,1812.97329395,1692.7758137295,1597.943796672,0.2531885383683369,0.176396542798718,2021-12,0
2021-12-15,1845.342415,sh.600519,贵州茅台,-0.0069767441860465,-0.0070011954589835,1828.87694755,1707.4694067295,1604.8728341553333,0.2530105339959055,0.1766100640993971,2021-12,0
2021-12-16,1831.50450771,sh.600519,贵州茅台,-0.0074988290398125,-0.0075270866127344,1834.484714102,1721.600753715,1611.5280234005002,0.2570323402896984,0.17078254425178513,2021-12,0
2021-12-17,1772.4794803,sh.600519,贵州茅台,-0.0322276178745535,-0.0327583617882663,1827.691088162,1731.2073383855,1617.7938324311665,0.290580175507188,0.11823684602008891,2021-12,0
2021-12-20,1779.61883784,sh.600519,贵州茅台,0.0040278929146144,0.0040198026710953,1817.45051817,1740.0533135359997,1623.8569563113333,0.2889936947886007,0.10812130283448522,2021-12,0
2021-12-21,1761.6753678,sh.600519,贵州茅台,-0.0100827602284648,-0.0101339355382262,1798.12412173,1746.1801096525,1628.9305675413334,0.2863587454605399,0.07530183220246532,2021-12,0
2021-12-22,1770.145792,sh.600519,贵州茅台,0.0048081640663331,0.0047966417648052,1783.0847971300002,1750.8042698025,1634.841281407833,0.2767984481257996,0.05660794240970542,2021-12,0
2021-12-23,1832.37748,sh.600519,贵州茅台,0.03515625,0.0345523815066597,1783.259391588,1757.890471109,1641.8279408244998,0.2994300874758928,0.08402076118868541,2021-12,0
2021-12-24,1896.41561561,sh.600519,贵州茅台,0.034948113207547,0.0343512932940521,1808.04661865,1768.827690275,1649.0319789846667,0.3148337641618124,0.12664769322825442,2021-12,0
2021-12-27,1842.59384878,sh.600519,贵州茅台,-0.0283807865675519,-0.0287913070059544,1820.641620838,1775.172729464,1653.019704881,0.3314170423451316,0.07560344794590992,2021-12,0
2021-12-28,1848.09098122,sh.600519,贵州茅台,0.0029833663254872,0.0029789249195391,1837.924743522,1784.1362533585002,1657.5735662723334,0.3104970029030933,0.10590671351572951,2021-12,0
2021-12-29,1764.095489,sh.600519,贵州茅台,-0.0454498685798202,-0.0465151160638503,1836.714682922,1788.804062123,1660.757178089,0.3590181401171219,0.05930704459718442,2021-12,0
2021-12-30,1793.482675,sh.600519,贵州茅台,0.0166585007349338,0.0165212698549538,1828.935721922,1794.8975815730005,1664.2865215056668,0.3621174993069927,0.07544303874905262,2021-12,0
2021-12-31,1771.87445,sh.600519,贵州茅台,-0.0120481927710842,-0.0121213605323447,1804.0274888,1798.2736506469998,1667.317435199,0.3612035589675301,0.043808496443325115,2021-12,0
2022-01-04,1772.93757467,sh.600519,贵州茅台,0.0005999999999999,0.0005998200719675,1790.0962339780003,1801.9008072955,1669.9696287355,0.3608680536677001,0.046731152994433624,2022-01,0
2022-01-05,1749.401896,sh.600519,贵州茅台,-0.0132749618521569,-0.0133638617970652,1770.358416934,1804.845144034,1672.1738117403331,0.3640618921364763,0.03926618453423512,2022-01,0
2022-01-06,1713.29023038,sh.600519,贵州茅台,-0.0206422924901186,-0.0208583226864368,1760.19736521,1802.218448203,1672.9275066283335,0.3353331887745124,-0.02592405848429269,2022-01,0
2022-01-07,1678.526918,sh.600519,贵州茅台,-0.020290381491459,-0.0204990588696491,1737.2062138100002,1795.9715103555002,1673.3740766116666,0.3306105964660354,-0.0675311311162313,2022-01,0
2022-01-10,1699.270814,sh.600519,贵州茅台,0.0123583934088569,0.0122826518558417,1722.6854866099998,1790.6126705555002,1674.0803774595,0.3349262730549372,-0.056826184785086394,2022-01,0
2022-01-11,1677.27364095,sh.600519,贵州茅台,-0.0129450661241098,-0.0130295836750912,1703.552699866,1782.935268213,1676.105068142,0.3309492495239756,-0.08326407387570338,2022-01,0
2022-01-12,1700.135143,sh.600519,贵州茅台,0.0136301563989589,0.0135381013570383,1693.699349266,1775.0266578630003,1678.3353250716668,0.3299215253399266,-0.08464666414844668,2022-01,0
2022-01-13,1622.68262131,sh.600519,贵州茅台,-0.0455566853075749,-0.0466270250157471,1675.5778274519998,1763.8936681785,1678.8595406101667,0.3611243383453235,-0.1232266052699751,2022-01,0
2022-01-14,1613.702243,sh.600519,贵州茅台,-0.0055342789724032,-0.0055496498315893,1662.612892452,1753.003554943,1679.1908667268333,0.3610951630781852,-0.1212620552025658,2022-01,0
2022-01-17,1609.04350969,sh.600519,贵州茅台,-0.0028869844670593,-0.0028911598448193,1644.56743159,1744.8317564124998,1678.6234347383331,0.347667801446983,-0.09192142179507161,2022-01,0
2022-01-18,1635.54383683,sh.600519,贵州茅台,0.0164696150106626,0.0163354618644472,1636.221470766,1737.6280063620002,1678.9005962376666,0.3544989824443424,-0.0794796996990234,2022-01,0
2022-01-19,1652.597048,sh.600519,贵州茅台,0.0104266304491431,0.0103726480499961,1626.713851766,1732.174090372,1679.6345556135,0.3572759738889949,-0.05897030902141549,2022-01,0
2022-01-20,1702.31325208,sh.600519,贵州茅台,0.030083682008368,0.0296400436096936,1642.63997792,1728.782463376,1681.8028689648334,0.3753614885067953,-0.03369479107938059,2022-01,0
2022-01-21,1715.68442171,sh.600519,贵州茅台,0.0078547057150981,0.0078240181041855,1663.036413662,1722.9478104614998,1684.1005435564998,0.3515784024847863,-0.060996335364282485,2022-01,0
2022-01-24,1685.6144158,sh.600519,贵州茅台,-0.0175265366576153,-0.0176819449242071,1678.350594884,1712.407750471,1685.8885521478333,0.324670644326763,-0.11347098522944479,2022-01,0
2022-01-25,1679.391247,sh.600519,贵州茅台,-0.0036919290329197,-0.0036987610235785,1687.120076918,1704.247620382,1687.9053198145,0.3134009524525009,-0.08878212769481261,2022-01,0
2022-01-26,1689.763195,sh.600519,贵州茅台,0.0061760164693771,0.0061570230420259,1694.5533063179998,1696.331231071,1690.0713282885,0.3146064090305562,-0.08558947755092271,2022-01,0
2022-01-27,1698.406485,sh.600519,贵州茅台,0.0051150895140665,0.0051020518838955,1693.771952902,1693.046780871,1692.9524249551666,0.2756286029777183,-0.035024519457035996,2022-01,0
2022-01-28,1630.988823,sh.600519,贵州茅台,-0.0396946564885496,-0.0405039789348114,1676.83283316,1684.922088271,1694.1451989751663,0.2974307441802017,-0.0913776766805194,2022-01,1
2022-02-07,1614.53199884,sh.600519,贵州茅台,-0.01009009009009,-0.010141340085261,1662.6163497679995,1677.054965713,1694.8369502848334,0.2968583389779683,-0.0894195739995252,2022-02,0
2022-02-08,1589.501031,sh.600519,贵州茅台,-0.0155035439731042,-0.015624980678968,1644.6383065679995,1667.8831385295002,1695.1092139198336,0.2987075478933765,-0.1055231179726293,2022-02,0
2022-02-09,1638.75049742,sh.600519,贵州茅台,0.0309842305600871,0.0305139096318033,1634.435767052,1662.3505686005,1696.6357629886668,0.3232911590599082,-0.06126392556038529,2022-02,0
2022-02-10,1618.888217,sh.600519,贵州茅台,-0.0121203810166774,-0.0121944317920358,1618.532113452,1657.6304679315,1698.3501595601667,0.3185253238214096,-0.052742014086944095,2022-02,0
2022-02-11,1598.98272013,sh.600519,贵州茅台,-0.0122957821676454,-0.0123720007194184,1612.130892878,1653.653258038,1699.5079282556665,0.3138789743028932,-0.04474741476313049,2022-02,0
2022-02-14,1615.14567243,sh.600519,贵州茅台,0.010108272026033,0.0100575251334312,1612.253627596,1649.4470009595,1700.874864569167,0.3125901809652262,-0.046997536145954394,2022-02,0
2022-02-15,1634.11769398,sh.600519,贵州茅台,0.0117463222505844,0.0116778697295088,1621.176960192,1647.289203611,1702.7400865511663,0.3137751555153326,-0.022306147771260186,2022-02,0
2022-02-16,1635.78584895,sh.600519,贵州茅台,0.0010208291459943,0.0010203084542497,1620.584030498,1644.0717389084998,1703.958070167,0.3090730317774066,-0.03491547502422479,2022-02,0
2022-02-17,1630.98017971,sh.600519,贵州茅台,-0.0029378351958997,-0.0029421591044158,1623.00242304,1644.4866168285,1705.2832305788331,0.2624560849352004,0.007703375087450417,2022-02,0
2022-02-18,1648.275403,sh.600519,贵州茅台,0.0106041897413342,0.0105483596629751,1632.860959614,1646.2152748285,1706.9398611621666,0.2638764634097166,0.02384184380118782,2022-02,0
2022-02-21,1622.33688971,sh.600519,贵州茅台,-0.0157367593078133,-0.0158618966786084,1634.29920307,1646.8799438294998,1707.6396795425,0.2703731516237394,0.01099206896043382,2022-02,0
2022-02-22,1562.59446923,sh.600519,贵州茅台,-0.0368249164886334,-0.0375200732096759,1619.99455812,1643.2324754494998,1706.9712651158334,0.2939103086410985,-0.042302462538862176,2022-02,0
2022-02-23,1579.13772629,sh.600519,贵州茅台,0.0105870444224418,0.0105313941046419,1608.664933588,1639.559509364,1705.9712364628333,0.2940016348979814,-0.04214204856556348,2022-02,0
2022-02-24,1524.77143219,sh.600519,贵州茅台,-0.0344278356440304,-0.0350344369175926,1587.4231840839998,1630.6824183695,1703.423050516,0.2894620198059414,-0.10665356621796188,2022-02,0
2022-02-25,1554.97973074,sh.600519,贵州茅台,0.019811689747238,0.0196179923573336,1568.764049632,1622.647183821,1701.1618217971668,0.2996203952021019,-0.09469658218582198,2022-02,0
2022-02-28,1547.4946416,sh.600519,贵州茅台,-0.0048136248929996,-0.0048252476988569,1553.79560001,1615.741195111,1698.9922119523333,0.2957956458849533,-0.08198367042120627,2022-02,0
2022-03-01,1606.33815992,sh.600519,贵州茅台,0.0380250223413762,0.0373198907550486,1562.544338148,1612.088540757,1697.169630201,0.331471811067899,-0.04026671904691038,2022-03,0
2022-03-02,1594.58328552,sh.600519,贵州茅台,-0.007317808101244,-0.0073447146037231,1565.633449994,1607.329545283,1695.9323432375,0.3305094589224328,-0.053760543617531485,2022-03,0
2022-03-03,1555.7922,sh.600519,贵州茅台,-0.0243267854819824,-0.02462756982473,1571.837603556,1600.198831033,1694.016558009,0.3377341734179204,-0.08320241861358038,2022-03,0
2022-03-04,1538.9377845,sh.600519,贵州茅台,-0.0108333333333334,-0.0108924411664237,1568.629214308,1595.596279108,1691.805316317333,0.3120179112961719,-0.054341095458364186,2022-03,0
2022-03-07,1475.409603,sh.600519,贵州茅台,-0.0412805391743891,-0.0421567799233917,1554.2122065879998,1588.640159316,1687.989591892,0.3401664652701074,-0.08553154454266328,2022-03,0
2022-03-08,1515.3416028,sh.600519,贵州茅台,0.0270650263620386,0.0267052457502135,1536.0128951640002,1584.932187906,1684.9053779103333,0.3547789783196326,-0.042962974207520474,2022-03,0
2022-03-09,1537.79687022,sh.600519,贵州茅台,0.0148186173853526,0.0147098944412344,1524.6556121039998,1579.884506546,1682.3600730601668,0.3390475053633528,-0.059128587382254974,2022-03,0
2022-03-10,1550.97788747,sh.600519,贵州茅台,0.0085713643363796,0.0085348387606933,1523.692749598,1576.4889900695,1678.779302068,0.3395850538044325,-0.038436842029197976,2022-03,0
2022-03-11,1529.00664429,sh.600519,贵州茅台,-0.0141660583026365,-0.0142673546915249,1521.706521556,1572.9901862775,1674.2049848903334,0.3404067417302838,-0.04030711816418908,2022-03,0
2022-03-14,1469.3593,sh.600519,贵州茅台,-0.0390105200083661,-0.0397918170107493,1520.496460956,1565.700867656,1668.5868463903332,0.3612199400741279,-0.08942591019858817,2022-03,0
2022-03-15,1385.519387,sh.600519,贵州茅台,-0.0570588235294118,-0.0587513774347545,1494.532017796,1553.270952307,1661.165141377,0.4006626688147228,-0.1582310559785844,2022-03,0
2022-03-16,1447.70785855,sh.600519,贵州茅台,0.0448845913911415,0.0439064404578027,1476.514215462,1543.867052787,1654.3218165195,0.4417766031861321,-0.11436729373343718,2022-03,0
2022-03-17,1486.77552935,sh.600519,贵州茅台,0.0269858801755276,0.0266281822399584,1463.673743838,1536.656820269,1648.3457017586666,0.4567888558474055,-0.08444357836200989,2022-03,0
2022-03-18,1476.09242291,sh.600519,贵州茅台,-0.0071854198761734,-0.0072113593375426,1453.090899562,1528.0476712645,1642.4221670119998,0.4534833258448698,-0.10223318797951748,2022-03,0
2022-03-21,1473.0759147,sh.600519,贵州茅台,-0.002043576786373,-0.0020456677385804,1453.834222502,1520.584622514,1637.4321075853334,0.4518299636580098,-0.08854000545807718,2022-03,0
2022-03-22,1465.037655,sh.600519,贵州茅台,-0.0054567857771519,-0.0054717284166402,1469.737876102,1515.7067818025,1632.1890878713336,0.4354199337596643,-0.057171874746595686,2022-03,0
2022-03-23,1514.46863051,sh.600519,贵州茅台,0.0337404129793508,0.0331836932903666,1483.090030494,1512.4733270135,1628.0689755831663,0.4523307009719487,-0.03401850618968667,2022-03,0
2022-03-24,1487.44970597,sh.600519,贵州茅台,-0.0178405309926434,-0.0180015917473173,1483.224865818,1510.6072407025,1623.3573741493335,0.4400795009394336,-0.017431201538299676,2022-03,0
2022-03-25,1460.71601,sh.600519,贵州茅台,-0.0179728402665999,-0.0181363134404808,1480.149583236,1505.8940546655,1617.163016316,0.4369532239810127,-0.055215731552137576,2022-03,0
2022-03-28,1435.4776032,sh.600519,贵州茅台,-0.0172781065088758,-0.0174291149455497,1472.629920936,1500.2932027455,1609.480716109167,0.4399595906367043,-0.06768021316801377,2022-03,0
2022-03-29,1440.836443,sh.600519,贵州茅台,0.0037331406551059,0.0037261897792245,1467.789678536,1492.0181168995,1602.7847593461663,0.413175506079356,-0.10197209485428407,2022-03,0
2022-03-30,1495.3756029,sh.600519,贵州茅台,0.0378524295140974,0.0371536065386828,1463.971073014,1487.0577327685,1596.9061697075,0.4401856017663963,-0.05680185723894268,2022-03,0
2022-03-31,1485.781551,sh.600519,贵州茅台,-0.006415814114791,-0.0064364839066274,1463.63744202,1483.5572003185002,1592.267604074167,0.4331245700776152,-0.03889088587175128,2022-03,1
2022-04-01,1538.51426329,sh.600519,贵州茅台,0.0354915648632925,0.0348762558650288,1479.197092678,1483.536024258,1588.0181305456667,0.4513464795133137,0.0074340123248746205,2022-04,0
2022-04-06,1525.540685,sh.600519,贵州茅台,-0.00843253689586,-0.0084682918804809,1497.209709038,1486.042578358,1583.9125677956667,0.4254595377942078,0.04028201460340372,2022-04,0
2022-04-07,1525.540685,sh.600519,贵州茅台,0.0,0.0,1514.150557438,1486.552532468,1579.7892863011666,0.4150428511563709,0.013216988241365116,2022-04,0
2022-04-08,1541.962936,sh.600519,贵州茅台,0.0107648725212463,0.0107073437725574,1523.468024058,1486.760835757,1576.3319703011666,0.4134552266077479,0.009163243377258816,2022-04,0
2022-04-11,1486.64588,sh.600519,贵州茅台,-0.0358744394618832,-0.0365337433324558,1523.640889858,1483.5442353835,1572.5545644615,0.4315904365272061,-0.035282560421003986,2022-04,0
2022-04-12,1540.234278,sh.600519,贵州茅台,0.0360465116279069,0.0354120382232558,1523.9848928,1484.105617069,1570.249687128167,0.4489096854343027,0.014930009509539426,2022-04,0
2022-04-13,1528.998001,sh.600519,贵州茅台,-0.0072951739618406,-0.0073219138709693,1524.676356,1487.087552119,1567.4118069115,0.425142972239954,0.04664535555606492,2022-04,0
2022-04-14,1563.571161,sh.600519,贵州茅台,0.0226116449971736,0.0223597912355099,1532.2824512,1495.990140819,1565.516765579,0.3677071999869567,0.12631582408265032,2022-04,0
2022-04-15,1560.96953071,sh.600519,贵州茅台,-0.0016639027086787,-0.0016652885322544,1536.083770142,1501.653224427,1563.1973387075002,0.338949223538426,0.07976732998283012,2022-04,0
2022-04-18,1547.85765978,sh.600519,贵州茅台,-0.0083998250267167,-0.0084353023656076,1548.3261260980005,1504.7073309485,1561.9502560153337,0.3302680296637577,0.04438162478058583,2022-04,0
2022-04-19,1547.4082087,sh.600519,贵州茅台,-0.00029036977474,-0.0002904119402056,1549.7609122380002,1508.2731202379998,1560.845355443667,0.3285664486602345,0.05127667488201923,2022-04,0
2022-04-20,1553.199213,sh.600519,贵州茅台,0.0037423895436519,0.0037354042263316,1554.601154638,1512.279285153,1559.9146171655002,0.3281319542995596,0.05706264121204413,2022-04,0
2022-04-21,1538.48833342,sh.600519,贵州茅台,-0.0094713411240958,-0.0095164795156083,1549.584589122,1515.951819074,1558.297025442,0.3297856633585775,0.05304808586510023,2022-04,0
2022-04-22,1532.455317,sh.600519,贵州茅台,-0.0039213923751951,-0.0039291011937428,1543.88174638,1516.8511533985,1556.2946632586668,0.309148425953411,0.015386280510554323,2022-04,0
2022-04-25,1476.273932,sh.600519,贵州茅台,-0.0366610265087421,-0.0373499317256926,1529.5650008239998,1516.2923647,1552.527341257333,0.330645668210501,-0.003434215005544382,2022-04,0
2022-04-26,1497.43270592,sh.600519,贵州茅台,0.0143325526932083,0.0142308126373663,1519.569900268,1518.128199496,1548.8898126608333,0.3274474730546974,0.02887117795426382,2022-04,0
2022-04-27,1551.40140868,sh.600519,贵州茅台,0.0360408200960473,0.0354065446981785,1519.210339404,1523.92438977,1546.6529292088337,0.3414138433182217,0.08219010455918693,2022-04,0
2022-04-28,1586.043715,sh.600519,贵州茅台,0.0223296860027186,0.0220840288046103,1528.72141572,1531.18475337,1545.0971370088334,0.3474697533113687,0.10078664990679961,2022-04,0
2022-04-29,1580.32185702,sh.600519,贵州茅台,-0.003607629427793,-0.0036141526163943,1538.294723724,1535.432066076,1543.2731147091663,0.3260468609345702,0.05932659096490922,2022-04,0
2022-05-05,1587.772373,sh.600519,贵州茅台,0.0047145560550869,0.0047034773428491,1560.594411924,1540.531607176,1541.4292128425,0.3241873714721742,0.07045696113478712,2022-05,0
2022-05-06,1549.741897,sh.600519,贵州茅台,-0.0239520958083832,-0.0242436116099927,1571.05625014,1541.0929888615,1540.0750974091668,0.3149781144209586,0.011013300463111428,2022-05,0
2022-05-09,1514.304408,sh.600519,贵州茅台,-0.022866703848299,-0.0231322021087962,1563.636850004,1540.5311750115,1538.4046375618334,0.3244624746804157,-0.0034208664893275696,2022-05,0
2022-05-10,1526.56923651,sh.600519,贵州茅台,0.0080993150684931,0.008066691649389,1551.741954306,1540.582602587,1537.3557743203332,0.3257901034019089,0.004678448579165528,2022-05,0
2022-05-11,1528.133672,sh.600519,贵州茅台,0.0010248048058247,0.0010242800518627,1541.304317302,1539.8911393869998,1535.5121605633333,0.3234403780638266,-0.005061619136256071,2022-05,0
2022-05-12,1523.52679843,sh.600519,贵州茅台,-0.0030147058823528,-0.0030192592618341,1528.455202388,1541.7351853085,1533.9228035871668,0.2952446551176627,0.027798114443274326,2022-05,0
2022-05-13,1536.98440096,sh.600519,贵州茅台,0.0088331905575063,0.0087944061558016,1525.90370318,1541.5726914564998,1532.8894982676668,0.2673630281368885,0.0005847933728737216,2022-05,0
2022-05-16,1519.490382,sh.600519,贵州茅台,-0.0113820406694259,-0.0114473118464341,1526.94089798,1541.0973105065,1531.2952434271667,0.2692349832379097,-0.0035020733347115793,2022-05,0
2022-05-17,1528.133672,sh.600519,贵州茅台,0.005688282138794,0.0056721649524663,1527.253785078,1539.3254360565,1529.5288430608334,0.2566453149978614,-0.02042543619309118,2022-05,0
2022-05-18,1522.083369,sh.600519,贵州茅台,-0.0039592760180995,-0.0039671347013825,1526.043724478,1537.381127971,1527.6338017283333,0.2568507975400846,-0.022720809502511978,2022-05,0
2022-05-19,1517.761724,sh.600519,贵州茅台,-0.002839295854628,-0.0028433343011441,1524.890709592,1535.8763311819998,1525.7468274665,0.2555200714621481,-0.01716028033042328,2022-05,0
2022-05-20,1555.80084329,sh.600519,贵州茅台,0.0250626423690205,0.0247537252293176,1528.653998058,1536.2959629115,1524.2055848046666,0.2716085933772866,0.008192731813337219,2022-05,0
2022-05-23,1539.369949,sh.600519,贵州茅台,-0.0105610524385977,-0.010617216134718,1532.6299114580002,1535.6044997115,1522.8228024595,0.2740155785874071,-0.006110710168912381,2022-05,0
2022-05-24,1521.21904,sh.600519,贵州茅台,-0.0117911285794497,-0.0118611952574641,1531.246985058,1534.7410350405,1522.1332119723334,0.2751660676240804,-0.00843049762426628,2022-05,0
2022-05-25,1517.33820279,sh.600519,贵州茅台,-0.0025511363636363,-0.0025543960571379,1530.297951816,1533.98517933,1521.1032199139995,0.2749778353149838,-0.00706024161270748,2022-05,0
2022-05-26,1506.3525812,sh.600519,贵州茅台,-0.0072400612927296,-0.0072663977317724,1528.016123256,1535.48911179,1520.7962390641665,0.2412124109776268,0.022360723603305023,2022-05,0
2022-05-27,1517.03568764,sh.600519,贵州茅台,0.0070920358044526,0.0070670055922893,1520.263092126,1536.469260876,1520.1638383458333,0.2372887423387618,0.015120206714549323,2022-05,0
2022-05-30,1537.13133689,sh.600519,贵州茅台,0.0132466555755599,0.0131596858305399,1519.815369704,1535.7557572865,1519.9911166006668,0.2037591415432336,-0.0076739578059380805,2022-05,0
2022-05-31,1559.27544587,sh.600519,贵州茅台,0.0144061268211492,0.014303344529932,1527.426650878,1534.41734383,1519.2067380331669,0.1937392256190841,-0.015597516987507479,2022-05,0
2022-06-01,1545.63633425,sh.600519,贵州茅台,-0.0087470829199072,-0.0087855632075554,1533.08627717,1532.6830676915,1518.390955512,0.1955842875373016,-0.020736970479621683,2022-06,0
2022-06-02,1543.691594,sh.600519,贵州茅台,-0.0012582133370613,-0.0012590055520488,1540.55407973,1530.4790287415,1518.1892787453337,0.1944003049401331,-0.026709739871769885,2022-06,0
2022-06-06,1545.420252,sh.600519,贵州茅台,0.0011198208286673,0.001119194297015,1546.230992602,1530.2629464915,1518.2973198703337,0.1751294469583073,-0.0016378232347193848,2022-06,0
2022-06-07,1571.2636891,sh.600519,贵州茅台,0.0167225950782998,0.0165843119905567,1553.057463044,1533.1109105465,1519.894887972,0.1627599548760044,0.03795147569187941,2022-06,0
2022-06-08,1612.4921824,sh.600519,贵州茅台,0.0262390670553935,0.0259007284321571,1563.70081035,1537.407057841,1521.5140642986669,0.183360299044903,0.05609122767877982,2022-06,0
2022-06-09,1601.601637,sh.600519,贵州茅台,-0.006753859348199,-0.0067767698708135,1574.8938709,1541.080456091,1522.5774770783332,0.1864152058104449,0.04831256352475611,2022-06,0
2022-06-10,1642.7436974,sh.600519,贵州茅台,0.0256880733944953,0.0253636784918549,1594.70429158,1547.0413010395,1524.1069072438331,0.2024761489497973,0.07701534280160421,2022-06,0
2022-06-13,1604.194624,sh.600519,贵州茅台,-0.023466273808271,-0.0237459914310689,1606.45916598,1550.4018121915,1525.360040239,0.2233220529203295,0.04471587843582692,2022-06,0
2022-06-14,1617.159559,sh.600519,贵州茅台,0.0080818965517242,0.0080494129279437,1615.63833996,1555.2852710414998,1527.823377889,0.2182090908423777,0.06417981565697702,2022-06,0
2022-06-15,1620.7033079,sh.600519,贵州茅台,0.0021913415285943,0.0021889440415832,1617.28056506,1559.9137528365002,1531.743109904,0.2180351030963084,0.060682875046777315,2022-06,0
2022-06-16,1622.345533,sh.600519,贵州茅台,0.0010132792917709,0.0010127662708358,1621.42934426,1564.9268610365002,1534.6537378115,0.2166296392244034,0.06565543035664771,2022-06,0
2022-06-17,1686.305879,sh.600519,贵州茅台,0.0394246137453384,0.0386673040366025,1630.14178058,1573.3540687865,1537.979243639,0.250142988635146,0.10791933995661412,2022-06,0
2022-06-20,1678.54420458,sh.600519,贵州茅台,-0.0046027678113788,-0.0046133931636978,1645.011696696,1579.491236851,1541.3534400001668,0.2412135827321282,0.07825392977621481,2022-06,0
2022-06-21,1681.75950846,sh.600519,贵州茅台,0.0019155312509655,0.0019136989604788,1657.9316865879998,1586.610714824,1544.8314998961666,0.2352768011903799,0.09073051346577801,2022-06,0
2022-06-22,1673.340944,sh.600519,贵州茅台,-0.0050058075590777,-0.0050183785833698,1668.459213808,1594.216810024,1548.3032213795,0.2302096372136251,0.09751583448615,2022-06,0
2022-06-23,1691.5782859,sh.600519,贵州茅台,0.0108987603305785,0.0108397968744011,1682.3057643880002,1602.9288141795,1551.2550489693335,0.2294037103415647,0.1109657311803648,2022-06,0
2022-06-24,1736.44560429,sh.600519,贵州茅台,0.0265239384804045,0.026178277692419,1692.3337094460005,1614.433465334,1555.404980608,0.2356617773450852,0.1447297309534989,2022-06,0
2022-06-27,1737.77667095,sh.600519,贵州茅台,0.0007665467070845,0.0007662530602105,1704.18020272,1625.4705144995,1560.0226582905002,0.2367801930154409,0.13840424185613082,2022-06,0
2022-06-28,1759.773844,sh.600519,贵州茅台,0.0126582278481013,0.0125787822068601,1719.783069828,1636.602639855,1565.4275956371666,0.236580798466933,0.13781581412867222,2022-06,0
2022-06-29,1754.58787,sh.600519,贵州茅台,-0.0029469548133594,-0.0029513056345803,1736.0324550280002,1646.3682610615,1570.656786087167,0.2372873697271595,0.12046273249416362,2022-06,0
2022-06-30,1786.624475,sh.600519,贵州茅台,0.0182587635237669,0.0180940739652955,1755.041692848,1658.417668099,1575.5109339555,0.2343369301569549,0.1474685789378377,2022-06,0
2022-07-01,1772.68967775,sh.600519,贵州茅台,-0.007799511002445,-0.0078300862735895,1762.29050754,1669.8675722864998,1580.292736068,0.238643385574294,0.14092728127245402,2022-07,0
2022-07-04,1763.03579,sh.600519,贵州茅台,-0.0054458983268033,-0.0054607812897584,1767.34233135,1680.7483491865,1584.0347615131666,0.2419215310483086,0.1343615621169834,2022-07,0
2022-07-05,1776.14935155,sh.600519,贵州茅台,0.007438057482656,0.0074105315418488,1770.6174328600002,1690.992632309,1588.2115726223333,0.239056943436699,0.12507702452133962,2022-07,0
2022-07-06,1749.05731,sh.600519,贵州茅台,-0.0152532451881692,-0.0153707725802372,1769.51132086,1697.820888689,1591.9368497056666,0.2384198850112882,0.08358471227777692,2022-07,0
2022-07-07,1738.57345,sh.600519,贵州茅台,-0.0059940059940059,-0.0060120421566277,1759.90111586,1704.6694793390002,1595.2136916056666,0.2379725779486256,0.08434456563197001,2022-07,0
2022-07-08,1746.436345,sh.600519,贵州茅台,0.0045226130653266,0.0045124167818619,1754.65044931,1709.8541117190002,1599.543532689,0.2241000378517435,0.06317910530280131,2022-07,0
2022-07-11,1715.508958,sh.600519,贵州茅台,-0.0177088544272137,-0.0178675323165027,1745.1450829100002,1715.4198284190002,1602.464777355667,0.2158059360834775,0.06893652468385861,2022-07,0
2022-07-12,1702.23813855,sh.600519,贵州茅台,-0.0077357914035444,-0.0077658678483389,1730.36284031,1719.6737573965002,1605.3521129815,0.2185861539851905,0.05311883672859002,2022-07,0
2022-07-13,1711.39404295,sh.600519,贵州茅台,0.0053787447200537,0.0053643309349516,1722.8301869000002,1724.208294149,1607.8158276806666,0.2187890191969905,0.05630623992004942,2022-07,0
2022-07-14,1706.248215,sh.600519,贵州茅台,-0.0030068048741889,-0.0030113343938311,1716.3651399000005,1728.403428249,1610.2371390854998,0.2196916695984015,0.05228615575408962,2022-07,0
2022-07-15,1703.1904225,sh.600519,贵州茅台,-0.0017921146953404,-0.0017937224540268,1707.7159554000002,1729.2476554239995,1612.8260184641665,0.17153369592796,0.011069427313410818,2022-07,0
2022-07-18,1705.0775173,sh.600519,贵州茅台,0.0011079764042061,0.0011073630513618,1705.62966726,1730.57432106,1615.4538402741666,0.1704512677501824,0.016780171528995715,2022-07,0
2022-07-19,1697.5990305,sh.600519,贵州茅台,-0.0043860098582744,-0.0043956566170328,1704.7018456500002,1731.366297162,1617.8605038991666,0.1713885218713348,0.010478630419755818,2022-07,0
2022-07-20,1703.7146155,sh.600519,贵州茅台,0.0036024908651124,0.003596017437214,1703.16596016,1732.884980737,1620.6142752671667,0.170426008827957,0.019086928843945916,2022-07,0
2022-07-21,1694.017045,sh.600519,贵州茅台,-0.0056920157940618,-0.0057082770515433,1700.7197261600002,1733.0069186919998,1623.3069707338334,0.1677401692232528,0.0024961527193056174,2022-07,0
2022-07-22,1701.006285,sh.600519,贵州茅台,0.0041258380608559,0.0041173501295477,1700.2828986599998,1731.2349527275,1627.0525099505,0.1370150090375385,-0.019901947700242985,2022-07,0
2022-07-25,1698.95319575,sh.600519,贵州茅台,-0.0012069851052901,-0.0012077140984606,1699.0580343499998,1729.2937789675002,1630.4111847810002,0.1368574606425106,-0.021875479512617584,2022-07,0
2022-07-26,1703.81071755,sh.600519,贵州茅台,0.0028591263209316,0.0028550467933453,1700.30037176,1726.495622645,1632.9513399288332,0.1279266702770598,-0.031674581039787285,2022-07,0
2022-07-27,1677.068138,sh.600519,贵州茅台,-0.0156957455863726,-0.0158202280829939,1694.97107626,1722.619636045,1634.4684136454998,0.1373832068956036,-0.04442337181280048,2022-07,0
2022-07-28,1658.19719,sh.600519,贵州茅台,-0.0112523442383829,-0.0113161308142172,1687.80710526,1716.198271795,1635.766335861833,0.1175390760795923,-0.0739344795749503,2022-07,0
2022-07-29,1658.5815982,sh.600519,贵州茅台,0.000231822971549,0.000231796104756,1679.3221679000003,1710.4928678174997,1636.9464896151665,0.1172778707962306,-0.0659031456009563,2022-07,0
2022-08-01,1651.4700465,sh.600519,贵州茅台,-0.0042877309791196,-0.0042969496585096,1669.82553805,1704.9145806425,1638.6419587735,0.1170680363285637,-0.06474497825327259,2022-08,0
2022-08-02,1642.4539269,sh.600519,贵州茅台,-0.0054594508808126,-0.0054744081465841,1657.55417992,1698.22980941,1640.7777840885,0.1102207300059632,-0.07764248661674118,2022-08,0
2022-08-03,1646.839675,sh.600519,贵州茅台,0.0026702411727783,0.0026666824125756,1651.50848732,1693.1189276600005,1642.7822913966668,0.1038751396739679,-0.05971900025579368,2022-08,0
2022-08-04,1673.93171655,sh.600519,贵州茅台,0.0164509283819629,0.0163170778417553,1654.6553926299998,1689.8868409875,1645.2122588058332,0.1238816774449073,-0.03727406587982489,2022-08,0
2022-08-05,1680.8772738,sh.600519,贵州茅台,0.0041492476552837,0.00414066326488,1659.11452775,1686.6088874275,1647.8347667286664,0.1236332331337873,-0.03764743128986779,2022-08,0
2022-08-08,1670.01774215,sh.600519,贵州茅台,-0.0064606332771991,-0.0064815934946616,1662.8240668799997,1684.3343266349998,1650.0519890818332,0.1102594698400525,-0.026399210139853184,2022-08,0
2022-08-09,1668.68105,sh.600519,贵州茅台,-0.0008004059575315,-0.0008007264534092,1668.0694915,1682.6564722075,1652.5385002151666,0.1076238051615182,-0.019463824693840285,2022-08,0
2022-08-10,1638.97678,sh.600519,贵州茅台,-0.0178010471204188,-0.0179613914745055,1666.4969125,1679.0356090599998,1654.3858853485,0.1201967336418982,-0.042643616534312784,2022-08,0
2022-08-11,1665.9727195,sh.600519,贵州茅台,0.0164712153518125,0.0163370362744113,1664.90511309,1677.0218342849998,1656.7840411901668,0.1370244837632684,-0.02316559630831138,2022-08,0
2022-08-12,1684.40684,sh.600519,贵州茅台,0.0110650794483193,0.0110043093299098,1665.6110263300002,1676.0826551599998,1659.5614597901667,0.1436746706773023,-0.010308402164651682,2022-08,0
2022-08-15,1677.32149795,sh.600519,贵州茅台,-0.0042064315352696,-0.0042153034565605,1667.07177749,1674.6948541925,1661.5868040345,0.1441159915755171,-0.015622810104127385,2022-08,0
2022-08-16,1675.5305052,sh.600519,贵州茅台,-0.0010677695076279,-0.0010683399796132,1668.4416685300002,1673.5914279274998,1663.8561466378333,0.1434951253339905,-0.012304569753480883,2022-08,0
2022-08-17,1675.67029,sh.600519,贵州茅台,8.34271889207372e-05,8.342370906635322e-05,1675.78037053,1672.1892116525,1666.4303341378334,0.1426645442679912,-0.015823633429672544,2022-08,0
2022-08-18,1656.0130525,sh.600519,贵州茅台,-0.0117309697601668,-0.011800320486994,1673.78843713,1670.2890120275,1668.741581633,0.1469617353227386,-0.021862587395777545,2022-08,0
2022-08-19,1655.58496155,sh.600519,贵州茅台,-0.0002585069902401,-0.0002585404089315,1668.0240614400002,1668.017945855,1671.2287879721666,0.1457154291185081,-0.026246932446873546,2022-08,0
2022-08-22,1654.6850969,sh.600519,贵州茅台,-0.0005435327518059,-0.0005436805192788,1663.4967812299997,1665.8045409125,1673.5229447931667,0.1457408201727532,-0.025583480093389347,2022-08,0
2022-08-23,1633.74358655,sh.600519,贵州茅台,-0.0126558886577472,-0.0127366566002623,1655.1393975,1662.3011843625002,1675.1331489541667,0.1502340216266414,-0.04109849507206815,2022-08,0
2022-08-24,1619.931101,sh.600519,贵州茅台,-0.0084545002433141,-0.0084904422550348,1643.9915597,1659.4443325125,1676.1440765396665,0.1435645248933824,-0.03385724972900965,2022-08,0
2022-08-25,1646.839675,sh.600519,贵州茅台,0.0166109373314637,0.0164744847092291,1642.1568842,1658.8764567625,1677.8307988855,0.1527331963796248,-0.005993968159163046,2022-08,0
2022-08-26,1658.19719,sh.600519,贵州茅台,0.0068965517241379,0.006872879287762,1642.67932989,1658.8572363525,1679.7392254855,0.1548582312652325,0.0006707605934258521,2022-08,0
2022-08-29,1641.4404871,sh.600519,贵州茅台,-0.0101053740779769,-0.0101567799810795,1640.03040793,1658.3557583825,1681.3395627371667,0.1583489166947664,-0.005146882505431448,2022-08,0
2022-08-30,1633.73485,sh.600519,贵州茅台,-0.0046944358693221,-0.0047054893401613,1640.02866062,1657.9198045375,1682.3807487521665,0.1580385618622852,-0.004381867493940947,2022-08,0
2022-08-31,1680.91222,sh.600519,贵州茅台,0.0288770053475935,0.0284679213770194,1652.22488442,1659.6234317875,1683.5210827121668,0.1887812838090374,0.021824896680874253,2022-08,1
2022-09-01,1643.24895295,sh.600519,贵州茅台,-0.0224064449064448,-0.0226612831667795,1651.5067400100002,1658.0892936075002,1684.2152046446668,0.1970562617542009,-0.017032476607533445,2022-09,0
2022-09-02,1638.103125,sh.600519,贵州茅台,-0.0031314962597494,-0.0031364096543609,1647.4879270099998,1655.9505861675,1684.1378617713335,0.196298909183566,-0.024313220522566546,2022-09,0
2022-09-05,1603.156925,sh.600519,贵州茅台,-0.0213333333333334,-0.0215641779158406,1639.83121459,1652.6075453099998,1684.120566788,0.2083016615234912,-0.03918592057870084,2022-09,0
2022-09-06,1611.893475,sh.600519,贵州茅台,0.005449591280654,0.0054347959859569,1635.46293959,1649.76816656,1684.0327987213334,0.2099378502046643,-0.032935923340515344,2022-09,0
2022-09-07,1588.31352655,sh.600519,贵州茅台,-0.0146287262872629,-0.0147367812022764,1616.9432009,1647.2350038875,1683.492969032167,0.2069814547037343,-0.029763602507359446,2022-09,0
2022-09-08,1585.683825,sh.600519,贵州茅台,-0.0016556564595353,-0.0016570285733999,1605.43017531,1643.2205591625,1682.8819405655,0.1958210776105043,-0.047890474318707243,2022-09,0
2022-09-09,1611.71000745,sh.600519,贵州茅台,0.0164132231404958,0.0162799821593477,1600.1515518,1639.585717535,1681.6386760396667,0.2015335087700639,-0.04254233062653075,2022-09,0
2022-09-13,1641.597745,sh.600519,贵州茅台,0.0185441161324595,0.0183742705551664,1607.8397158,1637.7995298875,1681.022901713333,0.2142020414126032,-0.019791782958801643,2022-09,0
2022-09-14,1632.861195,sh.600519,贵州茅台,-0.0053219797764768,-0.0053361919579024,1612.0332598,1635.6660643775,1680.2079298223332,0.214754221673869,-0.024045993227650542,2022-09,0
2022-09-15,1642.4714,sh.600519,贵州茅台,0.0058855002675226,0.0058682483684319,1622.86483449,1634.0061198775,1679.693437422333,0.2161976548093463,-0.01824392014904868,2022-09,0
2022-09-16,1624.124645,sh.600519,贵州茅台,-0.0111702127659573,-0.0112330681025507,1630.55299849,1632.4116995025,1678.569210074,0.2158343362722033,-0.017683163154839178,2022-09,0
2022-09-19,1635.1676442,sh.600519,贵州茅台,0.0067993544916622,0.0067763431302904,1635.24452584,1631.390833635,1676.8812440725,0.217552852173133,-0.01062530167293688,2022-09,0
2022-09-20,1640.72409,sh.600519,贵州茅台,0.003398089376162,0.0033923289164737,1635.06979484,1630.69278329,1675.2637010566666,0.2179993561288627,-0.006683679544968979,2022-09,0
2022-09-21,1614.51444,sh.600519,贵州茅台,-0.0159744408945686,-0.0161034075665787,1631.40044384,1629.7313259625,1672.84271099,0.2207875615120879,-0.01000223178179038,2022-09,0
2022-09-22,1590.75976055,sh.600519,贵州茅台,-0.0147132034632033,-0.0148225161933106,1621.05811595,1628.27275894,1670.1122424991663,0.2248583928237712,-0.016260935001679577,2022-09,0
2022-09-23,1602.65894165,sh.600519,贵州茅台,0.007480187389129,0.0074523495228873,1616.76497528,1626.0637222725,1667.0461502766666,0.2176960898250914,-0.025391684944014274,2022-09,0
2022-09-26,1627.619265,sh.600519,贵州茅台,0.0155743200885287,0.0154542850703823,1615.25529944,1624.5348260225,1664.6283100641667,0.2240985724876666,-0.016713916579623476,2022-09,0
2022-09-27,1649.46064,sh.600519,贵州茅台,0.0134192163177671,0.0133299761038576,1617.00260944,1624.9358336675,1662.7353908975,0.2267346885814727,0.006810673816120523,2022-09,0
2022-09-28,1645.092365,sh.600519,贵州茅台,-0.0026483050847457,-0.0026518180482936,1623.11819444,1625.5037094175,1660.5511077883334,0.2262478535493254,0.008856804600696922,2022-09,0
2022-09-29,1642.77717925,sh.600519,贵州茅台,-0.0014073287307487,-0.001408319947915,1633.52167818,1623.59695738,1658.7797722758332,0.1997548426167375,-0.021427529477645278,2022-09,0
2022-09-30,1635.9189875,sh.600519,贵州茅台,-0.0041747546999229,-0.0041834933178628,1640.17368735,1623.2304591075,1657.0688645675,0.1837719008428541,-0.0031958392711233796,2022-09,1
2022-10-10,1560.34783,sh.600519,贵州茅台,-0.0461949265687583,-0.0472959539549301,1626.71940035,1619.3426943575,1653.9673893174995,0.246034378061914,-0.04625926958013228,2022-10,0
2022-10-11,1555.09716345,sh.600519,贵州茅台,-0.0033650615901456,-0.0033707361436225,1607.84670504,1616.93970628,1651.2938594083332,0.2356591140847681,-0.028290997836944484,2022-10,0
2022-10-12,1537.6328,sh.600519,贵州茅台,-0.0112304001707873,-0.0112939372606242,1586.35479204,1613.22667253,1648.5504370991666,0.2366510460080482,-0.04497098928838579,2022-10,0
2022-10-13,1485.20476345,sh.600519,贵州茅台,-0.034096590909091,-0.0346914403581324,1554.84030888,1608.071234375,1644.7806157741666,0.2591762823808042,-0.06443885391021388,2022-10,0
2022-10-14,1518.07166455,sh.600519,贵州茅台,0.0221295419384819,0.0218882371134474,1531.2708442899998,1604.6906263525,1641.6443399333334,0.2743881146209015,-0.04065365551219668,2022-10,0
2022-10-17,1501.3761175,sh.600519,贵州茅台,-0.0109978648833742,-0.0110587884976241,1519.47650179,1599.173931855,1638.2807681833333,0.2671025512924158,-0.06806474353606669,2022-10,0
2022-10-18,1490.30690865,sh.600519,贵州茅台,-0.0073727087576375,-0.0074000215036031,1506.51845083,1591.6093900375,1634.7012580391668,0.2543985923504021,-0.09398156842616369,2022-10,0
2022-10-19,1439.78344,sh.600519,贵州茅台,-0.0339013852494094,-0.0344893643168685,1486.94857883,1581.9555022875,1630.4043315308334,0.2747404733737441,-0.12256097389909629,2022-10,0
2022-10-20,1435.8519925,sh.600519,贵州茅台,-0.0027305825242717,-0.0027343173651427,1477.07802464,1571.6245319124998,1625.9399544808332,0.2714258288744471,-0.13117705669089058,2022-10,0
2022-10-21,1418.81572,sh.600519,贵州茅台,-0.011864922421661,-0.0119358723826507,1457.22683573,1561.3590856625,1621.353265730833,0.2715935200928541,-0.13187176634659428,2022-10,0
2022-10-24,1311.6007784,sh.600519,贵州茅台,-0.0755665024630541,-0.0785741641798837,1419.27176791,1545.1807423725,1614.8631739541663,0.3605293218047487,-0.2142376233013106,2022-10,0
2022-10-25,1292.79098625,sh.600519,贵州茅台,-0.0143410955984226,-0.0144449229709051,1379.76858343,1527.784087185,1608.0938037958333,0.3568008169365841,-0.23197680827589517,2022-10,0
2022-10-26,1279.1008124,sh.600519,贵州茅台,-0.0105896266261192,-0.0106460957338075,1347.63205791,1511.013405805,1601.015305376667,0.3564367654426862,-0.22659199400744579,2022-10,0
2022-10-27,1223.990655,sh.600519,贵州茅台,-0.0430850773181792,-0.0440407915000197,1305.25979041,1492.6749505275,1593.4640139933333,0.3738130668511038,-0.2549638678624217,2022-10,0
2022-10-28,1188.1708,sh.600519,贵州茅台,-0.0292648108493932,-0.0297015676069092,1259.13080641,1471.950543445,1585.6302408266667,0.3701781614195737,-0.2917088661009439,2022-10,0
2022-10-31,1179.43425,sh.600519,贵州茅台,-0.0073529411764706,-0.0073801072976226,1232.6975007300002,1449.5412926949998,1577.64445169,0.3539953969847723,-0.3146361273659432,2022-10,1
2022-11-01,1277.29234655,sh.600519,贵州茅台,0.0829703703703703,0.0797076087991367,1229.59777279,1430.9328780225,1571.4081566908333,0.4899441629801812,-0.24508497331334,2022-11,0
2022-11-02,1285.9852138,sh.600519,贵州茅台,0.0068056990034268,0.0067826447749487,1230.9746530700002,1412.9775204625,1565.4670114725002,0.4935386769287166,-0.2356309692251675,2022-11,0
2022-11-03,1257.6263725,sh.600519,贵州茅台,-0.0220522296801545,-0.0222990149543302,1237.7017965700002,1393.719980125,1558.9801230975,0.493223508415433,-0.2562758701745733,2022-11,0
2022-11-04,1324.95896335,sh.600519,贵州茅台,0.0535394234109065,0.0521553749296776,1265.05942924,1378.1719789175,1553.1639105441668,0.5463194947996599,-0.1985616920637439,2022-11,0
2022-11-07,1316.69418705,sh.600519,贵州茅台,-0.0062377602088924,-0.0062572963185203,1292.51141665,1365.98929677,1547.094192431667,0.5292844378616306,-0.15860452570387798,2022-11,0
2022-11-08,1297.2728364,sh.600519,贵州茅台,-0.0147500845990007,-0.0148599487725447,1296.5075146200002,1353.0980804175,1540.8817773358337,0.5295248060891147,-0.16998954871273309,2022-11,0
2022-11-09,1275.4489345,sh.600519,贵州茅台,-0.0168229082484779,-0.0169660206849088,1294.4002587599998,1339.9888871425,1534.3279087441667,0.5302789156394936,-0.17558205679042369,2022-11,0
2022-11-10,1288.641125,sh.600519,贵州茅台,0.010343174190013,0.010290049567986,1300.60320926,1330.1607052200002,1528.4889811608332,0.5255801873058097,-0.1311422916913197,2022-11,0
2022-11-11,1335.07588825,sh.600519,贵州茅台,0.0360338983050845,0.0353998636736948,1302.62659424,1321.010916405,1522.9740339733332,0.5378206426549228,-0.11723793532471707,2022-11,0
2022-11-14,1339.313115,sh.600519,贵州茅台,0.0031737722082256,0.0031687464241989,1307.15037983,1312.90776628,1517.22247189,0.5383779792124098,-0.10306629823311729,2022-11,0
2022-11-15,1387.36414,sh.600519,贵州茅台,0.0358773646444878,0.0352487629352668,1325.16864055,1307.7606278475,1512.3898492575,0.5575605643229928,-0.059816224830991985,2022-11,0
2022-11-16,1384.96158875,sh.600519,贵州茅台,-0.0017317380352644,-0.00173323922694,1347.0711714,1305.019535285,1507.5470339833334,0.5454686527754261,-0.027646577616846982,2022-11,0
2022-11-17,1369.017385,sh.600519,贵州茅台,-0.0115123797508278,-0.01157916022412,1363.1464234,1301.67780491,1502.4361522333334,0.546645988421792,-0.03642837484340308,2022-11,0
2022-11-18,1369.13096015,sh.600519,贵州茅台,8.296107211225312e-05,8.295763103282589e-05,1369.95743778,1299.1935669175,1497.6547840275,0.5453782080149939,-0.024480491349629832,2022-11,0
2022-11-21,1327.9381269,sh.600519,贵州茅台,-0.0300868466559889,-0.0305487441280342,1367.68244016,1300.0104343425,1492.19400345,0.4835409803557842,0.02099916445743537,2022-11,0
2022-11-22,1345.38501725,sh.600519,贵州茅台,0.0131383307675099,0.013052771489106,1359.28661561,1302.6401358925,1487.0390021224998,0.4817752674316798,0.04847859082336787,2022-11,0
2022-11-23,1353.291595,sh.600519,贵州茅台,0.0058768141822787,0.0058596130687431,1352.95261686,1306.3496750225,1482.364802263333,0.4794158687612972,0.06494503163176576,2022-11,0
2022-11-24,1327.94686345,sh.600519,贵州茅台,-0.0187282117495157,-0.0189058055455563,1344.73851255,1311.547485445,1477.4983983041668,0.455389274580058,0.08930189720042928,2022-11,0
2022-11-25,1329.71164655,sh.600519,贵州茅台,0.0013289561115534,0.0013280738309685,1336.8546498299995,1318.6245277725,1472.2129311633337,0.4379492623223494,0.11989566416137587,2022-11,0
2022-11-28,1319.1142114,sh.600519,贵州茅台,-0.0079697242462271,-0.0080016522499098,1335.08986673,1325.6085258425,1466.5615481866666,0.4382039839647675,0.11927888109161935,2022-11,0
2022-11-29,1396.974345,sh.600519,贵州茅台,0.0590245582430393,0.0573482563815833,1345.40773228,1331.592625765,1462.487112485,0.3877287226315968,0.09533306896428836,2022-11,0
2022-11-30,1396.974345,sh.600519,贵州茅台,0.0,0.0,1354.14428228,1337.142082325,1458.5411040683334,0.3880065130939394,0.08852736996086155,2022-11,1
2022-12-01,1424.756574,sh.600519,贵州茅台,0.0198874296435271,0.019692258111144,1373.50622439,1345.4985924,1454.2718433016666,0.3784891966492912,0.13046702928454315,2022-12,0
2022-12-02,1427.4474314,sh.600519,贵州茅台,0.0018886436104978,0.0018868623655594,1393.05338136,1350.6230158025,1450.6751512758335,0.3353377999973133,0.07881624948413446,2022-12,0
2022-12-05,1454.5482095,sh.600519,贵州茅台,0.0189854824099688,0.0188075072401486,1420.14018098,1357.515716925,1447.6159026841667,0.3371311830133958,0.10403949210299566,2022-12,0
2022-12-06,1474.72964,sh.600519,贵州茅台,0.013874707189621,0.0137793346050959,1435.69123998,1366.388557105,1445.4754479341666,0.3298966548070615,0.13266428389161736,2022-12,0
2022-12-07,1471.23502,sh.600519,贵州茅台,-0.0023696682464454,-0.0023724803536303,1450.54337498,1376.17786138,1443.1311403508334,0.320110954467226,0.14711752389364988,2022-12,0
2022-12-08,1473.8734581,sh.600519,贵州茅台,0.0017933491686461,0.0017917430379745,1460.3667518,1385.439478035,1441.2238058766668,0.3204911412968002,0.13856769887228296,2022-12,0
2022-12-09,1511.42315,sh.600519,贵州茅台,0.0254768763855792,0.0251577496515781,1477.16189552,1394.2568411225,1439.9861279600002,0.3097873056685276,0.12801067695277765,2022-12,0
2022-12-12,1519.3035181,sh.600519,贵州茅台,0.0052138728323698,0.0052003276588885,1490.11295724,1403.2563612775,1438.4460198041666,0.3095900442733399,0.13005077757692188,2022-12,0
2022-12-13,1528.89625,sh.600519,贵州茅台,0.0063139009327091,0.0062940517668463,1500.94627924,1410.3329667775,1436.5676615541668,0.2895208968321924,0.10048731386514316,2022-12,0
2022-12-14,1547.12942985,sh.600519,贵州茅台,0.0119257142857143,0.0118551633149919,1516.12516121,1418.4413588325,1435.1387988016666,0.2893526625116749,0.11414476618612186,2022-12,0
2022-12-15,1561.21274845,sh.600519,贵州茅台,0.0091028703405671,0.0090616889403179,1533.59301928,1428.051127005,1433.7844879425,0.2822469285667354,0.13476001627751674,2022-12,0
2022-12-16,1561.10790985,sh.600519,贵州茅台,-6.715202659224317e-05,-6.715428139052431e-05,1543.52997125,1437.64997449,1432.7342090233333,0.2822943722988973,0.13460990317881225,2022-12,0
2022-12-19,1548.990315,sh.600519,贵州茅台,-0.0077621763194859,-0.0077924588172711,1549.46733063,1448.702583895,1431.2979202033334,0.2533119226932579,0.15693457351531526,2022-12,0
2022-12-20,1498.318325,sh.600519,贵州茅台,-0.0327129159616469,-0.0332599464741676,1543.35174563,1456.3492492825,1428.9244907866666,0.2902074872009185,0.11108332678615845,2022-12,0
2022-12-21,1519.286045,sh.600519,贵州茅台,0.0139941690962099,0.0138971547542428,1537.78306866,1464.6489717825002,1427.33735087,0.2917534774030066,0.11920068170008966,2022-12,0
2022-12-22,1544.62204,sh.600519,贵州茅台,0.0166762507188038,0.0165387288433056,1534.46492697,1475.48273061,1426.5683888608337,0.2787972808710615,0.15460514416840915,2022-12,0
2022-12-23,1547.243005,sh.600519,贵州茅台,0.0016968325791855,0.0016953945852447,1531.691946,1486.3592985325,1425.6447899166667,0.2786882891590791,0.15497302063604126,2022-12,0
2022-12-26,1521.9594293,sh.600519,贵州茅台,-0.0163410502540937,-0.0164760377947662,1526.2857688600002,1496.5015594275,1423.883792655,0.2864272830069243,0.14660169462817466,2022-12,0
2022-12-27,1533.328939,sh.600519,贵州茅台,0.0074703106279443,0.0074425460451399,1533.28789166,1503.3192891275,1421.9482643049998,0.2117425274872775,0.09504744701307966,2022-12,0
2022-12-28,1533.328939,sh.600519,贵州茅台,0.0,0.0,1536.09647046,1510.1370188275,1420.0855405383334,0.2117425274872775,0.09504744701307966,2022-12,0
2022-12-29,1520.941977,sh.600519,贵州茅台,-0.0080784766301211,-0.0081112843327568,1531.36045786,1514.9462889775,1418.0549538341668,0.2084744091204698,0.06708154073943146,2022-12,0
2022-12-30,1528.020241,sh.600519,贵州茅台,0.004653868528214,0.0046430727638293,1527.51590506,1519.9749294575,1416.2566413925,0.2084476755019178,0.06984676565714766,2022-12,0
2023-01-03,1530.68343783,sh.600519,贵州茅台,0.0017429067747538,0.0017413896752606,1529.260706766,1523.781690874,1415.7622348563334,0.2002753327301915,0.05260419002193266,2023-01,0
2023-01-04,1526.25952283,sh.600519,贵州茅台,-0.0028901567042965,-0.0028943412718331,1527.846823532,1526.3581850155,1415.2816075126668,0.1965986567514928,0.03583932612801516,2023-01,0
2023-01-05,1593.494183,sh.600519,贵州茅台,0.0440519185396026,0.0431092186258497,1539.879872332,1532.4711431655,1416.2126305626666,0.246331005473716,0.08226091291406316,2023-01,0
2023-01-06,1595.94503191,sh.600519,贵州茅台,0.001538034425319,0.0015368528617408,1554.880483314,1538.574721856,1418.0583017036668,0.2463645588937464,0.08200559817073606,2023-01,0
2023-01-09,1629.0624596,sh.600519,贵州茅台,0.020750982664087,0.0205386139053894,1575.088927034,1544.456687336,1419.9081482878332,0.2414479722508918,0.07727970444924387,2023-01,0
2023-01-10,1640.78583435,sh.600519,贵州茅台,0.007196393656311,0.0071706231779593,1597.109406338,1550.5308031485,1422.2316435686666,0.2416974046340257,0.07926222527318505,2023-01,0
2023-01-11,1632.38039585,sh.600519,贵州茅台,-0.0051228126937905,-0.0051359792846398,1618.333580942,1555.705010441,1424.599535022,0.2436237412576283,0.06782551164668547,2023-01,0
2023-01-12,1622.692022,sh.600519,贵州茅台,-0.0059351201929591,-0.0059528030199957,1624.1731487419995,1559.4831400485,1427.6480113886669,0.2435745907380454,0.04996467716801206,2023-01,0
2023-01-13,1669.585521,sh.600519,贵州茅台,0.0288985823336969,0.0284888925521401,1638.90124656,1564.901778676,1431.5435701970002,0.2602581196079184,0.06976038916114186,2023-01,0
2023-01-16,1692.5014007,sh.600519,贵州茅台,0.0137254901960783,0.0136321487900576,1651.58903478,1571.4714532184998,1436.1049982086668,0.2623557724587337,0.0835530313838124,2023-01,0
2023-01-17,1688.165964,sh.600519,贵州茅台,-0.002561555753045,-0.002564842150376,1661.06506071,1578.4302356684998,1442.3810846353335,0.2598541859706522,0.0887536519502533,2023-01,0
2023-01-18,1674.894219,sh.600519,贵州茅台,-0.0078616352201258,-0.007892700798909,1669.56782534,1587.2590303685,1448.749471847833,0.2254232218080524,0.11360493269177441,2023-01,0
2023-01-19,1663.57784443,sh.600519,贵州茅台,-0.0067564712097201,-0.0067793994958865,1677.7449898260002,1594.47362034,1455.1574223816667,0.2272988167303521,0.0928542923858444,2023-01,0
2023-01-20,1645.70522783,sh.600519,贵州茅台,-0.0107434807814019,-0.0108016086765557,1672.968931192,1599.5277797315,1462.1859985955002,0.2288786390713282,0.0654345608856387,2023-01,0
2023-01-30,1670.470304,sh.600519,贵州茅台,0.0150483061919022,0.0149362036685655,1668.562711852,1605.6891446815,1470.2243236621666,0.2325376468716082,0.0787860344983554,2023-01,0
2023-01-31,1633.09707008,sh.600519,贵州茅台,-0.022372881355932,-0.0226269509290256,1657.548933068,1611.2460267205,1477.7853706635,0.24036864380145,0.07275420339651711,2023-01,1
2023-02-01,1632.39809151,sh.600519,贵州茅台,-0.0004280079750347,-0.0004280995965921,1649.04970757,1616.199484346,1483.7037997461666,0.240333384034598,0.0648558847935381,2023-02,0
2023-02-02,1624.55891413,sh.600519,贵州茅台,-0.0048022461069828,-0.0048138139400652,1641.24592151,1620.7609831025,1489.3466947516667,0.2417928813805934,0.060053638686555305,2023-02,0
2023-02-03,1608.535494,sh.600519,贵州茅台,-0.0098632434875906,-0.0099122075023387,1633.811974744,1625.1406589525,1495.19518011,0.2429579221391657,0.0582688718290858,2023-02,0
2023-02-06,1588.185485,sh.600519,贵州茅台,-0.0126512651265126,-0.0127319738150448,1617.355010944,1628.1489211525,1499.5822888041666,0.2490038496911191,0.04096373817435921,2023-02,0
2023-02-07,1589.955051,sh.600519,贵州茅台,0.0011142061281337,0.0011135858611798,1608.726607128,1631.112501811,1504.1366365366666,0.2490240725004064,0.04033503752773911,2023-02,0
2023-02-08,1578.452872,sh.600519,贵州茅台,-0.0072342793544796,-0.0072605736436042,1597.937563226,1633.7221692695,1508.8229704633334,0.2506316199815304,0.03599091487755601,2023-02,0
2023-02-09,1608.535494,sh.600519,贵州茅台,0.0190582959641254,0.0188789615974693,1594.7328792,1634.4742348195,1514.3744131216667,0.2065776969925711,0.010997292302078802,2023-02,0
2023-02-10,1601.45723,sh.600519,贵州茅台,-0.0044004400440044,-0.0044101504775527,1593.3172264,1634.749844724,1519.588014871667,0.2072752460909202,0.005058817832755402,2023-02,0
2023-02-13,1642.46692205,sh.600519,贵州茅台,0.0256077348066299,0.0252853488939634,1604.1735138099998,1635.4200678465,1524.7111987683334,0.214245269196098,0.009915569975298303,2023-02,0
2023-02-14,1631.35404757,sh.600519,贵州茅台,-0.0067659654698737,-0.0067889583857819,1612.453313124,1634.9484785075,1529.5785476445,0.2141860570664158,-0.004046789150886397,2023-02,0
2023-02-15,1628.885503,sh.600519,贵州茅台,-0.0015131875105082,-0.001514333534975,1622.539839324,1634.773733865,1533.6039036945,0.2134682688605883,-0.0004371639676040975,2023-02,0
2023-02-16,1647.30668506,sh.600519,贵州茅台,0.0113090711569798,0.0112456016840188,1630.294077536,1636.004467018,1537.9763219663332,0.2158948624771632,0.0168070273823348,2023-02,0
2023-02-17,1610.99519074,sh.600519,贵州茅台,-0.0220429472236843,-0.0222895232281883,1632.201669684,1633.074950505,1542.009285395333,0.2034533133874543,-0.0341345021750464,2023-02,0
2023-02-20,1658.968125,sh.600519,贵州茅台,0.0297784465998089,0.0293436787156029,1635.501910274,1631.39828672,1546.8399048095002,0.22629996326412,-0.018081545771315797,2023-02,0
2023-02-21,1651.889861,sh.600519,贵州茅台,-0.0042666666666666,-0.0042757948627885,1639.60907296,1629.58448157,1552.2391003778332,0.2265464078719665,-0.019786656684937398,2023-02,0
2023-02-22,1624.461588,sh.600519,贵州茅台,-0.0166041778253884,-0.016743572361287,1638.72428996,1627.06285002,1556.890376557,0.2321207807564382,-0.0285291992902,2023-02,0
2023-02-23,1608.535494,sh.600519,贵州茅台,-0.0098039215686274,-0.0098522964430115,1630.970051748,1624.3107324985,1561.1444415403334,0.233297959604158,-0.0315766496491073,2023-02,0
2023-02-24,1581.992004,sh.600519,贵州茅台,-0.0165016501650164,-0.0166393190039646,1625.1694143999998,1621.125071307,1565.3785272161665,0.237161434667056,-0.0373348190327218,2023-02,0
2023-02-27,1601.81999103,sh.600519,贵州茅台,0.0125335570469797,0.0124556622117971,1613.739787606,1617.6925556585,1569.9136662908334,0.2349401529624821,-0.039849568177644304,2023-02,0
2023-02-28,1604.76631842,sh.600519,贵州茅台,0.0018393623543837,0.0018376727989342,1604.31507909,1616.2760180755,1574.6745347411668,0.2224721497188426,-0.0156373244673286,2023-02,0
2023-03-01,1626.70008899,sh.600519,贵州茅台,0.0136678906568747,0.0135753275142627,1604.7627792879998,1615.9911179495,1578.503297141,0.228319333940786,-0.0015414258354192016,2023-03,0
2023-03-02,1617.383324,sh.600519,贵州茅台,-0.0057274017829462,-0.0057438662443584,1606.532345288,1615.632338443,1582.1767801243332,0.2285967259964421,-0.002466581511382602,2023-03,0
2023-03-03,1608.57088532,sh.600519,贵州茅台,-0.0054485776805252,-0.005463475318496,1611.848121552,1615.634108009,1585.240351979667,0.22663061812962,0.0019480842956827987,2023-03,0
2023-03-06,1598.92675062,sh.600519,贵州茅台,-0.0059954676464764,-0.0060135126241641,1611.26947347,1616.17117129,1588.0983406333332,0.2228649517153183,0.008603881775719,2023-03,0
2023-03-07,1582.2574389,sh.600519,贵州茅台,-0.0104253129253959,-0.0104800371774446,1606.7676975660002,1615.786290685,1590.22682779,0.2261354290772275,-0.0029356372778106014,2023-03,0
2023-03-08,1566.43751886,sh.600519,贵州茅台,-0.0099983224291225,-0.0100486413388993,1594.71518354,1615.185523028,1591.7552924376666,0.2274931865253835,-0.005699680352453502,2023-03,0
2023-03-09,1566.08360566,sh.600519,贵州茅台,-0.0002259350888488,-0.000225960616026,1584.455239872,1613.062928611,1593.3361021986666,0.2157405940182402,-0.024983911405427703,2023-03,0
2023-03-10,1548.37025,sh.600519,贵州茅台,-0.0113106066598118,-0.0113750580215053,1572.415112808,1610.4085796109998,1594.577715397,0.2184565999669956,-0.0318940780212351,2023-03,0
2023-03-13,1558.987646,sh.600519,贵州茅台,0.0068571428571428,0.0068337395785651,1564.427291884,1606.2346158085,1595.3704569969998,0.1965278406273966,-0.0506446699707222,2023-03,0
2023-03-14,1562.526778,sh.600519,贵州茅台,0.0022701475595912,0.0022675746677803,1560.4811597040002,1602.79325233,1596.090844662,0.1965634643642614,-0.041608556941257306,2023-03,0
2023-03-15,1549.18425036,sh.600519,贵州茅台,-0.0085390713476782,-0.0085757380999738,1557.030506004,1598.808189698,1596.4289780013337,0.197872314461928,-0.048634440778427296,2023-03,0
2023-03-16,1550.13096817,sh.600519,贵州茅台,0.0006111073035888,0.0006109206535588,1553.839978506,1593.9494038535,1596.47900364,0.1915623892830114,-0.0593324046318183,2023-03,0
2023-03-17,1541.291986,sh.600519,贵州茅台,-0.0057020873406812,-0.0057184063050422,1552.424325706,1590.4642436165,1596.1469909325,0.1783024658718091,-0.0429915447488152,2023-03,0
2023-03-20,1530.3206768,sh.600519,贵州茅台,-0.0071182548794488,-0.0071437105275042,1546.690931866,1584.0318712065,1595.6338703816666,0.1330261627249215,-0.0798882462280729,2023-03,0
2023-03-21,1570.489825,sh.600519,贵州茅台,0.0262488436632748,0.0259102550245724,1548.283541266,1579.9618694065,1595.9921955483333,0.1709053952436341,-0.0493727358981315,2023-03,0
2023-03-22,1569.02993305,sh.600519,贵州茅台,-0.0009295774647888,-0.0009300097898608,1552.252677804,1577.190286659,1597.1707223491665,0.1625637691143987,-0.033698135537531905,2023-03,0
2023-03-23,1570.36595538,sh.600519,贵州茅台,0.0008514957566188,0.0008511334397666,1556.299675246,1575.281809728,1598.0220541888334,0.1598834752993968,-0.0230427182122857,2023-03,0
2023-03-24,1573.69273946,sh.600519,贵州茅台,0.0021184769502946,0.0021162361421756,1562.7798259380002,1574.866846501,1598.5065658464998,0.1494984177909458,-0.004422591096974697,2023-03,0
2023-03-27,1564.11053957,sh.600519,贵州茅台,-0.0060889903408261,-0.0061076038392506,1569.537798492,1572.981373928,1598.7876914226665,0.1428943353069783,-0.023045138484780497,2023-03,0
2023-03-28,1576.5063494,sh.600519,贵州茅台,0.0079251494804248,0.0078939104241964,1570.741103372,1571.568375477,1599.6968067576668,0.146179350146428,-0.016959351358739397,2023-03,0
2023-03-29,1583.76157,sh.600519,贵州茅台,0.0046020877764056,0.004591530548257,1573.687430762,1569.4214495275,1600.537350607667,0.1375251735547034,-0.0260251542392085,2023-03,0
2023-03-30,1592.6094,sh.600519,贵州茅台,0.0055865921787709,0.0055710450494554,1578.1361196859998,1568.1827533275,1601.5253582910002,0.1385557169175821,-0.014711160277491399,2023-03,0
2023-03-31,1610.30506,sh.600519,贵州茅台,0.011111111111111,0.0110498361865849,1585.458583794,1568.2694620615,1603.0147430076663,0.1434664548000026,0.0018485285141448034,2023-03,0
2023-04-03,1594.44090081,sh.600519,贵州茅台,-0.0098516483516483,-0.0099004969300634,1591.524656042,1568.045169571,1604.1217540045,0.1462625023617247,-0.0020076521910270973,2023-04,0
2023-04-04,1605.51838397,sh.600519,贵州茅台,0.0069475658548225,0.0069235427231791,1597.3270629559995,1569.2082168245,1605.3690031068334,0.1429597414539379,0.015365226589191303,2023-04,0
2023-04-06,1589.91965968,sh.600519,贵州茅台,-0.0097156933522173,-0.0097631986492307,1598.558680892,1570.3823238655,1606.4300053876666,0.1426806781300185,0.0156478556660965,2023-04,0
2023-04-07,1584.63750517,sh.600519,贵州茅台,-0.0033222776244323,-0.0033278086425219,1596.9643019259995,1571.310018841,1606.2823940905,0.1433924507255453,0.012551513130513005,2023-04,0
2023-04-10,1567.5700411,sh.600519,贵州茅台,-0.0107705794002199,-0.0108290019658122,1588.417298146,1572.270008396,1605.809477577,0.1428077581463161,0.013091540390104904,2023-04,0
2023-04-11,1544.3887265,sh.600519,贵州茅台,-0.0147880566687361,-0.0148984900613008,1578.406863284,1571.540062421,1604.398248692,0.1507847122451724,-0.008553659135773998,2023-04,0
2023-04-12,1498.9108803,sh.600519,贵州茅台,-0.029447149813807,-0.0298894211981901,1557.08536255,1568.359267536,1602.0336661245,0.1820485212957791,-0.0402709565091722,2023-04,0
2023-04-13,1524.481109,sh.600519,贵州茅台,0.0170592054778349,0.0169153311810289,1543.997652414,1567.1241104679998,1600.2353446769998,0.1922682383225523,-0.014672679683659096,2023-04,0
2023-04-14,1516.00488786,sh.600519,贵州茅台,-0.0055600696459663,-0.005575584368551,1530.271128952,1565.4178064525,1598.4572257746663,0.1929424638879529,-0.020843856633214197,2023-04,0
2023-04-17,1551.024599,sh.600519,贵州茅台,0.0230999988327438,0.0228372327618558,1526.9620405320002,1565.9044371025,1596.481210408,0.2100453080096275,0.007958229540210804,2023-04,0
2023-04-18,1555.448514,sh.600519,贵州茅台,0.0028522532800911,0.0028481933238877,1529.173998032,1567.1608289625,1594.1969956296666,0.2082876097618903,0.017928737699750702,2023-04,0
2023-04-19,1556.333297,sh.600519,贵州茅台,0.0005688282138793,0.0005686664924358,1540.658481372,1566.4530025625,1591.999784513,0.1855343673769923,-0.007751277749644798,2023-04,0
2023-04-20,1541.18581204,sh.600519,贵州茅台,-0.0097328027288231,-0.0097804760354257,1543.99942198,1565.060796512,1589.7713110636666,0.1884835014010385,-0.016554503013679098,2023-04,0
2023-04-21,1526.66652301,sh.600519,贵州茅台,-0.0094208556272532,-0.0094655125800677,1546.13174901,1562.8758248934998,1587.4894557066666,0.1907826787763215,-0.026826854397551093,2023-04,0
2023-04-24,1508.555015,sh.600519,贵州茅台,-0.0118634343106516,-0.0119343664044473,1537.63783221,1559.6189386705,1585.2036188261666,0.1938505746332143,-0.040808765658497295,2023-04,0
2023-04-25,1531.01080754,sh.600519,贵州茅台,0.0148856304985338,0.0147759268331707,1532.7502909179998,1557.963952069,1582.8792938851668,0.2021600646024919,-0.0198341448191374,2023-04,0
2023-04-26,1542.98192153,sh.600519,贵州茅台,0.0078190917601912,0.0077886810819399,1530.080015824,1556.2877306755,1581.3773747426667,0.2020983608825051,-0.019940202539370996,2023-04,0
2023-04-27,1555.37773136,sh.600519,贵州茅台,0.0080336714624036,0.008001573319843,1532.918399688,1554.8685387435,1580.0937020735,0.2037198879372261,-0.016508618853373,2023-04,0
2023-04-28,1557.67816716,sh.600519,贵州茅台,0.0014790206607808,0.001477927986982,1539.120728518,1553.1219771015,1578.9790229573334,0.202523420368121,-0.020616190371363096,2023-04,0
2023-05-04,1548.2817717,sh.600519,贵州茅台,-0.0060323086360847,-0.0060505765118512,1547.066079858,1550.0208126865,1577.9747942523334,0.1979830198311133,-0.037759610118558794,2023-05,0
2023-05-05,1548.37025,sh.600519,贵州茅台,5.714612263552077e-05,5.7144489858058936e-05,1550.53796835,1547.717280146,1577.3112070023333,0.1958090813848321,-0.027850815644274975,2023-05,0
2023-05-08,1522.28684716,sh.600519,贵州茅台,-0.0168457142857142,-0.0169892172198353,1546.398953476,1543.5557033055,1576.183403605,0.2005254808555795,-0.051644095784811675,2023-05,0
2023-05-09,1523.596326,sh.600519,贵州茅台,0.000860205054286,0.0008598352899519,1540.042672404,1540.2395366215,1575.2691278383334,0.1990440845561903,-0.04106819737830837,2023-05,0
2023-05-10,1526.250675,sh.600519,贵州茅台,0.0017421602787455,0.0017406444777838,1533.757173972,1537.320195113,1573.897714188333,0.1994273258134921,-0.03600375947513058,2023-05,0
2023-05-11,1519.23434581,sh.600519,贵州茅台,-0.0045971014492753,-0.0046077006162482,1527.947688794,1534.9034103485,1572.527332785167,0.1969326773223786,-0.029830281524185976,2023-05,0
2023-05-12,1509.7937112,sh.600519,贵州茅台,-0.0062140739748525,-0.0062334616920711,1520.232381034,1533.1736595835,1570.3161126043333,0.1915323228618126,-0.021256298830302375,2023-05,0
2023-05-15,1518.5530629,sh.600519,贵州茅台,0.005801687763713,0.0057849227854519,1519.485624182,1534.1557687135,1568.4360961931668,0.160623515852782,0.013992538747217623,2023-05,0
2023-05-16,1507.04203607,sh.600519,贵州茅台,-0.0075802598613295,-0.0076091360496741,1516.174766196,1533.283815067,1566.4053717443337,0.1508538648652018,-0.010646926591946777,2023-05,0
2023-05-17,1505.015883,sh.600519,贵州茅台,-0.0013444569039916,-0.0013453614970568,1511.927807796,1532.7343648239998,1564.0338583766668,0.1497283692013279,-0.006431313849972076,2023-05,0
2023-05-18,1496.168053,sh.600519,贵州茅台,-0.0058788947677835,-0.0058962434972813,1507.314549234,1529.9915375240005,1562.1200727476669,0.1224562454892808,-0.03541020745049938,2023-05,0
2023-05-19,1503.6887085,sh.600519,贵州茅台,0.0050266114725014,0.0050140202375904,1506.093548694,1527.403547249,1559.5320824726666,0.1237809888184935,-0.033235849258089076,2023-05,0
2023-05-22,1544.831118,sh.600519,贵州茅台,0.027360988526037,0.0269933672633768,1511.349159714,1526.828438299,1557.7477700893332,0.1610948771980305,-0.006443688945931374,2023-05,0
2023-05-23,1525.85252265,sh.600519,贵州茅台,-0.0122852233676975,-0.0123613105316885,1515.1112570300002,1526.0617738295,1556.1042856668332,0.1633119863257514,-0.008996109584805777,2023-05,0
2023-05-24,1513.7752347,sh.600519,贵州茅台,-0.0079151082891189,-0.007946599037256,1516.86312737,1525.417209414,1554.5249480118334,0.1622992652222279,-0.007490362246671477,2023-05,0
2023-05-25,1505.015883,sh.600519,贵州茅台,-0.0057864281956865,-0.0058032344347411,1518.63269337,1525.240252814,1553.2420126618335,0.157969457621808,-0.001413356131706376,2023-05,0
2023-05-26,1495.77874848,sh.600519,贵州茅台,-0.0061375661375661,-0.0061564784199107,1517.050701366,1523.478649861,1551.4746586193332,0.1489381875901215,-0.022436552767806275,2023-05,0
2023-05-29,1494.398487,sh.600519,贵州茅台,-0.0009227711527541,-0.000923197168151,1506.964175166,1521.0494781345,1549.6351947623332,0.1451625752369638,-0.031178415680751574,2023-05,0
2023-05-30,1476.07463107,sh.600519,贵州茅台,-0.0122616933096506,-0.0123374880898936,1497.00859685,1517.08432312,1547.124770463667,0.145251011433239,-0.051473780452805776,2023-05,0
2023-05-31,1441.2230287,sh.600519,贵州茅台,-0.0236110028831917,-0.0238942093543469,1482.4981556500002,1511.261566197,1544.188765542,0.162272637880429,-0.07656380399677828,2023-05,1
2023-06-01,1447.43420536,sh.600519,贵州茅台,0.0043096568236233,0.0043003968479998,1470.981820122,1506.21918788,1541.5031542093334,0.1645460196707845,-0.06622183853707028,2023-06,0
2023-06-02,1478.1184798,sh.600519,贵州茅台,0.02119908063964,0.0209775061102467,1467.449766386,1502.70659937,1539.4896830290002,0.1860008748714028,-0.0450799040200658,2023-06,0
2023-06-05,1473.163695,sh.600519,贵州茅台,-0.0033520890697952,-0.0033577199072616,1463.202807986,1500.250441762,1537.671453964,0.1779539359317032,-0.0315862788041468,2023-06,0
2023-06-06,1474.92441317,sh.600519,贵州茅台,0.0011951951951951,0.0011944815180169,1462.972764406,1497.8168461205,1536.1462355358333,0.1780188050839543,-0.031251288663237696,2023-06,0
2023-06-07,1460.6882547,sh.600519,贵州茅台,-0.0096521274872674,-0.0096990111987383,1466.865809606,1494.5387251055,1534.3896463531669,0.1797990610599115,-0.0426455764292506,2023-06,0
2023-06-08,1475.818044,sh.600519,贵州茅台,0.0103579865527894,0.0103047101848692,1472.542577334,1492.3679100149998,1533.1804429198337,0.18484573988409,-0.027690488427185894,2023-06,0
2023-06-09,1474.048478,sh.600519,贵州茅台,-0.0011990407673861,-0.0011997601919041,1471.728576974,1490.580648355,1531.7647901198334,0.1839629525082619,-0.0226754552197195,2023-06,0
2023-06-12,1500.591968,sh.600519,贵州茅台,0.0180072028811524,0.0178469936250603,1477.2142315739998,1489.68259361,1530.7325432865,0.1948458968271478,-0.010469940102280098,2023-06,0
2023-06-13,1503.246317,sh.600519,贵州茅台,0.0017688679245284,0.0017673053200838,1482.87861234,1489.4928076565,1529.966911063833,0.1931739605298561,-0.0011208123164221976,2023-06,0
2023-06-14,1527.91406704,sh.600519,贵州茅台,0.0164096527369039,0.016276469405104,1496.3237748079998,1490.6377168585,1529.5966293783335,0.2016953739911983,0.0166332973244733,2023-06,0
2023-06-15,1552.794165,sh.600519,贵州茅台,0.0162837023997035,0.01615254482293,1511.718999008,1493.4690224585,1529.7883323616666,0.2071830500018622,0.0387958944919603,2023-06,0
2023-06-16,1590.56555127,sh.600519,贵州茅台,0.0243247863247864,0.0240336504735293,1535.022413662,1497.812864597,1530.7924136028334,0.2218050344973725,0.0580940693442453,2023-06,0
2023-06-19,1543.061552,sh.600519,贵州茅台,-0.0298661059470766,-0.0303211819045706,1543.5163304619998,1497.724386297,1530.3352757195,0.2309469516179646,0.0008669748711316975,2023-06,0
2023-06-20,1542.58376918,sh.600519,贵州茅台,-0.0003096330275228,-0.0003096809737261,1551.383820898,1498.5609486235,1529.8945063216668,0.2263340983001353,0.012842565211306398,2023-06,0
2023-06-21,1535.83287489,sh.600519,贵州茅台,-0.0043763550640679,-0.0043859593372742,1552.967582468,1499.663830633,1529.3189549801666,0.2249036293251894,0.016381318436357397,2023-06,0
2023-06-26,1512.094147,sh.600519,贵州茅台,-0.0154565827298757,-0.0155772810423336,1544.8275788679998,1500.017743833,1528.2923117725002,0.231201840776299,0.006711163902168197,2023-06,0
2023-06-27,1513.90795215,sh.600519,贵州茅台,0.0011995318899942,0.0011988130264257,1529.496059044,1500.9242040165,1527.4556019821669,0.2299407480541337,0.014048261929728497,2023-06,0
2023-06-28,1529.24124154,sh.600519,贵州茅台,0.0101282838023435,0.010077336453302,1526.731996952,1502.6663417435,1526.6678501845,0.2322393598186675,0.025099316884826098,2023-06,0
2023-06-29,1516.26147493,sh.600519,贵州茅台,-0.0084877168215321,-0.0085239426184704,1521.4675381020002,1504.6756839365005,1525.5428485999998,0.2296985680937137,0.0288732933729446,2023-06,0
2023-06-30,1519.136906,sh.600519,贵州茅台,0.0018963952573765,0.0018945993700068,1518.1283443240002,1508.5713778015,1524.3183070333332,0.2097782530595849,0.0543806915135128,2023-06,0
2023-07-03,1548.8728206,sh.600519,贵州茅台,0.0195742164399763,0.0193851052832252,1525.484079044,1513.6433085635,1523.2944363766665,0.2181441352982234,0.06964525112986579,2023-07,0
2023-07-04,1554.7121996,sh.600519,贵州茅台,0.0037700829418247,0.0037629939908329,1533.644928534,1517.4729945535,1522.6322913565002,0.2079023814223519,0.0522162534320505,2023-07,0
2023-07-05,1541.03906908,sh.600519,贵州茅台,-0.0087946376979083,-0.0088335387725444,1536.004494042,1520.8667632575,1521.557636108333,0.2108494669355122,0.0467737048039374,2023-07,0
2023-07-06,1529.89933068,sh.600519,贵州茅台,-0.0072287190010376,-0.0072549727875764,1538.7320651920002,1523.615509133,1520.5572972916666,0.2135582873703833,0.0383497906077047,2023-07,0
2023-07-07,1518.26549098,sh.600519,贵州茅台,-0.0076043171381929,-0.007633377373664,1538.557782188,1526.494370947,1519.4510970551669,0.2122062886794558,0.0403976009567792,2023-07,0
2023-07-10,1528.0307294,sh.600519,贵州茅台,0.0064318384880741,0.0064112424811925,1534.389363948,1529.105005217,1518.792108526833,0.2106118489834559,0.036471452892063896,2023-07,0
2023-07-11,1536.20586,sh.600519,贵州茅台,0.0053501087659475,0.0053358477766596,1530.688096028,1532.212874317,1518.6557274185,0.2106482355174693,0.04302060242539749,2023-07,0
2023-07-12,1539.6196508,sh.600519,贵州茅台,0.0022222222222221,0.0022197567383128,1530.404212372,1534.164258457,1519.3342069268333,0.2021704991497618,0.027235621766467197,2023-07,0
2023-07-13,1561.7194544,sh.600519,贵州茅台,0.0143540669856458,0.0142520227072014,1536.768237116,1537.087915327,1519.9548460168337,0.2073752428340765,0.0398208208275846,2023-07,0
2023-07-14,1574.835598,sh.600519,贵州茅台,0.0083985273815001,0.0083634559790145,1548.08225852,1539.433991875,1520.9353578525,0.2018640618111773,0.0318096954721808,2023-07,0
2023-07-17,1554.14622902,sh.600519,贵州茅台,-0.0131374786081003,-0.0132245386202298,1553.305358444,1539.501595076,1520.9873850195,0.2004710065850179,0.002388514464377,2023-07,0
2023-07-18,1547.7049448,sh.600519,贵州茅台,-0.004144580541859,-0.004153193121049,1555.605175404,1537.3585647525,1520.8583255328333,0.1792244455050119,-0.0260808524022684,2023-07,0
2023-07-19,1547.884618,sh.600519,贵州茅台,0.0001160900859067,0.0001160833479741,1557.258168844,1537.5997180525,1520.7175142161664,0.1439862695853932,0.0039013436307149016,2023-07,0
2023-07-20,1548.782984,sh.600519,贵州茅台,0.0005803830528148,0.0005802146957087,1554.670874764,1537.9096787935,1520.8441337488332,0.143979551532323,0.004791359711052502,2023-07,0
2023-07-21,1591.2756958,sh.600519,贵州茅台,0.0274361948955916,0.0270665680349127,1557.958894324,1540.681819839,1521.9209532953332,0.1720074314290649,0.036603909670712004,2023-07,0
2023-07-24,1591.1409409,sh.600519,贵州茅台,-8.468356574264924e-05,-8.468715159824613e-05,1565.3578367,1544.634159534,1523.297385393667,0.1597342259088582,0.05197580883484505,2023-07,0
2023-07-25,1642.7071493,sh.600519,贵州茅台,0.032408322276487,0.0318942499267772,1584.3582775999998,1551.0741193914998,1525.1589910896664,0.1913867736913479,0.08318459922133786,2023-07,0
2023-07-26,1642.7071493,sh.600519,贵州茅台,0.0,0.0,1603.32278386,1556.7474147795,1526.8210782191668,0.1905721644734896,0.07305631541899435,2023-07,0
2023-07-27,1651.22365898,sh.600519,贵州茅台,0.0051844357551065,0.0051710428379258,1623.8109188560002,1563.495523982,1528.4185103461666,0.1851216096084569,0.08672846799563295,2023-07,0
2023-07-28,1704.200302,sh.600519,贵州茅台,0.0320832630588183,0.0315793450633582,1646.395840096,1572.748693782,1530.8605459268333,0.2092794272424402,0.11691533579707475,2023-07,0
2023-07-31,1689.44913228,sh.600519,贵州茅台,-0.0086557722720084,-0.0086934510523427,1666.057478372,1579.777509366,1533.2133352698331,0.2087075608438282,0.08868534708509006,2023-07,0
2023-08-01,1697.013374,sh.600519,贵州茅台,0.0044773420965873,0.0044673486188382,1676.918723312,1586.892568086,1535.6907206698334,0.2086928075391272,0.08939260623985265,2023-08,0
2023-08-02,1688.92808,sh.600519,贵州茅台,-0.0047644256220223,-0.0047758116775148,1686.162909452,1594.287018632,1538.4680745505,0.2057651718943315,0.09342281831573865,2023-08,0
2023-08-03,1687.55358002,sh.600519,贵州茅台,-0.0008138297872339,-0.0008141611264766,1693.42889366,1602.169731099,1541.200695450833,0.2020714867086289,0.09983770752954235,2023-08,0
2023-08-04,1701.02907002,sh.600519,贵州茅台,0.0079852220157894,0.0079535088430861,1692.794647264,1611.307910051,1544.113668701167,0.1966879885778705,0.11542724668352465,2023-08,0
2023-08-07,1696.05212238,sh.600519,贵州茅台,-0.0029258451414599,-0.0029301337936869,1694.115245284,1619.7089797,1547.0606316439998,0.1990616811527784,0.10606956305399065,2023-08,0
2023-08-08,1697.91174,sh.600519,贵州茅台,0.0010964389569529,0.0010958383067705,1694.294918484,1627.7942737,1550.195932124,0.1996203198128728,0.10181589324499606,2023-08,0
2023-08-09,1698.16328248,sh.600519,贵州茅台,0.000148148148148,0.0001481371752948,1696.14195898,1635.721455284,1553.1894357836666,0.2001506841391336,0.09974181917092195,2023-08,0
2023-08-10,1684.43625,sh.600519,贵州茅台,-0.0080834585352433,-0.0081163068244717,1695.5184929759998,1641.8572950639998,1556.146006015833,0.202060857014296,0.07730429365003286,2023-08,0
2023-08-11,1647.603244,sh.600519,贵州茅台,-0.0218666666666667,-0.022109285588101,1684.8333277719998,1645.495677364,1558.5224620325,0.2207498813256661,0.04703909960186606,2023-08,0
2023-08-14,1619.753898,sh.600519,贵州茅台,-0.0169029443838604,-0.0170474296130928,1669.5736828959998,1648.776060813,1560.5822261158332,0.2246248154171409,0.04327363382610595,2023-08,0
2023-08-15,1628.71959068,sh.600519,贵州茅台,0.0055352190793123,0.0055199560510841,1655.735253032,1652.826793107,1562.6660741521666,0.2236451211576307,0.05295343344727725,2023-08,0
2023-08-16,1635.02612,sh.600519,贵州茅台,0.0038720780152015,0.0038646008164396,1643.1078205360002,1657.183868207,1564.1693241855,0.2234785586377737,0.056709421376572054,2023-08,0
2023-08-17,1642.2579663,sh.600519,贵州茅台,0.0044230769230768,0.0044133238667799,1634.672163796,1661.857617322,1566.109414913,0.2233805155301199,0.06055211524683405,2023-08,0
2023-08-18,1619.38556794,sh.600519,贵州茅台,-0.013927408987719,-0.0140253053731379,1629.0286285839998,1663.263110929,1567.8695871336663,0.2113648641728534,0.01918851136352345,2023-08,0
2023-08-21,1608.973506,sh.600519,贵州茅台,-0.006429637355139,-0.0064503965037712,1626.872550184,1664.1547391840002,1569.6022141836663,0.2129743982547439,0.012843557574127099,2023-08,0
2023-08-22,1606.278408,sh.600519,贵州茅台,-0.0016750418760469,-0.0016764463272523,1622.384313648,1662.333302119,1571.4438751756668,0.1768480816205618,-0.021239806578406805,2023-08,0
2023-08-23,1593.701284,sh.600519,贵州茅台,-0.0078299776286352,-0.0078607928639345,1614.119346448,1659.8830088540003,1573.0989217923334,0.178401669890353,-0.029069784207042003,2023-08,0
2023-08-24,1631.7021658,sh.600519,贵州茅台,0.0238444193912064,0.023564580885873,1612.008186348,1658.9069341949998,1575.6927140378332,0.1987462122662517,-0.010409800570942103,2023-08,0
2023-08-25,1639.49998268,sh.600519,贵州茅台,0.0047789462093266,0.0047675632970352,1616.031069296,1655.671918229,1578.9973299375,0.1589947769319784,-0.037714117420433804,2023-08,0
2023-08-28,1648.47465902,sh.600519,贵州茅台,0.005474032592138,0.005459104528753,1623.9312999,1653.6231945660002,1582.348004165167,0.1589259157064413,-0.0235843125562874,2023-08,0
2023-08-29,1663.17192678,sh.600519,贵州茅台,0.0089156770955383,0.008876167111687,1635.310003656,1651.9311222049996,1585.4322282815,0.1617764304863895,-0.0191459775573364,2023-08,0
2023-08-30,1667.367296,sh.600519,贵州茅台,0.0025225108435555,0.0025193346532726,1650.043206056,1650.853083005,1588.6689549648331,0.1615696929486786,-0.011859041091758601,2023-08,0
2023-08-31,1659.282002,sh.600519,贵州茅台,-0.0048491379310344,-0.0048609331469059,1655.5591732959997,1649.439504104,1591.7415814453334,0.1622762570782511,-0.015894349235559102,2023-08,0
2023-09-01,1662.9203843,sh.600519,贵州茅台,0.0021927449918788,0.0021903444351444,1660.24325362,1647.534069818,1595.1121169386663,0.1593966250253919,-0.0216868262594697,2023-09,0
2023-09-04,1676.350956,sh.600519,贵州茅台,0.0080764971232543,0.0080440567729047,1665.818513016,1646.549011499,1598.4543321386666,0.1624656504182071,-0.0106844839947555,2023-09,0
2023-09-05,1669.7928842,sh.600519,贵州茅台,-0.0039121114683816,-0.0039197837929819,1667.1427045,1645.143068709,1601.716738908667,0.1627713689767989,-0.01569303442009,2023-09,0
2023-09-06,1671.859126,sh.600519,贵州茅台,0.0012374240060257,0.0012366590279435,1668.0410705,1643.827860885,1604.571191542,0.1629000352894795,-0.014603758562212302,2023-09,0
2023-09-07,1651.196708,sh.600519,贵州茅台,-0.0123589468027942,-0.0124359537266184,1666.4240116999997,1642.1658837849998,1607.037031392,0.1661345933342717,-0.0188792468297632,2023-09,0
2023-09-08,1633.678571,sh.600519,贵州茅台,-0.0106093579978236,-0.0106660384885886,1660.57564904,1641.4696501350002,1608.7997731246664,0.1514913578612675,-0.0076219381609201,2023-09,0
2023-09-11,1636.97557422,sh.600519,贵州茅台,0.0020181468243058,0.0020161131017777,1652.7005726839998,1642.330733946,1610.2027966116666,0.1384489081464615,0.011299153047246102,2023-09,0
2023-09-12,1634.99018536,sh.600519,贵州茅台,-0.0012128396362579,-0.0012135757214786,1645.7400329159998,1642.6442636800002,1610.9432071798333,0.137303223043186,0.0045510943316759015,2023-09,0
2023-09-13,1634.94526706,sh.600519,贵州茅台,-2.747313127748896e-05,-2.747350867087219e-05,1638.357261128,1642.6402210330002,1612.474602430833,0.1366264425886548,0.0006515431851969126,2023-09,0
2023-09-14,1633.84926054,sh.600519,贵州茅台,-0.0006703628201395,-0.0006705876137626,1634.8877716359998,1642.219785745,1613.9956939535,0.1356483209275177,-0.004441896558019387,2023-09,0
2023-09-15,1600.87922834,sh.600519,贵州茅台,-0.0201793598689166,-0.0203857443421783,1628.327903104,1641.294468765,1615.0797998443334,0.1454849402831791,-0.010693847439216985,2023-09,0
2023-09-18,1643.2910872,sh.600519,贵州茅台,0.0264928534952495,0.0261479954411691,1629.5910057,1643.0103478249998,1617.2664155143332,0.1722636306695833,0.022228643411171516,2023-09,0
2023-09-19,1641.26078004,sh.600519,贵州茅台,-0.0012355127924774,-0.0012362766676575,1630.845124636,1644.759466427,1619.388962645833,0.172176377150456,0.022668172494741016,2023-09,0
2023-09-20,1638.619584,sh.600519,贵州茅台,-0.0016092482511741,-0.0016105444819658,1631.579988024,1647.005381427,1621.2119350201667,0.1692726129031922,0.028888901872202114,2023-09,0
2023-09-21,1615.61243074,sh.600519,贵州茅台,-0.0140405701754385,-0.014140071448585,1627.932622064,1646.200894674,1622.8677842836669,0.1556496513706464,-0.008996087694442784,2023-09,0
2023-09-22,1661.078734,sh.600519,贵州茅台,0.0281418379773019,0.0277531322014332,1639.972523196,1647.27983224,1625.233481417,0.1853230328375744,0.014366804073532514,2023-09,0
2023-09-25,1646.14789108,sh.600519,贵州茅台,-0.0089886425094646,-0.0090292840815599,1640.5438839720002,1647.1634938430002,1626.8547325916668,0.1874984656916751,-9.587102807008703e-05,2023-09,0
2023-09-26,1631.432656,sh.600519,贵州茅台,-0.0089391938353398,-0.0089793881443263,1638.578259164,1645.576530304,1628.133406865,0.1869426676323156,-0.017950741958948187,2023-09,0
2023-09-27,1629.635924,sh.600519,贵州茅台,-0.0011013215859031,-0.0011019284861567,1636.781527164,1643.689961704,1629.6100211136666,0.1865054088481735,-0.021574574388406785,2023-09,0
2023-09-28,1615.7561693,sh.600519,贵州茅台,-0.0085170893054024,-0.0085535669806102,1636.8102748759998,1641.513670069,1631.040968424,0.1879378531696414,-0.025242525762774786,2023-09,1
2023-10-09,1596.396382,sh.600519,贵州茅台,-0.0119818742876206,-0.0120542355398203,1623.8738044759998,1638.187469954,1632.343149941,0.1911888946995879,-0.039417145042274185,2023-10,0
2023-10-10,1590.10782,sh.600519,贵州茅台,-0.0039392234102419,-0.0039470025867765,1612.66579026,1633.8753131540002,1633.3777681176666,0.1875364740365479,-0.051432865575770384,2023-10,0
2023-10-11,1597.743931,sh.600519,贵州茅台,0.0048022598870056,0.004790765820635,1605.92804526,1630.272865494,1634.4034026343334,0.1892535696426901,-0.04271849422038319,2023-10,0
2023-10-12,1604.481676,sh.600519,贵州茅台,0.0042170368287883,0.0042081700479345,1600.89719566,1626.903992994,1635.4844363876666,0.1902508891781523,-0.039738881397620586,2023-10,0
2023-10-13,1573.038866,sh.600519,贵州茅台,-0.0195968645016797,-0.0197914291505925,1592.353735,1622.996100894,1635.6730932476669,0.1970960639236934,-0.04697679909650608,2023-10,0
2023-10-16,1554.0833434,sh.600519,贵州茅台,-0.0120502569960022,-0.0121234499329201,1583.89112728,1619.016339514,1635.3272223376666,0.1979614856364718,-0.048417698094684686,2023-10,0
2023-10-17,1550.579716,sh.600519,贵州茅台,-0.0022544655760449,-0.0022570107095584,1575.98550648,1614.696546603,1635.267780454,0.1972705261073378,-0.052690310495035385,2023-10,0
2023-10-18,1552.376448,sh.600519,贵州茅台,0.0011587485515642,0.0011580777206276,1566.91200988,1610.565859735,1635.3456388406669,0.1976764154134049,-0.050318722307213286,2023-10,0
2023-10-19,1464.33658,sh.600519,贵州茅台,-0.056712962962963,-0.0583846555631929,1538.88299068,1602.035425382,1633.9531715406667,0.2753562308390172,-0.1070042121388988,2023-10,0
2023-10-20,1477.81207,sh.600519,贵州茅台,0.00920245398773,0.0091603693986641,1519.83763148,1594.233565855,1632.770322974,0.2797763576544283,-0.09713139533102931,2023-10,0
2023-10-23,1476.89573668,sh.600519,贵州茅台,-0.0006200607902735,-0.0006202531074683,1504.4001101360002,1588.034391272,1630.863990322,0.2741261148527844,-0.0775720962523862,2023-10,0
2023-10-24,1475.9704197,sh.600519,贵州茅台,-0.000626528303264,-0.0006267246541386,1489.478250876,1579.668357897,1628.9444816353332,0.2501267609794184,-0.10469147805089969,2023-10,0
2023-10-25,1507.008965,sh.600519,贵州茅台,0.0210292461730423,0.0208111834079715,1480.404754276,1572.9557671449998,1626.6828452303334,0.2667795264886891,-0.08242671908537999,2023-10,0
2023-10-26,1502.27457618,sh.600519,贵州茅台,-0.0031415797317436,-0.0031465248530603,1487.992353512,1566.1385167539995,1624.342302345,0.2666435672438649,-0.08395905056594949,2023-10,0
2023-10-27,1506.29925586,sh.600519,贵州茅台,0.0026790573067101,0.0026754750293416,1493.689790684,1560.67285801,1621.9268956263334,0.2650580508442334,-0.06723942308380089,2023-10,0
2023-10-30,1510.153246,sh.600519,贵州茅台,0.0025585819849587,0.0025553143864974,1500.341292548,1553.12658361,1618.6927780263331,0.239004378316047,-0.0928226790761441,2023-10,0
2023-10-31,1513.36939628,sh.600519,贵州茅台,0.0021296847114813,0.0021274201476308,1507.821087864,1546.48765887,1615.7581157596665,0.2395797705310864,-0.0817043518551982,2023-10,1
2023-11-01,1599.98086234,sh.600519,贵州茅台,0.0572308824751568,0.0556531148945188,1526.4154673320002,1544.915069187,1614.140907232,0.3225637426804515,-0.015534275544701596,2023-11,0
2023-11-02,1598.642297,sh.600519,贵州茅台,-0.0008366133442634,-0.0008369635005178,1545.689011496,1543.365387837,1612.636144182,0.3225615781055005,-0.015269567303061898,2023-11,0
2023-11-03,1627.15643384,sh.600519,贵州茅台,0.0178364709187974,0.0176792676204044,1569.860447092,1543.935401064,1611.629525079,0.3276835942569751,0.011083992921137901,2023-11,0
2023-11-06,1627.839192,sh.600519,贵州茅台,0.0004196020405908,0.0004195140322727,1593.397636292,1545.507541564,1610.409693778667,0.3243307567131696,0.0234854692493493,2023-11,0
2023-11-07,1609.12622822,sh.600519,贵州茅台,-0.0114955849889624,-0.0115621700070971,1612.54900268,1546.458461975,1608.960928876,0.3270089354599674,0.0159291076706288,2023-11,0
2023-11-08,1615.56751244,sh.600519,贵州茅台,0.004002970125672,0.0039949795576637,1615.6663327,1547.3496410470002,1607.5885250833333,0.3268913606075007,0.015129817909295202,2023-11,0
2023-11-09,1611.76742426,sh.600519,贵州茅台,-0.0023521692227275,-0.0023549399183697,1618.2913581520002,1547.71392846,1606.1485941130002,0.3268006795578983,0.008560611857779402,2023-11,0
2023-11-10,1595.35427744,sh.600519,贵州茅台,-0.0101833220928483,-0.010235526831452,1611.930926872,1548.829699032,1604.6638945703337,0.3208034942983563,0.017974154266610802,2023-11,0
2023-11-13,1584.717624,sh.600519,贵州茅台,-0.0066672673213803,-0.0066895928369327,1603.306613272,1550.361413062,1603.6158009036665,0.3184823271659606,0.0233571439412327,2023-11,0
2023-11-14,1585.85854882,sh.600519,贵州茅台,0.0007199546485261,0.0007196956055035,1598.653077392,1552.125354703,1603.0508784173333,0.3182333176460213,0.026331564165803702,2023-11,0
2023-11-15,1592.74003238,sh.600519,贵州茅台,0.0043392795436392,0.0043298920170974,1594.0875813799998,1554.143533922,1602.451219112333,0.3184126057790931,0.0295120951578787,2023-11,0
2023-11-16,1581.1690783,sh.600519,贵州茅台,-0.0072648102293942,-0.0072913274697616,1587.967912188,1559.985158837,1601.5536017506668,0.2363693568547918,0.0789602478914475,2023-11,0
2023-11-17,1575.21291172,sh.600519,贵州茅台,-0.0037669384392488,-0.0037740512197406,1583.939639044,1564.855200923,1600.4361841743334,0.2370277853659081,0.0659908554644687,2023-11,0
2023-11-20,1583.370075,sh.600519,贵州茅台,0.0051784512552612,0.0051650891865886,1583.670129244,1570.1789178390002,1599.8359259586666,0.2366493840421002,0.07178936751000341,2023-11,0
2023-11-21,1608.07514,sh.600519,贵州茅台,0.0156028368794325,0.0154823641483768,1588.11344748,1576.784153854,1599.820953192,0.2398054734646919,0.0880187326926999,2023-11,0
2023-11-22,1600.44801266,sh.600519,贵州茅台,-0.0047430167597765,-0.0047543005574005,1589.655043536,1581.456106237,1599.7237799363331,0.2334692158915622,0.0622464697598811,2023-11,0
2023-11-23,1604.481676,sh.600519,贵州茅台,0.0025203338740733,0.0025171631590445,1594.317563076,1586.5664612280002,1599.9034531363334,0.2323198752074345,0.067908383365698,2023-11,0
2023-11-24,1596.396382,sh.600519,贵州茅台,-0.0050391937290035,-0.0050519332817931,1598.554257132,1591.071317535,1599.3150234063332,0.2342430140987126,0.0601901323299844,2023-11,0
2023-11-27,1583.819258,sh.600519,贵州茅台,-0.0078784468204838,-0.007909645756781,1598.644093732,1594.754618135,1598.3870113283333,0.2374177090999427,0.049753103524541896,2023-11,0
2023-11-28,1589.24538864,sh.600519,贵州茅台,0.003425978445831,0.0034201231512728,1594.87814346,1598.548417753,1597.3998568220002,0.2374363750872388,0.0510493972588916,2023-11,0
2023-11-29,1594.33912386,sh.600519,贵州茅台,0.0032051282051281,0.0032000027306708,1593.6563657000002,1598.266330829,1596.25264344,0.1216257505852516,-0.0029763570111370993,2023-11,0
2023-11-30,1609.422689,sh.600519,贵州茅台,0.0094607006215099,0.0094162284651945,1594.6445683,1598.805350429,1595.28689999,0.1262576291015265,0.0073209569546362,2023-11,0
2023-12-01,1581.37570248,sh.600519,贵州茅台,-0.0174267373709182,-0.0175803704573368,1591.640432396,1596.516313861,1593.9884616646668,0.1235602096006031,-0.0279422513350794,2023-12,0
2023-12-04,1572.77833986,sh.600519,贵州茅台,-0.0054366350807826,-0.0054514673641845,1589.432248768,1593.763271254,1592.4860942573334,0.1241653431162435,-0.0337984884564528,2023-12,0
2023-12-05,1535.307494,sh.600519,贵州茅台,-0.0238246197257113,-0.0241130158078963,1578.64466984,1590.072334543,1590.1353698906669,0.1433149602376899,-0.046127523193201694,2023-12,0
2023-12-06,1529.917298,sh.600519,贵州茅台,-0.0035108250438852,-0.0035170024529025,1565.760304668,1585.789823821,1587.8041101206666,0.1413966083827077,-0.0536413183627589,2023-12,0
2023-12-07,1527.2222,sh.600519,贵州茅台,-0.0017615971814446,-0.0017631506183809,1549.3202068679998,1581.562562608,1585.3934946873335,0.1414304192674967,-0.053050746321476,2023-12,0
2023-12-08,1531.64216072,sh.600519,贵州茅台,0.0028941176470589,0.0028899377513792,1539.3734985160002,1578.376956772,1583.4009188993334,0.1398034583517076,-0.0399733065815688,2023-12,0
2023-12-11,1525.425468,sh.600519,贵州茅台,-0.0040588414705675,-0.004067100924394,1529.9029241439998,1575.412348972,1581.5967005160005,0.1389521728914353,-0.037364880730756,2023-12,0
2023-12-12,1536.19687634,sh.600519,贵州茅台,0.0070612485276797,0.0070364346550973,1530.080800612,1572.929265348,1579.9170555513333,0.1423015866608109,-0.03102358685160239,2023-12,0
2023-12-13,1491.28756,sh.600519,贵州茅台,-0.0292340890882403,-0.0296699201758009,1522.354853012,1567.856641729,1577.5220117953331,0.1708981726103289,-0.0645969554834819,2023-12,0
2023-12-14,1469.6369394,sh.600519,贵州茅台,-0.0145180722891565,-0.0146244907504632,1510.837800892,1562.2800347839998,1574.766873001,0.1750582907235285,-0.0718502175432442,2023-12,0
2023-12-15,1477.81207,sh.600519,贵州茅台,0.0055626872058194,0.0055472725993466,1500.0717827479998,1557.4099926980002,1572.166253158667,0.1780420339103685,-0.06252059189817599,2023-12,0
2023-12-18,1493.084292,sh.600519,贵州茅台,0.0103343465045593,0.0102813122159212,1493.6035475479998,1552.895703548,1570.369670886333,0.1821254869875642,-0.057364696648877896,2023-12,0
2023-12-19,1504.76305,sh.600519,贵州茅台,0.0078219013237064,0.0077914688437733,1487.31678228,1547.730099048,1568.0608702663333,0.1735514716887047,-0.065145632204604,2023-12,0
2023-12-20,1499.22026586,sh.600519,贵州茅台,-0.0036834929858226,-0.0036902937516294,1488.903323452,1542.6687117079998,1565.6935283633331,0.1734719025988463,-0.0640861084306501,2023-12,0
2023-12-21,1517.58578,sh.600519,贵州茅台,0.012250043944987,0.0121756193433081,1498.493091572,1538.323916908,1563.6762982966668,0.1810049718771006,-0.054356398359736394,2023-12,0
2023-12-22,1518.1764571,sh.600519,贵州茅台,0.0003892215568861,0.000389145829825,1506.565968992,1534.412920663,1562.0523654026665,0.1811072183984431,-0.0489279830738468,2023-12,0
2023-12-25,1519.403248,sh.600519,贵州茅台,0.0008080687157692,0.0008077424040208,1511.829760192,1531.192120163,1559.6911073026668,0.180274527531945,-0.0402414675375938,2023-12,0
2023-12-26,1517.58578,sh.600519,贵州茅台,-0.0011961722488037,-0.001196888233846,1514.3943061920002,1527.609139731,1557.548405451333,0.1791684768296715,-0.0448636182322285,2023-12,0
2023-12-27,1514.91410204,sh.600519,贵州茅台,-0.0017604790419162,-0.0017620305062924,1517.533073428,1523.63788864,1555.606429552,0.1780291471340454,-0.0498292254792728,2023-12,0
2023-12-28,1567.55706266,sh.600519,贵州茅台,0.0347497990474248,0.0341596574426992,1527.52732996,1521.544607323,1554.571781863,0.2185643854248282,-0.024540127053357903,2023-12,0
2023-12-29,1568.474884,sh.600519,贵州茅台,0.0005855106406413,0.0005853392961656,1537.58701534,1520.8995663990002,1553.7837604413332,0.2100431853366205,-0.006527879041798404,2023-12,0
2024-01-02,1531.22587734,sh.600519,贵州茅台,-0.0237485515643105,-0.0240350941564206,1539.951541208,1518.821943273,1552.6975853636663,0.2254452010363594,-0.024839795525326305,2024-01,0
2024-01-03,1539.395396,sh.600519,贵州茅台,0.005335279909318,0.005321097725047,1544.3134644079998,1519.026338373,1551.852378297,0.209932238917382,0.004320104109702994,2024-01,0
2024-01-04,1516.677046,sh.600519,贵州茅台,-0.0147579693034237,-0.0148679515501645,1544.6660532,1518.364325773,1550.501263547,0.2162806168553551,-0.006927040149835506,2024-01,0
2024-01-05,1511.55178624,sh.600519,贵州茅台,-0.0033792690233673,-0.0033849916487644,1533.464997916,1517.5808050849998,1548.952432051,0.216497129538513,-0.008544711991758207,2024-01,0
2024-01-08,1493.94960866,sh.600519,贵州茅台,-0.01164510388611,-0.0117134391405062,1518.559942848,1515.696177482,1547.634277762,0.21966691863124,-0.023083933524927106,2024-01,0
2024-01-09,1491.232494,sh.600519,贵州茅台,-0.0018187458561182,-0.0018204017824736,1510.56126618,1513.9865287819998,1546.586763605333,0.2194178297110283,-0.020843837910477808,2024-01,0
2024-01-10,1491.686861,sh.600519,贵州茅台,0.0003046922608165,0.0003046458515564,1501.01955918,1511.761028015,1545.605216022,0.2174098333253149,-0.027600394177341007,2024-01,0
2024-01-11,1496.29414238,sh.600519,贵州茅台,0.0030886384404509,0.003083878395596,1496.9429784560002,1512.011357134,1544.6705109283332,0.1911774991869404,0.004722333351350193,2024-01,0
2024-01-12,1493.10448604,sh.600519,贵州茅台,-0.0021317040878918,-0.0021339794031586,1493.253518416,1513.184734466,1545.1499760289998,0.1833964257876013,0.017108701552614895,2024-01,0
2024-01-15,1490.32376,sh.600519,贵州茅台,-0.0018623787323651,-0.0018641151158405,1492.528348684,1513.810318966,1545.3585041956665,0.1827615071666105,0.009683635614430395,2024-01,0
2024-01-16,1489.80578162,sh.600519,贵州茅台,-0.0003475609756097,-0.0003476213889242,1492.243006208,1513.6463934469998,1545.573671611333,0.1790206907639341,-0.0009982718657386052,2024-01,0
2024-01-17,1433.073518,sh.600519,贵州茅台,-0.0380803083998707,-0.0388243124662815,1480.520337608,1510.061916847,1544.8587232496668,0.2213863544014541,-0.0469004815893157,2024-01,0
2024-01-18,1463.85233858,sh.600519,贵州茅台,0.0214774889029802,0.0212500977375414,1474.031976848,1508.293520483,1544.1394461426669,0.2368445296152868,-0.0217394997005129,2024-01,0
2024-01-19,1485.78009,sh.600519,贵州茅台,0.0149794831364418,0.0148683986307738,1472.56709764,1506.703235983,1543.8645380396665,0.239070754299473,-0.0190100605090581,2024-01,0
2024-01-22,1492.141228,sh.600519,贵州茅台,0.0042813455657493,0.0042722066810198,1472.93059124,1505.401474528,1543.6285709086667,0.2397582457966787,-0.015117936500194898,2024-01,0
2024-01-23,1471.240346,sh.600519,贵州茅台,-0.0140073081607794,-0.0141063363347383,1469.217504116,1502.993329428,1542.9800225753336,0.2442028337863073,-0.0299333133767435,2024-01,0
2024-01-24,1477.601484,sh.600519,贵州茅台,0.0043236565781346,0.0043143364301207,1478.123097316,1500.994114628,1542.383890704,0.2450773872115957,-0.0244134845498052,2024-01,0
2024-01-25,1488.506292,sh.600519,贵州茅台,0.0073800738007379,0.0073529743052587,1483.053888,1499.673724126,1540.5259811983333,0.2469509427880742,-0.015272931707151102,2024-01,0
2024-01-26,1487.88835288,sh.600519,贵州茅台,-0.0004151404151404,-0.0004152266097786,1483.4755405760002,1495.690288637,1538.6800821296667,0.208419714136787,-0.050437871169716306,2024-01,0
2024-01-29,1499.4111,sh.600519,贵州茅台,0.0077443627391102,0.0077145290913902,1484.929514976,1492.237099437,1536.5509932323332,0.2113636829098035,-0.043279019071247406,2024-01,0
2024-01-30,1465.787942,sh.600519,贵州茅台,-0.0224242424242424,-0.0226794887694174,1483.839034176,1488.96520267,1533.8501390656666,0.2096150231143394,-0.0419547099311793,2024-01,0
2024-01-31,1458.43628394,sh.600519,贵州茅台,-0.0050154990700557,-0.0050281188996961,1480.005994164,1484.9172470669998,1531.338639994333,0.2079604197567195,-0.052305488910553,2024-01,1
2024-02-01,1463.08900202,sh.600519,贵州茅台,0.0031902100429306,0.0031851321197663,1474.922536168,1482.237844868,1528.7973314873334,0.2037776690534174,-0.0343573095641987,2024-02,0
2024-02-02,1450.339464,sh.600519,贵州茅台,-0.0087141233393166,-0.008752313335525,1467.412758392,1479.1772287560002,1526.106865483,0.2052292736566739,-0.039692163880148,2024-02,0
2024-02-05,1481.24550734,sh.600519,贵州茅台,0.0213095238095237,0.0210856507415602,1463.77963986,1478.54202369,1524.2050526480002,0.2176186646926232,-0.0067375361845142985,2024-02,0
2024-02-06,1523.038184,sh.600519,贵州茅台,0.0282145508309765,0.027823852290714,1475.22968826,1480.13230819,1523.1770619813333,0.2398801885414515,0.023295760502580403,2024-02,0
2024-02-07,1554.83478666,sh.600519,贵州茅台,0.0208770883054891,0.0206621482977262,1494.509388804,1483.289704473,1522.6599992786666,0.2498114447721036,0.043868156547253005,2024-02,0
2024-02-08,1550.300204,sh.600519,贵州茅台,-0.0029164401895979,-0.0029207012881303,1511.9516292,1485.9900075540002,1521.952668805667,0.2504346671892701,0.0378630779172042,2024-02,0
2024-02-19,1540.69488562,sh.600519,贵州茅台,-0.0061957796014068,-0.0062150530946254,1530.022713524,1488.369527533,1521.2780989276664,0.2517131953016864,0.03379900240368921,2024-02,0
2024-02-20,1517.58578,sh.600519,贵州茅台,-0.0149991447597362,-0.0151127695461979,1537.2907680559997,1489.7326285329998,1520.3176467323333,0.2584025018680494,0.020662236376318102,2024-02,0
2024-02-21,1560.89604244,sh.600519,贵州茅台,0.0285389221556884,0.0281392730075491,1544.862339744,1493.287141574,1519.943079523,0.2760936688064638,0.049548719507616204,2024-02,0
2024-02-22,1561.55033092,sh.600519,贵州茅台,0.0004191749240245,0.0004190870947591,1546.205448596,1499.71098222,1519.1676660383334,0.2312660555424788,0.08804820283151141,2024-02,0
2024-02-23,1557.65186206,sh.600519,贵州茅台,-0.0024965374364227,-0.0024996589824618,1547.675780208,1504.400958394,1518.4543968616667,0.2233094673455414,0.06407417649210849,2024-02,0
2024-02-26,1540.28595532,sh.600519,贵州茅台,-0.01114877281823,-0.0112113861957398,1547.593994148,1507.12625166,1517.3844681836665,0.2242929560165256,0.03794592053743671,2024-02,0
2024-02-27,1535.306093,sh.600519,贵州茅台,-0.0032330764964779,-0.003238314180563,1551.138056748,1509.28449491,1516.3662967003334,0.2248190296110302,0.030431498475209505,2024-02,0
2024-02-28,1528.0816577,sh.600519,贵州茅台,-0.0047055341817104,-0.0047166400607696,1544.5751798,1512.126560495,1515.4373366953332,0.2186370540278692,0.0397332724542785,2024-02,0
2024-02-29,1540.30413,sh.600519,贵州茅台,0.0079985727453837,0.0079667537209757,1540.325939616,1515.261692795,1514.6216490513332,0.219545301069377,0.0434081886215276,2024-02,1
2024-03-01,1531.27131404,sh.600519,贵州茅台,-0.0058643067846606,-0.0058815693534438,1535.049830012,1517.399943897,1513.5705188876666,0.2204088642327747,0.0301638080361291,2024-03,0
2024-03-04,1523.3108042,sh.600519,贵州茅台,-0.0051986279420318,-0.0052121878238746,1531.654799788,1519.171066463,1512.1353208076664,0.2216132344835134,0.025380320509237702,2024-03,0
2024-03-05,1540.3950034,sh.600519,贵州茅台,0.0112151762810952,0.0111527524872084,1532.6725818680002,1521.220261633,1511.452309156333,0.2232943880489185,0.0288511340512227,2024-03,0
2024-03-06,1527.1729237,sh.600519,贵州茅台,-0.0085835643914813,-0.0086206153522058,1532.490835068,1524.289510718,1510.692218887,0.2085943089527871,0.042691812083983795,2024-03,0
2024-03-07,1529.97182442,sh.600519,贵州茅台,0.0018327333313499,0.0018310559247978,1530.424373952,1527.866287742,1510.6032910606666,0.2068903827408655,0.0495400444853894,2024-03,0
2024-03-08,1518.88526962,sh.600519,贵州茅台,-0.0072462476910011,-0.007272629266009,1527.947165068,1530.656101122,1510.419423921,0.209710688942719,0.0391035867514577,2024-03,0
2024-03-11,1539.84067566,sh.600519,贵州茅台,0.0137965694046415,0.0137022631528146,1531.2531393599998,1535.131161705,1510.6297318486666,0.2097438246539524,0.0616142794954158,2024-03,0
2024-03-12,1585.74083,sh.600519,贵州茅台,0.0298083789222716,0.0293727450526893,1540.32230468,1540.355927838,1511.5313763366664,0.221386856140879,0.07011313460816371,2024-03,0
2024-03-13,1569.7925483,sh.600519,贵州茅台,-0.0100573065902579,-0.0101082229736334,1548.8462296,1542.693646053,1512.2708276749995,0.2058714443175965,0.0318412771869293,2024-03,0
2024-03-14,1559.96004642,sh.600519,贵州茅台,-0.0062635676864741,-0.0062832661246343,1554.8438739999997,1542.9499090410002,1512.6668805096667,0.1943715813154347,0.004700621194966098,2024-03,0
2024-03-15,1560.74155766,sh.600519,贵州茅台,0.0005009815743637,0.0005008561249916,1563.215131608,1543.471976724,1513.8244471373334,0.1940148917093199,0.008118042958927698,2024-03,0
2024-03-18,1552.35394284,sh.600519,贵州茅台,-0.0053741215378255,-0.005388614075403,1565.7177850439998,1544.054929585,1515.2030638613332,0.1936656845773691,0.008939701022508998,2024-03,0
2024-03-19,1552.13584668,sh.600519,贵州茅台,-0.0001404938358329,-0.0001405037060163,1558.99678838,1545.782432919,1516.4417934726666,0.1849329614268038,0.023798351946412298,2024-03,0
2024-03-20,1553.5716464,sh.600519,贵州茅台,0.0009250477160689,0.000924620123106,1555.752608,1545.416213117,1517.449916046,0.1541915600266272,-0.0038155224932072017,2024-03,0
2024-03-21,1553.026406,sh.600519,贵州茅台,-0.0003509592887225,-0.0003510208893469,1554.365879916,1544.990016871,1518.254305312667,0.1541753863161173,-0.004585656705954201,2024-03,0
2024-03-22,1546.0745909,sh.600519,贵州茅台,-0.0044763019309537,-0.004486350568813,1551.432486564,1544.411153313,1519.03521073,0.1547207221309142,-0.0065654212004852015,2024-03,0
2024-03-25,1534.86081334,sh.600519,贵州茅台,-0.0072530637434977,-0.0072794950933904,1547.933860664,1544.139896214,1519.3231279523332,0.151695578744322,-0.0026697121257529006,2024-03,0
2024-03-26,1553.28993886,sh.600519,贵州茅台,0.0120070337061355,0.011935521143626,1548.1646790999998,1545.039088507,1519.9083526483334,0.1571145561585131,0.012570398076860499,2024-03,0
2024-03-27,1545.756534,sh.600519,贵州茅台,-0.0048499669453397,-0.0048617662011514,1546.60165662,1545.922832322,1520.3475740816668,0.1571804148100077,0.012425965313231199,2024-03,0
2024-03-28,1546.33812376,sh.600519,贵州茅台,0.000376249265138,0.0003761785011326,1545.264000172,1546.2245320099998,1520.826779811,0.1547453179006828,0.0048036418329855,2024-03,0
2024-03-29,1547.4831286,sh.600519,贵州茅台,0.0007404621424038,0.0007401881355644,1545.545707712,1547.035122738,1521.3695969203334,0.1530563794111248,0.011408410760049902,2024-03,0
2024-04-01,1564.23109622,sh.600519,贵州茅台,0.0108227141934347,0.0107645677806432,1551.419764288,1549.081137339,1521.3141641463333,0.1555914345869995,0.027429752895516402,2024-04,0
2024-04-02,1557.56098866,sh.600519,贵州茅台,-0.0042641445858725,-0.0042732619782143,1552.273974248,1549.939436602,1521.1322658906668,0.1522690448131994,0.011950432028548702,2024-04,0
2024-04-03,1558.57877074,sh.600519,贵州茅台,0.0006534460527773,0.0006532326498652,1554.838421596,1551.509728954,1521.5881474473333,0.1483621874894537,0.021187442472807304,2024-04,0
2024-04-08,1514.55060844,sh.600519,贵州茅台,-0.0282489169790859,-0.0286555947447254,1548.480918532,1550.738668155,1521.1740676546665,0.1810967768768401,-0.008894207837628499,2024-04,0
2024-04-09,1510.51582948,sh.600519,贵州茅台,-0.0026640106560424,-0.002667565447168,1541.0874587080002,1550.320196148,1521.0713807126667,0.1795379556985094,-0.004311970802669799,2024-04,0
2024-04-10,1497.57545732,sh.600519,贵州茅台,-0.0085668563728027,-0.0086037628195135,1527.756330928,1548.206935231,1520.8384418973333,0.1738480272940454,-0.026675396580114,2024-04,0
2024-04-11,1497.593632,sh.600519,贵州茅台,1.2136069612589395e-05,1.2135995971092386e-05,1515.762859596,1543.799575331,1520.8991756196667,0.1295968601601644,-0.05647163943277301,2024-04,0
2024-04-12,1484.89861802,sh.600519,贵州茅台,-0.0084769417475728,-0.0085130753648877,1501.026829052,1539.554878817,1520.79361102,0.1285440333259112,-0.05489127459008791,2024-04,0
2024-04-15,1520.29380732,sh.600519,贵州茅台,0.023836771662699,0.0235571112382142,1502.175468828,1537.571566862,1521.2703934586666,0.1585238130486623,-0.024790935240914812,2024-04,0
2024-04-16,1517.58578,sh.600519,贵州茅台,-0.0017812526150939,-0.0017828409319426,1503.589458932,1535.413777979,1521.6252540856667,0.1583984130857846,-0.02707316943037241,2024-04,0
2024-04-17,1514.859578,sh.600519,贵州茅台,-0.0017964071856287,-0.0017980226600068,1507.046283068,1533.539059737,1521.9878389516668,0.1577015581115447,-0.02349545507817561,2024-04,0
2024-04-18,1518.29459252,sh.600519,贵州茅台,0.0022675464907018,0.0022649794869592,1511.186475172,1531.846997029,1522.4540194936667,0.1581420582186577,-0.021087414751640908,2024-04,0
2024-04-19,1496.35775376,sh.600519,贵州茅台,-0.0144483414931948,-0.0145537351870082,1513.4783023200002,1528.986302397,1522.5632190293334,0.1648623752479427,-0.036460803960904606,2024-04,0
2024-04-22,1522.18397404,sh.600519,贵州茅台,0.0172593888160133,0.0171121374623912,1513.856335664,1527.4441807990002,1524.0483932966667,0.1782549694594512,-0.018850455856168808,2024-04,0
2024-04-23,1537.83237352,sh.600519,贵州茅台,0.0102802287679246,0.0102277465955304,1517.905654368,1527.03206993,1525.281393879,0.1820310409646814,-0.0040939251572905105,2024-04,0
2024-04-24,1539.0319024,sh.600519,贵州茅台,0.0007800127638453,0.0007797087119887,1522.740119248,1527.240624383,1526.168924085667,0.1801290090107297,0.003939151350052489,2024-04,0
2024-04-25,1538.52301136,sh.600519,贵州茅台,-0.0003306565895134,-0.0003307112684572,1526.785803016,1526.502278008,1526.9419538083334,0.1746404583264049,-0.00839853894559641,2024-04,0
2024-04-26,1553.41716162,sh.600519,贵州茅台,0.0096808108491233,0.0096342520432695,1538.197684588,1526.885309389,1528.311567402,0.1773475338623456,0.006132238848866588,2024-04,0
2024-04-29,1548.482736,sh.600519,贵州茅台,-0.0031764974289675,-0.0031815532062068,1543.45743698,1526.9925400010002,1529.4929216019998,0.1777768893048021,0.0025794921547610886,2024-04,0
2024-04-30,1549.39147,sh.600519,贵州茅台,0.0005868544600939,0.0005866823283562,1545.769256276,1527.087957071,1530.5076745686667,0.1777707177145763,0.002425884472451188,2024-04,0
2024-05-06,1599.5535868,sh.600519,贵州茅台,0.0323753665689148,0.031862328222094,1557.873593156,1528.8540816,1532.3687618006666,0.2087426052177681,0.02397853684793129,2024-05,0
2024-05-07,1608.45918,sh.600519,贵州茅台,0.0055675491421429,0.0055521076281635,1571.860826884,1531.398991167,1534.1862298006668,0.20824662668069,0.03381023057594669,2024-05,0
2024-05-08,1602.97951398,sh.600519,贵州茅台,-0.0034067796610168,-0.0034125959484765,1581.773297356,1533.619028329,1536.4727560003334,0.2090121261167916,0.029750004862152592,2024-05,0
2024-05-09,1595.736904,sh.600519,贵州茅台,-0.0045182174300016,-0.0045284554243362,1591.224130956,1537.678343107,1538.761099668,0.1790614169407784,0.05348070441123689,2024-05,0
2024-05-10,1580.27025132,sh.600519,贵州茅台,-0.0096924829157176,-0.0097397607694791,1597.3998872200002,1541.166064199,1540.7141204896666,0.1835228765765242,0.04645223215156169,2024-05,0
2024-05-13,1550.300204,sh.600519,贵州茅台,-0.0189651404846519,-0.0191472853739584,1587.54921066,1543.802301533,1542.380132823,0.1950554653625212,0.036053948039712486,2024-05,0
2024-05-14,1546.64709332,sh.600519,贵州茅台,-0.0023563892145368,-0.0023591698686631,1575.186793324,1546.254974599,1543.470159256,0.1955244672506575,0.0336854227555631,2024-05,0
2024-05-15,1544.8478,sh.600519,贵州茅台,-0.0011633509206924,-0.0011640281386537,1563.560450528,1549.252433698,1543.833652856,0.1921782294359147,0.040999013582443504,2024-05,0
2024-05-16,1548.937103,sh.600519,贵州茅台,0.0026470588235294,0.0026435615336503,1554.200490328,1550.684598482,1543.735358128333,0.1741949362251642,0.019809300743273903,2024-05,0
2024-05-17,1558.47881,sh.600519,贵州茅台,0.0061601642710473,0.0061412680220826,1549.8422020639998,1552.729249982,1543.8716682283332,0.1747988222643657,0.027750717629415105,2024-05,0
2024-05-20,1553.026406,sh.600519,贵州茅台,-0.0034985422740525,-0.0035046764844494,1550.3874424640003,1554.6375913819998,1544.077193568,0.1753136993798864,0.026048582540991305,2024-05,0
2024-05-21,1549.39147,sh.600519,贵州茅台,-0.0023405500292568,-0.0023432933979736,1550.9363178,1556.192435256,1544.607288401333,0.1757397981367135,0.021440486021032705,2024-05,0
2024-05-22,1542.76679914,sh.600519,贵州茅台,-0.0042756598240468,-0.0042848265961765,1550.5201176280002,1558.5128875249998,1544.3051343463333,0.1673328843566021,0.0316131676901807,2024-05,0
2024-05-23,1537.58701534,sh.600519,贵州茅台,-0.0033574638778118,-0.0033631128072523,1548.250100096,1559.28303959,1543.9057457533331,0.157421265569481,0.010996314996355606,2024-05,0
2024-05-24,1524.01961672,sh.600519,贵州茅台,-0.0088238249182925,-0.0088629853950395,1541.3582614399998,1558.59240175,1543.345208331,0.1563618448142955,-0.008107738689861494,2024-05,0
2024-05-27,1517.69482808,sh.600519,贵州茅台,-0.0041500703603882,-0.0041587058024622,1534.2919458560002,1557.525548034,1542.9686895436669,0.1568446863411509,-0.013037821814094994,2024-05,0
2024-05-28,1512.71496576,sh.600519,贵州茅台,-0.0032812013508011,-0.0032865962964545,1526.956645008,1556.235145754,1542.5921707563332,0.1571139890260344,-0.015988366575382693,2024-05,0
2024-05-29,1521.220716,sh.600519,贵州茅台,0.0056228373702422,0.0056070882291886,1522.64742838,1554.625323473,1542.4778217280002,0.1541563083744849,-0.020046340054263794,2024-05,0
2024-05-30,1498.502366,sh.600519,贵州茅台,-0.0149342891278375,-0.0150469284898217,1514.8304985119998,1552.126304973,1541.7811256613336,0.1618152337666604,-0.03180413175313379,2024-05,0
2024-05-31,1498.0025623,sh.600519,贵州茅台,-0.000333535476046,-0.0003335911113742,1509.627087628,1549.556859588,1541.2266464656668,0.1616839249475183,-0.03272452168927369,2024-05,1
2024-06-03,1489.76943226,sh.600519,贵州茅台,-0.0054960720676998,-0.0055112310405051,1504.042008464,1544.067651861,1540.6676236,0.1002272040631109,-0.07059596032588829,2024-06,0
2024-06-04,1502.3190488,sh.600519,贵州茅台,0.0084238649741672,0.0083885822298579,1501.9628250720002,1538.7606453009998,1540.0330243566668,0.1041036676398838,-0.06773964449386399,2024-06,0
2024-06-05,1493.958696,sh.600519,贵州茅台,-0.0055649649165255,-0.0055805070214521,1496.510421072,1533.309604402,1539.479453895,0.1043905877699868,-0.0698978297493727,2024-06,0
2024-06-06,1490.15110054,sh.600519,贵州茅台,-0.0025486618004865,-0.002551915167971,1494.84016798,1528.030314229,1538.8157751636668,0.1043686177803869,-0.06792827411985758,2024-06,0
2024-06-07,1471.40391812,sh.600519,贵州茅台,-0.0125807258157957,-0.0126605332099476,1489.520439144,1522.586997569,1538.0244193053334,0.1071461000099699,-0.07081651701993569,2024-06,0
2024-06-11,1425.803646,sh.600519,贵州茅台,-0.0309909954421373,-0.0314813745051738,1476.7272818919998,1516.362169669,1536.1238021443337,0.1349922040752982,-0.08284237197742109,2024-06,0
2024-06-12,1428.23905312,sh.600519,贵州茅台,0.0017080943275973,0.001706637193527,1461.911282756,1510.441767659,1533.498772529667,0.1364682281346526,-0.07877788843528699,2024-06,0
2024-06-13,1413.09045734,sh.600519,贵州茅台,-0.0106064847806169,-0.0106631344657357,1445.737635024,1503.853900526,1530.8870710136666,0.1380286350207848,-0.08822102229521149,2024-06,0
2024-06-14,1413.08137,sh.600519,贵州茅台,-6.430826811398838e-06,-6.430847489254227e-06,1430.3236889160005,1497.061113876,1528.4390930733332,0.136542372343571,-0.09087451194555228,2024-06,0
2024-06-17,1400.813461,sh.600519,贵州茅台,-0.0086816720257235,-0.0087195772871295,1416.205597492,1489.177846426,1525.7736247956666,0.1311687291054835,-0.1057163482423231,2024-06,0
2024-06-18,1382.638781,sh.600519,贵州茅台,-0.0129743756081737,-0.0130592779891791,1407.572624492,1480.658465176,1522.945038765,0.1337436344529603,-0.11519218157644429,2024-06,0
2024-06-19,1392.266059,sh.600519,贵州茅台,0.0069629740842629,0.0069388445244608,1400.378025668,1472.802194626,1520.2805423036666,0.1407897131061524,-0.10588865746292458,2024-06,0
2024-06-20,1391.4312559,sh.600519,贵州茅台,-0.000599600266489,-0.0005997800986173,1396.0461853800002,1465.235417464,1517.5782024619998,0.1417439778314312,-0.10221259790536678,2024-06,0
2024-06-21,1364.439289,sh.600519,贵州茅台,-0.0193987067528832,-0.0195893309334072,1386.31776918,1456.578031147,1514.435083845333,0.1502917404352461,-0.11825384078043819,2024-06,0
2024-06-24,1369.58724145,sh.600519,贵州茅台,0.0037729435757987,0.0037658438764256,1380.07252527,1448.8564123835,1511.4936280211666,0.1536691716326538,-0.10565707228634699,2024-06,0
2024-06-25,1378.95558735,sh.600519,贵州茅台,0.0068402695472555,0.0068169810429641,1379.33588654,1441.919450347,1508.895207588,0.1595818964231232,-0.09466673237870328,2024-06,0
2024-06-26,1381.33941398,sh.600519,贵州茅台,0.0017287189318264,0.0017272264170985,1377.150557536,1435.3506727580002,1506.0293655066666,0.1611695193960395,-0.08965681209607579,2024-06,0
2024-06-27,1382.51741391,sh.600519,贵州茅台,0.0008527954231074,0.0008524319996931,1375.367789138,1428.4155076535,1503.308713505167,0.1580620687167159,-0.09442685404321059,2024-06,0
2024-06-28,1361.09080101,sh.600519,贵州茅台,-0.0154982589618178,-0.0156196124553766,1374.69809154,1421.544929404,1500.2212581259998,0.1585572806730986,-0.09499082387719088,2024-06,0
2024-07-01,1336.03743242,sh.600519,贵州茅台,-0.0184068311764424,-0.0185783448358555,1367.988129734,1413.44667291,1496.6971631896668,0.1647392286923444,-0.1130641195775873,2024-07,0
2024-07-02,1382.7122013,sh.600519,贵州茅台,0.0349352254266235,0.0343388406299979,1368.739452524,1408.093811362,1493.6718482743331,0.2188712640856749,-0.07263282208326399,2024-07,0
2024-07-03,1391.3385,sh.600519,贵州茅台,0.0062386798148521,0.0062192998139169,1370.739269728,1402.544783922,1490.9014734633336,0.2174074500312224,-0.07481800724257909,2024-07,0
2024-07-04,1378.11150866,sh.600519,贵州茅台,-0.0095066666666666,-0.0095521434736193,1369.858088678,1396.7524245549998,1487.893685762,0.2182944977230214,-0.0787597089927202,2024-07,0
2024-07-05,1347.743227,sh.600519,贵州茅台,-0.0220361570665124,-0.0222825800463992,1367.188573876,1389.632030878,1485.113562738,0.2274187982268687,-0.09824720425874608,2024-07,0
2024-07-08,1317.13378,sh.600519,贵州茅台,-0.0227116311080523,-0.0229735129749764,1363.407843392,1381.918523972,1481.89052858,0.2346769622575054,-0.10837810955100269,2024-07,0
2024-07-09,1333.85766877,sh.600519,贵州茅台,0.0126971830985915,0.0126172497768328,1353.636936886,1377.3212251105,1479.1618987708332,0.222457201084483,-0.06468993101027389,2024-07,0
2024-07-10,1333.44954281,sh.600519,贵州茅台,-0.0003059741451847,-0.0003060209648241,1342.059145448,1372.581749595,1476.426163951,0.2219780527591301,-0.06670399948305589,2024-07,0
2024-07-11,1356.17473831,sh.600519,贵州茅台,0.01704241125773,0.016898818515224,1337.671791378,1369.7359636435,1474.2807659558334,0.2314595864508344,-0.039055103444708986,2024-07,0
2024-07-12,1371.69280038,sh.600519,贵州茅台,0.0114425240580264,0.0113775535277903,1342.461706054,1367.6665351625002,1471.8040825068335,0.2362545789628964,-0.027606148559871188,2024-07,0
2024-07-15,1368.0567691,sh.600519,贵州茅台,-0.002650762094102,-0.0026542815848728,1352.6463038739998,1366.0287005675,1469.3119323251667,0.2347476417341693,-0.021575238628249695,2024-07,0
2024-07-16,1369.077084,sh.600519,贵州茅台,0.0007458132754762,0.0007455352949611,1359.69018692,1365.3506157175002,1466.8822240918332,0.2305405879248614,-0.007855049744599794,2024-07,0
2024-07-17,1392.6370826,sh.600519,贵州茅台,0.0172086720867208,0.0170622799784841,1371.527694878,1365.3691668975,1464.7879322598335,0.237635820408545,0.002390648257858105,2024-07,0
2024-07-18,1389.02887809,sh.600519,贵州茅台,-0.0025909151458638,-0.0025942773752667,1378.098522834,1365.249048007,1462.9991176653334,0.2378207992708971,0.00039933337848330414,2024-07,0
2024-07-19,1415.10256158,sh.600519,贵州茅台,0.0187711601258087,0.0185971560328683,1386.7804750740002,1367.7822116359998,1461.2144274576667,0.2350630520188612,0.0385692002571752,2024-07,0
2024-07-22,1390.410941,sh.600519,贵州茅台,-0.0174486438300492,-0.0176026656939059,1391.2513094540002,1368.8233966135,1458.7574035823334,0.2447259795035195,0.017347612851327302,2024-07,0
2024-07-23,1349.598345,sh.600519,贵州茅台,-0.029352901934623,-0.0297923184970047,1387.3555616540002,1367.355534496,1455.600177625667,0.2658227228756773,-0.0188455586305512,2024-07,0
2024-07-24,1335.70351118,sh.600519,贵州茅台,-0.0102955326460481,-0.0103488982431074,1375.96884737,1365.0737393559998,1452.2198526226666,0.2676406589885545,-0.030869810208425698,2024-07,0
2024-07-25,1326.86387391,sh.600519,贵州茅台,-0.006617963639394,-0.006639959459495,1363.535846534,1362.291062356,1448.4439644941665,0.268066932852932,-0.0383405692709271,2024-07,0
2024-07-26,1319.16513421,sh.600519,贵州茅台,-0.005802207635146,-0.0058191058381581,1344.34836106,1360.194779016,1444.6220044643337,0.2637258992470259,-0.028644517944255297,2024-07,0
2024-07-29,1296.74603318,sh.600519,贵州茅台,-0.016994916291072,-0.0171409872217635,1325.6153794959998,1358.230209054,1440.411247184,0.2625656487119158,-0.027232603058884895,2024-07,0
2024-07-30,1280.02214441,sh.600519,贵州茅台,-0.0128968112044176,-0.012980697094885,1311.700139378,1353.0957062095,1435.0857231441666,0.2274083918967037,-0.075064639689926,2024-07,0
2024-07-31,1318.32105552,sh.600519,贵州茅台,0.0299205066703382,0.0294816212732072,1308.223648246,1349.4448339855,1430.2500877361667,0.2550644161267561,-0.05138281283443989,2024-07,1
2024-08-01,1285.74518344,sh.600519,贵州茅台,-0.0247101204548014,-0.0250205398187997,1299.999910152,1344.8265177245,1424.962848893833,0.266022798923211,-0.06658626662257469,2024-08,0
2024-08-02,1285.08661655,sh.600519,贵州茅台,-0.0005122063831014,-0.0005123376056014,1293.18420662,1341.693687202,1419.785344103,0.2567581936493988,-0.04506231593916369,2024-08,0
2024-08-05,1307.86746559,sh.600519,贵州茅台,0.0177270922804864,0.0175717999486561,1295.4084931020002,1341.2303714815,1415.2452976741667,0.2541333833336885,-0.004623592550624989,2024-08,0
2024-08-06,1302.9421273,sh.600519,贵州茅台,-0.0037659307380798,-0.0037730397087818,1299.9924896799998,1339.684594408,1411.1226630625,0.249705658679565,-0.02108670638729629,2024-08,0
2024-08-07,1312.9597645,sh.600519,贵州茅台,0.0076884744073466,0.00765906871509,1298.9202314759998,1338.6601054925,1407.2278742488334,0.2516284902559583,-0.01309225783476499,2024-08,0
2024-08-08,1327.04938571,sh.600519,贵州茅台,0.0107311903920876,0.0106740198103893,1307.18107193,1337.2038378625,1403.5979006773334,0.2466901993790057,-0.01940347870040739,2024-08,0
2024-08-09,1332.7167712,sh.600519,贵州茅台,0.00427066660143,0.0042615731855916,1316.7071028599998,1335.2550364035,1399.9942284806668,0.24319275053241,-0.026575336157003793,2024-08,0
2024-08-12,1332.0674799,sh.600519,贵州茅台,-0.0004871937639198,-0.0004873124813621,1321.547105722,1333.4555719435,1396.2207063123335,0.2431580218193867,-0.02441176782682159,2024-08,0
2024-08-13,1319.92573259,sh.600519,贵州茅台,-0.0091149641389876,-0.0091567595945259,1324.94382678,1330.998004373,1392.3356950888333,0.2446152731054031,-0.03427254524128539,2024-08,0
2024-08-14,1310.9191347,sh.600519,贵州茅台,-0.0068235641351782,-0.006846951097942,1324.53570082,1326.912106978,1388.3611561671669,0.2346295537052465,-0.05830478146318439,2024-08,0
2024-08-15,1323.52466151,sh.600519,贵州茅台,0.0096157928253024,0.0095698553382732,1323.83075598,1323.636896149,1384.70712054,0.2388168547187525,-0.04609807349201819,2024-08,0
2024-08-16,1327.5224408,sh.600519,贵州茅台,0.0030205551934625,0.0030160024821308,1322.7918899,1319.25789011,1381.2060442976667,0.2266133753726511,-0.061848678424364395,2024-08,0
2024-08-19,1322.17970096,sh.600519,贵州茅台,-0.0040245947456679,-0.0040327152221757,1320.814334112,1315.846328108,1377.8420457016666,0.2202546144341962,-0.04842462933998309,2024-08,0
2024-08-20,1319.65674048,sh.600519,贵州茅台,-0.0019081827365584,-0.0019100056365565,1320.76053569,1314.349247882,1374.541410908333,0.1959492835024781,-0.02097991014191849,2024-08,0
2024-08-21,1314.88908722,sh.600519,贵州茅台,-0.0036127980206928,-0.0036193399366288,1321.554526194,1313.308526684,1371.2443129326668,0.193183089807332,-0.014297175516563187,2024-08,0
2024-08-22,1307.90456795,sh.600519,贵州茅台,-0.0053118695241185,-0.0053260276627526,1318.430507482,1312.360561386,1367.6890437984998,0.1927088013681835,-0.012991081401287689,2024-08,0
2024-08-23,1312.48670941,sh.600519,贵州茅台,0.0035034218644729,0.0034972991781609,1315.4233612040002,1312.026640146,1364.5887828553334,0.1922391060454763,-0.0036854519016687876,2024-08,0
2024-08-26,1309.713308,sh.600519,贵州茅台,-0.0021130891384391,-0.002115324861369,1312.9300826120002,1312.675003887,1361.450628617,0.1819621115101398,0.011196375250964112,2024-08,0
2024-08-27,1302.35776513,sh.600519,贵州茅台,-0.005616147308782,-0.0056319771604198,1309.470287542,1313.791784923,1358.3271008314998,0.1765764526358034,0.018477039146599712,2024-08,0
2024-08-28,1288.379451,sh.600519,贵州茅台,-0.0107330831083919,-0.0107910981384237,1304.168360298,1312.294704697,1354.7614408681666,0.1439921638712096,-0.02217655063213039,2024-08,0
2024-08-29,1310.9191347,sh.600519,贵州茅台,0.0174946004319656,0.0173433316197615,1304.771273648,1313.55340226,1351.7107815131667,0.1294405525623647,0.020028170254636612,2024-08,0
2024-08-30,1338.64387321,sh.600519,贵州茅台,0.0211490837048042,0.0209285458636848,1310.002706408,1316.231265093,1349.1856610576667,0.1476387721010124,0.041689460342542214,2024-08,0
2024-09-02,1293.944805,sh.600519,贵州茅台,-0.0333913067579458,-0.033961525982324,1306.849005808,1315.5351320635002,1346.2280091723333,0.183060174544565,-0.009428938695889986,2024-09,0
2024-09-03,1307.85819,sh.600519,贵州茅台,0.0107526881720427,0.0106952891167477,1307.949090782,1315.7809351985002,1344.2622515723333,0.1868105874910202,0.005089680214232514,2024-09,0
2024-09-04,1298.5826,sh.600519,贵州茅台,-0.0070921985815602,-0.0071174677688639,1309.989720582,1315.0620769735,1342.1013106870005,0.1863765031933408,-0.009690992774674285,2024-09,0
2024-09-05,1303.10908792,sh.600519,贵州茅台,0.0034857142857143,0.0034796532642492,1308.4277112260002,1313.865062084,1340.2682878633334,0.1823240088423486,-0.016936468881047585,2024-09,0
2024-09-06,1296.727482,sh.600519,贵州茅台,-0.0048972154205342,-0.0049092460738437,1300.044432984,1312.065597624,1338.3290563966666,0.1818146085384556,-0.026104350903011785,2024-09,0
2024-09-09,1275.393625,sh.600519,贵州茅台,-0.0164520743919885,-0.0165889126930839,1296.334196984,1309.231904879,1336.2387257966666,0.1895298995782921,-0.042069231531080484,2024-09,0
2024-09-10,1278.176302,sh.600519,贵州茅台,0.0021818181818182,0.0021794414729323,1290.397819384,1307.1444333495,1334.49768448,0.1882245459830304,-0.030772449210274683,2024-09,0
2024-09-11,1280.03142,sh.600519,贵州茅台,0.0014513788098693,0.0014503265776464,1286.687583384,1305.6000476145,1332.6271071633334,0.187433177888425,-0.022497506265227184,2024-09,0
2024-09-12,1238.34691854,sh.600519,贵州茅台,-0.0325652173913044,-0.0331072645066191,1273.735149508,1301.341160466,1330.0757015406668,0.2133817790575471,-0.06467851648183398,2024-09,0
2024-09-13,1209.65751867,sh.600519,贵州茅台,-0.0231674980899734,-0.0234400828755412,1256.321156842,1295.4479143595,1327.4960053685,0.2232223674305087,-0.09086656976526988,2024-09,0
2024-09-18,1175.1244971,sh.600519,贵州茅台,-0.0285477674771685,-0.0289631801610823,1236.267331262,1288.0951541665,1324.2549596293331,0.238889614138993,-0.11538974249677049,2024-09,0
2024-09-19,1169.651899,sh.600519,贵州茅台,-0.0046570368616308,-0.0046679146430881,1214.562450662,1280.5949120925,1320.7665648235002,0.2384992688137263,-0.11813859662184288,2024-09,0
2024-09-20,1172.36037128,sh.600519,贵州茅台,0.0023156225218081,0.002312945599674,1193.028240918,1273.4684762954998,1317.2835807785,0.2401780926714238,-0.11221017607934199,2024-09,0
2024-09-23,1170.15278086,sh.600519,贵州茅台,-0.0018830305715552,-0.001884805702389,1179.389413382,1266.5808869409998,1313.7441702276667,0.2405427533222585,-0.10878133712677868,2024-09,0
2024-09-24,1273.1674834,sh.600519,贵州茅台,0.0880352584935872,0.0843735546123297,1192.0914063280002,1264.6149256405,1312.2787816008336,0.4098141981574913,-0.024249500497664375,2024-09,0
2024-09-25,1297.655041,sh.600519,贵州茅台,0.0192335713244935,0.0190509441909467,1216.597515108,1264.0120122905,1311.6390750771666,0.4161481379781537,-0.0029028400347317768,2024-09,0
2024-09-26,1418.237711,sh.600519,贵州茅台,0.0929235167977127,0.0888562312635811,1266.314677508,1269.806009584,1312.2311669055002,0.5303069559306884,0.09563682407176292,2024-09,0
2024-09-27,1511.1791228,sh.600519,贵州茅台,0.0655330281229562,0.0634751698451952,1334.078427812,1280.9459931739998,1314.228510618833,0.5684417380114991,0.17190293530311102,2024-09,0
2024-09-30,1621.373132,sh.600519,贵州茅台,0.0729192241590965,0.0703831804412233,1424.32249804,1296.468693039,1318.2828710078334,0.6123037523627242,0.22732755903024193,2024-09,1
2024-10-08,1598.184157,sh.600519,贵州茅台,-0.0143020594965674,-0.0144053196875511,1489.32583276,1309.4457072285,1322.4568865078334,0.6176988074253354,0.19187641582887033,2024-10,0
2024-10-09,1479.59573885,sh.600519,贵州茅台,-0.0742019733023794,-0.0770991818436863,1525.71397233,1318.7282539209998,1325.164585822,0.6701276623085016,0.15106574928443672,2024-10,0
2024-10-10,1521.19676,sh.600519,贵州茅台,0.0281164780741622,0.0277284661340009,1546.30578213,1329.395182421,1328.2869040091668,0.6740501720742141,0.1684295391865562,2024-10,0
2024-10-11,1488.72291941,sh.600519,贵州茅台,-0.0213475609756097,-0.0215787158031327,1541.814541452,1338.9021983915002,1330.8747936191664,0.68027238960704,0.15417417679250672,2024-10,0
2024-10-14,1485.94024241,sh.600519,贵州茅台,-0.0018691705244269,-0.0018709196035428,1514.727963534,1348.0437561160002,1333.0375520208331,0.6809784748707566,0.14881929198236551,2024-10,0
2024-10-15,1441.65857575,sh.600519,贵州茅台,-0.0298004357080882,-0.0302534922621217,1483.422847284,1355.2903108035002,1334.2036482770002,0.6926011239027,0.12391607169481152,2024-10,0
2024-10-16,1412.2085775,sh.600519,贵州茅台,-0.0204278590960269,-0.0206393935653947,1469.945415014,1362.1310584285,1334.9395117503334,0.6944666980309355,0.11994028699077311,2024-10,0
2024-10-17,1386.3296814,sh.600519,贵州茅台,-0.0183251231527094,-0.0184951080878623,1442.971999294,1367.5387273985002,1335.2270550403334,0.699755741080493,0.09943334565624552,2024-10,0
2024-10-18,1429.368419,sh.600519,贵州茅台,0.0310450956777732,0.0305729438239259,1431.101099212,1375.0055773485,1335.839243980333,0.7056412383652728,0.12902706252414942,2024-10,0
2024-10-21,1418.0521992,sh.600519,贵州茅台,-0.007916937053861,-0.0079484423940524,1417.52349057,1383.9908413815,1336.3229659988333,0.6928740171787796,0.15367534286159282,2024-10,0
2024-10-22,1431.223537,sh.600519,贵州茅台,0.0092883307169022,0.0092454594370976,1415.43648282,1395.069142298,1336.5916489225,0.6832174707388194,0.1861311716684684,2024-10,0
2024-10-23,1453.9487325,sh.600519,贵州茅台,0.0158781594296824,0.0157534201439148,1423.7845138199998,1409.0103540679995,1337.6506121141667,0.6686139408658279,0.2305570985753193,2024-10,0
2024-10-24,1439.7570798,sh.600519,贵州茅台,-0.0097607655502393,-0.0098087140870373,1434.4699935,1422.515613108,1339.1532576941668,0.6704953157449944,0.2254533698867108,2024-10,0
2024-10-25,1445.92534715,sh.600519,贵州茅台,0.0042842417214277,0.0042750904859567,1437.78137913,1436.1938619015002,1340.9902882936667,0.6701828559348969,0.2274219890863304,2024-10,0
2024-10-28,1451.629835,sh.600519,贵州茅台,0.0039452160246333,0.0039374540682582,1444.49690629,1450.2677146085002,1343.0697209785,0.6689723082095262,0.2332502356825189,2024-10,0
2024-10-29,1420.66791558,sh.600519,贵州茅台,-0.021329073482428,-0.0215598252166228,1442.385782006,1457.6427362175,1344.761434001333,0.6137321280680017,0.12388590370650371,2024-10,0
2024-10-30,1421.020388,sh.600519,贵州茅台,0.0002481033154437,0.0002480725429059,1435.800113106,1463.8110035675,1346.832673248333,0.6120800609191978,0.10490043569745391,2024-10,0
2024-10-31,1417.11536461,sh.600519,贵州茅台,-0.0027480417754569,-0.0027518245740385,1431.271770068,1463.754886248,1349.1175602516666,0.5171640791403095,0.009228877124284305,2024-10,1
2024-11-01,1422.64361625,sh.600519,贵州茅台,0.0039010597006132,0.003893470298623,1426.615423888,1459.3281109205,1350.8562695971666,0.4570954596551211,-0.052403091298058695,2024-11,0
2024-11-04,1436.0468438,sh.600519,贵州茅台,0.0094213528932356,0.0093772487454919,1423.498825648,1450.0617965105,1353.3612972698331,0.3640100940723262,-0.11590096256391959,2024-11,0
2024-11-05,1462.75126741,sh.600519,贵州茅台,0.018595788657796,0.01842500101823,1431.915496014,1443.2901520310002,1356.3223747841666,0.3724462552302994,-0.0830031144095562,2024-11,0
2024-11-06,1457.195189,sh.600519,贵州茅台,-0.0037983753860202,-0.003805607533222,1439.150456214,1442.1701245385,1358.8111701743333,0.2652264605792473,-0.012599516493196994,2024-11,0
2024-11-07,1529.67464926,sh.600519,贵州茅台,0.0497390197326543,0.048541580639539,1461.662313144,1442.5940190015,1362.5900455403332,0.3045061687894596,0.009023025165295108,2024-11,0
2024-11-08,1493.34216323,sh.600519,贵州茅台,-0.0237517736517214,-0.0240383946306306,1475.80202254,1442.8249811925,1365.5964188525,0.3068990854202283,0.006618812489183404,2024-11,0
2024-11-11,1482.24855759,sh.600519,贵州茅台,-0.0074287098517363,-0.0074564401356117,1485.042365298,1442.6403969515,1368.1830717171665,0.3080599858000135,0.0010592731618740032,2024-11,0
2024-11-12,1462.9460548,sh.600519,贵州茅台,-0.0130224466680434,-0.0131079821254456,1485.081322776,1443.704770904,1370.3535597771663,0.2918242024701551,0.0178372622019188,2024-11,0
2024-11-13,1464.1518815,sh.600519,贵州茅台,0.0008242454983515,0.0008239059945743,1486.472661276,1446.301936104,1372.5549664705,0.2807728596464244,0.0390893667962972,2024-11,0
2024-11-14,1459.7923542,sh.600519,贵州茅台,-0.0029775102945833,-0.0029819518971632,1472.496202264,1449.975069744,1374.8860768306668,0.2711921464949199,0.054436979654423304,2024-11,0
2024-11-15,1446.064481,sh.600519,贵州茅台,-0.0094039903418479,-0.0094484870431066,1463.040665818,1450.809872844,1377.138499269,0.2525282980059889,0.013987893634802202,2024-11,0
2024-11-18,1446.064481,sh.600519,贵州茅台,0.0,0.0,1455.8038505,1452.210486934,1379.180829593833,0.2505010803827399,0.021904830688663203,2024-11,0
2024-11-19,1430.22177328,sh.600519,贵州茅台,-0.0109557408595252,-0.0110161969547991,1449.258994196,1452.1603987479998,1380.8924851351665,0.2520215463874281,0.0016607591122358017,2024-11,0
2024-11-20,1432.90241879,sh.600519,贵州茅台,0.0018742866037149,0.0018725323202564,1443.009101654,1451.1080830625,1382.7378637656666,0.2451905266971041,-0.012343113713731698,2024-11,0
2024-11-21,1433.19923767,sh.600519,贵州茅台,0.0002071452152692,0.0002071237636614,1437.690478348,1450.7801909559998,1384.6302387188332,0.2428016498434125,-0.0023752029482231986,2024-11,0
2024-11-22,1398.59201138,sh.600519,贵州茅台,-0.024146835541346,-0.0244431501385961,1428.195984424,1448.4135241675,1386.0252874548337,0.2565481069082354,-0.0308062802109969,2024-11,0
2024-11-25,1390.01209063,sh.600519,贵州茅台,-0.0061346845114137,-0.0061535790025701,1416.98550635,1445.332636949,1387.3937461661667,0.2561843303443052,-0.0408861807470439,2024-11,0
2024-11-26,1399.686531,sh.600519,贵州茅台,0.0069599685033063,0.0069358597221201,1410.878457894,1444.28356772,1388.847076526,0.247472112070511,-0.0125971387613096,2024-11,0
2024-11-27,1409.00849895,sh.600519,贵州茅台,0.0066600397614313,0.0066379596785547,1406.0996739260002,1443.6829732675,1390.5019963751668,0.2488167941927643,-0.0061852023153219984,2024-11,0
2024-11-28,1408.034562,sh.600519,贵州茅台,-0.0006912214871136,-0.0006914604908284,1401.066738792,1443.228933137,1392.263276323,0.2486564736693793,-0.004128382026978698,2024-11,0
2024-11-29,1415.21386866,sh.600519,贵州茅台,0.0050988142292489,0.0050858592938555,1404.391110248,1442.8574457575,1394.377183284,0.2489550580641427,-0.002930627498342998,2024-11,1
2024-12-02,1414.527475,sh.600519,贵州茅台,-0.0004850105522564,-0.0004851282079187,1409.294187122,1441.7814773175,1396.1039889556666,0.2463755118267369,-0.012836990943834998,2024-12,0
2024-12-03,1416.14142766,sh.600519,贵州茅台,0.0011409836065574,0.0011403331794663,1412.585166454,1439.45098533,1397.3956148631664,0.2358653992934618,-0.030291795995073596,2024-12,0
2024-12-04,1409.88968,sh.600519,贵州茅台,-0.004414635104864,-0.0044244083806562,1412.761402664,1437.0857098800002,1399.3280294465,0.2359546673264469,-0.030908055713917394,2024-12,0
2024-12-05,1401.541649,sh.600519,贵州茅台,-0.0059210526315789,-0.0059386515675824,1411.462820064,1430.679059867,1400.8894204298335,0.1378068506889716,-0.08656812807815059,2024-12,0
2024-12-06,1410.82651459,sh.600519,贵州茅台,0.0066247518199866,0.0066029045868997,1410.58534925,1426.553277435,1402.7601523396663,0.1223366630033306,-0.05619160260644259,2024-12,0
2024-12-09,1408.7766092,sh.600519,贵州茅台,-0.0014529819001848,-0.0014540385019921,1409.43517609,1422.8796800155,1404.521277694333,0.1211775542734311,-0.05021587465489109,2024-12,0
2024-12-10,1434.55347381,sh.600519,贵州茅台,0.0182973400052672,0.0181319580004449,1413.11758532,1421.460050966,1406.8183775578334,0.1353168115719114,-0.018896087981580496,2024-12,0
2024-12-11,1424.3596004,sh.600519,贵州茅台,-0.0071059556831479,-0.0071313232314494,1416.0115694,1419.470436911,1409.3011438145002,0.1368608557389905,-0.026826289163079896,2024-12,0
2024-12-12,1452.3718822,sh.600519,贵州茅台,0.0196665798384996,0.0194756913471711,1426.17761604,1419.0994133110005,1412.2044034844998,0.1555917740004128,-0.0041821990299969955,2024-12,0
2024-12-13,1408.962121,sh.600519,贵州茅台,-0.0298888746966407,-0.0303446518780409,1425.8047373220002,1417.244295311,1414.3532485011667,0.185721664433939,-0.024667083384789797,2024-12,0
2024-12-16,1416.5681048,sh.600519,贵州茅台,0.0053982883475969,0.0053837698157648,1427.363036442,1415.769476501,1417.3236016055,0.1871799455179421,-0.019268795037192896,2024-12,0
2024-12-17,1445.136922,sh.600519,贵州茅台,0.0201676270298585,0.0199669540191556,1429.47972608,1416.5152339370002,1421.2482583276667,0.1974638499355345,0.011854572852190805,2024-12,0
2024-12-18,1457.6589685,sh.600519,贵州茅台,0.0086649550706032,0.0086276298069286,1436.1395997,1417.7530614225002,1425.9571661843331,0.1995090146521437,0.018645241319079103,2024-12,0
2024-12-19,1438.65328459,sh.600519,贵州茅台,-0.0130384982500794,-0.0131242456286121,1433.395880178,1418.0257637685002,1430.440522610833,0.2055948825096072,0.005399597853730504,2024-12,0
2024-12-20,1433.819886,sh.600519,贵州茅台,-0.0033596688248465,-0.0033653251847034,1438.367433178,1419.7871574995,1434.7981811895002,0.1850680777448647,0.026186764570230003,2024-12,0
2024-12-23,1438.01206635,sh.600519,贵州茅台,0.0029237844940865,0.0029195185493152,1442.6562254879998,1422.1871562855,1439.2625026143332,0.1830174563475542,0.0352452335757302,2024-12,0
2024-12-24,1449.66538566,sh.600519,贵州茅台,0.0081037701857251,0.0080711109633605,1443.56191822,1424.6860990185,1442.2041343186668,0.1834927151141242,0.036389035258149,2024-12,0
2024-12-25,1441.35639,sh.600519,贵州茅台,-0.0057316645221664,-0.0057481535478259,1440.30140252,1426.303493571,1444.5991568020002,0.1844267592828947,0.023997330974551305,2024-12,0
2024-12-26,1439.27443077,sh.600519,贵州茅台,-0.0014444444444443,-0.0014454886599829,1440.425631756,1427.8654870095002,1444.9497687981666,0.1845485368631295,0.023244108017220603,2024-12,0
2024-12-27,1440.38606511,sh.600519,贵州茅台,0.0007723574575038,0.0007720593429735,1441.7388675779998,1429.124096832,1443.7698845033335,0.1839625706074222,0.0189176512454755,2024-12,0
2024-12-30,1436.646075,sh.600519,贵州茅台,-0.0025965192253607,-0.0025998960279597,1441.465669308,1430.230026832,1440.69110022,0.1843327133113947,0.016806142572371202,2024-12,0
2024-12-31,1435.704012,sh.600519,贵州茅台,-0.0006557377049181,-0.0006559527949204,1438.673394576,1431.208156049,1437.9830978033335,0.1844041600685885,0.015009421260895703,2024-12,0
2020-01-02,13.24875328,sz.000001,平安银行,,,,,,,,2020-01,0
2020-01-03,13.49220992,sz.000001,平安银行,0.0183758150563129,0.0182090199982323,,,,,,2020-01,0
2020-01-06,13.40582208,sz.000001,平安银行,-0.0064027939464493,-0.00642337974976,,,,,,2020-01,0
2020-01-07,13.4686496,sz.000001,平安银行,0.0046865846514352,0.0046756368055996,,,,,,2020-01,0
2020-01-08,13.08383104,sz.000001,平安银行,-0.0285714285714286,-0.0289875368732524,13.339853184,,,,,2020-01,0
2020-01-09,13.18592576,sz.000001,平安银行,0.0078031212484994,0.0077728343507528,13.32728768,,,,,2020-01,0
2020-01-10,13.10739136,sz.000001,平安银行,-0.0059559261465158,-0.0059737334157058,13.250323968,,,,,2020-01,0
2020-01-13,13.34299456,sz.000001,平安银行,0.017974835230677,0.0178151980100968,13.237758464,,,,,2020-01,0
2020-01-14,13.16236544,sz.000001,平安银行,-0.0135373749264272,-0.0136298406299036,13.176501632,,,,,2020-01,0
2020-01-15,12.97388288,sz.000001,平安银行,-0.0143198090692124,-0.014423326961105,13.154512,,,,,2020-01,0
2020-01-16,12.82466752,sz.000001,平安银行,-0.0115012106537529,-0.0115678611104582,13.082260352,,,,,2020-01,0
2020-01-17,12.87178816,sz.000001,平安银行,0.0036742192284138,0.0036674857733644,13.035139712,,,,,2020-01,0
2020-01-20,12.9189088,sz.000001,平安银行,0.00366076876144,0.0036540844556427,12.95032256,,,,,2020-01,0
2020-01-21,12.565504,sz.000001,平安银行,-0.0273556231003039,-0.0277367549715996,12.830950272,,,,,2020-01,0
2020-01-22,12.63618496,sz.000001,平安银行,0.0056249999999999,0.0056092387645105,12.763410688,,,,,2020-01,0
2020-01-23,12.20424576,sz.000001,平安银行,-0.0341827221876942,-0.0347806160647904,12.639326336,,,,,2020-01,0
2020-02-03,10.98696256,sz.000001,平安银行,-0.0997425997425996,-0.1050745562621115,12.262361216,,,,,2020-02,0
2020-02-04,11.4660224,sz.000001,平安银行,0.0436025732666189,0.0426787400369009,11.971783936,,,,,2020-02,0
2020-02-05,11.48958272,sz.000001,平安银行,0.002054794520548,0.0020526863177422,11.75659968,,,,,2020-02,0
2020-02-06,11.59953088,sz.000001,平安银行,0.0095693779904306,0.0095238815112555,11.549268864,12.701761184,,,,2020-02,0
2020-02-07,11.48172928,sz.000001,平安银行,-0.010155721056195,-0.0102076422216559,11.404765567999998,12.613409984,,0.450088518404595,-0.1346981194462032,2020-02,0
2020-02-10,11.387488,sz.000001,平安银行,-0.0082079343365253,-0.0082418048951037,11.484870656000002,12.508173887999998,,0.440200795443509,-0.1612818688390414,2020-02,0
2020-02-11,11.61523776,sz.000001,平安银行,0.02,0.0198026272961797,11.514713728,12.418644672,,0.4513577489987665,-0.1348790748925921,2020-02,0
2020-02-12,11.59953088,sz.000001,平安银行,-0.0013522650439485,-0.0013531801794199,11.53670336,12.325188736,,0.4498358263040123,-0.1409179245879758,2020-02,0
2020-02-13,11.5052896,sz.000001,平安银行,-0.008124576844956,-0.0081577610802121,11.517855104,12.246261664,,0.4426567397125669,-0.1204710728615032,2020-02,0
2020-02-14,11.80372032,sz.000001,平安银行,0.025938566552901,0.0256078683018068,11.582253312,12.177151392,,0.4546873751617199,-0.1023356275571016,2020-02,0
2020-02-17,12.07073728,sz.000001,平安银行,0.0226214238190285,0.0223693537856213,11.718903168,12.125318688,,0.4651821923207238,-0.0737582775915573,2020-02,0
2020-02-18,11.9372288,sz.000001,平安银行,-0.0110605074821079,-0.0111221296982737,11.783301376,12.0550304,,0.4586199432754241,-0.10279362030434219,2020-02,0
2020-02-19,11.96864256,sz.000001,平安银行,0.0026315789473683,0.0026281224062694,11.857123712,11.995344256,,0.45828434405926,-0.0866246664305467,2020-02,0
2020-02-20,12.24351296,sz.000001,平安银行,0.0229658792650919,0.022706132811185,12.004768384,11.95882576,,0.4665427353891961,-0.04933897809624241,2020-02,0
2020-02-21,12.23565952,sz.000001,平安银行,-0.0006414368184733,-0.0006416426270829,12.091156224,11.92937536,,0.4653446068494689,-0.0384792042609628,2020-02,0
2020-02-24,11.96078912,sz.000001,平安银行,-0.0224646983311939,-0.0227208735355318,12.069166592,11.883825408,,0.4703964922989798,-0.0646181218205705,2020-02,0
2020-02-25,11.81157376,sz.000001,平安银行,-0.0124753775443203,-0.0125538483853766,12.044035584,11.828458656,,0.4707480502416357,-0.0807542681263308,2020-02,0
2020-02-26,11.77230656,sz.000001,平安银行,-0.0033244680851063,-0.0033300064071873,12.004768384,11.788798784,,0.4626186262518107,-0.0567231131111332,2020-02,0
2020-02-27,11.86654784,sz.000001,平安银行,0.0080053368912609,0.0079734641701419,11.92937536,11.750316928,,0.4632727443284887,-0.0543427762198722,2020-02,0
2020-02-28,11.387488,sz.000001,平安银行,-0.0403706154864329,-0.0412081268581196,11.759741056,11.70947904,,0.4693281518177419,-0.0605306695186109,2020-02,1
2020-03-02,11.61523776,sz.000001,平安银行,0.02,0.0198026272961797,11.690630784,11.7408928,,0.3061522927912733,0.0592119302239887,2020-03,0
2020-03-03,11.56026368,sz.000001,平安银行,-0.00473292765382,-0.0047441634219781,11.640368768,11.745604864,,0.2665656343603539,0.010876429303549796,2020-03,0
2020-03-04,11.53670336,sz.000001,平安银行,-0.0020380434782608,-0.0020401231149442,11.593248128,11.747960896,,0.2666538222090803,0.006783591304740997,2020-03,0
2020-03-05,12.08644416,sz.000001,平安银行,0.047651463580667,0.0465509576650018,11.637227392,11.77230656,,0.3141679313154538,0.04486567689497739,2020-03,0
2020-03-06,11.80372032,sz.000001,平安银行,-0.0233918128654969,-0.0236697440859046,11.720473856,11.788406112,,0.3244414964053642,0.03162958508567549,2020-03,0
2020-03-09,11.3482208,sz.000001,平安银行,-0.0385894876912841,-0.0393537892064419,11.667070464,11.786442752,,0.3532449096873188,0.001248031730916692,2020-03,0
2020-03-10,11.59167744,sz.000001,平安银行,0.0214532871972317,0.0212264046138851,11.673353216,11.785264735999998,,0.3543687055448743,0.0027013189281483926,2020-03,0
2020-03-11,11.53670336,sz.000001,平安银行,-0.0047425474254741,-0.0047538289865404,11.673353216,11.78212336,,0.3547615569080973,-0.0006889634533772072,2020-03,0
2020-03-12,11.52884992,sz.000001,平安银行,-0.0006807351940095,-0.0006809669994164,11.561834368,11.783301376,,0.3534918385406987,0.006754878197569293,2020-03,0
2020-03-13,11.40319488,sz.000001,平安银行,-0.010899182561308,-0.0109590137897196,11.48172928,11.763275104,,0.3421090162762191,-0.030082870916639706,2020-03,0
2020-03-16,10.79848,sz.000001,平安银行,-0.0530303030303029,-0.0544881852840696,11.37178112,11.69966224,,0.3751485472533953,-0.1057345977659711,2020-03,0
2020-03-17,10.53146304,sz.000001,平安银行,-0.0247272727272727,-0.0250381268189931,11.15973824,11.629373952,,0.3810289068747323,-0.1194013630111359,2020-03,0
2020-03-18,9.98172224,sz.000001,平安银行,-0.052199850857569,-0.0536116120922245,10.848742016,11.530027936,,0.4129816701613918,-0.1742327928160732,2020-03,0
2020-03-19,9.60475712,sz.000001,平安银行,-0.0377655389457119,-0.0384971355022816,10.463923456,11.398090144,,0.4074243866448196,-0.23496421102687703,2020-03,0
2020-03-20,9.83250688,sz.000001,平安银行,0.0237121831561732,0.0234354159728714,10.149785856,11.277932512,,0.4250209204667892,-0.2106105910522305,2020-03,0
2020-03-23,9.5419296,sz.000001,平安银行,-0.0295527156549522,-0.0299981958853951,9.898475776000002,11.156989536,,0.4283919432177683,-0.2176986083759888,2020-03,0
2020-03-24,9.90318784,sz.000001,平安银行,0.0378600823045267,0.0371609801902707,9.772820736,11.06157024,,0.4618659617166217,-0.1673631485271418,2020-03,0
2020-03-25,10.10737728,sz.000001,平安银行,0.020618556701031,0.0204088716312072,9.797951744,10.978323776,,0.4730187079300214,-0.14342012374100452,2020-03,0
2020-03-26,10.25659264,sz.000001,平安银行,0.0147630147630146,0.0146551022402496,9.928318848,10.897826016,,0.4764898187435319,-0.13666244586925083,2020-03,0
2020-03-27,10.3272736,sz.000001,平安银行,0.0068912710566615,0.0068676347754885,10.027272192,10.844815296,,0.4616725901378901,-0.0894005593261564,2020-03,0
2020-03-30,10.16235136,sz.000001,平安银行,-0.0159695817490493,-0.016098469551019,10.151356544,10.772170976,,0.4539777003018881,-0.12537014107520572,2020-03,0
2020-03-31,10.0524032,sz.000001,平安银行,-0.0108191653786707,-0.010878118147183,10.181199616,10.696777952,,0.4542186399658008,-0.13145637880005642,2020-03,1
2020-04-01,10.12308416,sz.000001,平安银行,0.0070312499999998,0.0070066460255243,10.184340992,10.626096992,,0.4565543806607474,-0.1223870853217958,2020-04,0
2020-04-02,10.18591168,sz.000001,平安银行,0.0062063615205587,0.0061871813772566,10.1702048,10.531070368,11.668379370666663,0.4134851885002867,-0.1638321873819041,2020-04,0
2020-04-03,9.90318784,sz.000001,平安银行,-0.0277563608326909,-0.0281488483515244,10.085387648,10.436043744,11.612619946666667,0.415896418984623,-0.1681967353490981,2020-04,0
2020-04-07,10.11523072,sz.000001,平安银行,0.0214115781126089,0.0211855706993792,10.075963519999998,10.37439424,11.55633696,0.4126709252541963,-0.10819566954520511,2020-04,0
2020-04-08,10.03669632,sz.000001,平安银行,-0.0077639751552793,-0.0077942717268186,10.072822144,10.296645184,11.500184864,0.4002919879532755,-0.1374129318977161,2020-04,0
2020-04-09,10.00528256,sz.000001,平安银行,-0.0031298904538342,-0.0031347988053716,10.049261824,10.220074144,11.442462080000002,0.4004466000232458,-0.1358002749260762,2020-04,0
2020-04-10,10.04454976,sz.000001,平安银行,0.0039246467817897,0.0039169654467341,10.02098944,10.145859136,11.391807392,0.4017101598149215,-0.131194892950277,2020-04,0
2020-04-13,9.88748096,sz.000001,平安银行,-0.0156372165754496,-0.0157607675344956,10.017848064,10.07007344,11.336833312,0.4027397438235118,-0.1359329269644186,2020-04,0
2020-04-14,10.09952384,sz.000001,平安银行,0.0214455917394758,0.0212188707532175,10.014706688,10.035125632,11.286702186666666,0.3751657330741874,-0.06145703219463991,2020-04,0
2020-04-15,10.10737728,sz.000001,平安银行,0.0007776049766718,0.000777302798562,10.02884288,10.013921344,11.232775232,0.3664632366926201,-0.03595215449069541,2020-04,0
2020-04-16,9.95816192,sz.000001,平安银行,-0.0147630147630146,-0.0148730725989553,10.019418752,10.012743328,11.17937184,0.3192207626441993,0.0014846816038589887,2020-04,0
2020-04-17,10.12308416,sz.000001,平安银行,0.0165615141955834,0.016425867942016,10.035125632,10.03865968,11.131858528,0.2907905258723704,0.05581173474515429,2020-04,0
2020-04-20,10.20161856,sz.000001,平安银行,0.0077579519006982,0.0077280137314122,10.097953152,10.057115264,11.088141045333336,0.2809130413675249,0.03985750348967929,2020-04,0
2020-04-21,10.5628768,sz.000001,平安银行,0.0354118552732871,0.0347992753653399,10.190623744,10.108162623999998,11.049659189333331,0.2787965686167601,0.1048220744179186,2020-04,0
2020-04-22,10.39010112,sz.000001,平安银行,-0.0163568773234199,-0.0164921279209836,10.247168511999998,10.132508288,11.007512394666666,0.260486314459712,0.050605114789972,2020-04,0
2020-04-23,10.39010112,sz.000001,平安银行,0.0,0.0,10.333556352,10.14664448,10.97125568,0.2516278610457522,0.02998655808894099,2020-04,0
2020-04-24,10.39795456,sz.000001,平安银行,0.000755857898715,0.0007555723819978,10.388530432,10.153712576,10.93395184,0.2466991559525805,0.01597940122464139,2020-04,0
2020-04-27,10.602144,sz.000001,平安银行,0.0196374622356494,0.0194471349355215,10.46863552,10.167456096,10.907250144,0.2548870382208186,0.02872559240362929,2020-04,0
2020-04-28,10.61785088,sz.000001,平安银行,0.0014814814814816,0.0014803851704344,10.479630336,10.190231072,10.901098282666668,0.2464694950821186,0.04617665563416019,2020-04,0
2020-04-29,11.01052288,sz.000001,平安银行,0.03698224852071,0.036314810991626,10.603714688,10.238137056,10.893506624,0.2699845511795796,0.09397806953354088,2020-04,0
2020-04-30,10.93984192,sz.000001,平安银行,-0.0064194008559201,-0.0064400938147297,10.713662848,10.278974944,10.884344277333334,0.2726519348493125,0.08052741867762099,2020-04,1
2020-05-06,10.81418688,sz.000001,平安银行,-0.0114860014357501,-0.0115524750511508,10.796909312,10.310388704,10.871255210666668,0.2779568806701442,0.06283505572131219,2020-05,0
2020-05-07,10.75135936,sz.000001,平安银行,-0.0058097312999272,-0.0058266734402058,10.826752384,10.35279728,10.859082378666669,0.2556191098658011,0.08478168525407588,2020-05,0
2020-05-08,10.9555488,sz.000001,平安银行,0.0189919649379108,0.0188138689670171,10.894291968,10.394813184,10.851883392,0.2535995010658098,0.08236207207937779,2020-05,0
2020-05-11,10.994816,sz.000001,平安银行,0.0035842293906809,0.0035778213478839,10.891150592,10.442719168,10.841543029333334,0.2497169229802333,0.09371027662533798,2020-05,0
2020-05-12,10.82989376,sz.000001,平安银行,-0.0150000000000001,-0.0151136378100482,10.86916096,10.483949728,10.828715744,0.2580595160454108,0.08184016707917209,2020-05,0
2020-05-13,10.70423872,sz.000001,平安银行,-0.0116026105873821,-0.0116704460967691,10.847171328,10.516934176,10.815364896000002,0.2640103273580752,0.06631290971000028,2020-05,0
2020-05-14,10.4450752,sz.000001,平安银行,-0.0242112986060161,-0.0245092104807331,10.785914496,10.544813887999998,10.792720810666667,0.2737487110838668,0.05773882767943378,2020-05,0
2020-05-15,10.39010112,sz.000001,平安银行,-0.0052631578947367,-0.0052770571008436,10.67282496,10.559342752,10.764710208,0.2660416105713151,0.03103007804522128,2020-05,0
2020-05-18,10.3665408,sz.000001,平安银行,-0.0022675736961452,-0.0022701485345392,10.547169919999998,10.572300928,10.738532074666663,0.2663784775498498,0.02798489937240428,2020-05,0
2020-05-19,10.49219584,sz.000001,平安银行,0.0121212121212122,0.0120483385161745,10.479630336,10.599002624,10.713924629333333,0.2617982896445858,0.05486912625663108,2020-05,0
2020-05-20,10.60999744,sz.000001,平安银行,0.0112275449101797,0.0111649838636079,10.46078208,10.623348288,10.686699370666668,0.2587309515255709,0.04953515697122739,2020-05,0
2020-05-21,10.5236096,sz.000001,平安银行,-0.0081421169504071,-0.0081754450152418,10.47648896,10.63944784,10.658165205333336,0.2605756863995786,0.033635088120122086,2020-05,0
2020-05-22,10.14664448,sz.000001,平安银行,-0.0358208955223879,-0.0364782086024098,10.427797632,10.618636224,10.627929461333332,0.2609577580340494,-0.037597662675552916,2020-05,0
2020-05-25,10.17805824,sz.000001,平安银行,0.0030959752321981,0.0030911925696728,10.39010112,10.60803408,10.600704202666666,0.2557276893978093,-0.018144810119934913,2020-05,0
2020-05-26,10.24088576,sz.000001,平安银行,0.0061728395061726,0.006153865574378,10.339839104,10.600573312,10.575180522666669,0.2569539158391896,-0.011971970613762315,2020-05,0
2020-05-27,10.209472,sz.000001,平安银行,-0.0030674846625766,-0.0030721990369701,10.259734016,10.591149184,10.547562591999998,0.2570450021636569,-0.015795313175053914,2020-05,0
2020-05-28,10.44115248,sz.000001,平安银行,0.0226926994853406,0.0224390503329915,10.243242592,10.583099608,10.531790333333332,0.260471218405612,-0.01274007592536272,2020-05,0
2020-05-29,10.385232,sz.000001,平安银行,-0.0053557765876051,-0.0053701701745937,10.290960096,10.571468664,10.511290237333332,0.2608640599372964,-0.019577333994449417,2020-05,1
2020-06-01,10.64086848,sz.000001,平安银行,0.0246153846153844,0.0243173076507062,10.383522144,10.552985944,10.495966984,0.2398417196126328,-0.03194419789977501,2020-06,0
2020-06-02,10.8246072,sz.000001,平安银行,0.0172672672672673,0.0171198822134669,10.500266432,10.547224208,10.484098714666668,0.2481199410875005,-0.00825752977658761,2020-06,0
2020-06-03,10.81661856,sz.000001,平安银行,-0.0007380073800739,-0.000738279841581,10.621695743999998,10.547345792,10.462934954666666,0.2446672219813378,0.0024904642790885886,2020-06,0
2020-06-04,10.84058448,sz.000001,平安银行,0.0022156573116691,0.0022132063626488,10.701582144,10.551807048,10.446882690666666,0.2437422166626203,0.010515852890684888,2020-06,0
2020-06-05,10.85656176,sz.000001,平安银行,0.0014738393515105,0.0014727543162744,10.795848096,10.546857696,10.438688373333331,0.2338716432552878,-0.007002272695715413,2020-06,0
2020-06-08,10.88052768,sz.000001,平安银行,0.0022075055187638,0.0022050725583139,10.843779936,10.54114328,10.426835877333334,0.2336153832026574,-0.008378996567632514,2020-06,0
2020-06-09,10.92047088,sz.000001,平安银行,0.0036710719530101,0.0036643500144918,10.862952672,10.545672136,10.416565336,0.2274796557291879,0.010292075385377686,2020-06,0
2020-06-10,10.77667536,sz.000001,平安银行,-0.0131675201170445,-0.0132549805161936,10.854964032000002,10.549293968,10.404029093333332,0.2286500635658864,0.008727165855715287,2020-06,0
2020-06-11,10.44914112,sz.000001,平安银行,-0.0303928836174944,-0.0308643241906119,10.77667536,10.549497264,10.388128197333334,0.2383357175081861,0.0025455808442369915,2020-06,0
2020-06-12,10.37724336,sz.000001,平安银行,-0.0068807339449541,-0.0069045153465444,10.68081168,10.548854376,10.381107586666666,0.2388894670399032,0.0009280047940195876,2020-06,0
2020-06-15,10.24143648,sz.000001,平安银行,-0.0130869899923016,-0.013173379189984,10.55299344,10.54259916,10.376273810666667,0.2433253775167917,-0.009891411502136814,2020-06,0
2020-06-16,10.29735696,sz.000001,平安银行,0.0054602184087362,0.0054453654585719,10.428370656,10.532857216,10.381534389333334,0.2398690967523352,-0.016552405214612813,2020-06,0
2020-06-17,10.2654024,sz.000001,平安银行,-0.0031031807602793,-0.0031080056098673,10.326116064,10.515627464,10.392545144,0.2356738741488092,-0.030883130885071813,2020-06,0
2020-06-18,10.19350464,sz.000001,平安银行,-0.0070038910505835,-0.0070285334245848,10.274988768,10.499122216,10.398561773333334,0.2352855439018821,-0.029744904985248212,2020-06,0
2020-06-19,10.2254592,sz.000001,平安银行,0.0031347962382444,0.0031298930089275,10.244631936,10.503062952,10.409953933333334,0.1974883656370096,0.00921078677538409,2020-06,0
2020-06-22,10.09764096,sz.000001,平安银行,-0.0124999999999999,-0.01257878220686,10.215872832,10.499042088,10.413194818666666,0.2024255883042666,-0.00638518845681391,2020-06,0
2020-06-23,10.0656864,sz.000001,平安银行,-0.0031645569620252,-0.0031695747612789,10.16953872,10.49028212,10.412499970666666,0.2011632867105554,-0.01572258492501171,2020-06,0
2020-06-24,10.2254592,sz.000001,平安银行,0.0158730158730158,0.0157483569681391,10.16155008,10.49108148,10.41198108,0.2093815219163727,0.0032179156105806885,2020-06,0
2020-06-29,10.2254592,sz.000001,平安银行,0.0,0.0,10.167940992,10.480296816,10.410284173333332,0.1917446148188696,-0.019474783874759913,2020-06,0
2020-06-30,10.2254592,sz.000001,平安银行,0.0,0.0,10.167940992000002,10.472308176,10.411335970666666,0.1910624721635009,-0.014119007287154813,2020-06,1
2020-07-01,10.48109568,sz.000001,平安银行,0.0249999999999999,0.0246926125903714,10.244631936,10.464319536,10.418480845333333,0.1917422001038455,-0.013734391902539316,2020-07,0
2020-07-02,10.72874352,sz.000001,平安银行,0.0236280487804878,0.0233532270192032,10.37724336,10.459526352,10.428575168000002,0.2007590685308635,-0.0073736103893188125,2020-07,0
2020-07-03,11.383812,sz.000001,平安银行,0.0610573343261355,0.0592658961795133,10.60891392,10.487886024000002,10.448540173333331,0.2963342228386821,0.054421731316890584,2020-07,0
2020-07-06,12.52618752,sz.000001,平安银行,0.1003508771929824,0.0956291082076022,11.069059584,10.572166176,10.492256834666666,0.4558978228316688,0.1525569511982039,2020-07,0
2020-07-07,12.36641472,sz.000001,平安银行,-0.0127551020408164,-0.0128371467606808,11.497250688,10.647658824,10.529776568,0.4612121347420345,0.13832800980587698,2020-07,0
2020-07-08,12.59009664,sz.000001,平安银行,0.0180878552971577,0.0179262162681521,11.91905088,10.733137272,10.57233324,0.4625046615470258,0.15420835958427087,2020-07,0
2020-07-09,12.40635792,sz.000001,平安银行,-0.0145939086294416,-0.0147014472691373,12.25457376,10.807431624,10.612351162666666,0.4691173794214175,0.1359433790018192,2020-07,0
2020-07-10,11.87111904,sz.000001,平安银行,-0.0431423052157114,-0.0441005978709825,12.352035168,10.862153808,10.642793984,0.4972588833546294,0.1059685939031523,2020-07,0
2020-07-13,11.89508496,sz.000001,平安银行,0.0020188425302827,0.0020168074063046,12.225814656,10.934451,10.676254050666667,0.479392171384963,0.1383803200509294,2020-07,0
2020-07-14,11.72732352,sz.000001,平安银行,-0.0141034251175284,-0.014203823509548,12.097996416,11.001955008,10.703384045333337,0.4828230263671906,0.13115762887835508,2020-07,0
2020-07-15,11.39978928,sz.000001,平安银行,-0.0279291553133514,-0.0283265916976244,11.859934944,11.059872648,10.724924245333334,0.4935869422021147,0.11631546355730528,2020-07,0
2020-07-16,11.3039256,sz.000001,平安银行,-0.0084092501751927,-0.0084448073994984,11.63944848,11.11020108,10.74735364,0.4961679588726963,0.10244599497337638,2020-07,0
2020-07-17,11.29593696,sz.000001,平安银行,-0.0007067137809185,-0.0007069636208197,11.524412064,11.161727808,10.766901186666669,0.4957137447191077,0.10484246195273718,2020-07,0
2020-07-20,11.76726672,sz.000001,平安银行,0.0417256011315416,0.0408785700061121,11.498848416,11.240415912,10.792995322666664,0.5097276209572131,0.15357195413486227,2020-07,0
2020-07-21,11.57553936,sz.000001,平安银行,-0.0162932790224032,-0.0164274741419479,11.468491584,11.30791992,10.809873032000002,0.51664280786325,0.1341438788742147,2020-07,0
2020-07-22,11.51163024,sz.000001,平安银行,-0.0055210489993098,-0.0055363463211602,11.490859776,11.378619384,10.828565184,0.5137876362807207,0.1411228298749048,2020-07,0
2020-07-23,11.19208464,sz.000001,平安银行,-0.0277585010409439,-0.0281510496625152,11.468491584,11.434939296,10.841931576,0.5275100430182679,0.11652888579598608,2020-07,0
2020-07-24,10.784664,sz.000001,平安银行,-0.0364025695931476,-0.0370816749045318,11.366236992,11.462899536,10.848376733333334,0.5465967095703415,0.06425330032982268,2020-07,0
2020-07-27,10.57695936,sz.000001,平安银行,-0.0192592592592591,-0.0194471349355215,11.12817552,11.480474544,10.847956989333332,0.5523430278781979,0.044994041070563574,2020-07,0
2020-07-28,10.65684576,sz.000001,平安银行,0.0075528700906344,0.0075244899786155,10.9444368,11.502043872,10.848606904,0.5525856229742547,0.05254691116119798,2020-07,0
2020-07-29,10.81661856,sz.000001,平安银行,0.0149925037481259,0.0148812269966513,10.805434464,11.518820016,10.845375165333332,0.5483371871004691,0.042539414909323975,2020-07,0
2020-07-30,10.68081168,sz.000001,平安银行,-0.0125553914327918,-0.0126348763702772,10.703179872,11.516423424,10.841057994666668,0.5445485191689929,0.006355974696044377,2020-07,0
2020-07-31,10.65684576,sz.000001,平安银行,-0.0022438294689604,-0.0022463506263741,10.677616224,11.480075112,10.838435642666669,0.4950062341291927,-0.056945189099051524,2020-07,1
2020-08-03,10.85656176,sz.000001,平安银行,0.0187406296851575,0.0185671876755748,10.733536704,11.396593823999998,10.840189016,0.3248765827048705,-0.13855543660687641,2020-08,0
2020-08-04,11.21605056,sz.000001,平安银行,0.0331125827814569,0.0325761704346126,10.845377664,11.339075616,10.844530712,0.3535012279012538,-0.09268775178460312,2020-08,0
2020-08-05,10.99236864,sz.000001,平安银行,-0.0199430199430198,-0.0201445660924673,10.88052768,11.259189216,10.844489922666666,0.3467916748969833,-0.13071862702478063,2020-08,0
2020-08-06,11.1042096,sz.000001,平安银行,0.0101744186046512,0.0101230076314485,10.965207264,11.1940818,10.849061853333332,0.3502855929850517,-0.10595029979068783,2020-08,0
2020-08-07,10.9444368,sz.000001,平安银行,-0.0143884892086331,-0.0144930073025668,11.022725472,11.147747688,10.853065154666666,0.3228807614031687,-0.07719648378360953,2020-08,0
2020-08-10,11.1441528,sz.000001,平安银行,0.0182481751824818,0.0180836754332955,11.08024368,11.11020108,10.864716448,0.3318154722036459,-0.060967151131410435,2020-08,0
2020-08-11,11.28794832,sz.000001,平安银行,0.0129032258064516,0.0128206884290614,11.094623232,11.08823232,10.879680568,0.3337240286503168,-0.033960500207430425,2020-08,0
2020-08-12,11.48766432,sz.000001,平安银行,0.0176928520877566,0.0175381555964646,11.193682368,11.092626072,10.89836596,0.3253497660152283,0.011661507193677572,2020-08,0
2020-08-13,11.32789152,sz.000001,平安银行,-0.0139082058414464,-0.0140058311889192,11.238418752,11.093824368,10.912294221333331,0.3279407863843986,0.006162551527423872,2020-08,0
2020-08-14,11.55956208,sz.000001,平安银行,0.0204513399153736,0.0202450195394109,11.361443808,11.107005624,10.928120298666666,0.3355832851858758,0.02732060522371597,2020-08,0
2020-08-17,12.13474416,sz.000001,平安银行,0.0497581202487906,0.048559775964289,11.55956208,11.125379496,10.954972541333335,0.3493259951908632,0.03535312434096498,2020-08,0
2020-08-18,12.1027896,sz.000001,平安银行,-0.0026333113890718,-0.0026367846523034,11.722530336,11.151742008,10.98757496,0.343271597226958,0.049013091974296374,2020-08,0
2020-08-19,12.0628464,sz.000001,平安银行,-0.0033003300330032,-0.0033057881344994,11.837566752,11.179302816,11.018988096,0.3426775955042305,0.051233810940602975,2020-08,0
2020-08-20,11.65542576,sz.000001,平安银行,-0.033774834437086,-0.0343583812861843,11.9030736,11.202469872,11.042563762666669,0.3503182010188946,0.04521747754446088,2020-08,0
2020-08-21,11.5435848,sz.000001,平安银行,-0.0095956134338588,-0.0096419479762531,11.899878144,11.240415912,11.064798976,0.3229306191794892,0.07202443370374968,2020-08,0
2020-08-24,11.55157344,sz.000001,平安银行,0.0006920415224913,0.0006918021721774,11.783244,11.289146616,11.083305992,0.3117709334824037,0.09197573448550009,2020-08,0
2020-08-25,11.6634144,sz.000001,平安银行,0.0096818810511756,0.009635311983672,11.69536896,11.339475048,11.104609032,0.3121298738455255,0.09410474544604128,2020-08,0
2020-08-26,11.47967568,sz.000001,平安银行,-0.0157534246575343,-0.0158788286233573,11.578734816,11.372627904000002,11.118589152,0.3177199096900596,0.06335881704038107,2020-08,0
2020-08-27,11.55157344,sz.000001,平安银行,0.0062630480167014,0.006243516639685,11.557964352,11.416165992,11.130705256,0.3123446675569517,0.08217725648987428,2020-08,0
2020-08-28,12.08681232,sz.000001,平安银行,0.0463347164591978,0.0452933110696459,11.666609856,11.48766432,11.151875152,0.3451195098183579,0.13075580241803247,2020-08,0
2020-08-31,12.04686912,sz.000001,平安银行,-0.0033046926635822,-0.0033101652204544,11.765668991999998,11.547179688000002,11.171979896,0.3436495856267154,0.10871048006929278,2020-08,0
2020-09-01,12.09480096,sz.000001,平安银行,0.0039787798408488,0.0039708854294927,11.851946304,11.591117208,11.192617216,0.3277201102704485,0.07957667712868467,2020-09,0
2020-09-02,12.23859648,sz.000001,平安银行,0.0118890356671068,0.0118189163031423,12.003730464,11.653428600000002,11.215251696,0.3161779396649394,0.11140873273881127,2020-09,0
2020-09-03,11.9030736,sz.000001,平安银行,-0.0274151436031331,-0.0277979513610317,12.074030496,11.6933718,11.231628408,0.3364242685477717,0.07381917053102698,2020-09,0
2020-09-04,11.95100544,sz.000001,平安银行,0.0040268456375838,0.0040187595949176,12.04686912,11.743700232,11.251200576,0.3295794450732222,0.09223450537724387,2020-09,0
2020-09-07,11.93502816,sz.000001,平安银行,-0.0013368983957219,-0.0013377928416599,12.024500928,11.783244,11.27596536,0.326146057155238,0.07264943179904018,2020-09,0
2020-09-08,12.32647152,sz.000001,平安银行,0.0327978580990628,0.0322714866703981,12.07083504,11.83517016,11.308452496,0.3409556456868385,0.09254406409165136,2020-09,0
2020-09-09,12.15072144,sz.000001,平安银行,-0.0142579390797148,-0.0143605601038679,12.053260032,11.868323016,11.340273912,0.3435693276478139,0.06059327292417998,2020-09,0
2020-09-10,12.25457376,sz.000001,平安银行,0.0085470085470085,0.0085106896679086,12.123560064,11.914657128,11.372894192,0.338088972298998,0.08304848731263488,2020-09,0
2020-09-11,11.99094864,sz.000001,平安银行,-0.0215123859191656,-0.0217471502937395,12.131548704,11.936226456,11.401653296,0.3440191168191157,0.04108476147809567,2020-09,0
2020-09-14,12.2226192,sz.000001,平安银行,0.0193204530313124,0.0191361827530192,12.189066912,11.940620208,11.435471872,0.302500194583043,0.010647094260617475,2020-09,0
2020-09-15,12.2625624,sz.000001,平安银行,0.0032679738562091,0.0032626456348163,12.176285088,11.948608848,11.469423591999998,0.3024063714622916,0.016548379505898374,2020-09,0
2020-09-16,12.33446016,sz.000001,平安银行,0.0058631921824103,0.0058460705634239,12.213032832,11.962189536,11.506703912,0.3024967550188536,0.025711901721311877,2020-09,0
2020-09-17,12.43831248,sz.000001,平安银行,0.008419689119171,0.0083844412492768,12.249780576,12.001333872,11.54624768,0.2733040919276172,0.06790642527756888,2020-09,0
2020-09-18,12.83774448,sz.000001,平安银行,0.0321130378933847,0.0316081939035142,12.419139744,12.066041856,11.589785768,0.2867775501628356,0.10961507660481239,2020-09,0
2020-09-21,12.66998304,sz.000001,平安银行,-0.0130678282514,-0.0131539635427192,12.508612512,12.121962336,11.630527832000002,0.2938959771978133,0.09585520683092108,2020-09,0
2020-09-22,12.43831248,sz.000001,平安银行,-0.0182849936948297,-0.0184542303607949,12.543762528,12.16070724,11.66740872,0.3043071671998011,0.06788833208491579,2020-09,0
2020-09-23,12.48624432,sz.000001,平安银行,0.0038535645472062,0.0038461585874783,12.57411936,12.211035672,11.700827864,0.2957835454478385,0.08749532128965627,2020-09,0
2020-09-24,12.07882368,sz.000001,平安银行,-0.0326295585412669,-0.0331737736819984,12.5022216,12.237398184,11.723329199999998,0.3234176969177074,0.04860271473168798,2020-09,0
2020-09-25,12.13474416,sz.000001,平安银行,0.0046296296296297,0.0046189458562946,12.361621536,12.239794776,11.735844736,0.279183641647788,0.006897627902119876,2020-09,0
2020-09-28,12.23060784,sz.000001,平安银行,0.0078999341672152,0.0078688930619108,12.273746496,12.248981712,11.730918408,0.2800725597827768,0.018102254732917277,2020-09,0
2020-09-29,11.8231872,sz.000001,平安银行,-0.0333115610711952,-0.0338790288995229,12.15072144,12.235401024000002,11.721864616,0.3048301477896917,-0.01918808617912672,2020-09,0
2020-09-30,12.11876688,sz.000001,平安银行,0.0250000000000001,0.0246926125903716,12.077225952,12.229409544,11.714009120000002,0.3155246871696641,-0.0060771218462334214,2020-09,0
2020-10-09,12.12675552,sz.000001,平安银行,0.0006591957811468,0.0006589786070428,12.08681232,12.24059364,11.70934908,0.2988255971981916,0.02199721753804648,2020-10,0
2020-10-12,12.7019376,sz.000001,平安银行,0.0474308300395258,0.0463403372587021,12.200251008,12.278140248,11.723196056,0.3411801999779364,0.06540120193998848,2020-10,0
2020-10-13,12.82975584,sz.000001,平安银行,0.010062893081761,0.0100125992924297,12.320080608,12.322876632,11.738773904,0.3415380596472547,0.07680099341747137,2020-10,0
2020-10-14,12.80578992,sz.000001,平安银行,-0.0018679950186799,-0.001869741897154,12.516601152000002,12.346842552,11.756748343999998,0.3242862461002956,0.042135140299728674,2020-10,0
2020-10-15,13.22918784,sz.000001,平安银行,0.0330630068621333,0.0325281823356519,12.738685344,12.400765872,11.78723832,0.3359086260756159,0.08945608624157678,2020-10,0
2020-10-16,13.6605744,sz.000001,平安银行,0.0326086956521738,0.0320883145515004,13.04544912,12.471065904,11.8265158,0.350328410501175,0.11351777334674207,2020-10,0
2020-10-19,13.96414272,sz.000001,平安银行,0.0222222222222221,0.0219789067187751,13.297890144000002,12.569725608,11.870985896,0.3395417628338636,0.15725238148812978,2020-10,0
2020-10-20,14.01207456,sz.000001,平安银行,0.0034324942791761,0.0034266167166475,13.534353887999998,12.659198376,11.90839936,0.3371057683538446,0.14136442273599348,2020-10,0
2020-10-21,14.30765424,sz.000001,平安银行,0.0210946408209806,0.0208752291285834,13.834726752,12.761452968,11.953934608,0.3403636419894151,0.15919108970076498,2020-10,0
2020-10-22,14.02805184,sz.000001,平安银行,-0.0195421552205471,-0.0197356278656497,13.994499552,12.846132552,11.995874968,0.354108186851654,0.1337857422978076,2020-10,0
2020-10-23,14.48340432,sz.000001,平安银行,0.0324601366742596,0.031944436559789,14.159065536,12.948387144,12.050730296,0.3657569909672996,0.15782618985289618,2020-10,0
2020-10-26,14.1398928,sz.000001,平安银行,-0.0237175951461665,-0.0240033851869762,14.194215552,13.013494560000002,12.106650776,0.3703798153316579,0.10199555681334499,2020-10,0
2020-10-27,14.18782464,sz.000001,平安银行,0.0033898305084745,0.0033840979842404,14.229365568,13.08938664,12.166831864,0.3642289190232362,0.11845321557321947,2020-10,0
2020-10-28,14.08397232,sz.000001,平安银行,-0.0073198198198197,-0.007346741154245,14.184629184,13.171669632,12.22395064,0.3565620442770526,0.1294183894482295,2020-10,0
2020-10-29,14.19581328,sz.000001,平安银行,0.0079410096426544,0.0079096457567809,14.218181472,13.25714808,12.280270552,0.3564592766259257,0.1335058345436777,2020-10,0
2020-10-30,14.179836,sz.000001,平安银行,-0.0011254924029262,-0.0011261262451351,14.157467808000002,13.362198695999998,12.338587624,0.3266837139798418,0.1650099006820184,2020-10,0
2020-11-02,14.08397232,sz.000001,平安银行,-0.0067605633802816,-0.0067835195116458,14.146283712000002,13.459660104,12.3957064,0.33083369930187,0.1536197076721071,2020-11,0
2020-11-03,14.34759744,sz.000001,平安银行,0.0187180941576856,0.0185450664642745,14.178238271999998,13.565509584,12.453890328,0.3331491828190048,0.16443786766257748,2020-11,0
2020-11-04,14.63518848,sz.000001,平安银行,0.0200445434298441,0.0198462963719307,14.288481504,13.706109648,12.51087596,0.2967743134631072,0.2177939721636168,2020-11,0
2020-11-05,14.1398928,sz.000001,平安银行,-0.0338427947598253,-0.0344287196662007,14.277297408,13.807165944,12.563334696,0.331176159274344,0.1589511774037914,2020-11,0
2020-11-06,14.09196096,sz.000001,平安银行,-0.0033898305084746,-0.0033955890011382,14.2597224,13.905426216,12.613130552,0.332666548830221,0.15490215111417,2020-11,0
2020-11-09,14.25173376,sz.000001,平安银行,0.0113378684807257,0.0112740765732181,14.293274688,13.982916024,12.668252168,0.2984718377892505,0.11880918955536988,2020-11,0
2020-11-10,14.46742704,sz.000001,平安银行,0.015134529147982,0.0150211447434587,14.317240608,14.064799584,12.723640071999998,0.2999402061284694,0.12388082562159088,2020-11,0
2020-11-11,14.22776784,sz.000001,平安银行,-0.0165654334621756,-0.0167041745937517,14.23575648,14.13589848,12.772637064,0.3095626747577977,0.1091833871780952,2020-11,0
2020-11-12,14.10793824,sz.000001,平安银行,-0.008422234699607,-0.0084579021257563,14.229365568,14.179836,12.816308296,0.2951902910426784,0.06769814561635487,2020-11,0
2020-11-13,13.72448352,sz.000001,平安银行,-0.0271800679501698,-0.0275562786197045,14.15587008,14.183031456,12.856251496,0.2929680267838476,0.007909382014011278,2020-11,0
2020-11-16,13.87626768,sz.000001,平安银行,0.0110593713620488,0.0109986636969041,14.080776864,14.178637704,12.894863256,0.2844947036267199,-0.003253468846162023,2020-11,0
2020-11-17,14.24374512,sz.000001,平安银行,0.0264824409902129,0.0261378516220353,14.03604048,14.190221232,12.930013271999998,0.299716217333675,0.019796477864874776,2020-11,0
2020-11-18,14.74702944,sz.000001,平安银行,0.0353337072349972,0.0347237971996571,14.139892800000002,14.212189992,12.974083936,0.3161933957755947,0.034035544278891376,2020-11,0
2020-11-19,15.0585864,sz.000001,平安银行,0.0211267605633802,0.0209066848193136,14.330022431999998,14.26371672,13.024012936,0.3128902179248102,0.07470446006281868,2020-11,0
2020-11-20,15.06657504,sz.000001,平安银行,0.0005305039787799,0.0005303633112917,14.598440736,14.292875256,13.080865424,0.2939671886061081,0.04277482736733898,2020-11,0
2020-11-23,15.67371168,sz.000001,平安银行,0.0402969247083775,0.0395061769319056,14.957929536,14.3695662,13.149700872,0.3068287392516827,0.10678934722188299,2020-11,0
2020-11-24,15.46600704,sz.000001,平安银行,-0.0132517838939858,-0.0133403722887861,15.20238192,14.43347532,13.214941432,0.3138375539695003,0.09014773281942268,2020-11,0
2020-11-25,15.22634784,sz.000001,平安银行,-0.0154958677685949,-0.0156171836223747,15.2982456,14.490594096,13.274323656000002,0.319219958146201,0.08197168487064747,2020-11,0
2020-11-26,15.577848,sz.000001,平安银行,0.0230849947534101,0.0228225673436449,15.40209792,14.559695832,13.342626528,0.3260899045536687,0.09711566998140317,2020-11,0
2020-11-27,15.7376208,sz.000001,平安银行,0.0102564102564102,0.0102041701742416,15.536307072,14.637585071999998,13.412393984,0.3258236647141108,0.10849757264073957,2020-11,0
2020-11-30,15.76957536,sz.000001,平安银行,0.0020304568527917,0.0020283982613926,15.555479807999998,14.721865224000002,13.473773368,0.3229446543224387,0.11728859287381288,2020-11,0
2020-12-01,16.0172232,sz.000001,平安银行,0.0157041540020264,0.0155821197472427,15.66572304,14.805346512,13.539945936,0.3215277156752457,0.11427465271815368,2020-12,0
2020-12-02,15.68170032,sz.000001,平安银行,-0.0209476309226933,-0.0211701454642085,15.756793536,14.857672104,13.599727592,0.3301055498044665,0.07328247836561627,2020-12,0
2020-12-03,15.60980256,sz.000001,平安银行,-0.0045848191543554,-0.0045953616737329,15.763184448,14.931167592,13.65591436,0.3010752152571594,0.10254045397108619,2020-12,0
2020-12-04,15.4180752,sz.000001,平安银行,-0.0122824974411464,-0.0123585507037968,15.699275328,14.997473304,13.71449772,0.3060256935829488,0.09364778703841439,2020-12,0
2020-12-07,15.10651824,sz.000001,平安银行,-0.0202072538860104,-0.0204142132404737,15.566663904,15.040212528,13.7670896,0.3172077781727405,0.062102664671678284,2020-12,0
2020-12-08,14.94674544,sz.000001,平安银行,-0.0105764145954521,-0.0106327423843678,15.352568352,15.064178448000002,13.817284888,0.3174047727910714,0.03639172092824419,2020-12,0
2020-12-09,14.94674544,sz.000001,平安银行,0.0,0.0,15.205577376000004,15.100127328,13.86095612,0.3100397671016035,0.052957154390419786,2020-12,0
2020-12-10,14.8988136,sz.000001,平安银行,-0.0032068412613576,-0.0032119941961737,15.063379584,15.139671095999995,13.906757656,0.3081166783411115,0.05817254782866919,2020-12,0
2020-12-11,14.79496128,sz.000001,平安银行,-0.0069705093833779,-0.0069949168717911,14.938756800000002,15.193194984000002,13.949097448000002,0.2897446394444598,0.07838210639546109,2020-12,0
2020-12-14,15.08255232,sz.000001,平安银行,0.019438444924406,0.0192519314993213,14.933963616,15.253509216,14.000624176,0.2939789548945875,0.08676117995781828,2020-12,0
2020-12-15,14.97071136,sz.000001,平安银行,-0.0074152542372881,-0.0074428839070785,14.938756799999998,15.289857528000002,14.046425712,0.284587238343668,0.05286348473031729,2020-12,0
2020-12-16,15.18640464,sz.000001,平安银行,0.0144076840981857,0.0143048796900616,14.98668864,15.311826288,14.095156416,0.261459784526097,0.031937461593505787,2020-12,0
2020-12-17,15.1384728,sz.000001,平安银行,-0.0031562335612834,-0.0031612249719023,15.03462048,15.315820608,14.14188996,0.2514180442041018,0.007654467468842184,2020-12,0
2020-12-18,14.66714304,sz.000001,平安银行,-0.0311345646437996,-0.031629546336091,15.009056832,15.295849008,14.179037136,0.2751738147069598,-0.024010601153737317,2020-12,0
2020-12-21,14.60323392,sz.000001,平安银行,-0.0043572984749454,-0.0043668191663404,14.913193152,15.24232512,14.20846196,0.2273560856205532,-0.06866482433706021,2020-12,0
2020-12-22,14.2996656,sz.000001,平安银行,-0.0207877461706782,-0.0210068531792945,14.778984,15.184008048,14.235623336,0.2331718088195925,-0.07620078661375262,2020-12,0
2020-12-23,14.379552,sz.000001,平安银行,0.0055865921787709,0.0055710450494554,14.617613472,15.141668256,14.267977328,0.2311584593454342,-0.05511832666638682,2020-12,0
2020-12-24,14.58725664,sz.000001,平安银行,0.0144444444444444,0.0143411172706577,14.50737024,15.092138688,14.3029942,0.2201184919124104,-0.06375887697535251,2020-12,0
2020-12-25,14.41150656,sz.000001,平安银行,-0.0120481927710843,-0.0121213605323448,14.456242944,15.025832976,14.341872248,0.2162547551399441,-0.08606348000284703,2020-12,0
2020-12-28,15.0585864,sz.000001,平安银行,0.04490022172949,0.0439213992595421,14.54731344,14.990283527999996,14.390602951999998,0.2777140055591305,-0.04319371512614872,2020-12,0
2020-12-29,15.31422288,sz.000001,平安银行,0.0169761273209549,0.0168336431635334,14.750224896,14.955133512,14.441996536,0.2788336318718079,-0.04192174180722022,2020-12,0
2020-12-30,15.3381888,sz.000001,平安银行,0.0015649452269168,0.0015637219761825,14.941952256,14.937957935999998,14.500579896,0.2699562797371551,-0.019409165657610125,2020-12,0
2020-12-31,15.45002976,sz.000001,平安银行,0.0072916666666666,0.0072652109914124,15.11450688,14.929969296,14.556100944,0.2711364386718803,-0.007532679836588124,2020-12,1
2021-01-04,14.8588704,sz.000001,平安银行,-0.0382626680455014,-0.0390139093059926,15.203979648,14.902009056,14.601636192,0.3003741078220204,-0.033512850440943126,2021-01,0
2021-01-05,14.51535888,sz.000001,平安银行,-0.0231182795698924,-0.0233896983110757,15.095334144,14.872451088,14.63185988,0.3029230372242149,-0.03642387612482513,2021-01,0
2021-01-06,15.62577984,sz.000001,平安银行,0.0764997248211336,0.0737147821985913,15.157645536,14.906402808,14.67846028,0.4087491630597637,0.05065226329176056,2021-01,0
2021-01-07,15.8973936,sz.000001,平安银行,0.0173824130879345,0.0172330671237754,15.269486496,14.953935216,14.729987008,0.4119650235082084,0.06803467637969507,2021-01,0
2021-01-08,15.8574504,sz.000001,平安银行,-0.0025125628140703,-0.0025157245972472,15.350970624000002,15.001867056,14.773791384,0.4118246547603996,0.06872895482698237,2021-01,0
2021-01-11,16.28084832,sz.000001,平安银行,0.0267002518891688,0.0263500206613793,15.635366208,15.076161408,14.817462616,0.4178388798888597,0.10239971609952907,2021-01,0
2021-01-12,16.776144,sz.000001,平安银行,0.0304219823356231,0.0299684099288441,16.087523232000002,15.160840992,14.864329304,0.4245952100863923,0.11338325351074616,2021-01,0
2021-01-13,16.5364848,sz.000001,平安银行,-0.0142857142857142,-0.0143887374520995,16.269664224,15.239129663999998,14.906402808,0.4280893151394342,0.10651279346232005,2021-01,0
2021-01-14,16.11308688,sz.000001,平安银行,-0.0256038647342994,-0.0259373483052028,16.31280288,15.285463776,14.936493352,0.4402190309799751,0.06650124462983495,2021-01,0
2021-01-15,16.776144,sz.000001,平安银行,0.0411502231036191,0.0403260857573025,16.4965416,15.367347336,14.982294888,0.4592493817533716,0.11080770129473747,2021-01,0
2021-01-18,18.1342128,sz.000001,平安银行,0.0809523809523811,0.0778424867639341,16.867214496,15.540700823999998,15.043141696,0.5100646573544053,0.22289464689091815,2021-01,0
2021-01-19,17.84662176,sz.000001,平安银行,-0.0158590308370043,-0.0159861308463022,17.081310048,15.702870216,15.104920512,0.5162968665626092,0.21139291452885925,2021-01,0
2021-01-20,17.95047408,sz.000001,平安银行,0.005819158460161,0.005802292556183,17.364107904,15.88541064,15.167631336,0.5033396669921127,0.23799981915969845,2021-01,0
2021-01-21,17.75874672,sz.000001,平安银行,-0.0106809078771694,-0.0107383582211324,17.693239872,16.054370376,15.228877576,0.5093226049498876,0.22173231910375815,2021-01,0
2021-01-22,17.59897392,sz.000001,平安银行,-0.0089968511021143,-0.0090375671618535,17.857805856,16.20495624,15.28559692,0.5140478666117771,0.19829102355719946,2021-01,0
2021-01-25,17.96645136,sz.000001,平安银行,0.0208806173399911,0.0206656051569727,17.824253568,16.38270348,15.348707176,0.5086486543643204,0.23121983366827484,2021-01,0
2021-01-26,17.87058768,sz.000001,平安银行,-0.00533570475767,-0.005349990469186,17.829046752,16.523303543999997,15.411817432,0.4960790556830368,0.18098390718111484,2021-01,0
2021-01-27,18.43778112,sz.000001,平安银行,0.0317389360751005,0.0312456661378605,17.92650816,16.679481455999998,15.47998716,0.5019409226458109,0.19574671593526044,2021-01,0
2021-01-28,18.22208784,sz.000001,平安银行,-0.0116984402079722,-0.0117674053436021,18.019176384,16.823676408,15.539768816,0.5070050516325778,0.18248333050037144,2021-01,0
2021-01-29,18.44576976,sz.000001,平安银行,0.0122753178430512,0.0122005870701072,18.188535552,16.973463408,15.611533432,0.5070747609129961,0.18746698167675604,2021-01,0
2021-02-01,19.6121112,sz.000001,平安银行,0.0632308358596795,0.0613122308741256,18.51766752,17.211125448,15.703535936,0.5085946727113858,0.288960485581937,2021-02,0
2021-02-02,18.59755392,sz.000001,平安银行,-0.0517311608961303,-0.0531172313772925,18.663060768,17.4152352,15.775966272,0.5454326122351851,0.260347604255699,2021-02,0
2021-02-03,19.9316568,sz.000001,平安银行,0.0717353951890034,0.0692791993342905,18.961835904,17.630529048,15.867036768,0.5382934459848744,0.25558327462356883,2021-02,0
2021-02-04,19.6520544,sz.000001,平安银行,-0.0140280561122243,-0.0141273792592104,19.247829216,17.818262088,15.957441544,0.5462195250514225,0.22417280542341006,2021-02,0
2021-02-05,19.91567952,sz.000001,平安银行,0.0134146341463414,0.0133254545971494,19.541811168,18.021173544,16.054237232000002,0.5438336262377005,0.24010000238382176,2021-02,0
2021-02-08,19.8118272,sz.000001,平安银行,-0.0052146008824709,-0.00522824436453,19.581754368,18.197722488,16.15569296,0.5441948957124839,0.20818514961218207,2021-02,0
2021-02-09,19.63607712,sz.000001,平安银行,-0.0088709677419355,-0.0089105490330477,19.789459008,18.340719144,16.251689784,0.5429018972730204,0.16889219953462348,2021-02,0
2021-02-10,19.02894048,sz.000001,平安银行,-0.0309194467046379,-0.0314075402107347,19.608915744,18.465341928,16.33144304,0.5552098608386384,0.15225846711569974,2021-02,0
2021-02-18,19.4123952,sz.000001,平安银行,0.0201511335012594,0.0199507864193486,19.560983904,18.630307344,16.409199136,0.5425133556764478,0.19801346535125855,2021-02,0
2021-02-19,19.0529064,sz.000001,平安银行,-0.0185185185185183,-0.0186921330121524,19.388429280000004,18.744145464,16.475771136,0.5382561910612679,0.13834472372912116,2021-02,0
2021-02-22,17.87857632,sz.000001,平安银行,-0.0616352201257861,-0.063616514450571,19.001779104,18.73136364,16.522637824,0.5156241501240028,-0.004242877349046034,2021-02,0
2021-02-23,17.51908752,sz.000001,平安银行,-0.0201072386058981,-0.0203121404539823,18.578381184,18.714986928,16.553394088,0.5175508637189025,-0.008491085117939834,2021-02,0
2021-02-24,17.70282624,sz.000001,平安银行,0.0104879160966713,0.0104332994492863,18.313158335999997,18.702604536000003,16.590674407999998,0.5185622380316003,-0.0038223274814295355,2021-02,0
2021-02-25,17.64690576,sz.000001,平安银行,-0.003158844765343,-0.0031638444470572,17.960060448,18.697012488,16.63101704,0.5172297991960557,0.003699735630396864,2021-02,0
2021-02-26,17.07971232,sz.000001,平安银行,-0.0321412403802625,-0.0326691118351266,17.565421632,18.671049408,16.656048112,0.529068115660742,-0.01944465364775133,2021-02,1
2021-03-01,17.1356328,sz.000001,平安银行,0.0032740879326473,0.0032687397771268,17.416832927999998,18.62950848,16.679348312,0.5230801735491031,-0.037051183055095124,2021-03,0
2021-03-02,17.2954056,sz.000001,平安银行,0.0093240093240092,0.0092808090744727,17.372096543999998,18.600749376000003,16.704778816,0.5243722097082172,-0.022391468973415932,2021-03,0
2021-03-03,18.38186064,sz.000001,平安银行,0.0628175519630485,0.0609234495987756,17.507903424,18.597953352,16.74418944,0.5605576695778747,0.008687146914532082,2021-03,0
2021-03-04,18.30996288,sz.000001,平安银行,-0.0039113428943936,-0.0039190122007356,17.640514848,18.602347103999996,16.787993816,0.5590015776164567,0.016474244228110682,2021-03,0
2021-03-05,17.84662176,sz.000001,平安银行,-0.025305410122164,-0.0256310982054841,17.793896736,18.572389704,16.825274136,0.5646786937278865,-0.02110648373710452,2021-03,0
2021-03-08,17.2554624,sz.000001,平安银行,-0.0331244404655328,-0.0336854789509355,17.817862656,18.454557264,16.855897256,0.5210877660197131,-0.1174617600623168,2021-03,0
2021-03-09,16.6563144,sz.000001,平安银行,-0.0347222222222222,-0.0353393664453088,17.690044416,18.357495288000003,16.881727192,0.5044672829098483,-0.10045282138840872,2021-03,0
2021-03-10,16.2968256,sz.000001,平安银行,-0.0215827338129497,-0.0218190473946398,17.273037408,18.175753728,16.904228528,0.4173795650506888,-0.19377095039036182,2021-03,0
2021-03-11,16.99183728,sz.000001,平安银行,0.0426470588235294,0.0417627283619751,17.009412288,18.042742872,16.938313392,0.4562387831595129,-0.13709583545460813,2021-03,0
2021-03-12,17.15959872,sz.000001,平安银行,0.0098730606488013,0.0098246404285183,16.87200768,17.904938832,16.975993144,0.4543210942589803,-0.1406374089521482,2021-03,0
2021-03-15,17.2554624,sz.000001,平安银行,0.0055865921787707,0.0055710450494552,16.87200768,17.777120592,17.017001496,0.4565066505089655,-0.12983621589090663,2021-03,0
2021-03-16,17.30339424,sz.000001,平安银行,0.0027777777777777,0.0027739268827252,17.001423648,17.660486448,17.054015527999997,0.4575728376236872,-0.11818747037119341,2021-03,0
2021-03-17,16.9359168,sz.000001,平安银行,-0.0212373037857801,-0.0214660598948776,17.129241888000003,17.555835264000002,17.086768952,0.4518082537282771,-0.10850532745233561,2021-03,0
2021-03-18,17.35931472,sz.000001,平安银行,0.0249999999999999,0.0246926125903714,17.202737376,17.45318124,17.12298412,0.4557594159701726,-0.10365646095359511,2021-03,0
2021-03-19,16.35274608,sz.000001,平安银行,-0.0579843534284399,-0.0597333945951401,17.041366848000003,17.318173224,17.143222008000002,0.4912257297487059,-0.1431222958635167,2021-03,0
2021-03-22,17.2155192,sz.000001,平安银行,0.0527601367855399,0.0514154168765587,17.033378208,17.285020367999998,17.185694943999998,0.4907890705091272,-0.028726938952190716,2021-03,0
2021-03-23,16.95988272,sz.000001,平安银行,-0.0148491879350347,-0.014960540834592,16.964675904,17.257060128,17.224972424,0.4884855274857891,-0.023468888281327316,2021-03,0
2021-03-24,16.40067792,sz.000001,平安银行,-0.0329722091380122,-0.0335280446843225,16.857628127999998,17.191952712,17.259989296,0.4989720652898097,-0.06692901351601081,2021-03,0
2021-03-25,16.576428,sz.000001,平安银行,0.0107160253287872,0.0106590156458651,16.701050784,17.138428824,17.296603896,0.5014656733972639,-0.053054143421880626,2021-03,0
2021-03-26,16.88798496,sz.000001,平安银行,0.0187951807228916,0.0186207337653843,16.808098559999998,17.128842456,17.334949368000004,0.4942824743033267,-0.00211772231872652,2021-03,0
2021-03-29,17.16758736,sz.000001,平安银行,0.0165562913907284,0.0164207302123274,16.798512191999997,17.130440184,17.380884048,0.4977236953797141,0.011164481139354579,2021-03,0
2021-03-30,17.51908752,sz.000001,平安银行,0.0204746393671475,0.0202678517753777,16.910353152,17.14162428,17.421892399999997,0.5018847541466304,0.022315111182492877,2021-03,0
2021-03-31,17.58299664,sz.000001,平安银行,0.0036479708162335,0.0036413331085735,17.146816896,17.10168108,17.459705296,0.4462704181608218,-0.03685446996432212,2021-03,0
2021-04-01,17.39925792,sz.000001,平安银行,-0.0104497955474784,-0.0105047780335559,17.31138288,17.056145832000002,17.494056448,0.4472747889619446,-0.043392922617406925,2021-04,0
2021-04-02,17.175576,sz.000001,平安银行,-0.0128558310376492,-0.0129391823711972,17.368901088,17.022593544,17.522815552,0.4408710102309399,-0.03094334353289212,2021-04,0
2021-04-06,17.31937152,sz.000001,平安银行,0.0083720930232558,0.0083372414378283,17.39925792,17.025789,17.563823904,0.4257995821740372,0.010553189955896478,2021-04,0
2021-04-07,17.28741696,sz.000001,平安银行,-0.0018450184501844,-0.0018467225931646,17.352923808,17.057344128000004,17.610024872,0.4051949457705589,0.04343039372793428,2021-04,0
2021-04-08,17.22350784,sz.000001,平安银行,-0.0036968576709797,-0.0037037079374844,17.281026048,17.10367824,17.636653672,0.3961611055804551,0.06131626986990428,2021-04,0
2021-04-09,17.0158032,sz.000001,平安银行,-0.0120593692022262,-0.0121326733254169,17.204335104000002,17.104876536,17.655293832,0.3704242126845528,0.0066098418441486815,2021-04,0
2021-04-12,16.5364848,sz.000001,平安银行,-0.0281690140845071,-0.0285733724440561,17.076516864,17.07372084,17.666611072000002,0.3818628693196995,-0.031432232889159716,2021-04,0
2021-04-13,16.60039392,sz.000001,平安银行,0.0038647342995168,0.0038572853997578,16.932721344,17.040967416,17.671936831999997,0.381483498552373,-0.03315409076841362,2021-04,0
2021-04-14,16.51251888,sz.000001,平安银行,-0.005293551491819,-0.0053076119774044,16.777741728000002,17.001423648,17.667543079999998,0.381314640855316,-0.041225420038010316,2021-04,0
2021-04-15,16.26487104,sz.000001,平安银行,-0.0149975810353167,-0.0151111820113548,16.586014368,16.967871359999997,17.663016184,0.3777796564605579,-0.03498569728754692,2021-04,0
2021-04-16,16.18498464,sz.000001,平安银行,-0.0049115913555991,-0.0049236928617846,16.419850656,16.909154856,17.66421448,0.3643715991883561,-0.06489728864314592,2021-04,0
2021-04-19,16.8959736,sz.000001,平安银行,0.0439289239881541,0.0429914066717498,16.491748416,16.936316232000003,17.666211640000004,0.3400770481180456,0.037015988773448076,2021-04,0
2021-04-20,17.32736016,sz.000001,平安银行,0.025531914893617,0.025211419346496,16.637141664,16.94190828,17.652764096,0.297024804497723,0.009787766881525172,2021-04,0
2021-04-21,18.38186064,sz.000001,平安银行,0.060857538035961,0.0590775792084913,17.011010016,17.013007176,17.661684744000002,0.3600520742189364,0.08549449285252086,2021-04,0
2021-04-22,18.35789472,sz.000001,平安银行,-0.0013037809647977,-0.0013046316266647,17.429614752,17.110868016,17.668475088,0.3331437183624001,0.11716292102573538,2021-04,0
2021-04-23,18.60554256,sz.000001,平安银行,0.0134899912967798,0.01339981147564,17.913726336,17.212323744000003,17.682588352,0.3338250297180776,0.11993688699372798,2021-04,0
2021-04-26,18.32594016,sz.000001,平安银行,-0.0150279089738085,-0.015141972195025,18.199719648,17.284221503999998,17.694704456,0.3381876337289461,0.08611379729702788,2021-04,0
2021-04-27,18.32594016,sz.000001,平安银行,0.0,0.0,18.399435648,17.342139144,17.700695936,0.335327428043876,0.06955750590629949,2021-04,0
2021-04-28,18.6534744,sz.000001,平安银行,0.0178727114210985,0.0177148724136817,18.4537584,17.398858488,17.713744048000002,0.3337014790896705,0.06695557796025048,2021-04,0
2021-04-29,18.84520176,sz.000001,平安银行,0.0102783725910062,0.0102259093046772,18.551219808000003,17.461968744,17.720534392,0.3346093229567553,0.07358597973502318,2021-04,0
2021-04-30,18.60554256,sz.000001,平安银行,-0.012717253073336,-0.0127988095233339,18.551219808,17.522282976,17.726925304,0.3359732236346662,0.07131852220916557,2021-04,0
2021-05-06,18.773304,sz.000001,平安银行,0.009016745384285,0.0089763372538636,18.640692576,17.602169376,17.732384208,0.3307235749411547,0.09319109863109977,2021-05,0
2021-05-07,19.2126792,sz.000001,平安银行,0.0234042553191489,0.0231345754016568,18.818040384,17.696834759999998,17.725727008,0.3372026395387029,0.10822326092699289,2021-05,0
2021-05-10,19.06089504,sz.000001,平安银行,-0.0079002079002079,-0.0079315798820001,18.899524512,17.785508663999998,17.733449359999998,0.3396072798951065,0.10216807147696938,2021-05,0
2021-05-11,18.79726992,sz.000001,平安银行,-0.0138306789606033,-0.0139272139304987,18.889938144,17.864196768,17.714542912,0.3449551004991644,0.09203425018734578,2021-05,0
2021-05-12,18.8132472,sz.000001,平安银行,0.0008499787505311,0.0008496177231555,18.931479072,17.954068968,17.700562792000003,0.3396887532989305,0.10494359814010308,2021-05,0
2021-05-13,18.42979248,sz.000001,平安银行,-0.0203821656050955,-0.0205927482767644,18.862776768,18.048734352,17.675798008,0.3305300613295237,0.11273044661951469,2021-05,0
2021-05-14,18.77600472,sz.000001,平安银行,0.0187854659989095,0.0186111982174315,18.775441872,18.157514892,17.658534299999996,0.333697434205827,0.12765117831890738,2021-05,0
2021-05-17,19.0014456,sz.000001,平安银行,0.0120068610634649,0.0119353505492728,18.763551984,18.281961228,17.647957108,0.331310813523511,0.1449515908741913,2021-05,0
2021-05-18,19.2429894,sz.000001,平安银行,0.0127118644067796,0.0126317469059005,18.85269588,18.430867146,17.65152459,0.3210770224058689,0.1726610363162876,2021-05,0
2021-05-19,19.0014456,sz.000001,平安银行,-0.0125523012552301,-0.0126317469059005,18.89033556,18.571690194,17.644675430000003,0.3264525611188145,0.1650203264166566,2021-05,0
2021-05-20,19.17857772,sz.000001,平安银行,0.0093220338983051,0.0092788518955896,19.040092608,18.6858204,17.646769952,0.2981768247996068,0.13041343632680757,2021-05,0
2021-05-21,18.91287954,sz.000001,平安银行,-0.0138539042821159,-0.0139507652563327,19.067467572,18.765096369,17.664008339000002,0.2976455582315759,0.09102761715107469,2021-05,0
2021-05-24,18.90482808,sz.000001,平安银行,-0.000425713069391,-0.0004258037109255,19.048144068,18.791244741,17.687104015,0.2106692933495611,0.029744366045722677,2021-05,0
2021-05-25,19.8065916,sz.000001,平安银行,0.0477001703577513,0.0465974479784214,19.160864508,18.863679585,17.722166771,0.2664789418432797,0.07874831736827168,2021-05,0
2021-05-26,20.13670146,sz.000001,平安银行,0.0166666666666666,0.0165293019512105,19.387915680000003,18.940237529999997,17.763663366,0.2682221633092265,0.08192499273815848,2021-05,0
2021-05-27,19.95956934,sz.000001,平安银行,-0.008796481407437,-0.0088353988424285,19.544114004,19.021918989,17.811660983000003,0.2631942876693124,0.08815642030452997,2021-05,0
2021-05-28,19.726077,sz.000001,平安银行,-0.0116982654296088,-0.0117672284964179,19.706753495999997,19.091925831,17.854835053000002,0.2690043399612429,0.07645815487492118,2021-05,0
2021-05-31,19.4845332,sz.000001,平安银行,-0.0122448979591835,-0.0123204843880405,19.82269452,19.133478771,17.891320513,0.2693843058419107,0.04634054549463918,2021-05,1
2021-06-01,19.25909232,sz.000001,平安银行,-0.0115702479338842,-0.0116377040802097,19.713194664000003,19.154173299,17.905941041,0.2719716230982188,0.024491924969748776,2021-06,0
2021-06-02,19.23493794,sz.000001,平安银行,-0.0012541806020067,-0.0012549677447129,19.53284196,19.185643067999997,17.921357291999996,0.2671795057382012,0.03595499744107808,2021-06,0
2021-06-03,19.13832042,sz.000001,平安银行,-0.0050230221850146,-0.0050356799656155,19.368592176,19.203893889,17.942885603,0.2667958320910103,0.02191522987177848,2021-06,0
2021-06-04,19.75828284,sz.000001,平安银行,0.0323937736642827,0.0318801579106628,19.375033344,19.231174071,17.984599276999997,0.2784203600448606,0.03090474821691228,2021-06,0
2021-06-07,19.5650478,sz.000001,平安银行,-0.0097799511002445,-0.0098280889362626,19.391136264,19.256381709,18.033078167,0.2793445779079922,0.029025005016875674,2021-06,0
2021-06-08,19.75023138,sz.000001,平安银行,0.0094650205761317,0.0094205079238952,19.489364076,19.304029782,18.090634930000004,0.2746412719264111,0.05232070455361068,2021-06,0
2021-06-09,19.8468489,sz.000001,平安银行,0.0048919690175297,0.0048800422183013,19.611746267999997,19.355709867,18.138218457,0.2746713091610697,0.05636269482060929,2021-06,0
2021-06-10,19.4845332,sz.000001,平安银行,-0.0182555780933062,-0.0184242673260583,19.680988824,19.408446903,18.176967365,0.2723831285371675,0.05848928233239857,2021-06,0
2021-06-11,18.81626202,sz.000001,平安银行,-0.0342975206611571,-0.0348994846118742,19.49258466,19.410459768000003,18.202980692,0.295572458284229,0.005406295672331973,2021-06,0
2021-06-15,18.69549012,sz.000001,平安银行,-0.006418485237484,-0.0064391722810212,19.318673124,19.395161994,18.22618229,0.2930944913199638,-0.013019050628616923,2021-06,0
2021-06-16,18.72769596,sz.000001,平安银行,0.0017226528854434,0.0017211708207728,19.11416604,19.369397322,18.256045276,0.2890167582911921,-0.024008262149953122,2021-06,0
2021-06-17,18.5988726,sz.000001,平安银行,-0.0068787618228718,-0.0069025295627704,18.86457078,19.349268672,18.276704574,0.2867539555388775,-0.018334722717594825,2021-06,0
2021-06-18,18.2365569,sz.000001,平安银行,-0.0194805194805194,-0.0196727655987047,18.61497552,19.302167631,18.308101421,0.291303871498317,-0.04713727609641932,2021-06,0
2021-06-21,17.84203536,sz.000001,平安银行,-0.0216335540838852,-0.0218709900499599,18.420130188,19.248625421999996,18.318543357,0.2966363542025053,-0.054916925898188626,2021-06,0
2021-06-22,18.49420362,sz.000001,平安银行,0.0365523465703971,0.0359001548219238,18.379872888,19.228094199,18.344115371999997,0.3278686854555992,-0.017938866258400528,2021-06,0
2021-06-23,18.63107844,sz.000001,平安银行,0.0074009577710056,0.0073737050645236,18.360549384,19.169318541,18.381288714,0.27570055901028,-0.058238078845146236,2021-06,0
2021-06-24,18.58276968,sz.000001,平安银行,-0.0025929127052722,-0.0025962801256317,18.3573288,19.091621952,18.414727742,0.265861096069306,-0.07749765821708504,2021-06,0
2021-06-25,18.80821056,sz.000001,平安银行,0.0121317157712306,0.0120587163201276,18.471659531999997,19.034054013,18.446731501999995,0.2710508695986358,-0.05656946103841742,2021-06,0
2021-06-28,18.34122588,sz.000001,平安银行,-0.0248287671232876,-0.0251421999409901,18.571497635999997,18.964811457,18.466292144,0.280589243463168,-0.06969996273209624,2021-06,0
2021-06-29,17.98696164,sz.000001,平安银行,-0.0193151887620719,-0.0195041643779813,18.47004924,18.889932879,18.474090046,0.2846104240990223,-0.07677025353498464,2021-06,0
2021-06-30,18.21240252,sz.000001,平安银行,0.0125335720680395,0.0124556770469198,18.386314056,18.837598389,18.484580144,0.2887560560788372,-0.052666433533060934,2021-06,0
2021-07-01,18.6793872,sz.000001,平安银行,0.0256410256410255,0.0253178079842897,18.40563756,18.809820852,18.505915632,0.3057420779823911,-0.02577122729002873,2021-07,0
2021-07-02,17.56023426,sz.000001,平安银行,-0.0599137931034482,-0.0617836984587265,18.156042300000003,18.730916544,18.512326603,0.3699723482420741,-0.08066199820846233,2021-07,0
2021-07-05,17.76152076,sz.000001,平安银行,0.0114626318202657,0.0113974336118185,18.040101276,18.63107844,18.519695757,0.3495348456262694,-0.10159314005247932,2021-07,0
2021-07-06,18.34122588,sz.000001,平安银行,0.0326382592928378,0.0321169441936797,18.110954124,18.569887344,18.537259238999997,0.3735733936464789,-0.059174929659397024,2021-07,0
2021-07-07,18.1560423,sz.000001,平安银行,-0.0100965759438104,-0.0101478920703487,18.09968208,18.49017789,18.552801480000003,0.3713918284568338,-0.07873652617933913,2021-07,0
2021-07-08,17.31869046,sz.000001,平安银行,-0.0461197339246119,-0.0472171226690486,17.827542732,18.363769968,18.557849600999997,0.3984630795439276,-0.1297482291214807,2021-07,0
2021-07-09,17.12545542,sz.000001,平安银行,-0.0111576011157599,-0.0112203140674926,17.740586964,18.245816079,18.567665778,0.3964743144634136,-0.12265025214393444,2021-07,0
2021-07-12,17.03688936,sz.000001,平安银行,-0.0051716031969911,-0.0051850222220472,17.595660684000002,18.156847446,18.574940702,0.382256882949782,-0.09352433467976844,2021-07,0
2021-07-13,17.00468352,sz.000001,平安银行,-0.0018903591682419,-0.0018921481520379,17.328352212000002,18.072307116,18.583143446,0.3823210722842256,-0.08899620861052633,2021-07,0
2021-07-14,16.71483096,sz.000001,平安银行,-0.0170454545454545,-0.0171924005403728,17.040109944,17.971663866,18.590642778000003,0.3841024558535313,-0.10776431604142422,2021-07,0
2021-07-15,17.40725652,sz.000001,平安银行,0.0414258188824663,0.0405907539133743,17.057823156,17.912083062,18.611013976,0.4183596374550642,-0.05945973533608612,2021-07,0
2021-07-16,17.18181564,sz.000001,平安银行,-0.0129509713228492,-0.0130355663374549,17.0690952,17.859345999,18.615778009999996,0.4155752668382203,-0.052930187178415924,2021-07,0
2021-07-19,17.07714666,sz.000001,平安银行,-0.0060918462980318,-0.0061104772970161,17.07714666,17.821101564000003,18.611607785,0.4097787032773508,-0.03738847939256252,2021-07,0
2021-07-20,16.5860076,sz.000001,平安银行,-0.0287600188590289,-0.0291816927810558,16.993411476,17.725691763,18.581676901,0.3938285024403702,-0.10270084482198852,2021-07,0
2021-07-21,16.4652357,sz.000001,平安银行,-0.0072815533980581,-0.0073081933067245,16.943492424,17.617399626,18.550132583999996,0.391068684501122,-0.11738335599105222,2021-07,0
2021-07-22,16.40887548,sz.000001,平安银行,-0.0034229828850856,-0.0034288546942321,16.743816216,17.508704916,18.513521465999997,0.3909875429155747,-0.11821342617086561,2021-07,0
2021-07-23,16.1834346,sz.000001,平安银行,-0.013738959764475,-0.0138342127295487,16.544140008,17.377466117999997,18.47781304,0.3859050155246662,-0.1440841017065712,2021-07,0
2021-07-26,15.1367448,sz.000001,平安银行,-0.0646766169154227,-0.0668629452291263,16.156059636000002,17.217242064,18.424659784000003,0.4330808940092909,-0.18393195149870634,2021-07,0
2021-07-27,14.29939296,sz.000001,平安银行,-0.0553191489361701,-0.0569081322718794,15.698736707999998,17.03286363,18.35209176,0.4621212379840069,-0.21993591167280452,2021-07,0
2021-07-28,14.2913415,sz.000001,平安银行,-0.000563063063063,-0.0005632216425992,15.263957868,16.836810578999998,18.276194088999997,0.4555684748494439,-0.233032546803907,2021-07,0
2021-07-29,14.46042216,sz.000001,平安银行,0.011830985915493,0.0117615469526288,14.874267204,16.625862327,18.207108748999996,0.443039810829909,-0.24684258652943952,2021-07,0
2021-07-30,14.24303274,sz.000001,平安银行,-0.015033407572383,-0.0151475547023595,14.486186831999998,16.460002251,18.131604228,0.4062378726122211,-0.20196220099837434,2021-07,1
2021-08-02,14.50067946,sz.000001,平安银行,0.0180893159977388,0.0179276510161708,14.358973764000002,16.296960186,18.053070899,0.41154889399078,-0.19533551682090122,2021-08,0
2021-08-03,14.40406194,sz.000001,平安银行,-0.0066629650194336,-0.0066852616672369,14.379907559999998,16.100101989000002,17.975457014000003,0.3802976754242247,-0.23463674113317262,2021-08,0
2021-08-04,14.33965026,sz.000001,平安银行,-0.0044717719396309,-0.0044818002190574,14.389569312,15.909282387,17.901163353,0.3811416478104405,-0.22901193712899315,2021-08,0
2021-08-05,14.23498128,sz.000001,平安银行,-0.0072992700729928,-0.007326040092073,14.344481136000002,15.755096928,17.824858920999997,0.3585477492502863,-0.19019147327737404,2021-08,0
2021-08-06,14.37990756,sz.000001,平安银行,0.010180995475113,0.0101295182388555,14.3718561,15.617819535,17.757360839,0.3651860871096701,-0.16885287668650115,2021-08,0
2021-08-09,15.34608276,sz.000001,平安银行,0.0671892497200448,0.065028322777703,14.54093676,15.533279205,17.700195472999997,0.4534471352629363,-0.09649202376946522,2021-08,0
2021-08-10,15.88553058,sz.000001,平安银行,0.0351521511017838,0.0345484218084679,14.837230488,15.477321558,17.648263556,0.475170026328266,-0.05944951349943952,2021-08,0
2021-08-11,15.94994226,sz.000001,平安银行,0.0040547389761784,0.0040465406759356,15.159288888,15.439077123,17.593379437000003,0.472778500183782,-0.03834931997780663,2021-08,0
2021-08-12,16.01435394,sz.000001,平安银行,0.0040383644623926,0.0040302321554212,15.51516342,15.369431994,17.543594575999997,0.445136271071666,-0.07573677439788033,2021-08,0
2021-08-13,16.01435394,sz.000001,平安银行,0.0,0.0,15.842052696,15.311058909000002,17.490857512999998,0.443972305387961,-0.06278580307503112,2021-08,0
2021-08-16,16.0626627,sz.000001,平安银行,0.0030165912518853,0.0030120504699916,15.985368684,15.260334711,17.443353898999998,0.4443460058796359,-0.05367736552511402,2021-08,0
2021-08-17,15.83722182,sz.000001,平安银行,-0.0140350877192982,-0.0141345109349048,15.975706932000003,15.222895422,17.392227128,0.4358784847610302,-0.038952434385383324,2021-08,0
2021-08-18,16.60211052,sz.000001,平安银行,0.0482968988307066,0.0471668461878461,16.106140584,15.229739163,17.33881911,0.4701566055894711,0.01662601784338138,2021-08,0
2021-08-19,16.37666964,sz.000001,平安银行,-0.0135790494665374,-0.0136720879684,16.178603724000002,15.228128871,17.276151913,0.4727504483239686,0.006469951261929575,2021-08,0
2021-08-20,15.63593532,sz.000001,平安银行,-0.0452310717797442,-0.0462859277572349,16.10292,15.200753907,17.204091346,0.4977312794736142,-0.02502216075333962,2021-08,0
2021-08-23,15.5393178,sz.000001,平安银行,-0.0061791967044284,-0.006198366952339,15.998251019999998,15.220882557,17.134312026,0.4386733144825359,0.03347525945765468,2021-08,0
2021-08-24,15.58762656,sz.000001,平安银行,0.0031088082901555,0.0031039859375912,15.948331968,15.285294237,17.069363582,0.3835575590851268,0.09190321668398027,2021-08,0
2021-08-25,15.42659736,sz.000001,平安银行,-0.0103305785123967,-0.0103843093057164,15.713229336,15.34205703,17.005488666,0.3868526492731606,0.08213570123464657,2021-08,0
2021-08-26,14.86299516,sz.000001,平安银行,-0.0365344467640919,-0.0372185434680084,15.41049444,15.36218568,16.932622953,0.4113626948148259,0.03377026855506168,2021-08,0
2021-08-27,14.80663494,sz.000001,平安银行,-0.003791982665222,-0.0037991904584763,15.244634364,15.39036579,16.860428195,0.4072163484786145,0.045011693462222675,2021-08,0
2021-08-30,14.26718712,sz.000001,平安银行,-0.0364328439369223,-0.0371130934392949,14.990208228,15.378691173000002,16.768909933,0.4247041687734118,-0.009510466472438424,2021-08,0
2021-08-31,14.3315988,sz.000001,平安银行,0.0045146726862304,0.0045045121211047,14.739002676000002,15.375068016,16.681685783,0.4243975538362832,0.0016671712332255763,2021-08,0
2021-09-01,14.39601048,sz.000001,平安银行,0.0044943820224718,0.0044843124473285,14.5328853,15.377886027,16.592448768,0.4243145460957118,0.010633325195328277,2021-09,0
2021-09-02,14.8146864,sz.000001,平安银行,0.0290827740492169,0.0286678948695718,14.523223548,15.406871283,16.508579393,0.4349291563285454,0.047015369317537976,2021-09,0
2021-09-03,14.52483384,sz.000001,平安银行,-0.0195652173913043,-0.0197591499804623,14.466863328,15.414117597,16.425917737,0.4406061967832996,0.01726915645112068,2021-09,0
2021-09-06,14.8549437,sz.000001,平安银行,0.0227272727272727,0.0224728558520585,14.584414644,15.389560644,16.359895765,0.3752557603133948,-0.027192820541651418,2021-09,0
2021-09-07,15.49100904,sz.000001,平安银行,0.0428184281842818,0.0419270747510242,14.816296692,15.369834566999998,16.306487747,0.385982355265534,-0.019526543459153424,2021-09,0
2021-09-08,15.48295758,sz.000001,平安银行,-0.0005197505197505,-0.000519885636872,15.033686112000002,15.346485333,16.252408774,0.3855328184890485,-0.024101032955082324,2021-09,0
2021-09-09,15.297774,sz.000001,平安银行,-0.0119604784191368,-0.0120325804342479,15.130303632,15.310656336,16.197390464,0.3868273934920389,-0.040099875836611724,2021-09,0
2021-09-10,16.56185322,sz.000001,平安银行,0.0826315789473683,0.0793947244984253,15.537707508,15.3380313,16.169478736,0.4899619595388799,0.04253170311075658,2021-09,0
2021-09-13,16.27200066,sz.000001,平安银行,-0.0175012153621779,-0.0176561722493362,15.821118899999998,15.348498197999998,16.143311491,0.4948562198775771,0.022013896496693386,2021-09,0
2021-09-14,15.59567802,sz.000001,平安银行,-0.0415635823849579,-0.0424520539966251,15.842052696,15.336421008000002,16.095002731,0.5152511823869097,-0.005514598168966316,2021-09,0
2021-09-15,15.71644992,sz.000001,平安银行,0.0077439339184306,0.007714103566042,15.888751164,15.292137978,16.046425589000002,0.4836883681692094,-0.04606756308124231,2021-09,0
2021-09-16,15.36218568,sz.000001,平安银行,-0.0225409836065574,-0.022798914964806,15.901633500000004,15.241413779999998,15.992749189,0.487490466582571,-0.05502949722126231,2021-09,0
2021-09-17,14.91935538,sz.000001,平安银行,-0.0288259958071278,-0.029249625722872,15.573133932,15.205584783,15.927934936000002,0.4717544523021443,-0.038624421248645915,2021-09,0
2021-09-22,14.47652508,sz.000001,平安银行,-0.029681597409606,-0.0301310112537942,15.214038816,15.152445147,15.863523256,0.4818302184636698,-0.062126821953823505,2021-09,0
2021-09-23,14.23498128,sz.000001,平安银行,-0.0166852057842047,-0.0168259718339769,14.941899468,15.084812883,15.80099025,0.4835635808295948,-0.0819208360281837,2021-09,0
2021-09-24,13.9692831,sz.000001,平安银行,-0.0186651583710406,-0.0188415508166291,14.592466104,15.01194717,15.730271593,0.4858882231447303,-0.0902554158868276,2021-09,0
2021-09-27,14.14641522,sz.000001,平安银行,0.0126801152737752,0.0126003958061376,14.349312012000002,14.976118172999998,15.65472206,0.4741326783115054,-0.04104085384896051,2021-09,0
2021-09-28,14.46847362,sz.000001,平安银行,0.0227660785429708,0.0225107985964617,14.259135660000002,14.959210107,15.603192716,0.4821443729839214,-0.014482792640767708,2021-09,0
2021-09-29,14.6133999,sz.000001,平安银行,0.0100166944908179,0.009966859915392,14.286510623999998,14.976520746,15.550724035,0.4643818458828974,0.03196674578697249,2021-09,0
2021-09-30,14.43626778,sz.000001,平安银行,-0.012121212121212,-0.0121952730938182,14.326767924,14.981754195,15.4856414,0.4667447229361888,0.015330860979530096,2021-09,1
2021-10-08,15.00792144,sz.000001,平安银行,0.0395984383714445,0.0388345216404036,14.534495592,15.012349743,15.433172719,0.4866711871485091,0.0504349173285028,2021-10,0
2021-10-11,15.6198324,sz.000001,平安银行,0.0407725321888412,0.0399632568118373,14.829179028,15.052607042999998,15.404858418,0.4967965868764653,0.0621246754681271,2021-10,0
2021-10-12,15.5795751,sz.000001,平安银行,-0.0025773195876288,-0.0025806465934916,15.051399323999998,15.105344106,15.379093746,0.4901292818189443,0.0791125732718026,2021-10,0
2021-10-13,15.76475868,sz.000001,平安银行,0.0118863049095607,0.0118162176265735,15.28167108,15.150834855,15.357891568,0.4861166203650719,0.0682716054540906,2021-10,0
2021-10-14,15.46685466,sz.000001,平安银行,-0.018896833503575,-0.019077660321899,15.487788456,15.149627136,15.332261087,0.4688188188315698,0.006556343766233805,2021-10,0
2021-10-15,15.82917036,sz.000001,平安银行,0.0234252993232693,0.0231551379385553,15.65203824,15.166937775,15.317500077,0.4758961400867328,0.030501393609253604,2021-10,0
2021-10-18,15.53126634,sz.000001,平安银行,-0.0188199389623601,-0.0189992878013827,15.634325028,15.178612392,15.286233574,0.4790863942609725,0.023641933066030307,2021-10,0
2021-10-19,15.75670722,sz.000001,平安银行,0.0145152928978744,0.014410954490347,15.669751452,15.138355092,15.262481767,0.3752554465357278,-0.0444743529834636,2021-10,0
2021-10-20,15.49100904,sz.000001,平安银行,-0.0168625447112927,-0.0170063361704244,15.615001523999998,15.099305511,15.236046139999996,0.3749172772188012,-0.043835682332578396,2021-10,0
2021-10-21,16.10292,sz.000001,平安银行,0.0395010395010395,0.0387408283164306,15.742214592,15.12466761,15.22799468,0.3724252194978596,0.03722893955341901,2021-10,0
2021-10-22,16.13512584,sz.000001,平安银行,0.002,0.001998002662673,15.803405687999998,15.145601406,15.222492849,0.3717794582832064,0.031485005634988406,2021-10,0
2021-10-25,16.19953752,sz.000001,平安银行,0.0039920159680637,0.0039840690148742,15.937059924,15.187468998,15.219003883,0.3607180572075467,0.05801800520960951,2021-10,0
2021-10-26,16.1431773,sz.000001,平安银行,-0.0034791252485087,-0.0034851914789601,16.01435394,15.248660093999998,15.218332928,0.3418781862222699,0.08336487576822861,2021-10,0
2021-10-27,16.03850832,sz.000001,平安银行,-0.0064837905236909,-0.0065049015961262,16.123853796,15.326759256,15.23336232,0.3206737543488117,0.1065626826541437,2021-10,0
2021-10-28,15.87747912,sz.000001,平安银行,-0.0100401606425701,-0.0100909029819627,16.078765620000002,15.408884148,15.259663756000002,0.3154485224966848,0.1132077277957783,2021-10,0
2021-10-29,15.700347,sz.000001,平安银行,-0.011156186612576,-0.0112188836047881,15.991809852,15.495437343,15.283147181,0.3088250714011332,0.12071669955424291,2021-10,0
2021-11-01,15.61178094,sz.000001,平安银行,-0.0056410256410257,-0.0056569963151407,15.874258536,15.568705629000002,15.302336494,0.3104403713705828,0.102395558639442,2021-11,0
2021-11-02,14.63755428,sz.000001,平安银行,-0.0624033006704486,-0.0644353805052276,15.573133932,15.577159662000003,15.308911853,0.3845833419161149,0.017226179426022593,2021-11,0
2021-11-03,14.51678238,sz.000001,平安银行,-0.0082508250825081,-0.0082850515341068,15.268788744,15.572328786,15.309180235,0.3842818892459114,-0.0010413401473033986,2021-11,0
2021-11-04,14.38795902,sz.000001,平安银行,-0.0088740987243483,-0.0089137080438892,14.970884724,15.569913348,15.308911853,0.3831003241815593,0.0022057732495603007,2021-11,0
2021-11-05,14.20277544,sz.000001,平安银行,-0.012870733072188,-0.0129542785926914,14.671370411999998,15.529656047999998,15.306630606,0.3556595029661571,-0.050263398194072204,2021-11,0
2021-11-08,14.02564332,sz.000001,平安银行,-0.0124716553287981,-0.0125500791542884,14.354142887999998,15.449946594000002,15.303141640000002,0.3179283737662899,-0.10350758571171151,2021-11,0
2021-11-09,14.11420938,sz.000001,平安银行,0.0063145809414466,0.0062947275087864,14.249473908,15.376678308,15.298713337,0.3204488786136726,-0.0946156851826361,2021-11,0
2021-11-10,14.0095404,sz.000001,平安银行,-0.0074158585282372,-0.0074434927126597,14.148025512,15.288917394,15.276437631,0.3144418968009853,-0.113917848620434,2021-11,0
2021-11-11,14.7744291,sz.000001,平安银行,0.0545977011494251,0.0531593682800958,14.225319528,15.254296116,15.257919273,0.375760803390278,-0.040423313967433906,2021-11,0
2021-11-12,14.71001742,sz.000001,平安银行,-0.0043596730245232,-0.0043692041106639,14.326767924,15.198338469,15.237253859,0.3635499377501957,-0.0682082863152264,2021-11,0
2021-11-15,14.83884078,sz.000001,平安银行,0.0087575259989052,0.0087194012918164,14.489407416,15.163717191,15.217661973,0.3612181597519328,-0.0406308213539611,2021-11,0
2021-11-16,14.66976012,sz.000001,平安银行,-0.0113944655453066,-0.0114598798499197,14.600517564,15.109369836000004,15.195252076,0.3571619444586063,-0.0665405797971421,2021-11,0
2021-11-17,14.58119406,sz.000001,平安银行,-0.0060373216245883,-0.0060556199364902,14.714848296,15.063879087,15.170560932,0.3537717109699084,-0.0557153567104377,2021-11,0
2021-11-18,14.3315988,sz.000001,平安银行,-0.0171176145775814,-0.0172658145972825,14.626282236,14.975313027,15.145467215,0.319430741500143,-0.11233401078905861,2021-11,0
2021-11-19,14.6133999,sz.000001,平安银行,0.0196629213483146,0.0194721034128203,14.606958732,14.89922673,15.112322038,0.3309616307990238,-0.09467108944074401,2021-11,0
2021-11-22,14.58924552,sz.000001,平安银行,-0.0016528925619834,-0.0016542600960264,14.55703968,14.81871213,15.082531636,0.3295914820397502,-0.1003159979707911,2021-11,0
2021-11-23,14.39601048,sz.000001,平安银行,-0.0132450331125828,-0.0133335308694652,14.502289752,14.731353789,15.061866222,0.3308083482191088,-0.11008190583486521,2021-11,0
2021-11-24,14.38795902,sz.000001,平安银行,-0.0005592841163309,-0.0005594405740313,14.463642743999998,14.648826324000002,15.042676909,0.3312438016111846,-0.10415739942750521,2021-11,0
2021-11-25,14.23498128,sz.000001,平安银行,-0.0106323447118075,-0.0106892719618393,14.44431924,14.566701432,15.020132821,0.3313650291615725,-0.10474958349674261,2021-11,0
2021-11-26,14.15446668,sz.000001,平安银行,-0.005656108597285,-0.0056721649524664,14.352532596,14.489407416,14.998930643,0.3306363906947533,-0.0992495054814516,2021-11,0
2021-11-29,14.09810646,sz.000001,平安银行,-0.0039817974971558,-0.0039897459592704,14.254304784,14.413723692,14.986182498,0.3306436842754967,-0.0975902773375817,2021-11,0
2021-11-30,14.04174624,sz.000001,平安银行,-0.0039977155910908,-0.0040057278169269,14.183451936,14.383933290000002,14.973434353,0.2513678223624651,-0.03918469225822391,2021-11,1
2021-12-01,14.20277544,sz.000001,平安银行,0.0114678899082567,0.0114026320978115,14.14641522,14.368232943,14.972360825,0.2545468552333454,-0.019465977267459106,2021-12,0
2021-12-02,14.16251814,sz.000001,平安银行,-0.0028344671201814,-0.0028384918291784,14.131922592,14.356960899,14.969542814,0.2529583621252326,-0.013426345663292207,2021-12,0
2021-12-03,14.2108269,sz.000001,平安银行,0.0034110289937465,0.003405224629839,14.143194636,14.357363472,14.966456421,0.2491169827324978,0.0028554164026422923,2021-12,0
2021-12-06,14.5731426,sz.000001,平安银行,0.0254957507082151,0.0251761548924741,14.238201864,14.384738435999996,14.962430691,0.2598423316917627,0.04082282243965549,2021-12,0
2021-12-07,14.86299516,sz.000001,平安银行,0.0198895027624308,0.0196942908029259,14.402451648,14.422177725,14.968066713,0.2671680759274301,0.05439774426063969,2021-12,0
2021-12-08,14.87104662,sz.000001,平安银行,0.0005417118093173,0.0005415651364424,14.536105884,14.465253036000002,14.968335095,0.2646453202465063,0.06235531459819419,2021-12,0
2021-12-09,15.0562302,sz.000001,平安银行,0.0124526258798052,0.0123757296493924,14.714848296,14.479343091,14.961088781,0.1867222014419544,0.020210239328574284,2021-12,0
2021-12-10,14.79858348,sz.000001,平安银行,-0.0171122994652406,-0.0172604069329999,14.832399612,14.483771394,14.949682546,0.1968017764288337,0.007457612887856884,2021-12,0
2021-12-13,14.71001742,sz.000001,平安银行,-0.0059847660500543,-0.0060027465376256,14.859774576,14.477330226,14.939886603,0.1954238315656661,-0.007284679161102616,2021-12,0
2021-12-14,14.15446668,sz.000001,平安银行,-0.0377668308702791,-0.0384984781328843,14.71806888,14.451565553999998,14.899763494000002,0.2338164284813713,-0.033657044486075115,2021-12,0
2021-12-15,14.1303123,sz.000001,平安银行,-0.0017064846416382,-0.0017079423451561,14.569922016,14.429021466,14.864068688,0.2332513735327745,-0.029326207503125014,2021-12,0
2021-12-16,14.26718712,sz.000001,平安银行,0.0096866096866097,0.0096399952650601,14.4121134,14.425800882,14.841927173,0.2287586764522875,-0.0025219832389339163,2021-12,0
2021-12-17,14.14641522,sz.000001,平安银行,-0.0084650112866816,-0.0085010429779289,14.281679747999998,14.402451648,14.815759928,0.2180234328806125,-0.030649915873930116,2021-12,0
2021-12-20,14.10615792,sz.000001,平安银行,-0.0028457598178713,-0.0028498166907604,14.160907848,14.378297268,14.794826132,0.2180732809663219,-0.03184278312981802,2021-12,0
2021-12-21,14.16251814,sz.000001,平安银行,0.0039954337899543,0.0039874732412214,14.16251814,14.366622651,14.782212178,0.2144106533938813,-0.014602316227280913,2021-12,0
2021-12-22,14.00148894,sz.000001,平安银行,-0.0113700966458214,-0.011435230383275,14.136753468,14.347299146999998,14.774294908999998,0.2177051834919135,-0.025413128756771413,2021-12,0
2021-12-23,13.94512872,sz.000001,平安银行,-0.0040253018976423,-0.0040334252319026,14.072341788,14.332806518999998,14.769464033,0.2151855959369397,-0.018806085942606212,2021-12,0
2021-12-24,13.93707726,sz.000001,平安银行,-0.0005773672055426,-0.0005775339461711,14.030474196,14.321937048,14.768927269,0.2144633434324237,-0.013727344550863814,2021-12,0
2021-12-27,13.86461412,sz.000001,平安银行,-0.0051993067590987,-0.005212870188533,13.982165436,14.310262431000002,14.764230584,0.2147548191565944,-0.014944853812806714,2021-12,0
2021-12-28,13.82435682,sz.000001,平安银行,-0.002903600464576,-0.0029078240902005,13.914533172,14.29939296,14.753495304,0.2145702162296199,-0.013850738686291912,2021-12,0
2021-12-29,13.4861955,sz.000001,平安银行,-0.0244612696563775,-0.0247654166383088,13.811474483999998,14.263563963,14.734708564,0.2252022601174915,-0.049779898250926116,2021-12,0
2021-12-30,13.54255572,sz.000001,平安银行,0.004179104477612,0.0041703962737266,13.730959884,14.232565842,14.719813363000002,0.2264322883490122,-0.042766326653132715,2021-12,0
2021-12-31,13.26880608,sz.000001,平安银行,-0.0202140309155767,-0.0204211300634763,13.597305648,14.185464801,14.690828107,0.2341505772688654,-0.06639138656245591,2021-12,1
2022-01-04,13.41373236,sz.000001,平安银行,0.0109223300970873,0.0108631122573709,13.507129296,14.127494289,14.654059773,0.2153210080603047,-0.0809648071735837,2022-01,0
2022-01-05,13.8082539,sz.000001,平安银行,0.0294117647058824,0.0289875368732524,13.503908712,14.074757226,14.624537753,0.231413200626487,-0.0714425452301321,2022-01,0
2022-01-06,13.78409952,sz.000001,平安银行,-0.0017492711370262,-0.0017508028983529,13.563489516,14.020409870999998,14.591526767,0.2310155802522324,-0.0737335281764756,2022-01,0
2022-01-07,13.8485112,sz.000001,平安银行,0.0046728971962617,0.0046620131058113,13.624680612,13.960023921,14.564554376,0.2253889412977735,-0.08151325686001912,2022-01,0
2022-01-10,13.84045974,sz.000001,平安银行,-0.0005813953488372,-0.0005815644246495,13.739011344,13.912117733999995,14.531409199,0.2202879246408393,-0.0649823527436157,2022-01,0
2022-01-11,14.01759186,sz.000001,平安银行,0.0127981384525885,0.0127169343853396,13.859783244,13.877496456,14.506181291,0.227176154911104,-0.04619944824097291,2022-01,0
2022-01-12,13.687482,sz.000001,平安银行,-0.0235496840896036,-0.0238314097238815,13.835628864,13.854147222,14.471694204,0.2019505289239556,-0.03198230146029741,2022-01,0
2022-01-13,13.67137908,sz.000001,平安银行,-0.0011764705882353,-0.0011771631730148,13.813084776,13.831200561,14.441367038,0.2019555548065592,-0.031452287406894514,2022-01,0
2022-01-14,13.14803418,sz.000001,平安银行,-0.0382803297997643,-0.0390322739008274,13.672989372,13.775242913999998,14.392118941,0.235479062245546,-0.07941922689326851,2022-01,0
2022-01-17,13.05946812,sz.000001,平安银行,-0.0067360685854255,-0.0067588582951068,13.516791047999998,13.720895559,14.340857979,0.2351211282301257,-0.0776902841920124,2022-01,0
2022-01-18,13.30101192,sz.000001,平安银行,0.0184956843403205,0.0183267194055651,13.37347506,13.680638259,14.292549219,0.2482111103073753,-0.05634884003382061,2022-01,0
2022-01-19,13.284909,sz.000001,平安银行,-0.0012106537530266,-0.001211387186297,13.29296046,13.636757802,14.244911414,0.2470008314610529,-0.06155492757680151,2022-01,0
2022-01-20,13.95318018,sz.000001,平安银行,0.0503030303030302,0.0490787228209797,13.34932068,13.634342364,14.210155945,0.3088178916915078,0.00011819937205008457,2022-01,0
2022-01-21,13.9692831,sz.000001,平安银行,0.0011540680900172,0.0011534026653534,13.513570464,13.635550083000002,14.178352678,0.3084682311568333,0.005297569359709581,2022-01,0
2022-01-24,13.8485112,sz.000001,平安银行,-0.0086455331412103,-0.0086831225734607,13.67137908,13.631121779999996,14.147488748,0.310085644252645,-0.00277059657595812,2022-01,0
2022-01-25,13.5667101,sz.000001,平安银行,-0.0203488372093023,-0.0205587270210366,13.724518716,13.616226579,14.113404234,0.3179286728897676,-0.01792012702616172,2022-01,0
2022-01-26,13.4056809,sz.000001,平安银行,-0.0118694362017803,-0.0119404403719178,13.748673096,13.595292783,14.092873011,0.3202639139677308,-0.02688596276336602,2022-01,0
2022-01-27,13.1238798,sz.000001,平安银行,-0.0210210210210211,-0.0212451086137362,13.58281302,13.577176998,14.069657968,0.3171884474903458,-0.023445714128009616,2022-01,0
2022-01-28,12.74546118,sz.000001,平安银行,-0.0288343558282208,-0.0292582339197958,13.338048636000002,13.537322271,14.042283004000002,0.3311415987042696,-0.05645917443384242,2022-01,0
2022-02-07,13.19634294,sz.000001,平安银行,0.0353758686039165,0.0347645188628174,13.207614984,13.533699114,14.025509129,0.3506379209413562,-0.0008692749143492176,2022-02,0
2022-02-08,13.55060718,sz.000001,平安银行,0.0268456375838925,0.0264916154469762,13.204394399999998,13.540542855000002,14.01759186,0.3616262000689634,0.015054032572455982,2022-02,0
2022-02-09,13.57476156,sz.000001,平安银行,0.0017825311942958,0.0017809443709946,13.238210532,13.528868238,14.008601063000002,0.3455253242384823,-0.012575200939130619,2022-02,0
2022-02-10,13.67943054,sz.000001,平安银行,0.0077105575326215,0.0076809831101311,13.34932068,13.523634789000004,14.003099232000002,0.3467479318261228,-0.0031153722694829203,2022-02,0
2022-02-11,13.7679966,sz.000001,平安银行,0.0064743967039435,0.0064535278247735,13.553827764,13.519609059,13.986325357,0.3471394077659647,-0.0013138727618011202,2022-02,0
2022-02-14,13.34932068,sz.000001,平安银行,-0.0304093567251462,-0.0308813138014652,13.584423312000002,13.495052106000005,13.963647078,0.3634888123621023,-0.031141834138110117,2022-02,0
2022-02-15,13.10777688,sz.000001,平安银行,-0.0180940892641737,-0.0182597891327547,13.495857252,13.449561357,13.934796013,0.363847739701072,-0.06203406185487231,2022-02,0
2022-02-16,13.21244586,sz.000001,平安银行,0.0079852579852581,0.0079535445276054,13.423394112,13.42580955,13.910507442,0.3575058387418318,-0.03049911978001062,2022-02,0
2022-02-17,13.22049732,sz.000001,平安银行,0.000609384521633,0.0006091989222825,13.331607468,13.403265461999998,13.887829163,0.3575851201437826,-0.02871326467014232,2022-02,0
2022-02-18,13.50229842,sz.000001,平安银行,0.0213154689403167,0.0210914718108354,13.278467832,13.420978674,13.87400749,0.3381891130772203,0.030882534069938676,2022-02,0
2022-02-21,13.29296046,sz.000001,平安银行,-0.0155038759689922,-0.0156253179030808,13.267195788,13.432653291,13.852000166000002,0.3424416481716981,0.022114726686371974,2022-02,0
2022-02-22,13.06751958,sz.000001,平安银行,-0.0169594185342215,-0.0171048764055366,13.259144328,13.420978674,13.826638067,0.341687231287171,-0.013340376188170022,2022-02,0
2022-02-23,13.03531374,sz.000001,平安银行,-0.0024645717806531,-0.0024676138369561,13.223717904,13.408498911,13.803959787999998,0.3417426772099964,-0.014594294215796522,2022-02,0
2022-02-24,12.80987286,sz.000001,平安银行,-0.0172946263125385,-0.0174459253398481,13.141593012,13.351333545,13.777658352,0.2878460869509966,-0.08219195083136523,2022-02,0
2022-02-25,12.8018214,sz.000001,平安银行,-0.0006285355122565,-0.0006287331235097,13.001497608,13.29296046,13.753772354,0.2874830626087346,-0.08397455443363892,2022-02,0
2022-02-28,12.6810495,sz.000001,平安银行,-0.0094339622641509,-0.0094787439545437,12.879115416,13.234587375,13.729215401,0.2876583819857389,-0.08476298355657952,2022-02,0
2022-03-01,12.81792432,sz.000001,平安银行,0.0107936507936508,0.0107358151445948,12.829196364,13.197148086,13.707879032,0.2857595943252489,-0.05362049555362641,2022-03,0
2022-03-02,12.62468928,sz.000001,平安银行,-0.015075376884422,-0.0151901654939751,12.747071472,13.158098505000002,13.684261416,0.2873490007821495,-0.05682643623626812,2022-03,0
2022-03-03,12.64884366,sz.000001,平安银行,0.0019132653061224,0.001911437345268,12.714865632,13.134346698000002,13.658362553,0.2795299172478975,-0.03389214990912462,2022-03,0
2022-03-04,12.34288818,sz.000001,平安银行,-0.0241884150222789,-0.0244857593838072,12.623078988,13.114218048,13.628035387,0.2739785547016239,-0.029246209103182715,2022-03,0
2022-03-07,11.85174912,sz.000001,平安银行,-0.0397912589693412,-0.0406045795829926,12.457218912,13.046988357,13.588717424,0.269821366385896,-0.10441333667644041,2022-03,0
2022-03-08,11.52163926,sz.000001,平安银行,-0.027853260869565,-0.0282485197323704,12.1979619,12.945539961,13.537859035,0.2529336912399509,-0.15911223512989792,2022-03,0
2022-03-09,11.14322064,sz.000001,平安银行,-0.0328441649196367,-0.0333956433788361,11.901668172,12.823962915,13.475862793,0.2648363416360917,-0.1937389312438304,2022-03,0
2022-03-10,11.73097722,sz.000001,平安银行,0.0527456647398845,0.05140167001759,11.718094884,12.726540249,13.423528303,0.3412864523809836,-0.1487038240365674,2022-03,0
2022-03-11,11.9966754,sz.000001,平安银行,0.0226492793411119,0.0223965927443,11.648852328,12.637974189,13.372535723,0.3545997589172811,-0.13252894139939903,2022-03,0
2022-03-14,11.66656554,sz.000001,平安银行,-0.0275167785234899,-0.0279024566188225,11.611815612,12.553836432,13.320335424,0.3521669546204886,-0.12963636319774272,2022-03,0
2022-03-15,11.01439728,sz.000001,平安银行,-0.0559006211180124,-0.0575238441381866,11.510367216,12.449167452,13.258741755,0.3920162567776543,-0.16744289505158141,2022-03,0
2022-03-16,11.52163926,sz.000001,平安银行,0.0460526315789473,0.0450236813739551,11.586050940000002,12.364627122,13.214861298,0.4341119846273659,-0.12937552145789222,2022-03,0
2022-03-17,11.6343597,sz.000001,平安银行,0.0097833682739341,0.0097358209900814,11.566727436,12.285320241,13.173262088,0.437305546026051,-0.12020153770559111,2022-03,0
2022-03-18,11.8356462,sz.000001,平安银行,0.0173010380622837,0.0171530792262494,11.534521596,12.20198763,13.132736406,0.4341996700203631,-0.12421596858362413,2022-03,0
2022-03-21,11.74708014,sz.000001,平安银行,-0.0074829931972788,-0.0075111312499962,11.550624516,12.124693614,13.092747488,0.4328541696648708,-0.11619508581191071,2022-03,0
2022-03-22,12.22211628,sz.000001,平安银行,0.0404386566141192,0.0396424094327896,11.792168315999998,12.082423449,13.061346794,0.4603236873488928,-0.05879701066357001,2022-03,0
2022-03-23,12.07719,sz.000001,平安银行,-0.0118577075098814,-0.0119285708652738,11.903278464,12.034517262,13.026591325,0.4614013272131645,-0.0681901463927983,2022-03,0
2022-03-24,12.2382192,sz.000001,平安银行,0.0133333333333334,0.0132452267500207,12.024050364,12.005934579,12.997203496,0.4619848142026679,-0.0375621867469264,2022-03,0
2022-03-25,12.06108708,sz.000001,平安银行,-0.0144736842105263,-0.0145794497631572,12.06913854,11.968897863,12.965802802,0.464097317039504,-0.05140733544519621,2022-03,0
2022-03-28,11.9564181,sz.000001,平安银行,-0.0086782376502002,-0.0087161128403647,12.111006132,11.932666293,12.932791815999998,0.4639568127620128,-0.05065161083124551,2022-03,0
2022-03-29,11.81954328,sz.000001,平安银行,-0.0114478114478114,-0.0115138420623391,12.030491532,11.882747241,12.898707302,0.462197643284048,-0.0728930730727077,2022-03,0
2022-03-30,12.24627066,sz.000001,平安银行,0.0361035422343325,0.035467083084832,12.064307664,11.86382631,12.872405866,0.4807404674295829,-0.021714153953953208,2022-03,0
2022-03-31,12.38314548,sz.000001,平安银行,0.0111768573307033,0.0111148578062963,12.09329292,11.850541401,12.854021699,0.4826277962286911,-0.012450561929372307,2022-03,0
2022-04-01,12.6810495,sz.000001,平安银行,0.0240572171651496,0.0237724011941442,12.217285404,11.867449466999998,12.839663261999998,0.4817662735751561,0.03579507025805619,2022-04,0
2022-04-06,13.19634294,sz.000001,平安银行,0.0406349206349205,0.0398310274840961,12.465270372,11.934679158,12.838455543,0.4742265821629262,0.11622124986231788,2022-04,0
2022-04-07,13.10777688,sz.000001,平安银行,-0.0067114093959731,-0.006734032181344,12.722917092,12.013986039,12.833356285,0.4600470634957178,0.1373631013359098,2022-04,0
2022-04-08,13.2043944,sz.000001,平安银行,0.0073710073710073,0.0073439742557585,12.914541839999998,12.117044727,12.82329196,0.4354965544240427,0.1775782736265538,2022-04,0
2022-04-11,12.9225933,sz.000001,平安银行,-0.021341463414634,-0.0215724852541277,13.022431404,12.176625531,12.808933523,0.4154610851172904,0.1034911454720353,2022-04,0
2022-04-12,12.81792432,sz.000001,平安银行,-0.0080996884735203,-0.008132669159788,13.049806368,12.217687977,12.791757075,0.4126352196616479,0.0727421776574031,2022-04,0
2022-04-13,12.7213068,sz.000001,平安银行,-0.0075376884422109,-0.0075662403833157,12.95479914,12.27042504,12.773104526,0.3984803812221923,0.09272126773868211,2022-04,0
2022-04-14,12.91454184,sz.000001,平安银行,0.0151898734177213,0.0150756624054471,12.916152132,12.365432268,12.754720359,0.329100338518907,0.1638117622744158,2022-04,0
2022-04-15,13.22049732,sz.000001,平安银行,0.0236907730673316,0.0234145015859137,12.919372716000002,12.450375171,12.746937281,0.3035601693225851,0.14144990376280012,2022-04,0
2022-04-18,12.8018214,sz.000001,平安银行,-0.0316686967113276,-0.0321809947980963,12.895218336,12.508748256,12.732444653,0.3328937197657735,0.0999978387775384,2022-04,0
2022-04-19,12.72935826,sz.000001,平安银行,-0.0056603773584905,-0.0056764580048051,12.877505124,12.553433858999998,12.725466721000002,0.3316155607160057,0.07703642335676421,2022-04,0
2022-04-20,12.7615641,sz.000001,平安银行,0.0025300442757747,0.0025268491019088,12.885556584,12.604158057,12.720501654,0.3289704227631244,0.0870494608298177,2022-04,0
2022-04-21,12.72935826,sz.000001,平安银行,-0.0025236593059936,-0.0025268491019089,12.848519868,12.629520156000002,12.710974093,0.3005880143888132,0.044087144909704896,2022-04,0
2022-04-22,12.93064476,sz.000001,平安银行,0.0158127767235927,0.015689057297235,12.790549356,12.672192894,12.705069689,0.2994643832971045,0.071757629143179,2022-04,0
2022-04-25,11.9564181,sz.000001,平安银行,-0.0753424657534246,-0.0783318432699069,12.621468696,12.658102839,12.671790321,0.4072272826697783,-0.016918169943579003,2022-04,0
2022-04-26,11.85980058,sz.000001,平安银行,-0.0080808080808081,-0.0081136347741697,12.44755716,12.648038514,12.636632279,0.4050160697159619,-0.010525293813860801,2022-04,0
2022-04-27,12.6005349,sz.000001,平安银行,0.0624575695858791,0.0605846865116232,12.41535132,12.680244354,12.615832674,0.4608853434215125,0.0606105134222185,2022-04,0
2022-04-28,12.6005349,sz.000001,平安银行,0.0,0.0,12.389586648,12.719293935,12.599729754,0.4578973120613855,0.0720583248700299,2022-04,0
2022-04-29,12.33483672,sz.000001,平安银行,-0.0210862619808306,-0.0213117526737169,12.27042504,12.723722238,12.581882351,0.4489719993808372,0.014868520654866803,2022-04,1
2022-05-05,12.33483672,sz.000001,平安银行,0.0,0.0,12.346108763999998,12.7213068,12.568731633,0.4472768299835536,0.003691663324163503,2022-05,0
2022-05-06,12.04498416,sz.000001,平安银行,-0.0234986945169712,-0.023779191766114,12.38314548,12.689503533,12.557057015999998,0.4454630772937523,-0.0438642483579573,2022-05,0
2022-05-09,11.7148743,sz.000001,平安银行,-0.0274064171122995,-0.0277889789288297,12.20601336,12.615430101,12.532365871999998,0.4236398386214558,-0.11190558610517728,2022-05,0
2022-05-10,11.74708014,sz.000001,平安银行,0.0027491408934707,0.0027453689171927,12.035322408,12.547395264,12.502307088,0.4246390719342953,-0.1024450358157335,2022-05,0
2022-05-11,11.77928598,sz.000001,平安银行,0.0027416038382452,0.0027378524973385,11.92421226,12.476139843,12.472382495,0.4231479549705535,-0.1070744393484956,2022-05,0
2022-05-12,11.57799948,sz.000001,平安银行,-0.0170881749829117,-0.0172358627391321,11.772844812,12.408910152,12.437358644,0.4212817697569633,-0.1028211509167733,2022-05,0
2022-05-13,11.76318306,sz.000001,平安银行,0.0159944367176632,0.0158678734697072,11.716484592,12.356173089,12.403945085,0.4276704608725784,-0.0787270257255898,2022-05,0
2022-05-16,11.60215386,sz.000001,平安银行,-0.0136892539356604,-0.0137838157511773,11.693940504,12.300215442,12.374825638,0.4289131492235996,-0.0848785912190393,2022-05,0
2022-05-17,11.84369766,sz.000001,平安银行,0.0208188757807079,0.0206051246019155,11.713264008,12.246673233,12.353757651,0.4327441740871602,-0.0792495888560527,2022-05,0
2022-05-18,11.8759035,sz.000001,平安银行,0.0027192386131882,0.0027155481724826,11.732587511999998,12.179443542,12.331481945,0.4212192184030621,-0.1002211233101961,2022-05,0
2022-05-19,11.77123452,sz.000001,平安银行,-0.0088135593220338,-0.0088526284641963,11.77123452,12.127914198,12.307327565,0.4096898848489581,-0.0773659859209023,2022-05,0
2022-05-20,12.09329292,sz.000001,平安银行,0.0273597811217509,0.0269921920143561,11.837256492,12.096110931,12.28384414,0.4242809020421523,-0.04434582744066091,2022-05,0
2022-05-23,11.94031518,sz.000001,平安银行,-0.0126498002663114,-0.0127304901861478,11.904888756,12.055048485,12.261300052,0.4254480991140558,-0.059525671982747004,2022-05,0
2022-05-24,11.5941024,sz.000001,平安银行,-0.0289952798381658,-0.0294239495678857,11.854969704000002,11.998285692,12.236743099,0.4353362643522449,-0.0859972925149192,2022-05,0
2022-05-25,11.58605094,sz.000001,平安银行,-0.0006944444444445,-0.0006946856826785,11.796999192,11.931056001,12.212588719,0.4291202373834726,-0.1025045136829564,2022-05,0
2022-05-26,11.42502174,sz.000001,平安银行,-0.0138985406532313,-0.0139960297273251,11.727756636,11.904486183,12.189507867,0.3424440394870943,-0.041060588582763104,2022-05,0
2022-05-27,11.41697028,sz.000001,平安银行,-0.0007047216349542,-0.0007049700679699,11.592492107999998,11.882344667999998,12.166427015,0.3417221772345228,-0.033684502136909204,2022-05,0
2022-05-30,11.33645568,sz.000001,平安银行,-0.0070521861777149,-0.0070771703740849,11.471720208,11.819140707,12.144017118,0.243690834081735,-0.1031942579005032,2022-05,0
2022-05-31,11.40086736,sz.000001,平安银行,0.0056818181818181,0.0056657375356773,11.4330732,11.75915733,12.120399502,0.2461090189770728,-0.09751243971868512,2022-05,1
2022-06-01,11.33645568,sz.000001,平安银行,-0.0056497175141242,-0.0056657375356773,11.383154148,11.709238278,12.098928942,0.2386089227907317,-0.0820758952519787,2022-06,0
2022-06-02,11.2317867,sz.000001,平安银行,-0.0092329545454544,-0.0092758424625216,11.34450714,11.654085777,12.075311325999998,0.2387535335929911,-0.0913088497974331,2022-06,0
2022-06-06,11.40891882,sz.000001,平安银行,0.0157706093189964,0.0156475454352144,11.342896848,11.622282510000002,12.05974517,0.2381412094684449,-0.052039545961465504,2022-06,0
2022-06-07,11.40086736,sz.000001,平安银行,-0.0007057163020466,-0.0007059654370154,11.355779184,11.606582163,12.052230474,0.2193760476915846,-0.02533884515121261,2022-06,0
2022-06-08,11.40086736,sz.000001,平安银行,0.0,0.0,11.355779184,11.589271524,12.050217609,0.218925117560804,-0.02808798604468331,2022-06,0
2022-06-09,11.5538451,sz.000001,平安银行,0.0134180790960451,0.0133288539400564,11.399257068,11.57799948,12.05706135,0.2248079719887273,-0.017411510786883407,2022-06,0
2022-06-10,11.52969072,sz.000001,平安银行,-0.0020905923344948,-0.0020927806731306,11.458837872,11.575584042,12.053706575,0.2166122181450822,-0.002413928138466506,2022-06,0
2022-06-13,11.19958086,sz.000001,平安银行,-0.0286312849162011,-0.029049155597148,11.41697028,11.547403932,12.040421666000002,0.2300799886325116,-0.047039649772330806,2022-06,0
2022-06-14,11.36866152,sz.000001,平安银行,0.01509705248023,0.0149842261297445,11.410529112,11.535729315,12.035456598999998,0.2339246233378674,-0.018253343356440403,2022-06,0
2022-06-15,11.86785204,sz.000001,平安银行,0.0439093484419264,0.0429726546960945,11.503926048,11.536937034,12.049680845,0.2734032788593881,0.004837129304778094,2022-06,0
2022-06-16,11.62630824,sz.000001,平安银行,-0.0203527815468114,-0.0205627532965103,11.518418676,11.524457271,12.051425328,0.2827372709416107,-0.018234890855221505,2022-06,0
2022-06-17,11.6343597,sz.000001,平安银行,0.0006925207756232,0.0006922810937609,11.539352472,11.51761353,12.051425328,0.2812231119078705,-0.008728810757564506,2022-06,0
2022-06-20,11.54579364,sz.000001,平安银行,-0.0076124567474048,-0.0076415793869668,11.608595028,11.490238566,12.046594452,0.2621275161064024,-0.04370104862672021,2022-06,0
2022-06-21,11.56994802,sz.000001,平安银行,0.0020920502092049,0.0020898649194592,11.648852328,11.471720208,12.04364225,0.2595320516054432,-0.02895919815120391,2022-06,0
2022-06-22,11.33645568,sz.000001,平安银行,-0.0201809324982602,-0.0203873493610372,11.542573056,11.458837872,12.02888124,0.2487868880530147,-0.02014485081129831,2022-06,0
2022-06-23,11.4330732,sz.000001,平安银行,0.0085227272727272,0.0084866138773187,11.503926048,11.451188985,12.01814596,0.2510813470959725,-0.010927679094126608,2022-06,0
2022-06-24,11.45722758,sz.000001,平安银行,0.0021126760563379,0.0021104474945458,11.468499624,11.452799277,12.005129433,0.246172821098239,0.00508353761544259,2022-06,0
2022-06-27,11.66656554,sz.000001,平安银行,0.0182712579058328,0.01810634423083,11.492654004,11.46527904,11.998554074,0.2542744388551963,0.02405951715622959,2022-06,0
2022-06-28,11.77928598,sz.000001,平安银行,0.009661835748792,0.0096154586994417,11.534521596,11.487420555,11.995601872000002,0.2539987939475031,0.04077353908273649,2022-06,0
2022-06-29,11.78733744,sz.000001,平安银行,0.0006835269993166,0.0006832935011327,11.624697948,11.506744059,11.995065108,0.2536673838273826,0.03577524790023499,2022-06,0
2022-06-30,12.06108708,sz.000001,平安银行,0.023224043715847,0.022958469555908,11.750300724,11.542975629,11.991978715,0.262972332077319,0.06464900913020619,2022-06,1
2022-07-01,12.01277832,sz.000001,平安银行,-0.0040053404539385,-0.0040133833134585,11.861410872,11.58202521,11.985805929,0.2603271213005357,0.0698766232217221,2022-07,0
2022-07-04,12.02888124,sz.000001,平安银行,0.0013404825737264,0.0013395849290563,11.933874012,11.613023331,11.974936458,0.2563095942600156,0.05544649647645209,2022-07,0
2022-07-05,12.00472686,sz.000001,平安银行,-0.002008032128514,-0.0020100509280242,11.978962188,11.643216306,11.95507619,0.2565855202528982,0.05414418064998469,2022-07,0
2022-07-06,11.69877138,sz.000001,平安银行,-0.0254862508383635,-0.0258166511944555,11.961248976,11.658111507,11.931592765,0.275410007441393,0.028657929811621193,2022-07,0
2022-07-07,11.61020532,sz.000001,平安银行,-0.007570543702684,-0.0075993457253884,11.871072624000002,11.660929518,11.905022947,0.2733651268460665,0.007669307012892094,2022-07,0
2022-07-08,11.70682284,sz.000001,平安银行,0.0083217753120665,0.0082873402485702,11.809881528,11.669786124,11.884760106,0.2746110208052613,0.018081674659453394,2022-07,0
2022-07-11,11.64241116,sz.000001,平安银行,-0.0055020632737275,-0.0055172553747546,11.732587511999998,11.691927639,11.86516822,0.2530430705941294,0.041210896301926994,2022-07,0
2022-07-12,11.61020532,sz.000001,平安银行,-0.0027662517289073,-0.0027700848738156,11.653683204,11.704004829,11.846649862,0.2487450648828512,0.023347592092789693,2022-07,0
2022-07-13,11.24788962,sz.000001,平安银行,-0.0312066574202496,-0.0317039585879325,11.563506852,11.673006708,11.818872325,0.2186389256252103,-0.051768413769386304,2022-07,0
2022-07-14,10.76480202,sz.000001,平安银行,-0.0429491768074445,-0.0438987821550187,11.394426192,11.629931397,11.777944069999998,0.2547242532480645,-0.07436480903001941,2022-07,0
2022-07-15,10.66013304,sz.000001,平安银行,-0.0097232610321614,-0.0097708406049895,11.185088232000002,11.581220064,11.742249264,0.2550151779524727,-0.08478059083780401,2022-07,0
2022-07-18,10.78090494,sz.000001,平安银行,0.0113293051359515,0.0112656091942188,11.012786987999998,11.542975629,11.709775042,0.2604966476055887,-0.0658388289544477,2022-07,0
2022-07-19,10.80505932,sz.000001,平安银行,0.0022404779686333,0.0022379718404546,10.851757788,11.504731194,11.677166628999998,0.2605378649598802,-0.0656904011950193,2022-07,0
2022-07-20,10.78090494,sz.000001,平安银行,-0.0022354694485842,-0.0022379718404546,10.758360852,11.476953657,11.644692407,0.2527736729446745,-0.047744938145343314,2022-07,0
2022-07-21,10.47494946,sz.000001,平安银行,-0.0283793876026885,-0.0287898671786672,10.70039034,11.42904747,11.603764152,0.2652795844230276,-0.084647053020759,2022-07,0
2022-07-22,10.49953716,sz.000001,平安银行,0.0023472857882409,0.0023445352163664,10.668271164,11.381162949,11.579482803,0.2653553064413051,-0.08441244328885601,2022-07,0
2022-07-25,10.50773352,sz.000001,平安银行,0.0007806401249026,0.0007803355838813,10.61363688,11.323221348,11.556948352,0.2526513059620935,-0.10190306106978621,2022-07,0
2022-07-26,10.58150076,sz.000001,平安银行,0.0070202808112325,0.0069957533660272,10.568925168,11.263332087,11.523297783,0.2507719482012872,-0.1045446160073457,2022-07,0
2022-07-27,10.48314444,sz.000001,平安银行,-0.0092951200619675,-0.0093385892677998,10.509373068,11.198122437,11.488007942,0.2501532259840598,-0.11452326306862981,2022-07,0
2022-07-28,10.55691168,sz.000001,平安银行,0.0070367474589523,0.0070121050854562,10.525765512,11.122913667,11.458375858000002,0.2311866915079574,-0.1307105593255245,2022-07,0
2022-07-29,10.39298448,sz.000001,平安银行,-0.0155279503105589,-0.0156497716671276,10.504454976,11.041923975,11.426011654000002,0.2331240812386587,-0.1422331691821449,2022-07,1
2022-08-01,10.17987912,sz.000001,平安银行,-0.0205047318611987,-0.0207178725037471,10.438884096,10.949473869,11.39492657,0.235503583868835,-0.16407838361707,2022-08,0
2022-08-02,10.04873736,sz.000001,平安银行,-0.0128824476650564,-0.0129661459972674,10.332331416,10.851674394,11.367157621,0.234871604107773,-0.17495279915361242,2022-08,0
2022-08-03,9.86022108,sz.000001,平安银行,-0.0187601957585644,-0.0189384005214778,10.207746744,10.759746879,11.335709970000002,0.2296698318336262,-0.1682267440738133,2022-08,0
2022-08-04,9.96677376,sz.000001,平安银行,0.0108063175394845,0.0107483465514333,10.08971916,10.677575301,11.305501433,0.2396105744457004,-0.1498498828316448,2022-08,0
2022-08-05,10.08971916,sz.000001,平安银行,0.0123355263157893,0.0122600636583411,10.029066096,10.596720117,11.280696761,0.2435158343099994,-0.14583613182792202,2022-08,0
2022-08-08,9.9995592,sz.000001,平安银行,-0.0089358245328999,-0.0089759884571511,9.993002112,10.514577519,11.25130303,0.2434861510486966,-0.1492698930870944,2022-08,0
2022-08-09,9.93398832,sz.000001,平安银行,-0.0065573770491804,-0.0065789710980426,9.970052304,10.430766669,11.223500271,0.2428872672838903,-0.1530610184073675,2022-08,0
2022-08-10,9.88481016,sz.000001,平安银行,-0.0049504950495048,-0.0049627893421289,9.97497012,10.362612696,11.190852146,0.2264418042242681,-0.1268048560366227,2022-08,0
2022-08-11,10.1225046,sz.000001,平安银行,0.0240464344941955,0.0237618717749466,10.006116288,10.330497825,11.161628831000002,0.2068101382242871,-0.059809244734982704,2022-08,0
2022-08-12,10.14709368,sz.000001,平安银行,0.0024291497975708,0.0024262041824637,10.017591192,10.304845857,11.134559817,0.2060602795593245,-0.0476568339052505,2022-08,0
2022-08-15,9.92579196,sz.000001,平安银行,-0.0218093699515347,-0.0220507096914491,10.002837744,10.262090208,11.098434801,0.2103430111333411,-0.08079550899273671,2022-08,0
2022-08-16,9.94218468,sz.000001,平安银行,0.0016515276630884,0.0016501653909579,10.004477016,10.218946476,11.065132626,0.2101200571077354,-0.08138445929828161,2022-08,0
2022-08-17,10.1634864,sz.000001,平安银行,0.0222588623248145,0.0220147496550324,10.060212264,10.188075549,11.041289026,0.2300033918915516,-0.056890127524882914,2022-08,0
2022-08-18,10.040541,sz.000001,平安银行,-0.0120967741935484,-0.0121705356202552,10.043819544,10.166355126,11.015530527,0.2126338356235373,-0.04060751411574281,2022-08,0
2022-08-19,10.30282452,sz.000001,平安银行,0.0261224489795919,0.0257870856114201,10.074965712,10.156519494,10.99682724,0.2347259092483659,-0.01683235092439181,2022-08,0
2022-08-22,10.24545,sz.000001,平安银行,-0.005568814638027,-0.0055843782939006,10.138897320000002,10.143405318,10.977301902,0.2352254146407303,-0.023181805687321408,2022-08,0
2022-08-23,10.11430824,sz.000001,平安银行,-0.0128,-0.0128826258310137,10.173322032,10.120045692,10.956932778,0.2366018723372166,-0.04300208649855391,2022-08,0
2022-08-24,10.1634864,sz.000001,平安银行,0.0048622366288493,0.0048504541337494,10.173322031999998,10.10406279,10.936309762,0.2362681024798586,-0.028844729807737113,2022-08,0
2022-08-25,10.34380632,sz.000001,平安银行,0.017741935483871,0.0175863845020759,10.233975096,10.093407522,10.919765606,0.2442833595656883,-0.01813954178281841,2022-08,0
2022-08-26,10.33560996,sz.000001,平安银行,-0.0007923930269414,-0.0007927071362389,10.240532184,10.090538796,10.904829327,0.2381076119074724,-0.003403984499200913,2022-08,0
2022-08-29,10.17987912,sz.000001,平安银行,-0.0150674068199839,-0.0151820734714953,10.227418008,10.090538796,10.884345332,0.2326689777201935,0.0020333405420138884,2022-08,0
2022-08-30,10.22905728,sz.000001,平安银行,0.0048309178743959,0.0048192864359487,10.250367816,10.099554792,10.864815164,0.2280075015877709,0.01974670608146619,2022-08,0
2022-08-31,10.450359,sz.000001,平安银行,0.0216346153846154,0.0214039086631535,10.307742336,10.129061688,10.848973358,0.226687827251335,0.06014151722464599,2022-08,0
2022-09-01,10.33560996,sz.000001,平安银行,-0.0109803921568628,-0.011041121627607,10.306103064000002,10.147503498,10.828669439,0.2299146568520252,0.03835480752829869,2022-09,0
2022-09-02,10.25364636,sz.000001,平安银行,-0.007930214115781,-0.0079618254980083,10.289710344,10.155699858,10.807402033,0.2289873940619441,0.01808906709672839,2022-09,0
2022-09-05,10.30282452,sz.000001,平安银行,0.0047961630695443,0.0047846981233362,10.314299424,10.170863124,10.792456094,0.226333308991775,0.03182105469917259,2022-09,0
2022-09-06,10.24545,sz.000001,平安银行,-0.005568814638027,-0.0055843782939006,10.317577968,10.186436208,10.773735902,0.2258880354700339,0.032809617110325984,2022-09,0
2022-09-07,10.10611188,sz.000001,平安银行,-0.0135999999999999,-0.0136933271320024,10.248728544,10.197501294,10.744373566,0.2312580601301303,0.02416011215983089,2022-09,0
2022-09-08,10.13070096,sz.000001,平安银行,0.002433090024331,0.0024301348532918,10.207746744,10.197911112,10.719446778,0.2151102726604736,0.0025467676899663867,2022-09,0
2022-09-09,10.42576992,sz.000001,平安银行,0.0291262135922329,0.0287101058824313,10.242171456,10.211844924,10.699303615,0.2385014730069423,0.029243831484628488,2022-09,0
2022-09-13,10.6142862,sz.000001,平安银行,0.0180817610062893,0.0179202302335706,10.304463792,10.246269636,10.683778491,0.2287098952644851,0.06913496244245249,2022-09,0
2022-09-14,10.43396628,sz.000001,平安银行,-0.016988416988417,-0.0171343755762316,10.342167048,10.270858716,10.664845462,0.2399555056856762,0.05049501779094709,2022-09,0
2022-09-15,10.655268,sz.000001,平安银行,0.021209740769835,0.0209879448922216,10.451998272,10.295447796,10.653492334,0.2388374465658199,0.04944589623596759,2022-09,0
2022-09-16,10.29462816,sz.000001,平安银行,-0.0338461538461537,-0.034432196421484,10.484783712,10.308152154,10.63451825,0.2672244742828344,0.027696516583362286,2022-09,0
2022-09-19,10.30282452,sz.000001,平安银行,0.0007961783439489,0.0007958615621033,10.460194632,10.308152154,10.615278199,0.2507424240711582,0.0023702459477192898,2022-09,0
2022-09-20,10.11430824,sz.000001,平安银行,-0.0182975338106603,-0.0184670041249143,10.36019904,10.301595066,10.589407244,0.2585218022420603,-0.010358473224914011,2022-09,0
2022-09-21,10.18807548,sz.000001,平安银行,0.0072933549432738,0.0072668870453779,10.31102088,10.305283428,10.562887069,0.2556839911896832,0.009734881718359793,2022-09,0
2022-09-22,10.07332644,sz.000001,平安银行,-0.0112630732099757,-0.0113269819446761,10.194632568,10.30077543,10.534320219,0.2584163903572575,-0.006390428120465209,2022-09,0
2022-09-23,10.07332644,sz.000001,平安银行,0.0,0.0,10.150372224,10.287251436,10.501190875,0.2494894411026517,-0.02413236360433621,2022-09,0
2022-09-26,9.835632,sz.000001,平安银行,-0.0235964198535394,-0.0238792737899431,10.05693372,10.262252538,10.464905103,0.2618142690163772,-0.04693639043093421,2022-09,0
2022-09-27,9.9585774,sz.000001,平安银行,0.0124999999999999,0.0124225199985571,10.025787552,10.251187452,10.430400039,0.2623359541708464,-0.01936898361095041,2022-09,0
2022-09-28,9.92579196,sz.000001,平安银行,-0.0032921810699587,-0.0032976122215564,9.973330848,10.236024185999998,10.395751123999998,0.2615376392899394,-0.027492082555305008,2022-09,0
2022-09-29,9.72088296,sz.000001,平安银行,-0.0206440957886043,-0.0208601639954214,9.902842152,10.199550384,10.362786317,0.2551852259888042,-0.06977079372852471,2022-09,0
2022-09-30,9.70449024,sz.000001,平安银行,-0.0016863406408095,-0.0016877641137198,9.829074912,10.167994398,10.331024399,0.253694425437507,-0.06047674221247141,2022-09,1
2022-10-10,9.40122492,sz.000001,平安银行,-0.03125,-0.0317486983145803,9.742193496,10.125373325999998,10.292597767,0.27248472227171,-0.08379652809669041,2022-10,0
2022-10-11,9.40942128,sz.000001,平安银行,0.000871839581517,0.000871459750141,9.632362272,10.080703164,10.255381269,0.2711209060678263,-0.08772085158471772,2022-10,0
2022-10-12,9.5077776,sz.000001,平安银行,0.010452961672474,0.0103987072208987,9.5487594,10.043819544000002,10.220340807,0.2761127583171899,-0.0716990752742167,2022-10,0
2022-10-13,9.29467224,sz.000001,平安银行,-0.0224137931034482,-0.0226687998127129,9.463517256,10.003247562,10.187787184,0.2820612572204128,-0.08051286837766501,2022-10,0
2022-10-14,9.45040308,sz.000001,平安银行,0.0167548500881833,0.0166160359813615,9.412699824,9.969232668,10.165880535,0.2908550667989509,-0.06619110831381271,2022-10,0
2022-10-17,9.40942128,sz.000001,平安银行,-0.0043365134431915,-0.0043459433895471,9.414339096,9.918415236,10.145035339,0.2644129207049472,-0.09965383534923711,2022-10,0
2022-10-18,9.40942128,sz.000001,平安银行,0.0,0.0,9.414339096,9.85817199,10.122177278,0.2509403750109621,-0.11773559635552641,2022-10,0
2022-10-19,9.25369044,sz.000001,平安银行,-0.0165505226480836,-0.0166890127298497,9.363521664,9.799158198,10.096321130000002,0.250688121638385,-0.11729770201519302,2022-10,0
2022-10-20,9.1799232,sz.000001,平安银行,-0.007971656333038,-0.0080035998605217,9.340571856,9.725390958000002,10.069638101,0.2293824843795465,-0.14647909911806603,2022-10,0
2022-10-21,9.08976324,sz.000001,平安银行,-0.0098214285714285,-0.0098699769387731,9.268443888,9.665147712,10.046551664,0.2073321518870309,-0.1224543738433408,2022-10,0
2022-10-24,8.70453432,sz.000001,平安银行,-0.042380522993688,-0.0433047855484828,9.127466496,9.585233202,10.01663495,0.2419742656552,-0.1656310751809777,2022-10,0
2022-10-25,8.7291234,sz.000001,平安银行,0.002824858757062,0.0028208763416412,8.99140692,9.51597396,9.986991448,0.2419941279610668,-0.14450868261325542,2022-10,0
2022-10-26,8.73731976,sz.000001,平安银行,0.0009389671361501,0.0009385265822642,8.888132784000002,9.443436174,9.956255098000002,0.2379551608466324,-0.1508630704203791,2022-10,0
2022-10-27,8.75371248,sz.000001,平安银行,0.0018761726078799,0.0018744147943503,8.80289064,9.377455476,9.927431232,0.2397944842681435,-0.1377238246025235,2022-10,0
2022-10-28,8.54060712,sz.000001,平安银行,-0.0243445692883895,-0.0246457972068279,8.693059416,9.30081951,9.893826156,0.246012151166104,-0.16206839389091302,2022-10,0
2022-10-31,8.47503624,sz.000001,平安银行,-0.0076775431861805,-0.0077071672449378,8.6471598,9.232789722,9.861860352,0.2391082108878173,-0.1461495172235541,2022-10,0
2022-11-01,8.74551612,sz.000001,平安银行,0.0319148936170212,0.0314161962333789,8.650438344,9.172136658,9.837954301999998,0.2685574751762066,-0.12673462360653281,2022-11,0
2022-11-02,8.71273068,sz.000001,平安银行,-0.0037488284910964,-0.0037558729598053,8.645520528,9.111483594,9.815687524,0.2684936977793485,-0.12719127102767053,2022-11,0
2022-11-03,8.55699984,sz.000001,平安银行,-0.0178739416745061,-0.0180356098993639,8.606178,9.053289438,9.79396717,0.2667131404579024,-0.12442111691357231,2022-11,0
2022-11-04,8.86846152,sz.000001,平安银行,0.0363984674329502,0.0357516909638428,8.671748879999999,9.011488002,9.775661966,0.3065824465914275,-0.08633630883981261,2022-11,0
2022-11-07,8.91763968,sz.000001,平安银行,0.0055452865064695,0.0055299680094611,8.760269568000002,8.98730874,9.756127308,0.2911423929768522,-0.04954102233334311,2022-11,0
2022-11-08,8.8930506,sz.000001,平安银行,-0.0027573529411765,-0.002761161441328,8.789776464,8.961490206,9.737685498,0.2908736037440142,-0.05317021485603661,2022-11,0
2022-11-09,8.92583604,sz.000001,平安银行,0.0036866359447003,0.0036798569584003,8.832397536,8.932393128,9.72088296,0.2878037517250734,-0.059936540583810316,2022-11,0
2022-11-10,8.90944332,sz.000001,平安银行,-0.0018365472910928,-0.0018382358117511,8.902886232,8.913131682,9.704626846,0.278509608168783,-0.03935929477145491,2022-11,0
2022-11-11,9.36843948,sz.000001,平安银行,0.0515179392824287,0.0502347766736012,9.002881824000001,8.909033502,9.692059094,0.3317519375172582,-0.004596205577209515,2022-11,0
2022-11-14,9.7946502,sz.000001,平安银行,0.0454943132108487,0.0444898005708004,9.178283928,8.928294948,9.686185036,0.3686708477842312,0.04523462107683069,2022-11,0
2022-11-15,9.84382836,sz.000001,平安银行,0.0050209205020921,0.0050083577143725,9.36843948,8.950015302,9.684818976,0.3686931019279641,0.05025554157892279,2022-11,0
2022-11-16,9.68809752,sz.000001,平安银行,-0.0158201498751041,-0.0159466241139401,9.520891776,8.971735656,9.68058419,0.3682010192215637,0.050985914351902285,2022-11,0
2022-11-17,9.58154484,sz.000001,平安银行,-0.0109983079526226,-0.0110592364939751,9.655312079999998,8.991816738,9.670885164,0.3695025015443088,0.047959262732317695,2022-11,0
2022-11-18,9.49958124,sz.000001,平安银行,-0.0085543199315654,-0.0085911181323166,9.681540432,9.012307638,9.661869168,0.3689737306871309,0.04922637137218079,2022-11,0
2022-11-21,9.39302856,sz.000001,平安银行,-0.0112165660051768,-0.0112799460650668,9.601216104,9.04673235,9.646705902,0.3336307187490752,0.08039032836069199,2022-11,0
2022-11-22,9.68809752,sz.000001,平安银行,0.0314136125654449,0.0309303006913585,9.570069936,9.094681056,9.637416694,0.3474214658644267,0.1089790821690749,2022-11,0
2022-11-23,9.68809752,sz.000001,平安银行,0.0,0.0,9.570069936,9.142219944,9.630313182,0.3475990731053737,0.1080401150329248,2022-11,0
2022-11-24,9.64711572,sz.000001,平安银行,-0.0042301184433163,-0.0042390907057667,9.583184112,9.186890106,9.621707004,0.3490931601806385,0.1019338239817286,2022-11,0
2022-11-25,9.97497012,sz.000001,平安银行,0.033984706881903,0.0334199857272503,9.678261888,9.258608256,9.615559733999998,0.3452271171613558,0.16026310015202108,2022-11,0
2022-11-28,9.67990116,sz.000001,平安银行,-0.0295809367296631,-0.0300272767901648,9.735636408,9.318851502,9.604631254,0.3665286801053942,0.1383597066085385,2022-11,0
2022-11-29,10.64707164,sz.000001,平安银行,0.0999153259949194,0.0952332004732371,9.927431232,9.413929278,9.612417796,0.4875406249804107,0.20636013898643668,2022-11,0
2022-11-30,10.67985708,sz.000001,平安银行,0.0030792917628945,0.0030745604542456,10.125783144,9.512285598,9.619931126,0.4855259620846583,0.21318825924042759,2022-11,0
2022-12-01,10.7372316,sz.000001,平安银行,0.0053722179585571,0.005357839070352,10.34380632,9.621297186,9.624712336,0.4742885547376624,0.2364344188734908,2022-12,0
2022-12-02,10.5733044,sz.000001,平安银行,-0.0152671755725191,-0.0153849188394794,10.463473176,9.70653933,9.62867391,0.4742371662970139,0.18476877586802148,2022-12,0
2022-12-05,11.08967508,sz.000001,平安银行,0.0488372093023254,0.0476821308150701,10.74542796,9.8151411,9.642607722,0.4942414052313458,0.2280606986638774,2022-12,0
2022-12-06,11.00771148,sz.000001,平安银行,-0.007390983000739,-0.0074184316475504,10.817555928,9.920874144,9.654355838,0.4962716926716749,0.22342706860431488,2022-12,0
2022-12-07,10.7782134,sz.000001,平安银行,-0.0208488458674608,-0.0210692519113725,10.837227192,10.013493012,9.663235228,0.5086668737108152,0.1988915867921538,2022-12,0
2022-12-08,10.95033696,sz.000001,平安银行,0.0159695817490492,0.0158434094847259,10.879848264,10.115537694,9.677305646,0.5071216134037575,0.2166977158322958,2022-12,0
2022-12-09,11.2290132,sz.000001,平安银行,0.0254491017964073,0.0251306647255797,11.010990024,10.20856638,9.69561085,0.4874447104288881,0.1906288783462744,2022-12,0
2022-12-12,10.74542796,sz.000001,平安银行,-0.0430656934306569,-0.0440205350584707,10.942140599999998,10.256105268,9.700938484,0.5019359012714321,0.1020688717047688,2022-12,0
2022-12-13,10.85198064,sz.000001,平安银行,0.0099160945842868,0.0098672527332537,10.910994432,10.306512882,9.704900058,0.5022259090040017,0.10696404578696349,2022-12,0
2022-12-14,10.84378428,sz.000001,平安银行,-0.0007552870090635,-0.0007555723819979,10.924108608,10.36429722,9.711730358000002,0.4966198115687983,0.12202890865300409,2022-12,0
2022-12-15,10.7372316,sz.000001,平安银行,-0.0098261526832955,-0.0098747479197584,10.881487536,10.422081558,9.713096418,0.4961016700485235,0.12320106392233118,2022-12,0
2022-12-16,10.93394424,sz.000001,平安银行,0.018320610687023,0.0181548102803719,10.822473744000002,10.493799708,9.723751685999998,0.4946994995283498,0.1500759945409196,2022-12,0
2022-12-19,10.68805344,sz.000001,平安银行,-0.0224887556221889,-0.0227454839889708,10.81099884,10.558550952,9.730172168,0.5019224536850729,0.13880380492390748,2022-12,0
2022-12-20,10.45855536,sz.000001,平安银行,-0.0214723926380366,-0.0217062785818629,10.732313784,10.597073844,9.73590962,0.5028264217576136,0.08591779972042599,2022-12,0
2022-12-21,10.56510804,sz.000001,平安银行,0.0101880877742945,0.0101365390344521,10.676578536,10.64092437,9.742193496,0.5029724441396958,0.09610588749472049,2022-12,0
2022-12-22,10.6142862,sz.000001,平安银行,0.004654771140419,0.0046439711944508,10.651989456,10.689282894,9.751209492,0.5018430459635951,0.1049907770784558,2022-12,0
2022-12-23,10.63887528,sz.000001,平安银行,0.0023166023166023,0.0023139231303972,10.592975664,10.722478152,9.760635306,0.490248868521381,0.0733226725131551,2022-12,0
2022-12-26,10.46675172,sz.000001,平安银行,-0.0161787365177196,-0.016311041231496,10.54871532,10.76182068,9.771153967999998,0.4804034273910004,0.0867248727250986,2022-12,0
2022-12-27,10.74542796,sz.000001,平安银行,0.0266249021143305,0.0262766277311606,10.60608984,10.766738496,9.784268144,0.3356344781927056,0.0134344488445097,2022-12,0
2022-12-28,10.77001704,sz.000001,平安银行,0.0022883295194509,0.002285715280856,10.647071640000002,10.771246494,9.798338562,0.335570963897668,0.0126434866010661,2022-12,0
2022-12-29,10.67985708,sz.000001,平安银行,-0.0083713850837139,-0.0084066219197107,10.660185816,10.768377768,9.814321464,0.3365409025121026,-0.0011001164412049015,2022-12,0
2022-12-30,10.78640976,sz.000001,平安银行,0.0099769762087491,0.0099275347604175,10.689692712,10.779033036,9.832353455999998,0.3333207981689328,0.024144035340063298,2022-12,1
2023-01-03,11.28638772,sz.000001,平安银行,0.0463525835866263,0.0453103868433924,10.853619912,10.788868668,9.863772836,0.328696428268187,0.021659409624364197,2023-01,0
2023-01-04,11.73718752,sz.000001,平安银行,0.0399419026870007,0.039164848791936,11.051971824,10.82534247,9.90256894,0.3544443412402209,0.0689922953121039,2023-01,0
2023-01-05,11.86832928,sz.000001,平安银行,0.0111731843575417,0.0111112254250706,11.271634272,10.879848264,9.941911468,0.3433820121902653,0.1010143255371064,2023-01,0
2023-01-06,11.98307832,sz.000001,平安银行,0.0096685082872929,0.0096220673640622,11.53227852,10.931485332,9.986718236,0.3414475728352218,0.0947132520753501,2023-01,0
2023-01-09,12.1306128,sz.000001,平安银行,0.0123119015047878,0.0122367264484368,11.801119128,10.976565312,10.031388398,0.3339802062169195,0.0815760517837306,2023-01,0
2023-01-10,11.83554384,sz.000001,平安银行,-0.0243243243243242,-0.0246250473053891,11.910950352,11.031071106,10.071823774,0.3041890834237871,0.1003174208900633,2023-01,0
2023-01-11,12.02406012,sz.000001,平安银行,0.015927977839335,0.01580245869021,11.968324872,11.08967508,10.115401088,0.3062153668701383,0.10632930414511149,2023-01,0
2023-01-12,12.02406012,sz.000001,平安银行,0.0,0.0,11.99947104,11.148688872,10.161573916,0.3060284157385703,0.107084591154175,2023-01,0
2023-01-13,12.2535582,sz.000001,平安银行,0.0190865712338106,0.0189067076818052,12.053567016,11.224505202,10.212801166,0.3042100283887038,0.1359973150712811,2023-01,0
2023-01-16,12.36011088,sz.000001,平安银行,0.0086956521739129,0.0086580627431145,12.099466632,11.295813534,10.26730696,0.3012799159836847,0.126372356558171,2023-01,0
2023-01-17,12.26995092,sz.000001,平安银行,-0.0072944297082229,-0.0073211641482731,12.186348048,11.374908408,10.32673057,0.2864746440375145,0.141566682472137,2023-01,0
2023-01-18,12.38469996,sz.000001,平安银行,0.0093520374081497,0.0093085778531112,12.258476016,11.471215638,10.387656846,0.2658849535701847,0.1723911125183233,2023-01,0
2023-01-19,12.36830724,sz.000001,平安银行,-0.0013236267372601,-0.0013245035048907,12.32732544,11.561375598,10.448173304,0.2681148687780312,0.1608793980067687,2023-01,0
2023-01-20,12.40109268,sz.000001,平安银行,0.002650762094102,0.002647255020507,12.356832336,11.650715922,10.508962974,0.2685448779190975,0.1588753889604517,2023-01,0
2023-01-30,12.4174854,sz.000001,平安银行,0.001321877065433,0.0013210041551137,12.368307240000002,11.739646428,10.573577612,0.2688443779299404,0.1578806637092824,2023-01,0
2023-01-31,12.28634364,sz.000001,平安银行,-0.0105610561056105,-0.0106172198408717,12.371585784,11.830626024,10.637099402,0.2628453878530304,0.16349834412139147,2023-01,0
2023-02-01,12.0486492,sz.000001,平安银行,-0.019346230820547,-0.0195358183298157,12.304375632,11.895787086,10.69215162,0.270586599357664,0.11752721118651399,2023-02,0
2023-02-02,11.9666856,sz.000001,平安银行,-0.0068027210884353,-0.0068259650703998,12.224051304,11.955620514,10.746384202,0.274087073084991,0.1084361605786278,2023-02,0
2023-02-03,11.73718752,sz.000001,平安银行,-0.0191780821917807,-0.0193643671817911,12.091270272,12.008487036,10.79938733,0.2838118977019014,0.09762946347056098,2023-02,0
2023-02-06,11.474904,sz.000001,平安银行,-0.0223463687150838,-0.022599831917241,11.902753992,12.042911748,10.842828038,0.2989057937925823,0.06530611854672809,2023-02,0
2023-02-07,11.64702756,sz.000001,平安银行,0.0149999999999999,0.0148886124937505,11.774890776,12.06094374,10.888317836,0.2567020553650146,0.03395353496010169,2023-02,0
2023-02-08,11.50768944,sz.000001,平安银行,-0.011963406052076,-0.0120355435113442,11.666698824,12.049468836,10.93189515,0.2172223733176986,-0.017951773778975007,2023-02,0
2023-02-09,11.58145668,sz.000001,平安银行,0.0064102564102563,0.0063897980987709,11.58965304,12.035125206,10.976155494000002,0.2143509731889783,-0.022714701726260406,2023-02,0
2023-02-10,11.45851128,sz.000001,平安银行,-0.010615711252654,-0.0106724598907719,11.533917792,12.008896854,11.01863996,0.2128783980542442,-0.04299892126620731,2023-02,0
2023-02-13,11.32736952,sz.000001,平安银行,-0.0114449213161659,-0.0115109184661403,11.504410896,11.96873469,11.051288794,0.2081223259713295,-0.066755744087161,2023-02,0
2023-02-14,11.44211856,sz.000001,平安银行,0.0101302460202605,0.0100792789947026,11.463429096,11.949063426,11.0787466,0.1977166593551574,-0.03230117374257631,2023-02,0
2023-02-15,11.20442412,sz.000001,平安银行,-0.0207736389684813,-0.0209924465983682,11.402776032,11.908081626,11.101423196000002,0.1974462237401856,-0.0690027905503926,2023-02,0
2023-02-16,11.1470496,sz.000001,平安银行,-0.0051207022677395,-0.0051338579938518,11.315894616,11.8642311,11.125739064,0.1970958123900198,-0.0741234928181321,2023-02,0
2023-02-17,11.00771148,sz.000001,平安银行,-0.0125000000000001,-0.0125787822068602,11.225734656,11.801938764,11.149508508,0.1797788744803402,-0.10571006405194282,2023-02,0
2023-02-20,11.5978494,sz.000001,平安银行,0.0536113179448995,0.0522236135541005,11.279830632,11.76382569,11.184479644,0.2727594284593447,-0.060794398280956216,2023-02,0
2023-02-21,11.5568676,sz.000001,平安银行,-0.0035335689045935,-0.0035398267051239,11.30278044,11.728171524,11.220543628,0.2723076637144374,-0.05703353747732681,2023-02,0
2023-02-22,11.49129672,sz.000001,平安银行,-0.0056737588652483,-0.0056899157776786,11.36015496,11.683501362,11.250596948000002,0.2685741585709644,-0.07205933375072482,2023-02,0
2023-02-23,11.5158858,sz.000001,平安银行,0.0021398002853068,0.0021375141733108,11.4339222,11.64088029,11.281060086,0.2692445490540104,-0.06859590672815791,2023-02,0
2023-02-24,11.36015496,sz.000001,平安银行,-0.0135231316725978,-0.0136154020179976,11.504410896,11.588833404,11.30961074,0.2705179428997832,-0.08476980049485772,2023-02,0
2023-02-27,11.22081684,sz.000001,平安银行,-0.0122655122655122,-0.0123413544613995,11.429004384,11.528999976,11.330374852,0.2711126098220012,-0.09835718982580291,2023-02,0
2023-02-28,11.29458408,sz.000001,平安银行,0.0065741417092768,0.0065526262851549,11.376547679999998,11.479411998,11.357286234000002,0.2731969498338343,-0.08122199201091561,2023-02,1
2023-03-01,11.61424212,sz.000001,平安银行,0.0283018867924529,0.0279087881170766,11.40113676,11.457691644,11.373405742,0.2896956605990635,-0.03357387439791572,2023-03,0
2023-03-02,11.67161664,sz.000001,平安银行,0.004940014114326,0.0049278522812406,11.432282928,11.442938196,11.389935068,0.2899395141163294,-0.02183113919515441,2023-03,0
2023-03-03,11.71259844,sz.000001,平安银行,0.0035112359550562,0.0035050859579463,11.502771624,11.441708742,11.406191182,0.2822513739289817,0.0008581789516824922,2023-03,0
2023-03-06,11.3519586,sz.000001,平安银行,-0.0307907627711687,-0.0312747593084286,11.528999976,11.435561472,11.419168752,0.2925397144348306,-0.007586215104402411,2023-03,0
2023-03-07,11.22081684,sz.000001,平安银行,-0.0115523465703971,-0.01161959333299,11.514246528,11.414250935999998,11.421354448,0.2891896003362633,-0.03413856167479941,2023-03,0
2023-03-08,11.08967508,sz.000001,平安银行,-0.0116873630387144,-0.0117561971176608,11.40933312,11.393350217999998,11.422720508,0.2890613827246046,-0.03386251866143781,2023-03,0
2023-03-09,10.8191952,sz.000001,平安银行,-0.024390243902439,-0.0246926125903715,11.238848832,11.355237143999998,11.423403538,0.2981427159794466,-0.06466301897413311,2023-03,0
2023-03-10,10.77001704,sz.000001,平安银行,-0.0045454545454544,-0.0045558165358605,11.050332552,11.320812432,11.420398206,0.2969252647103538,-0.05859276226693352,2023-03,0
2023-03-13,10.6962498,sz.000001,平安银行,-0.0068493150684931,-0.006872879287762,10.919190792,11.289256446,11.411518816,0.2956225099340485,-0.053997156019260716,2023-03,0
2023-03-14,10.54871532,sz.000001,平安银行,-0.013793103448276,-0.0138891121606672,10.784770488,11.244586284,11.408240272,0.2940442514342413,-0.07792050548779722,2023-03,0
2023-03-15,10.6962498,sz.000001,平安银行,0.0139860139860141,0.0138891121606673,10.706085431999998,11.219177568,11.405644758,0.2934686274326393,-0.04316085253330181,2023-03,0
2023-03-16,10.50773352,sz.000001,平安银行,-0.0176245210727968,-0.0177816822761783,10.643793096,11.187211764,11.400043912,0.2984567708625321,-0.05566467133835912,2023-03,0
2023-03-17,10.450359,sz.000001,平安银行,-0.0054602184087363,-0.0054751798880888,10.579861488,11.159344139999998,11.395262702,0.2964563672399349,-0.048624889747095314,2023-03,0
2023-03-20,10.30282452,sz.000001,平安银行,-0.0141176470588235,-0.0142182490022791,10.501176432,11.094592895999998,11.38474404,0.2121301366358071,-0.11635385475081832,2023-03,0
2023-03-21,10.4093772,sz.000001,平安银行,0.0103420843277646,0.0102889708623896,10.473308808,11.037218376,11.380099436,0.2196948736741835,-0.10247820151846021,2023-03,0
2023-03-22,10.48314444,sz.000001,平安银行,0.0070866141732284,0.0070616221262058,10.430687736,10.986810762,11.380509254,0.2239002976499592,-0.08971782847998352,2023-03,0
2023-03-23,10.5733044,sz.000001,平安银行,0.0086004691164971,0.0085636957768749,10.443801912,10.939681692,11.38064586,0.2275802417074116,-0.08325715964879321,2023-03,0
2023-03-24,10.50773352,sz.000001,平安银行,-0.0062015503875968,-0.0062208598751023,10.455276816,10.89706062,11.378869982,0.2250562036017708,-0.07593557836379222,2023-03,0
2023-03-27,10.3274136,sz.000001,平安银行,-0.0171606864274571,-0.0173096375350917,10.460194632,10.852390458,11.373678954,0.2281488508137551,-0.08083075252573711,2023-03,0
2023-03-28,10.36019904,sz.000001,平安银行,0.0031746031746031,0.003169574761279,10.450359,10.805671206,11.371903076,0.2263630314476313,-0.08423029106041081,2023-03,0
2023-03-29,10.27003908,sz.000001,平安银行,-0.0087025316455695,-0.0087406198107343,10.407737928,10.738461054,11.363979928,0.1912560677981842,-0.12123470949843321,2023-03,0
2023-03-30,10.39298448,sz.000001,平安银行,0.0119712689545092,0.011900180101103,10.371673944,10.674529446,11.357696052,0.198125671236032,-0.11420345465825,2023-03,0
2023-03-31,10.27003908,sz.000001,平安银行,-0.0118296529968454,-0.0119001801011029,10.324135056,10.602401478,11.350865752,0.1961289549854584,-0.1295443436101516,2023-03,1
2023-04-03,10.38478812,sz.000001,平安银行,0.0111731843575417,0.0111112254250706,10.33560996,10.554042954,11.344172058,0.1832763709521308,-0.0875803964814412,2023-04,0
2023-04-04,10.3683954,sz.000001,平安银行,-0.0015785319652722,-0.0015797791595183,10.337249232,10.511421882,11.328872186,0.1815097831289708,-0.0776065818763163,2023-04,0
2023-04-06,10.31102088,sz.000001,平安银行,-0.0055335968379448,-0.0055489639012349,10.345445592,10.472489172,11.305102742,0.179300178255871,-0.0714528156755467,2023-04,0
2023-04-07,10.34380632,sz.000001,平安银行,0.0031796502384739,0.0031746058407728,10.33560996,10.448719728,11.279694026,0.1627922354633189,-0.04388292153463381,2023-04,0
2023-04-10,10.39298448,sz.000001,平安银行,0.0047543581616482,0.0047430918960128,10.36019904,10.4298681,11.253192462,0.1643502305792284,-0.034583108827531205,2023-04,0
2023-04-11,10.27823544,sz.000001,平安银行,-0.0110410094637225,-0.0111024138043053,10.338888504,10.408967382,11.222319506,0.1667384050409695,-0.038774803222760605,2023-04,0
2023-04-12,10.22905728,sz.000001,平安银行,-0.0047846889952153,-0.004796172263493,10.31102088,10.39298448,11.19554473,0.161218751399552,-0.029766388769699906,2023-04,0
2023-04-13,10.29462816,sz.000001,平安银行,0.0064102564102566,0.0063897980987712,10.307742336,10.372903398,11.166720864,0.1536390303250759,-0.037342146345457405,2023-04,0
2023-04-14,10.40118084,sz.000001,平安银行,0.0103503184713376,0.0102971206862437,10.31921724,10.367575764,11.139672876,0.1475551130497277,-0.009367306801323009,2023-04,0
2023-04-17,10.59789348,sz.000001,平安银行,0.0189125295508274,0.0187359110574698,10.36019904,10.374952488000002,11.112078464,0.1613380646735897,0.01500544115824069,2023-04,0
2023-04-18,10.655268,sz.000001,平安银行,0.005413766434648,0.0053991646777706,10.435605551999998,10.392574662,11.083664416,0.1520971864981133,0.03453685465171219,2023-04,0
2023-04-19,10.5323226,sz.000001,平安银行,-0.0115384615384614,-0.0116055461203078,10.496258616,10.398721932,11.054703944,0.1554526740446929,0.01265630878548619,2023-04,0
2023-04-20,10.450359,sz.000001,平安银行,-0.0077821011673151,-0.0078125397367936,10.527404784000002,10.39708266,11.022464928000002,0.1562231360272127,-0.00221240655505731,2023-04,0
2023-04-21,10.24545,sz.000001,平安银行,-0.0196078431372549,-0.0198026272961797,10.496258616,10.38068994,10.987083974,0.1670730908777013,-0.03042071880880931,2023-04,0
2023-04-24,9.9175956,sz.000001,平安银行,-0.0319999999999999,-0.0325231917055599,10.36019904,10.351183044,10.945692356,0.1987524258594933,-0.056219168421212405,2023-04,0
2023-04-25,10.06513008,sz.000001,平安银行,0.0148760330578512,0.0147664701163009,10.242171456,10.338068868,10.906486434,0.2005989130881324,-0.024182448935904106,2023-04,0
2023-04-26,9.93398832,sz.000001,平安银行,-0.013029315960912,-0.013114942077828,10.1225046,10.316758332,10.867280512,0.2041176378457556,-0.04038636807141921,2023-04,0
2023-04-27,10.04873736,sz.000001,平安银行,0.0115511551155116,0.011484949866897,10.042180272,10.305693246,10.833948648,0.2079473124549582,-0.02013268131033811,2023-04,0
2023-04-28,10.2864318,sz.000001,平安银行,0.0236541598694943,0.0233787350697276,10.050376632,10.300365612,10.805944418,0.2213227569815405,-0.008449790395353006,2023-04,0
2023-05-04,10.43396628,sz.000001,平安银行,0.0143426294820716,0.0142407469915222,10.153650768,10.308561972,10.784224064,0.2229240783899116,0.017722492083563995,2023-05,0
2023-05-05,10.58150076,sz.000001,平安银行,0.01413982717989,0.0140407922892359,10.256924904,10.318397604,10.76933401,0.2249790387946892,0.020689134905912294,2023-05,0
2023-05-08,10.91755152,sz.000001,平安银行,0.0317583268783887,0.0312644602536918,10.453637544,10.34585541,10.757176076,0.2496154101726653,0.05402599374957319,2023-05,0
2023-05-09,10.78640976,sz.000001,平安银行,-0.012012012012012,-0.0120847392150719,10.601172023999998,10.369624854,10.745154748,0.2534794425151495,0.04754757857550599,2023-05,0
2023-05-10,10.52412624,sz.000001,平安银行,-0.0243161094224924,-0.024616627635356,10.648710912,10.37864085,10.727532574,0.2705411131072473,0.020051818914539686,2023-05,0
2023-05-11,10.5323226,sz.000001,平安银行,0.0007788161993771,0.0007785130794138,10.668382176,10.385607756,10.712096096000002,0.2701776968557475,0.016076276952268587,2023-05,0
2023-05-12,10.34380632,sz.000001,平安银行,-0.0178988326848249,-0.0180609542281617,10.620843288,10.3888863,10.695703376,0.2752149839362797,0.009218453731166185,2023-05,0
2023-05-15,10.51592988,sz.000001,平安银行,0.0166402535657685,0.0165033215144779,10.54051896,10.40322993,10.680266897999998,0.2802602916530934,0.030643396292149985,2023-05,0
2023-05-16,10.34380632,sz.000001,平安银行,-0.0163678877630553,-0.0165033215144779,10.451998272,10.405688838,10.665923267999998,0.2865934837576204,0.007865252118838085,2023-05,0
2023-05-17,10.23725364,sz.000001,平安银行,-0.0103011093502377,-0.0103545329755808,10.394623752,10.397492478,10.650760002,0.2864523583008699,-0.012786175702737214,2023-05,0
2023-05-18,10.23725364,sz.000001,平安银行,0.0,0.0,10.33560996,10.379460486,10.637919038,0.2770433325798951,-0.031698705253564614,2023-05,0
2023-05-19,10.11430824,sz.000001,平安银行,-0.012009607686149,-0.0120823056602446,10.289710344,10.352412498,10.613193352,0.2781068044366681,-0.04912207937436161,2023-05,0
2023-05-22,10.14709368,sz.000001,平安银行,0.0032414910858995,0.0032362487792083,10.215943104,10.333151052,10.58969712,0.276649631725861,-0.034342126750000715,2023-05,0
2023-05-23,10.00775556,sz.000001,平安银行,-0.0137318255250403,-0.0138269791338367,10.148732952,10.31102088,10.564971433999998,0.2791742328182077,-0.040291851107725915,2023-05,0
2023-05-24,9.84382836,sz.000001,平安银行,-0.0163800163800164,-0.0165156520307211,10.070047896,10.290939798,10.53710381,0.2767004779249745,-0.03706402435048741,2023-05,0
2023-05-25,9.77825748,sz.000001,平安银行,-0.0066611157368858,-0.0066833999820673,9.978248664,10.283972892,10.510738852,0.2537518685978859,-0.011725140087373315,2023-05,0
2023-05-26,9.9175956,sz.000001,平安银行,0.0142497904442582,0.0141492164928707,9.938906136,10.276596168,10.489018498000002,0.2532549982172241,-0.012351382700966314,2023-05,0
2023-05-29,9.81923928,sz.000001,平安银行,-0.0099173553719008,-0.0099668599153921,9.873335256,10.270858716,10.464429418,0.251466778854261,-0.009239422111955112,2023-05,0
2023-05-30,9.72907932,sz.000001,平安银行,-0.0091819699499164,-0.0092243840657265,9.817600008,10.254875814,10.433010038,0.2490881528813827,-0.029972547177383114,2023-05,0
2023-05-31,9.5077776,sz.000001,平安银行,-0.0227464195450716,-0.0230091105092577,9.750389856,10.215943104,10.396946054,0.2412755991874802,-0.07637312659194902,2023-05,1
2023-06-01,9.49958124,sz.000001,平安银行,-0.0008620689655173,-0.0008624407606587,9.694654608,10.169223852,10.360062434,0.231952419278162,-0.09157782503953792,2023-06,0
2023-06-02,9.77825748,sz.000001,平安银行,0.0293356341673858,0.0289135787581645,9.666786984000002,10.129061688,10.333834082,0.2534891086773269,-0.07638201805204212,2023-06,0
2023-06-05,9.76186476,sz.000001,平安银行,-0.0016764459346186,-0.001677852742616,9.65531208,10.07127735,10.309518214,0.2163062611001762,-0.10981679086504942,2023-06,0
2023-06-06,9.70449024,sz.000001,平安银行,-0.0058774139378673,-0.0058947539113491,9.650394264,10.017181374,10.2864318,0.214945106649744,-0.10368219279090471,2023-06,0
2023-06-07,9.78645384,sz.000001,平安银行,0.0084459459459458,0.0084104785085962,9.706129512,9.980297754,10.269219444,0.2076026163314158,-0.0709201374224665,2023-06,0
2023-06-08,9.93398832,sz.000001,平安银行,0.015075376884422,0.0149628726767123,9.793010928,9.95038104,10.255285632,0.2175185180694695,-0.05662357673742161,2023-06,0
2023-06-09,9.73727568,sz.000001,平安银行,-0.0198019801980197,-0.0200006667066694,9.784814567999998,9.920054508,10.23930273,0.2193641044298669,-0.058526724250616405,2023-06,0
2023-06-12,9.66350844,sz.000001,平安银行,-0.0075757575757575,-0.0076045993852193,9.765143304,9.877433436,10.224549282,0.2072211781370276,-0.0827427353921424,2023-06,0
2023-06-13,9.64711572,sz.000001,平安银行,-0.0016963528413909,-0.0016977932770941,9.7536684,9.842598906,10.207063713999998,0.202219759106478,-0.068071200470478,2023-06,0
2023-06-14,9.63031523,sz.000001,平安银行,-0.0017415039362665,-0.0017430221171145,9.722440678,9.8122519855,10.192440075833334,0.2006237063787339,-0.0595115950565068,2023-06,0
2023-06-15,9.74786049,sz.000001,平安银行,0.0122057541412379,0.0121318645685207,9.685215112,9.787782328,10.180731767333333,0.2075823679034391,-0.0473058409152689,2023-06,0
2023-06-16,9.76465267,sz.000001,平安银行,0.0017226528854434,0.0017211708207728,9.69069051,9.7702995495,10.1717622365,0.2048252553567162,-0.0335735803436765,2023-06,0
2023-06-19,9.61352305,sz.000001,平安银行,-0.0154772141014618,-0.0155982365303245,9.680693432000002,9.743621018,10.158498000666668,0.2095835047140621,-0.052292285531037805,2023-06,0
2023-06-20,9.53795824,sz.000001,平安银行,-0.0078602620087335,-0.0078913167072433,9.658861936,9.720131152,10.142744897333332,0.2064657780587885,-0.046420722014731,2023-06,0
2023-06-21,9.52956215,sz.000001,平安银行,-0.0008802816901408,-0.0008806693655936,9.63871132,9.7044178415,10.125349193166668,0.1996867599248515,-0.0309209873248554,2023-06,0
2023-06-26,9.38682862,sz.000001,平安银行,-0.014977973568282,-0.0150912762004586,9.566504945999998,9.6848463985,10.106667444833333,0.2046333527951565,-0.0392378451562516,2023-06,0
2023-06-27,9.47078952,sz.000001,平安银行,0.0089445438282649,0.0089047783429599,9.507732316,9.6625060945,10.092390376833333,0.1998699476848808,-0.0445430917722449,2023-06,0
2023-06-28,9.4875817,sz.000001,平安银行,0.00177304964539,0.001771479648382,9.482544046,9.6459232155,10.0778467545,0.1982050073636604,-0.0328526867549541,2023-06,0
2023-06-29,9.38682862,sz.000001,平安银行,-0.0106194690265487,-0.0106762579913418,9.452318122,9.6288106805,10.063126580166667,0.1989943421702505,-0.0342901858315864,2023-06,0
2023-06-30,9.42880907,sz.000001,平安银行,0.0044722719141323,0.0044623010233986,9.432167506,9.624862254,10.04705699,0.1837070091553722,-0.007071494372382502,2023-06,1
2023-07-03,9.64710741,sz.000001,平安银行,0.0231522707034728,0.0228883231103124,9.484223264,9.6322385625,10.0366747955,0.2017191699365584,0.016942845296607598,2023-07,0
2023-07-04,9.5715426,sz.000001,平安银行,-0.0078328981723236,-0.0078637364602144,9.50437388,9.6219028185,10.023120703500002,0.1732323781702884,-0.0202256870431018,2023-07,0
2023-07-05,9.52116606,sz.000001,平安银行,-0.0052631578947368,-0.0052770571008437,9.511090752,9.6098678835,10.0090002145,0.1738816682478612,-0.023812399003220002,2023-07,0
2023-07-06,9.43720516,sz.000001,平安银行,-0.0088183421516755,-0.008857453834061,9.52116606,9.5965036295,9.994436619166668,0.1752410877081291,-0.0267533272170282,2023-07,0
2023-07-07,9.4036208,sz.000001,平安银行,-0.0035587188612098,-0.003565066164496,9.516128406000002,9.5773619775,9.9787668605,0.1714927427969441,-0.0387579920241838,2023-07,0
2023-07-10,9.4036208,sz.000001,平安银行,0.0,0.0,9.467431084,9.5508436015,9.962277465833331,0.1595926507071708,-0.0538333689086058,2023-07,0
2023-07-11,9.41201689,sz.000001,平安银行,0.000892857142857,0.0008924587830195,9.435525942,9.534580662,9.94784049,0.1465375600701911,-0.0331385315677291,2023-07,0
2023-07-12,9.43720516,sz.000001,平安银行,0.0026761819803746,0.0026726073814764,9.418733762,9.523265498,9.934642954666666,0.1455607829397955,-0.022886592011597,2023-07,0
2023-07-13,9.59673087,sz.000001,平安银行,0.0169039145907474,0.0167626333411744,9.450638904,9.5207462555,9.923011333166668,0.1589804909712103,-0.004286324579458697,2023-07,0
2023-07-14,9.62191914,sz.000001,平安银行,0.0026246719160103,0.002621233479874,9.494298572,9.520326451,9.910023638166669,0.1591795207399452,7.985127281810288e-05,2023-07,0
2023-07-17,9.49597779,sz.000001,平安银行,-0.013089005235602,-0.0131754211585644,9.51276997,9.507732316,9.891658376666667,0.1587854348613068,-0.0252149081040218,2023-07,0
2023-07-18,9.44560125,sz.000001,平安银行,-0.0053050397877983,-0.0053191614775999,9.519486842,9.491779745,9.871497264166669,0.1589935453396903,-0.0322426007772635,2023-07,0
2023-07-19,9.49597779,sz.000001,平安银行,0.0053333333333334,0.0053191614776,9.531241368,9.485902482,9.854224850666666,0.1519270829166221,-0.011432053342468296,2023-07,0
2023-07-20,9.50437388,sz.000001,平安银行,0.0008841732979663,0.0008837826470076,9.51276997,9.484223264,9.838458432,0.1495146785075634,-0.002687618035768498,2023-07,0
2023-07-21,9.52116606,sz.000001,平安银行,0.001766784452297,0.0017652255245693,9.492619354,9.4838034595,9.826387033,0.1496347283365213,-4.0551893330697825e-05,2023-07,0
2023-07-24,9.45399734,sz.000001,平安银行,-0.0070546737213403,-0.0070796755880616,9.484223264,9.487161895499998,9.818660395333334,0.1415414411704812,0.007882747953611002,2023-07,0
2023-07-25,9.84021748,sz.000001,平安银行,0.0408525754884545,0.040040161437322,9.56314651,9.5056332935,9.814911852,0.2002483669266964,0.039790779613800606,2023-07,0
2023-07-26,9.79823703,sz.000001,平安银行,-0.0042662116040955,-0.0042753378504019,9.623598358,9.52116606,9.8126493305,0.2014786480770827,0.03375151836431511,2023-07,0
2023-07-27,9.86540575,sz.000001,平安银行,0.0068551842330764,0.0068317942917034,9.695804732,9.5450949165,9.809593803666669,0.1968157532142611,0.0512261716239402,2023-07,0
2023-07-28,10.29360634,sz.000001,平安银行,0.0434042553191489,0.0424886899178973,9.850292788,9.58833478,9.809713379333337,0.2445562232580893,0.0901581550289568,2023-07,0
2023-07-31,10.34398288,sz.000001,平安银行,0.0048939641109297,0.0048820275973083,10.028289896,9.6231785535,9.808213656,0.2344743323092338,0.0718998484364137,2023-07,1
2023-08-01,10.20964544,sz.000001,平安银行,-0.0129870129870131,-0.0130720815673528,10.102175488,9.6550836955,9.802016067333335,0.2384855294537615,0.06674573362172419,2023-08,0
2023-08-02,10.10049627,sz.000001,平安银行,-0.010690789473684,-0.0107483465514332,10.162627336,9.684050206,9.788398479833331,0.2418362733083257,0.061318102042777,2023-08,0
2023-08-03,10.35237897,sz.000001,平安银行,0.0249376558603491,0.0246317871896654,10.26002198,9.7298088965,9.781164633333333,0.2494005869669523,0.0950741000548016,2023-08,0
2023-08-04,10.3271907,sz.000001,平安银行,-0.002433090024331,-0.0024360547978812,10.266738852,9.7759873915,9.777882374333334,0.2489345669081869,0.09619972889168041,2023-08,0
2023-08-07,10.20964544,sz.000001,平安银行,-0.0113821138211381,-0.0114473858403508,10.239871364,9.816288623499998,9.772504421666666,0.2550549706881018,0.08481761507054231,2023-08,0
2023-08-08,10.1592689,sz.000001,平安银行,-0.0049342105263155,-0.0049464239353253,10.229796056,9.853651224,9.769428798,0.2569014862886659,0.0789905474013698,2023-08,0
2023-08-09,10.21804153,sz.000001,平安银行,0.0057851239669421,0.0057684543967404,10.253305108,9.8926930425,9.764463992166668,0.2569341315900501,0.0820994893879373,2023-08,0
2023-08-10,10.20964544,sz.000001,平安银行,-0.0008216926869352,-0.0008220304614149,10.224758402,9.923338771,9.7622279775,0.2528953019305442,0.0643738821102547,2023-08,0
2023-08-11,9.98295101,sz.000001,平安银行,-0.0222039473684209,-0.0224541658353303,10.155910464,9.9413903645,9.757989600333334,0.2685417360256789,0.0395452628258235,2023-08,0
2023-08-14,9.79823703,sz.000001,平安银行,-0.0185029436501262,-0.0186762644042259,10.073628782,9.9565033265,9.750672656833334,0.2732172646435862,0.034131324411299305,2023-08,0
2023-08-15,9.84861357,sz.000001,平安银行,0.0051413881748072,0.0051282163669195,10.011497716,9.9766539425,9.746244412333334,0.2721759208396185,0.044577752373904794,2023-08,0
2023-08-16,9.84861357,sz.000001,平安银行,0.0,0.0,9.937612124,9.9942857315,9.741269743833334,0.2720274517621573,0.039244419040571396,2023-08,0
2023-08-17,9.71427613,sz.000001,平安银行,-0.0136402387041772,-0.0137341214597988,9.838538262,10.004780844,9.73637842,0.2776190941544373,0.024720007038427902,2023-08,0
2023-08-18,9.70588004,sz.000001,平安银行,-0.0008643042350907,-0.0008646779613538,9.783124068,10.014016543,9.734079281333331,0.277709455160865,0.0220889183510402,2023-08,0
2023-08-21,9.50437388,sz.000001,平安银行,-0.0207612456747405,-0.0209797904691946,9.724351438,10.01653537,9.729514554666666,0.2871519410875567,0.00838234639764,2023-08,0
2023-08-22,9.54635433,sz.000001,平安银行,0.004416961130742,0.0044072349874078,9.66389959,10.0018422125,9.723327200166668,0.2451619355451813,-0.028053267960072497,2023-08,0
2023-08-23,9.44560125,sz.000001,平安银行,-0.0105540897097625,-0.0106101791120155,9.583297126,9.9842104235,9.717099899666668,0.2471440255545216,-0.0343411460657395,2023-08,0
2023-08-24,9.34484817,sz.000001,平安银行,-0.0106666666666664,-0.0107239633629754,9.509411534,9.9581825445,9.710696047166667,0.2469094331916285,-0.0518629969654823,2023-08,0
2023-08-25,9.42880907,sz.000001,平安银行,0.0089847259658579,0.0089446034628982,9.45399734,9.914942681,9.709379905,0.1841055016159795,-0.0862825263187733,2023-08,0
2023-08-28,9.67229568,sz.000001,平安银行,0.0258236865538734,0.0254958865173932,9.4875817,9.881358321,9.712258479,0.2110131093358282,-0.06535280387582959,2023-08,0
2023-08-29,9.49597779,sz.000001,平安银行,-0.0182291666666666,-0.018397365139716,9.477506392,9.8456749385,9.7075538175,0.2149983956577127,-0.07059495755548309,2023-08,0
2023-08-30,9.34484817,sz.000001,平安银行,-0.015915119363395,-0.0160431248405754,9.457355776,9.8078925335,9.700603541,0.2180839353467276,-0.07581928744519409,2023-08,0
2023-08-31,9.34484817,sz.000001,平安银行,0.0,0.0,9.457355776,9.7575159935,9.6946095065,0.1907675914887256,-0.10075694330554319,2023-08,1
2023-09-01,9.50437388,sz.000001,平安银行,0.0170709793351302,0.0169269074875833,9.472468738,9.7163751525,9.689908173833333,0.2062354235561441,-0.081252873946082,2023-09,0
2023-09-04,9.70588004,sz.000001,平安银行,0.0212014134275619,0.0209797904691946,9.47918561,9.6911868825,9.686106369166668,0.2226744830572679,-0.048669346697381995,2023-09,0
2023-09-05,9.56314651,sz.000001,平安银行,-0.0147058823529412,-0.0148150857851407,9.492619354,9.661380763,9.683204216333332,0.2267934134010951,-0.05844101852400769,2023-09,0
2023-09-06,9.59673087,sz.000001,平安银行,0.0035118525021948,0.0035057003476284,9.542995894,9.63031523,9.682091256833331,0.2257771253364358,-0.06071428998875499,2023-09,0
2023-09-07,9.51276997,sz.000001,平安银行,-0.0087489063867015,-0.0087874027668042,9.576580254,9.5954714565,9.679852161,0.2264984312389388,-0.06864150368852129,2023-09,0
2023-09-08,9.46239343,sz.000001,平安银行,-0.0052956751985878,-0.00530974698823,9.568184164,9.5694435775,9.677053464333332,0.2156021765923711,-0.051733231518688194,2023-09,0
2023-09-11,9.52116606,sz.000001,平安银行,0.0062111801242235,0.0061919702479209,9.531241368,9.555590029,9.673275223833334,0.2091552418415823,-0.027019107744338494,2023-09,0
2023-09-12,9.47078952,sz.000001,平安银行,-0.0052910052910053,-0.0053050522296932,9.51276997,9.5366988265,9.668377504666664,0.208135985876785,-0.03745150121015099,2023-09,0
2023-09-13,9.44560125,sz.000001,平安银行,-0.0026595744680851,-0.0026631174194837,9.482544046,9.5165482105,9.665578808,0.2080327015060362,-0.04011107567823609,2023-09,0
2023-09-14,9.47918561,sz.000001,平安银行,0.0035555555555555,0.0035492495111414,9.475827174,9.5047936845,9.664599264166666,0.2041967398569561,-0.022915281418503394,2023-09,0
2023-09-15,9.42041298,sz.000001,平安银行,-0.0062001771479185,-0.0062194780670204,9.467431084,9.4905203315,9.662780111333332,0.2049761250689663,-0.028251154331331192,2023-09,0
2023-09-18,9.42880907,sz.000001,平安银行,0.000891265597148,0.0008908686558016,9.448959686,9.486742091,9.6634797855,0.1918576215829861,-0.006598643059442693,2023-09,0
2023-09-19,9.41201689,sz.000001,平安银行,-0.001780943900267,-0.0017825316662831,9.43720516,9.480025219,9.662500241666669,0.1910835901657788,-0.012796548090451693,2023-09,0
2023-09-20,9.36164035,sz.000001,平安银行,-0.0053523639607493,-0.0053667391779407,9.42041298,9.475827174,9.660401219166667,0.1883769431840805,-0.007594822341438495,2023-09,0
2023-09-21,9.27767945,sz.000001,平安银行,-0.0089686098654707,-0.0090090699423658,9.380111748,9.472468738,9.658582066333333,0.1872400800379943,-0.005896765540242795,2023-09,0
2023-09-22,9.43720516,sz.000001,平安银行,0.0171945701357465,0.0170484165017831,9.383470184,9.4728885425,9.658722001166668,0.194753644134626,0.0023130786296458056,2023-09,0
2023-09-25,9.42041298,sz.000001,平安银行,-0.0017793594306049,-0.0017809443709946,9.381790966,9.4602944075,9.654943760666669,0.1694274835347411,-0.025289967354832493,2023-09,0
2023-09-26,9.37003644,sz.000001,平安银行,-0.0053475935828877,-0.0053619431413853,9.373394876,9.45399734,9.651585324666666,0.1581126611508556,-0.0124083942710536,2023-09,0
2023-09-27,9.37843253,sz.000001,平安银行,0.0008960573476701,0.0008956561279443,9.376753312,9.455676558,9.649206432499998,0.1474451568722747,0.004402782440011501,2023-09,0
2023-09-28,9.4036208,sz.000001,平安银行,0.0026857654431513,0.0026821652199395,9.401941582,9.4586151895,9.648646693166665,0.147699962239845,0.007088547883162801,2023-09,0
2023-10-09,9.32805599,sz.000001,平安银行,-0.0080357142857143,-0.0080681746495103,9.380111748,9.449799295,9.647387279666669,0.1364720296278773,-0.0180181457376817,2023-10,0
2023-10-10,9.25249118,sz.000001,平安银行,-0.008100810081008,-0.0081337999267701,9.346527388,9.427129852,9.644868452666666,0.1107408600460225,-0.0473203692462516,2023-10,0
2023-10-11,9.21890682,sz.000001,平安银行,-0.0036297640653356,-0.0036363676433837,9.316301464,9.4099178675,9.6416499515,0.1009145817143277,-0.03624425095864601,2023-10,0
2023-10-12,9.32805599,sz.000001,平安银行,0.0118397085610197,0.0117701675701538,9.306226156,9.3964841235,9.639830798666669,0.1106061842727082,-0.027916394899821104,2023-10,0
2023-10-13,9.235699,sz.000001,平安银行,-0.0099009900990097,-0.0099503308531679,9.272641795999998,9.382630575,9.633813600833331,0.1116922835821429,-0.029068478612129304,2023-10,0
2023-10-16,9.24409509,sz.000001,平安银行,0.0009090909090909,0.0009086779362181,9.255849616,9.371715658,9.627516533333331,0.1110308993584774,-0.0228637125044506,2023-10,0
2023-10-17,9.25249118,sz.000001,平安银行,0.0009082652134422,0.0009078529901797,9.255849616,9.358281914,9.623458423166666,0.1079243669046923,-0.028166627415231904,2023-10,0
2023-10-18,9.19371855,sz.000001,平安银行,-0.0063520871143375,-0.0063723474622585,9.250811962,9.3444283655,9.619260378166668,0.1084948813587281,-0.029227709238564104,2023-10,0
2023-10-19,8.8998554,sz.000001,平安银行,-0.0319634703196346,-0.0324854551444883,9.165171844,9.317141073,9.609325005,0.1533700477857504,-0.0585316050901136,2023-10,0
2023-10-20,8.8998554,sz.000001,平安银行,0.0,0.0,9.098003124,9.2881745625,9.599249697,0.1518890802207014,-0.062087160645669104,2023-10,0
2023-10-23,8.8158945,sz.000001,平安银行,-0.0094339622641508,-0.0094787439545436,9.012363006,9.2579486385,9.587495171,0.153191436191004,-0.06532094576190141,2023-10,0
2023-10-24,8.85787495,sz.000001,平安银行,0.0047619047619045,0.0047506027585975,8.93343976,9.2294019325,9.577559797833334,0.1551877395276171,-0.061450306597144906,2023-10,0
2023-10-25,8.71514142,sz.000001,平安银行,-0.0161137440758293,-0.0162449821843328,8.837724334,9.194558159,9.558808530166669,0.1618041752860207,-0.0757831067727072,2023-10,0
2023-10-26,8.74032969,sz.000001,平安银行,0.0028901734104045,0.0028860048891348,8.805819192,9.163492626,9.541176741166668,0.1633855606898325,-0.06754056940155341,2023-10,0
2023-10-27,8.77391405,sz.000001,平安银行,0.0038424591738712,0.0038350957839424,8.780630922,9.138304356,9.522985212833332,0.163898162652621,-0.054729500362211504,2023-10,0
2023-10-30,8.77391405,sz.000001,平安银行,0.0,0.0,8.772234832,9.105139800500002,9.497657008,0.1466189534967533,-0.07192407049795801,2023-10,0
2023-10-31,8.78231014,sz.000001,平安银行,0.000956937799043,0.0009564802259568,8.75712187,9.0732346585,9.471629129,0.1473883692496625,-0.0691877732683101,2023-10,0
2023-11-01,8.79910232,sz.000001,平安银行,0.0019120458891013,0.0019102202561192,8.77391405,9.0446879525,9.448120077,0.148404065844658,-0.061928133796321116,2023-11,0
2023-11-02,8.79910232,sz.000001,平安银行,0.0,0.0,8.785668576,9.015721442,9.426430177833334,0.1481181496579683,-0.06282419114399121,2023-11,0
2023-11-03,8.79910232,sz.000001,平安银行,0.0,0.0,8.79070623,8.985495517999999,9.400542233666668,0.1470195239355797,-0.06550995658714251,2023-11,0
2023-11-06,8.97542021,sz.000001,平安银行,0.0200381679389312,0.0198400461440576,8.831007461999999,8.967863729,9.378012725499998,0.1673332697726775,-0.037436074362497004,2023-11,0
2023-11-07,8.8998554,sz.000001,平安银行,-0.0084190832553787,-0.0084547239189323,8.854516514,8.95023194,9.3561828915,0.1674941450503355,-0.03775434753686771,2023-11,0
2023-11-08,8.8158945,sz.000001,平安银行,-0.0094339622641508,-0.0094787439545436,8.85787495,8.930081324,9.333793318166666,0.1695493406752693,-0.04355854573568291,2023-11,0
2023-11-09,8.80749841,sz.000001,平安银行,-0.0009523809523809,-0.0009528347552718,8.859554168,8.904053445,9.310284266166663,0.1614070930948398,-0.05635063524908351,2023-11,0
2023-11-10,8.6479727,sz.000001,平安银行,-0.0181124880838894,-0.0182785271726157,8.829328244,8.87466713,9.284256387166668,0.1686557908639273,-0.0645621332339632,2023-11,0
2023-11-13,8.60599225,sz.000001,平安银行,-0.0048543689320389,-0.004866189651173,8.755442652,8.842761988,9.2613070745,0.1680202584733574,-0.07032559307509301,2023-11,0
2023-11-14,8.62278443,sz.000001,平安银行,0.0019512195121951,0.0019493183560496,8.700028458000002,8.8112766505,9.241716197833334,0.1684248237043586,-0.06928263877634011,2023-11,0
2023-11-15,8.70674533,sz.000001,平安银行,0.0097370983446933,0.0096899983009692,8.678198624,8.7869279895,9.2226850605,0.1743446008592115,-0.053193453317309305,2023-11,0
2023-11-16,8.59759616,sz.000001,平安银行,-0.012536162005786,-0.0126154026300743,8.636218174,8.7718150275,9.201834770333331,0.1415989606336697,-0.03376614500346071,2023-11,0
2023-11-17,8.52203135,sz.000001,平安银行,-0.0087890624999998,-0.0088279141235652,8.611029904,8.752923825,9.181964024,0.1436313728401695,-0.04255520750346051,2023-11,0
2023-11-20,8.55561571,sz.000001,平安银行,0.0039408866995072,0.0039331417468369,8.600954596,8.739909885500001,9.162792951833334,0.1424493172376121,-0.029180358539802505,2023-11,0
2023-11-21,8.63118052,sz.000001,平安银行,0.0088321884200195,0.0087934127923855,8.602633813999999,8.728575164,9.148239729166669,0.1455067886199786,-0.025110074881687507,2023-11,0
2023-11-22,8.53042744,sz.000001,平安银行,-0.0116731517509726,-0.011741817876683,8.567370236,8.719339465000001,9.131307614333334,0.1402515350784516,-0.020669482556830807,2023-11,0
2023-11-23,8.52203135,sz.000001,平安银行,-0.0009842519685039,-0.0009847366625394,8.552257274,8.708424548,9.115914782666666,0.139486142682375,-0.02454390793573921,2023-11,0
2023-11-24,8.4800509,sz.000001,平安银行,-0.0049261083743843,-0.0049382816405826,8.543861184,8.6937313905,9.101501494833334,0.138729879731587,-0.03331247548399471,2023-11,0
2023-11-27,8.40448609,sz.000001,平安银行,-0.0089108910891088,-0.0089508305200844,8.51363526,8.6752599925,9.084429445166668,0.14089982613584,-0.04222336657310351,2023-11,0
2023-11-28,8.35410955,sz.000001,平安银行,-0.005994005994006,-0.0060120421566278,8.458221066000002,8.653849963,9.062459676333331,0.1410525838636004,-0.04917431036615251,2023-11,0
2023-11-29,8.16099948,sz.000001,平安银行,-0.0231155778894474,-0.0233869326981538,8.384335474,8.621944821,9.040210037833331,0.1577546714685017,-0.0742019341447012,2023-11,0
2023-11-30,8.12741512,sz.000001,平安银行,-0.0041152263374484,-0.0041237171838619,8.305412228,8.588360460999999,9.019919487,0.1571461665659542,-0.07831716048214961,2023-11,1
2023-12-01,8.11062294,sz.000001,平安银行,-0.0020661157024792,-0.0020682530640589,8.231526636,8.553936492000002,8.9993490665,0.1566336194678784,-0.0803832761846288,2023-12,0
2023-12-04,8.08543467,sz.000001,平安银行,-0.0031055900621119,-0.0031104224143926,8.167716352,8.509437215,8.975700079666668,0.1285061440310491,-0.10352703418567191,2023-12,0
2023-12-05,7.95949332,sz.000001,平安银行,-0.0155763239875389,-0.0156989095431037,8.088793106,8.462419110999999,8.946593634333334,0.1333226439355329,-0.11068427491783212,2023-12,0
2023-12-06,7.9762855,sz.000001,平安银行,0.0021097046413502,0.0021074823395647,8.05185031,8.420438661000002,8.920145950833334,0.1351288657832098,-0.09914060801233111,2023-12,0
2023-12-07,7.92590896,sz.000001,平安银行,-0.0063157894736842,-0.0063358184490858,8.011549078,8.3763591885,8.892298919000002,0.1343596535929983,-0.1045040165336344,2023-12,0
2023-12-08,7.8083637,sz.000001,平安银行,-0.0148305084745762,-0.014941579998199,7.95109723,8.3343787385,8.863892147833333,0.1306379880085592,-0.1012220369243212,2023-12,0
2023-12-11,7.85034415,sz.000001,平安银行,0.0053763440860215,0.0053619431413853,7.904079126000001,8.296596333500002,8.837024659833332,0.1357983729456014,-0.0909913239062608,2023-12,0
2023-12-12,7.90911678,sz.000001,平安银行,0.0074866310160428,0.0074587452876761,7.894003818,8.260912951,8.810157171833334,0.1406478182413876,-0.08545591240241311,2023-12,0
2023-12-13,7.69081844,sz.000001,平安银行,-0.0276008492569002,-0.0279889099022327,7.836910405999999,8.2101166065,8.780490987166667,0.1532051439775178,-0.1227938600040066,2023-12,0
2023-12-14,7.68242235,sz.000001,平安银行,-0.0010917030567685,-0.0010922993986089,7.788213084000001,8.164357916,8.751104672166667,0.1522506926898266,-0.11134940105498911,2023-12,0
2023-12-15,7.73279889,sz.000001,平安银行,0.0065573770491802,0.0065359709797854,7.773100122,8.124896293,8.721998226833334,0.1575953028314033,-0.0960029615058091,2023-12,0
2023-12-18,7.66563017,sz.000001,平安银行,-0.008686210640608,-0.0087241556603383,7.736157326,8.080397016000001,8.692751846666665,0.1546526942156827,-0.1086300588459243,2023-12,0
2023-12-19,7.6404419,sz.000001,平安银行,-0.0032858707557502,-0.0032912810840727,7.68242235,8.030860085,8.662945727166667,0.1455427948034157,-0.12074811802169401,2023-12,0
2023-12-20,7.58166927,sz.000001,平安银行,-0.0076923076923076,-0.0077220460939102,7.660592516,7.9834221765,8.632439933499999,0.1441778771373337,-0.11676727396302901,2023-12,0
2023-12-21,7.69921453,sz.000001,平安银行,0.0155038759689922,0.0153849188394794,7.663950951999999,7.942281335500001,8.6047328365,0.1622828241724811,-0.10027914602553291,2023-12,0
2023-12-22,7.7244028,sz.000001,平安银行,0.0032715376226826,0.0032661977866211,7.662271734000001,7.9044989305,8.578844892333333,0.164928941375326,-0.092081500028466,2023-12,0
2023-12-25,7.71600671,sz.000001,平安银行,-0.001086956521739,-0.0010875476873988,7.672347042,7.870074961499999,8.5501582515,0.1645570241709235,-0.08425756546109621,2023-12,0
2023-12-26,7.6404419,sz.000001,平安银行,-0.0097932535364526,-0.0098415228447913,7.672347042,7.834391579,8.520492066833333,0.1656514059067468,-0.0880568130035428,2023-12,0
2023-12-27,7.65723408,sz.000001,平安银行,0.0021978021978021,0.0021953905634356,7.687460004,7.809203309,8.491945360833334,0.1514892739110392,-0.0627434329162933,2023-12,0
2023-12-28,7.93430505,sz.000001,平安银行,0.0361842105263157,0.0355449374194112,7.734478108,7.7995478055,8.4678765695,0.2058310619534792,-0.022443996052529204,2023-12,0
2023-12-29,7.88392851,sz.000001,平安银行,-0.0063492063492063,-0.0063694482854798,7.76638325,7.788213084000001,8.442548364666667,0.206651431187031,-0.026727086699256303,2023-12,0
2024-01-02,7.73279889,sz.000001,平安银行,-0.0191693290734824,-0.019355442952956,7.769741685999999,7.770581295000001,8.415960746333333,0.2161250957553522,-0.0427908257106268,2024-01,0
2024-01-03,7.7244028,sz.000001,平安银行,-0.001085776330076,-0.0010863662122208,7.786533865999999,7.758826769,8.390492606666667,0.2102163466317287,-0.028300278053163902,2024-01,0
2024-01-04,7.64883799,sz.000001,平安银行,-0.0097826086956521,-0.0098307727831276,7.784854648,7.742454393499999,8.364324792833333,0.2118041287579771,-0.0401925913901662,2024-01,0
2024-01-05,7.78317543,sz.000001,平安银行,0.0175631174533479,0.0174106683058967,7.754628724,7.735317716999999,8.338576783499999,0.222076408685758,-0.016313684463134102,2024-01,0
2024-01-08,7.68242235,sz.000001,平安银行,-0.0129449838187701,-0.0130295002903337,7.714327492,7.729020649499999,8.312688839333333,0.2205941093752459,-0.014428159807328002,2024-01,0
2024-01-09,7.70761062,sz.000001,平安银行,0.0032786885245901,0.0032733253449691,7.709289837999999,7.721883973,8.287080764833332,0.2199497793215045,-0.016525815368759404,2024-01,0
2024-01-10,7.63204581,sz.000001,平安银行,-0.0098039215686274,-0.0098522964430115,7.690818439999999,7.7080304245,8.260073342,0.2198455857065382,-0.0338163679534296,2024-01,0
2024-01-11,7.69921453,sz.000001,平安银行,0.0088008800880088,0.008762378078986,7.700893748,7.708450229,8.235164941666666,0.2000233497922604,0.002585361391479397,2024-01,0
2024-01-12,7.71600671,sz.000001,平安银行,0.0021810250817884,0.0021786500992221,7.687460004,7.710129447,8.215434130166667,0.2000957251570066,0.0058580895300362965,2024-01,0
2024-01-15,7.73279889,sz.000001,平安银行,0.002176278563656,0.0021739138996197,7.697535311999999,7.710129447,8.195983188333335,0.1988771530224088,0.0014769910445120967,2024-01,0
2024-01-16,7.84194806,sz.000001,平安银行,0.014115092290988,0.0140164019735357,7.7244028,7.718945341499999,8.179750747666667,0.2020011570720814,0.024278293976108097,2024-01,0
2024-01-17,7.74959107,sz.000001,平安银行,-0.0117773019271948,-0.0118472037259904,7.747911852,7.7244028,8.161279349666668,0.2067039993477693,0.015786862804663498,2024-01,0
2024-01-18,7.7244028,sz.000001,平安银行,-0.0032502708559046,-0.0032555644597661,7.752949506,7.731539476500001,8.144767039333333,0.2048798729589729,0.020228899641066497,2024-01,0
2024-01-19,7.69921453,sz.000001,平安银行,-0.0032608695652174,-0.0032661977866211,7.749591069999999,7.731539476500001,8.12741512,0.1979865492742185,0.0014641541068568975,2024-01,0
2024-01-22,7.6404419,sz.000001,平安银行,-0.0076335877862595,-0.0076628727455691,7.731119672,7.727341431499999,8.108523917500001,0.199428929747667,-0.009440971302085203,2024-01,0
2024-01-23,7.69081844,sz.000001,平安银行,0.0065934065934065,0.0065717651632345,7.700893748,7.726082018000001,8.090472324,0.2009723122011739,-0.0017606081869397036,2024-01,0
2024-01-24,7.83355197,sz.000001,平安银行,0.0185589519650655,0.0183888361732135,7.717685928,7.735737521499999,8.074659687833334,0.2078923990490712,0.026591597314578396,2024-01,0
2024-01-25,7.9762855,sz.000001,平安银行,0.0182207931404072,0.0180567837472426,7.768062468000001,7.7516900925,8.060946074166667,0.2163865696504768,0.04261458825718349,2024-01,0
2024-01-26,8.07703858,sz.000001,平安银行,0.0126315789473683,0.0125524660711198,7.843627278,7.758826769,8.0489116785,0.1803809670834542,0.019061956678236094,2024-01,0
2024-01-29,8.1442073,sz.000001,平安银行,0.0083160083160083,0.008281620831722,7.944380357999999,7.771840708499999,8.0379967615,0.1800179359150766,0.03372717134345069,2024-01,0
2024-01-30,7.9762855,sz.000001,平安银行,-0.0206185567010308,-0.0208340869028419,8.00147377,7.784015038999999,8.021344516333333,0.1823037817695257,0.03227794371590229,2024-01,0
2024-01-31,7.94270114,sz.000001,平安银行,-0.0042105263157895,-0.0042194155427083,8.023303604,7.794929956,8.005391945333333,0.1832524675309175,0.029153193730188792,2024-01,0
2024-02-01,7.90072069,sz.000001,平安银行,-0.0052854122621563,-0.0052994294664985,8.008190641999999,7.807524091,7.9901390485,0.1802648103799554,0.033650390163684596,2024-02,0
2024-02-02,7.78317543,sz.000001,平安银行,-0.0148777895855473,-0.0149895740195244,7.949418012,7.807524091,7.973066998833333,0.1791366651087922,0.0012094831247893897,2024-02,0
2024-02-05,7.87553242,sz.000001,平安银行,0.011866235167206,0.0117963834403695,7.895683035999999,7.8171795945,7.960192994166667,0.1768810804832034,0.02602070211076549,2024-02,0
2024-02-06,8.12741512,sz.000001,平安银行,0.0319829424307036,0.0314821382703523,7.925908959999999,7.8381698195,7.952216708666667,0.2077842837461747,0.05472495601687899,2024-02,0
2024-02-07,8.06864249,sz.000001,平安银行,-0.0072314049586776,-0.0072576783062845,7.95109723,7.8599996535,7.942981009666667,0.205917361809622,0.05729747262682879,2024-02,0
2024-02-08,8.11901903,sz.000001,平安银行,0.0062434963579605,0.0062240864830018,7.994756898,7.8809898784999985,7.933185571333334,0.2051381971782336,0.05474008889678049,2024-02,0
2024-02-19,8.23656429,sz.000001,平安银行,0.014477766287487,0.0143739641120687,8.085434670000001,7.9070177575,7.9271683735,0.2092978036323076,0.06703683010247909,2024-02,0
2024-02-20,8.24496038,sz.000001,平安银行,0.001019367991845,0.0010188487891028,8.159320262,7.932625831999999,7.922550524,0.2094242376782083,0.06587991953066809,2024-02,0
2024-02-21,9.0677772,sz.000001,平安银行,0.0997963340122198,0.0951250117637994,8.347392678,7.993917289,7.931086548833333,0.4011892937110496,0.1515611612518999,2024-02,0
2024-02-22,9.1517381,sz.000001,平安银行,0.009259259259259,0.0092166551049238,8.5640118,8.0640246405,7.9397625085,0.3946239839586862,0.1725977224383537,2024-02,0
2024-02-23,9.10975765,sz.000001,平安银行,-0.0045871559633026,-0.0045977092486293,8.762159524000001,8.133292383,7.949418012,0.3951859181484644,0.1712608373309557,2024-02,0
2024-02-26,8.84108277,sz.000001,平安银行,-0.0294930875576037,-0.0299367538405844,8.88306322,8.190385795,7.954735535666667,0.4160167515591522,0.1450286193385694,2024-02,0
2024-02-27,8.8158945,sz.000001,平安银行,-0.0028490028490028,-0.0028530689824063,8.997250044000001,8.249158425000001,7.960332929000001,0.414088410757354,0.1498132042758261,2024-02,0
2024-02-28,8.80749841,sz.000001,平安银行,-0.0009523809523809,-0.0009528347552718,8.945194286,8.3049924235,7.967049801,0.4151701316495488,0.14226741673003868,2024-02,0
2024-02-29,8.89145931,sz.000001,平安银行,0.0095328884652048,0.0094877372051091,8.893138528,8.357887790500001,7.976005630333334,0.4131009113576427,0.133241353230178,2024-02,0
2024-03-01,8.80749841,sz.000001,平安银行,-0.0094428706326722,-0.0094877372051091,8.83268668,8.399448436,7.9867806125,0.414503199487735,0.1055776894570986,2024-03,0
2024-03-04,8.67316097,sz.000001,平安银行,-0.015252621544328,-0.0153701392766587,8.79910232,8.4292545555,7.995876376666667,0.4197275683840374,0.07769348896540229,2024-03,0
2024-03-05,8.75712187,sz.000001,平安银行,0.0096805421103582,0.009633985881134,8.787347794000002,8.459900284,8.006651358833334,0.4199465311967986,0.0790580227597522,2024-03,0
2024-03-06,8.67316097,sz.000001,平安银行,-0.0095877277085332,-0.009633985881134,8.760480306000002,8.4947440575,8.016446797166667,0.413156701566236,0.09008885175224979,2024-03,0
2024-03-07,8.71514142,sz.000001,平安银行,0.0048402710551791,0.0048285946061954,8.725216728000001,8.533366071500001,8.029040932166668,0.411871686471134,0.09913964912321839,2024-03,0
2024-03-08,8.71514142,sz.000001,平安银行,0.0,0.0,8.70674533,8.574087108,8.0413551975,0.4105536079041473,0.10442506138537469,2024-03,0
2024-03-11,8.79070623,sz.000001,平安银行,0.0086705202312138,0.0086331471447028,8.730254382000002,8.624463647999999,8.055768485333333,0.4037157272241591,0.1279733712021358,2024-03,0
2024-03-12,8.86627104,sz.000001,平安银行,0.0085959885386821,0.0085592533956701,8.752084216,8.674000579000001,8.073400274333332,0.4032949801567363,0.12470312457361189,2024-03,0
2024-03-13,8.67316097,sz.000001,平安银行,-0.0217803030303032,-0.0220209951465684,8.752084216,8.7012878715,8.087113888,0.4029230728072547,0.0709398791126051,2024-03,0
2024-03-14,8.58920007,sz.000001,平安银行,-0.009680542110358,-0.0097277031680119,8.726895946,8.7273157505,8.0984486095,0.4038846575597484,0.0684907419609247,2024-03,0
2024-03-15,8.8998554,sz.000001,平安银行,0.0361681329423264,0.0355294211544863,8.763838742,8.766357569,8.1185992255,0.420289871539856,0.09841537854529059,2024-03,0
2024-03-18,8.84947886,sz.000001,平安银行,-0.0056603773584905,-0.0056764580048051,8.775593268,8.7970032975,8.138050167333335,0.4202953500919684,0.0782772348993131,2024-03,0
2024-03-19,8.7319336,sz.000001,平安银行,-0.0132827324478178,-0.0133717369658893,8.74872578,8.821351958500001,8.154702412499999,0.4246453004599215,0.06397513445965029,2024-03,0
2024-03-20,8.77391405,sz.000001,平安银行,0.0048076923076922,0.004796172263493,8.768876396,8.806658801000001,8.1731738105,0.2249770000346924,-0.031013507244877298,2024-03,0
2024-03-21,8.79070623,sz.000001,平安银行,0.001913875598086,0.0019120464716254,8.809177628,8.7886072075,8.192344882666667,0.2217841453186685,-0.0383588909060503,2024-03,0
2024-03-22,8.69834924,sz.000001,平安银行,-0.0105062082139444,-0.0105617880511083,8.768876396,8.768036787,8.2109562155,0.2237157683189431,-0.0442779431566921,2024-03,0
2024-03-25,8.7319336,sz.000001,平安银行,0.0038610038610038,0.0038535693159899,8.745367344,8.7625793285,8.2281682,0.1998264722785774,-0.010923851738084597,2024-03,0
2024-03-26,8.8998554,sz.000001,平安银行,0.0192307692307691,0.0190481949706944,8.778951703999999,8.7667773735,8.247759076666666,0.2114818677180046,0.011155920341687303,2024-03,0
2024-03-27,8.84108277,sz.000001,平安银行,-0.0066037735849057,-0.0066256749721373,8.792385448,8.768456591500001,8.266510344333334,0.2129633624716742,0.005504527709162504,2024-03,0
2024-03-28,8.80749841,sz.000001,平安银行,-0.0037986704653369,-0.0038059037376781,8.795743884,8.764258546499999,8.285961286166666,0.2105206508507732,-0.007827031221379196,2024-03,0
2024-03-29,8.83268668,sz.000001,平安银行,0.0028598665395613,0.0028557849013578,8.822611372,8.76551796,8.305552162833333,0.208019511736856,0.004475705950854305,2024-03,1
2024-04-01,8.93343976,sz.000001,平安银行,0.0114068441064638,0.0113422766039345,8.862912604,8.778531899499999,8.322204408,0.203181479496741,0.031135171601646104,2024-04,0
2024-04-02,8.85787495,sz.000001,平安银行,-0.0084586466165414,-0.0084946239914229,8.854516514,8.7835695535,8.338436848666667,0.2037636045251845,0.012995982874746504,2024-04,0
2024-04-03,8.78231014,sz.000001,平安银行,-0.0085308056872037,-0.0085674012852986,8.842761988000001,8.789027012000002,8.355928702833333,0.2030927373268274,0.014052904896076007,2024-04,0
2024-04-08,8.75712187,sz.000001,平安银行,-0.0028680688336518,-0.0028721896240956,8.83268668,8.7911260345,8.373140687333333,0.2028528944591935,0.0063445650072451055,2024-04,0
2024-04-09,8.7319336,sz.000001,平安银行,-0.00287631831256,-0.0028804628653542,8.812536064,8.7919656435,8.391192280833334,0.2031692474778748,0.0034682466946851062,2024-04,0
2024-04-10,8.63118052,sz.000001,平安银行,-0.0115384615384616,-0.011605546120308,8.752084216,8.783989358000001,8.405325699,0.2046181248397314,-0.016740735074990295,2024-04,0
2024-04-11,8.60599225,sz.000001,平安银行,-0.002918287937743,-0.0029225544426017,8.701707676,8.770975418499999,8.420718530666667,0.201638105044932,-0.028255011551415396,2024-04,0
2024-04-12,8.44646654,sz.000001,平安银行,-0.0185365853658536,-0.018710540912824,8.634538956,8.759640697,8.433032796,0.197580352412217,-0.025011293886965796,2024-04,0
2024-04-15,8.63957661,sz.000001,平安银行,0.0228628230616303,0.0226053851743652,8.611029904,8.762159524,8.449824976,0.2123795196681923,0.007532071285022503,2024-04,0
2024-04-16,8.63118052,sz.000001,平安银行,-0.000971817298348,-0.0009722898189393,8.590879288,8.748725780000001,8.4653577425,0.1649966101651681,-0.0296078789556519,2024-04,0
2024-04-17,8.91664758,sz.000001,平安银行,0.0330739299610896,0.0325387557867738,8.6479727,8.752084216,8.485368423666667,0.2045321615687629,0.009126428363928199,2024-04,0
2024-04-18,9.0677772,sz.000001,平安银行,0.016949152542373,0.0168071183163814,8.74032969,8.768876396,8.507618062166665,0.2057461629411501,0.039358313354119004,2024-04,0
2024-04-19,8.97542021,sz.000001,平安银行,-0.0101851851851852,-0.0102374090932202,8.846120424,8.778951704,8.526509264666666,0.209843742455321,0.0243654358612416,2024-04,0
2024-04-22,8.8158945,sz.000001,平安银行,-0.0177736202057996,-0.0179334678734759,8.881384001999999,8.780211117499999,8.544280988499999,0.2203516616173835,0.004677940057356,2024-04,0
2024-04-23,8.84947886,sz.000001,平安银行,0.0038095238095237,0.0038022859497384,8.925043669999999,8.7877675985,8.563032256166668,0.216929976175301,0.0189936720808241,2024-04,0
2024-04-24,8.84108277,sz.000001,平安银行,-0.0009487666034155,-0.0009492169673321,8.909930708000001,8.793225057,8.5820633935,0.2167456098274172,0.014183901616404801,2024-04,0
2024-04-25,8.90825149,sz.000001,平安银行,0.0075973409306742,0.0075686264800075,8.878025566,8.7936448615,8.603193553333334,0.2072879440374092,0.002550473316309901,2024-04,0
2024-04-26,8.8998554,sz.000001,平安银行,-0.0009425070688029,-0.0009429515078702,8.862912604,8.796583493,8.623344169333333,0.2058185242898252,0.0082117398324127,2024-04,0
2024-04-29,9.07617329,sz.000001,平安银行,0.019811320754717,0.0196176305330955,8.914968362,8.810017237,8.644054524666668,0.2162144879799395,0.031821731052466606,2024-04,0
2024-04-30,9.05938111,sz.000001,平安银行,-0.0018501387604069,-0.0018518523810735,8.956948811999998,8.8213519585,8.662106118166665,0.2164941220613285,0.0271117257524984,2024-04,0
2024-05-06,9.14334201,sz.000001,平安银行,0.0092678405931416,0.0092251576748256,9.01740066,8.831847071,8.679877842,0.215306866894126,0.0249727222391762,2024-05,0
2024-05-07,9.13494592,sz.000001,平安银行,-0.0009182736455463,-0.0009186955170724,9.062739546,8.8457006195,8.696390152333333,0.2124424948787309,0.032513095210171296,2024-05,0
2024-05-08,9.00900457,sz.000001,平安银行,-0.0137867647058823,-0.0138826847851894,9.08456938,8.857035341,8.713602136833334,0.2165546493401135,0.027257136191492705,2024-05,0
2024-05-09,9.03419284,sz.000001,平安银行,0.0027958993476233,0.0027919980910311,9.07617329,8.8708888895,8.731793665166666,0.2160195797235817,0.032921104372767795,2024-05,0
2024-05-10,9.18532246,sz.000001,平安银行,0.0167286245353159,0.0165902422601967,9.10136156,8.8935583325,8.753203694666666,0.2217103293601443,0.052526047220643704,2024-05,0
2024-05-13,9.21051073,sz.000001,平安银行,0.0027422303473489,0.0027384772933035,9.114795304,8.922524843,8.776992616333333,0.2153120481482069,0.0668067391064542,2024-05,0
2024-05-14,9.16013419,sz.000001,平安银行,-0.0054694621695531,-0.0054844744421592,9.119832958,8.95023194,8.798402645833333,0.2164828551156574,0.0642555648746441,2024-05,0
2024-05-15,9.09296547,sz.000001,平安银行,-0.007332722273144,-0.0073597388320803,9.136625138,8.9825568865,8.814495151666668,0.2048965857995595,0.07545942796735369,2024-05,0
2024-05-16,9.37843253,sz.000001,平安银行,0.0313942751615881,0.03091155206821,9.205473076,9.0194996825,8.836324985666668,0.2173013952656579,0.08399088006731151,2024-05,0
2024-05-17,9.58833478,sz.000001,平安银行,0.0223813786929276,0.0221345911467549,9.28607554,9.0673573955,8.8608135815,0.2255838102044864,0.1073440760585871,2024-05,0
2024-05-20,9.55475042,sz.000001,平安银行,-0.0035026269702277,-0.0035087755296793,9.354923478,9.0992625375,8.882783350333334,0.2021452110319534,0.07076751912726982,2024-05,0
2024-05-21,9.69748395,sz.000001,平安银行,0.01493848857645,0.0148280082696178,9.46239343,9.130747875,8.9069920765,0.2004952734288753,0.06875685516134682,2024-05,0
2024-05-22,9.70588004,sz.000001,平安银行,0.0008658008658009,0.0008654262764289,9.584976344,9.1672708665,8.917627123833334,0.1942772241841946,0.07980784121233292,2024-05,0
2024-05-23,9.5715426,sz.000001,平安银行,-0.0138408304498269,-0.0139375078437816,9.623598358,9.2050532715,8.924623865500001,0.1888598619802652,0.0837406309683056,2024-05,0
2024-05-24,9.49597779,sz.000001,平安银行,-0.0078947368421053,-0.0079260652724208,9.605126960000002,9.237378218,8.931060867833335,0.1936784011686505,0.0720363703166766,2024-05,0
2024-05-27,9.66389959,sz.000001,平安银行,0.0176834659593281,0.0175289326057622,9.626956794,9.278519059,8.944774481499998,0.1990890218439248,0.09066860287942022,2024-05,0
2024-05-28,9.5715426,sz.000001,平安银行,-0.0095569070373586,-0.0096028673333413,9.601768524,9.3116836145,8.9573686165,0.2048170386866842,0.07351435491138741,2024-05,0
2024-05-29,9.45399734,sz.000001,平安银行,-0.012280701754386,-0.0123567326889054,9.551391984,9.339390711499998,8.968143598666666,0.2120348739988628,0.062176160225804314,2024-05,0
2024-05-30,9.33645208,sz.000001,平安银行,-0.0124333925399644,-0.0125113338891079,9.50437388,9.352404651,8.975560144833333,0.2092201265018616,0.029931446931122912,2024-05,0
2024-05-31,9.32805599,sz.000001,平安银行,-0.0008992805755397,-0.0008996851708979,9.47078952,9.365838395,8.9842361045,0.2090455454718839,0.030882305115990105,2024-05,0
2024-06-03,9.21890682,sz.000001,平安银行,-0.0117011701170115,-0.0117701675701539,9.381790966,9.3696166355,8.993331868666667,0.2120001893204506,0.00991329440583701,2024-06,0
2024-06-04,9.25249118,sz.000001,平安银行,0.0036429872495444,0.0036363676433837,9.317980682,9.3754938985,9.001588023833333,0.2122148610897148,0.01447455530092771,2024-06,0
2024-06-05,9.12654983,sz.000001,平安银行,-0.013611615245009,-0.0137051025916503,9.25249118,9.3813711615,9.009144504833332,0.212056872181238,0.01464970476180101,2024-06,0
2024-06-06,9.1517381,sz.000001,平安银行,0.0027598896044156,0.0027560881019797,9.215548383999998,9.3872484245,9.016421116166669,0.2120522633516653,0.014613695018593312,2024-06,0
2024-06-07,9.22730291,sz.000001,平安银行,0.0082568807339451,0.0082229791804321,9.195397768,9.389347447,9.024957141,0.2056096946479445,0.006141951217222512,2024-06,0
2024-06-11,9.12654983,sz.000001,平安银行,-0.0109190172884441,-0.010979067282412,9.17692637,9.385149402,9.030554534333334,0.2091516935487326,-0.007519296418570487,2024-06,0
2024-06-12,9.13494592,sz.000001,平安银行,0.0009199632014718,0.0009195402946783,9.153417318,9.383889988499998,9.035032449,0.208315953783903,-0.001129871047545587,2024-06,0
2024-06-13,9.0677772,sz.000001,平安银行,-0.0073529411764705,-0.0073801072976225,9.141662792,9.382630575,9.041609386166668,0.2083253326734717,-0.001150089950872086,2024-06,0
2024-06-14,9.15773458,sz.000001,平安银行,0.0099205547308771,0.0098716690771118,9.142862088,9.3715956775,9.051084961333334,0.1769012242988081,-0.022623810381583086,2024-06,0
2024-06-17,9.0857681,sz.000001,平安银行,-0.0078585461689587,-0.0078895872751629,9.114555126,9.3464673435,9.054183506333334,0.1547754987218798,-0.05286373524346939,2024-06,0
2024-06-18,9.06777648,sz.000001,平安银行,-0.0019801980198019,-0.0019821612039912,9.102800456,9.3221186465,9.0578218,0.1547577175897515,-0.051341306293043586,2024-06,0
2024-06-19,9.13074715,sz.000001,平安银行,0.0069444444444444,0.0069204428445737,9.101960702,9.2937818065,9.064468692499998,0.1450622409413745,-0.05933535042504919,2024-06,0
2024-06-20,9.04078905,sz.000001,平安银行,-0.0098522167487683,-0.0099010709827114,9.096563072,9.260527257,9.068916609166669,0.1462903087319344,-0.07005336803961838,2024-06,0
2024-06-21,8.99581,sz.000001,平安银行,-0.0049751243781094,-0.004987541511039,9.064178156,9.231740627,9.072335005333334,0.1412796925205262,-0.06118766196790089,2024-06,0
2024-06-24,8.97781838,sz.000001,平安银行,-0.002,-0.002002002670673,9.042588212000002,9.2058326565,9.076992824333333,0.1401488212779754,-0.05529292512579559,2024-06,0
2024-06-25,9.06777648,sz.000001,平安银行,0.0100200400801602,0.0099701723198498,9.042588212000002,9.176026501,9.082590205666666,0.1273770924010006,-0.06295635100496348,2024-06,0
2024-06-26,9.06777648,sz.000001,平安银行,0.0,0.0,9.029994077999998,9.150838195,9.085388890333332,0.1255028793603271,-0.05339944396760489,2024-06,0
2024-06-27,9.11275553,sz.000001,平安银行,0.0049603174603174,0.0049480556173694,9.044387374,9.1337761045,9.089916769666669,0.1228860420048282,-0.036158424752901486,2024-06,0
2024-06-28,9.13074715,sz.000001,平安银行,0.0019743336623889,0.0019723872272043,9.071374803999998,9.123490858,9.095304248666668,0.1168573307370434,-0.021750698550548186,2024-06,0
2024-07-01,9.31066335,sz.000001,平安银行,0.0197044334975371,0.0195128142235819,9.137943797999998,9.122621226,9.1032705265,0.138229478121644,-0.0011469844774713855,2024-07,0
2024-07-02,9.3556424,sz.000001,平安银行,0.0048309178743961,0.0048192864359489,9.195516982,9.129458005,9.110307237166666,0.132079015304472,0.015385103513936214,2024-07,0
2024-07-03,9.27468011,sz.000001,平安银行,-0.0086538461538462,-0.0086915081184585,9.236897708,9.1305674515,9.117253989833332,0.1356936149155291,0.003088270110545615,2024-07,0
2024-07-04,9.22970106,sz.000001,平安银行,-0.0048496605237633,-0.004861458286245,9.260286814,9.135725013,9.124710505166666,0.1272027881361164,0.011850224831791316,2024-07,0
2024-07-05,8.96882257,sz.000001,平安银行,-0.0282651072124755,-0.0286722557688764,9.227901898,9.1265792365,9.128238850166667,0.1628649075625848,-0.019174771985099787,2024-07,0
2024-07-08,8.93283933,sz.000001,平安银行,-0.004012036108325,-0.0040201059166657,9.152337094,9.1118560575,9.131587279,0.1594440157517787,-0.031443688827369885,2024-07,0
2024-07-09,9.05878067,sz.000001,平安银行,0.0140986908358511,0.0140002286733898,9.092964748,9.1084675995,9.138713948166668,0.1646382025387705,-0.006425980703074688,2024-07,0
2024-07-10,9.12175134,sz.000001,平安银行,0.00695134061569,0.006927291432566,9.062378994,9.1078078705,9.147309933,0.1666213798591737,-0.0003946032888564868,2024-07,0
2024-07-11,9.11275553,sz.000001,平安银行,-0.0009861932938856,-0.000986679902445,9.038989888,9.110056787,9.1584147495,0.1644230881165448,0.005972144593728413,2024-07,0
2024-07-12,9.27468011,sz.000001,平安银行,0.0177690029615005,0.0176129797682765,9.100161396,9.1159040635,9.168999807833334,0.1726681375362894,0.013820592824351812,2024-07,0
2024-07-15,9.29267173,sz.000001,平安银行,0.0019398642095054,0.0019379851026787,9.172127876,9.126249245,9.180024661333333,0.1697110130749519,0.02361900320281591,2024-07,0
2024-07-16,9.2656843,sz.000001,平安银行,-0.0029041626331074,-0.002908387895957,9.213508602,9.136144636,9.18584194,0.1699707695029226,0.022695038589510413,2024-07,0
2024-07-17,9.3556424,sz.000001,平安银行,0.0097087378640776,0.0096619109117368,9.260286814,9.1473893985,9.190639693333331,0.1715002846325944,0.025459332009143614,2024-07,0
2024-07-18,9.36463821,sz.000001,平安银行,0.0009615384615384,0.0009610764795505,9.310663350000002,9.1635818565,9.19712666,0.1664166727238316,0.036273087219450315,2024-07,0
2024-07-19,9.32865497,sz.000001,平安银行,-0.0038424591738712,-0.0038498603854415,9.321458322,9.180224105,9.205672667833332,0.165851445802355,0.037405752423688515,2024-07,0
2024-07-22,9.20271363,sz.000001,平安银行,-0.0135004821600772,-0.0135924422779009,9.303466702,9.1914688675,9.211559914,0.1742236572115579,0.02590527026361131,2024-07,0
2024-07-23,9.15773458,sz.000001,平安银行,-0.0048875855327468,-0.0048995688411584,9.281876758,9.1959667725,9.216837444166666,0.1723482196861966,0.010997644650704312,2024-07,0
2024-07-24,9.11275553,sz.000001,平安银行,-0.0049115913555992,-0.0049236928617847,9.233299384,9.198215725,9.220245844833332,0.1734344545119258,0.006086053295105112,2024-07,0
2024-07-25,9.07677229,sz.000001,平安银行,-0.0039486673247779,-0.0039564838950744,9.1757262,9.196416563,9.223194459666669,0.1731451728356017,-0.002822931489990188,2024-07,0
2024-07-26,9.02279743,sz.000001,平安银行,-0.0059464816650146,-0.0059642323916732,9.114554692,9.191019077,9.222304861999998,0.1741415590701613,-0.010743746817393688,2024-07,0
2024-07-29,9.09476391,sz.000001,平安银行,0.0079760717846459,0.0079444310585358,9.092964748,9.180224105,9.222894575333331,0.1605026281857736,-0.02247210853028489,2024-07,0
2024-07-30,9.06777648,sz.000001,平安银行,-0.002967359050445,-0.0029717703891574,9.074973128,9.165830809,9.221635149833332,0.159045870603926,-0.030270385455125986,2024-07,0
2024-07-31,9.23869687,sz.000001,平安银行,0.0188492063492065,0.0186737612972444,9.100161396,9.164031646999998,9.223364332333334,0.1720964721824483,-0.0027673329520732856,2024-07,0
2024-08-01,9.23869687,sz.000001,平安银行,0.0,0.0,9.132546312,9.1644814375,9.227192537333334,0.1711942166618253,0.002082327571690014,2024-08,0
2024-08-02,9.12175134,sz.000001,平安银行,-0.0126582278481013,-0.0127390257774298,9.152337094,9.172127876,9.228651845666665,0.1436378799281567,0.01768920693606421,2024-08,0
2024-08-05,9.04078905,sz.000001,平安银行,-0.0088757396449702,-0.0089153636579521,9.141542122,9.177525362,9.2262429555,0.1468387834150205,0.012825503399419012,2024-08,0
2024-08-06,8.93283933,sz.000001,平安银行,-0.0119402985074626,-0.0120121564480035,9.114554692,9.171228295,9.221615098833333,0.144255010106936,-0.013213485943894687,2024-08,0
2024-08-07,8.93283933,sz.000001,平安银行,0.0,0.0,9.053383184,9.1617826945,9.217826851166668,0.1414734905188674,-0.020164826559584688,2024-08,0
2024-08-08,8.94183514,sz.000001,平安银行,0.0010070493454179,0.0010065426114014,8.994010838,9.153236675,9.215308012333336,0.1416544184913395,-0.01817158392028119,2024-08,0
2024-08-09,9.03179324,sz.000001,平安银行,0.0100603621730381,0.0100100935951004,8.976019218000001,9.1410923315,9.209530690833333,0.1303667116779444,-0.025880224708743585,2024-08,0
2024-08-12,9.00480581,sz.000001,平安银行,-0.0029880478087649,-0.0029925209364539,8.96882257,9.1266990355,9.199805208,0.1299181735123427,-0.030808136727013886,2024-08,0
2024-08-13,8.95083095,sz.000001,平安银行,-0.005994005994006,-0.0060120421566278,8.972420894,9.110956368,9.1897398835,0.1308082644320713,-0.03389798008791249,2024-08,0
2024-08-14,8.92384352,sz.000001,平安银行,-0.0030150753768843,-0.0030196298737199,8.970621732000001,9.089366424,9.176845876333337,0.1237003466183353,-0.04662179332887439,2024-08,0
2024-08-15,9.02279743,sz.000001,平安银行,0.0110887096774194,0.0110276806770628,8.98681419,9.072274385,9.165461166166669,0.1322064556181717,-0.03649462211299339,2024-08,0
2024-08-16,9.11275553,sz.000001,平安银行,0.0099700897308074,0.0099207162867477,9.003006648,9.061479413,9.157814715,0.1383588426386293,-0.022682073208314786,2024-08,0
2024-08-19,9.25668849,sz.000001,平安银行,0.0157946692991115,0.0156712315853662,9.053383184,9.064178156,9.15382656,0.1426420149802933,0.00661307825087391,2024-08,0
2024-08-20,9.30166754,sz.000001,平安银行,0.0048590864917394,0.0048473192343247,9.123550502,9.071374804,9.147789359166667,0.1421076125587069,0.01635975027536011,2024-08,0
2024-08-21,9.31066335,sz.000001,平安银行,0.0009671179883945,0.0009666506310949,9.200914468,9.081270195,9.143441371666666,0.1404868191944538,0.02223845961935381,2024-08,0
2024-08-22,9.33765078,sz.000001,平安银行,0.0028985507246377,0.0028943580263645,9.263885138,9.0943141195,9.141502262333336,0.1393130550131397,0.029085677668769412,2024-08,0
2024-08-23,9.41861307,sz.000001,平安银行,0.0086705202312136,0.0086331471447026,9.325056646,9.1141049015,9.142871612166669,0.1386746729083478,0.043702679564997605,2024-08,0
2024-08-26,9.43660469,sz.000001,平安银行,0.0019102196752627,0.0019083975257603,9.361039886,9.1311969405,9.144680757166666,0.1369762286855043,0.037636827455614405,2024-08,0
2024-08-27,9.38262983,sz.000001,平安银行,-0.0057197330791227,-0.0057361533955245,9.377232344,9.146939608,9.147409474,0.1386072909359726,0.034884453426936704,2024-08,0
2024-08-28,9.29267173,sz.000001,平安银行,-0.0095877277085331,-0.0096339858811339,9.37363402,9.149638351,9.148079149833332,0.1284458432305233,0.006447519369197109,2024-08,0
2024-08-29,9.11275553,sz.000001,平安银行,-0.0193610842207164,-0.0195509648709552,9.32865497,9.143341284,9.147849244833337,0.1462430506366987,-0.012913564851519291,2024-08,0
2024-08-30,9.13974296,sz.000001,平安银行,0.0029615004935834,0.0029571238897438,9.272880948,9.144240865,9.147649325833331,0.1395848146627973,0.002706163490165409,2024-08,0
2024-09-02,9.09476391,sz.000001,平安银行,-0.0049212598425196,-0.0049334091179557,9.204512792,9.146939608,9.1454403425,0.1368784834987028,0.006660643292616009,2024-09,0
2024-09-03,9.06777648,sz.000001,平安银行,-0.002967359050445,-0.0029717703891574,9.141542122,9.1536864655,9.144460786666665,0.129726269247976,0.015633582749633612,2024-09,0
2024-09-04,9.01380162,sz.000001,平安银行,-0.0059523809523808,-0.0059701669865036,9.0857681,9.15773458,9.142441715,0.1319043461229938,0.00968120179725281,2024-09,0
2024-09-05,9.05878067,sz.000001,平安银行,0.0049900199600798,0.0049776110737522,9.074973128,9.1635818565,9.142291772833332,0.1328679768883037,0.013664172411914708,2024-09,0
2024-09-06,9.06777648,sz.000001,平安银行,0.000993048659384,0.0009925559127514,9.060579832,9.1653810185,9.140792471166666,0.1281967526845991,0.004596858898260609,2024-09,0
2024-09-09,8.86087285,sz.000001,平安银行,-0.0228174603174602,-0.0230818074592249,9.01380162,9.1581843705,9.137044217,0.1519256810067507,-0.015232553610434693,2024-09,0
2024-09-10,8.9058519,sz.000001,平安银行,0.0050761421319798,0.0050633019565468,8.981416704,9.155935418,9.134345473999998,0.1519507500397243,-0.0041624054844488926,2024-09,0
2024-09-11,8.68095665,sz.000001,平安银行,-0.0252525252525251,-0.0255768417896496,8.91484771,9.1437910745,9.126848965666666,0.17599870186049,-0.02639985536008969,2024-09,0
2024-09-12,8.76191894,sz.000001,平安银行,0.009326424870466,0.0092832023035489,8.855475364,9.13074715,9.1222011305,0.1744551677556163,-0.028162140167043097,2024-09,0
2024-09-13,8.7259357,sz.000001,平安银行,-0.0041067761806979,-0.0041152321451064,8.787107208,9.1114061585,9.1177032255,0.1693596632694929,-0.04223900607854839,2024-09,0
2024-09-18,8.78890637,sz.000001,平安银行,0.0072164948453605,0.0071905805453539,8.772713912,9.0880170525,9.114554692000002,0.1597975701174039,-0.050817180532299396,2024-09,0
2024-09-19,8.82488961,sz.000001,平安银行,0.0040941658137154,0.0040858075225803,8.756521454,9.064178156,9.1105065775,0.1593502021448369,-0.05158210121032339,2024-09,0
2024-09-20,8.9058519,sz.000001,平安银行,0.0091743119266054,0.0091324835632724,8.801500504,9.0439375835,9.1078078345,0.1643570331876989,-0.04337490727211249,2024-09,0
2024-09-23,9.03179324,sz.000001,平安银行,0.0141414141414142,0.0140423571230389,8.855475364,9.0286447065,9.106458463,0.1735428703097796,-0.032132043855335995,2024-09,0
2024-09-24,9.32865497,sz.000001,平安银行,0.0328685258964143,0.0323399079778527,8.976019218,9.0241468015,9.109756926666668,0.2099802264289223,-0.007934038190135294,2024-09,0
2024-09-25,9.4456005,sz.000001,平安银行,0.0125361620057857,0.0124582349220415,9.107358044,9.024596592,9.112005879166666,0.2148595238465195,0.0026919041403877086,2024-09,0
2024-09-26,10.03032815,sz.000001,平安银行,0.0619047619047621,0.0600642407426502,9.348445752,9.056981508000002,9.123250641666669,0.3054237451323831,0.07031639912427251,2024-09,0
2024-09-27,10.27321502,sz.000001,平安银行,0.0242152466367713,0.0239267063217364,9.621918376,9.1060086725,9.139892890166667,0.3097279530122216,0.1041193734695769,2024-09,0
2024-09-30,10.98388401,sz.000001,平安银行,0.0691768826619965,0.0668890838947491,10.01233653,9.1995650965,9.169129272666668,0.3701413359795235,0.19265734035228982,2024-09,1
2024-10-08,11.58660328,sz.000001,平安银行,0.0548730548730549,0.0534204325535943,10.463926192,9.3219081125,9.212758951166666,0.4022096314764258,0.2445688947317613,2024-10,0
2024-10-09,10.50710608,sz.000001,平安银行,-0.0931677018633541,-0.0977977432761266,10.676227308,9.392525221,9.238996730333334,0.5477583408175829,0.1563224527109268,2024-10,0
2024-10-10,11.01269886,sz.000001,平安银行,0.0481191277741435,0.0469972509789437,10.87270145,9.48977134,9.2715620335,0.5641896487617896,0.2074089395355153,2024-10,0
2024-10-11,10.77369204,sz.000001,平安银行,-0.021702838063439,-0.0219418085384367,10.972796854,9.577765861,9.2990943785,0.5729358012129467,0.1916584824244571,2024-10,0
2024-10-14,11.04946914,sz.000001,平安银行,0.0255972696245732,0.0252751449581947,10.98591388,9.6773002845,9.331372938666666,0.5754089788605825,0.2122657320889505,2024-10,0
2024-10-15,10.9391583,sz.000001,平安银行,-0.0099833610648917,-0.0100335289895776,10.856424884,9.770869375500002,9.359114241833334,0.579149915753785,0.2012893223646748,2024-10,0
2024-10-16,11.08623942,sz.000001,平安银行,0.0134453781512604,0.0133557911815556,10.972251552,9.882137704,9.389007036666667,0.5659980353736591,0.23755216083339542,2024-10,0
2024-10-17,10.98512115,sz.000001,平安银行,-0.0091210613598673,-0.0091629129215197,10.96673601,9.9861011665,9.4176643175,0.5704865187935626,0.2233549573415483,2024-10,0
2024-10-18,11.06785428,sz.000001,平安银行,0.007531380753138,0.0075031615031553,11.025568458,10.105446048,9.446201182166668,0.5543687971316517,0.2561388633472114,2024-10,0
2024-10-21,10.85642517,sz.000001,平安银行,-0.0191029900332226,-0.0192878096714041,10.986959664,10.2101713595,9.471064298166668,0.5658031785292204,0.22770944844352278,2024-10,0
2024-10-22,10.83804003,sz.000001,平安银行,-0.0016934801016087,-0.0016949156599913,10.96673601,10.315776576,9.496220715833337,0.5649910350485068,0.230122744522612,2024-10,0
2024-10-23,10.90238802,sz.000001,平安银行,0.0059372349448685,0.0059196790202998,10.92996573,10.4214506585,9.524548622333333,0.5651380845487788,0.22884348462212,2024-10,0
2024-10-24,10.80126975,sz.000001,平安银行,-0.0092748735244519,-0.0093181529794114,10.89319545,10.5202696655,9.551940875166666,0.5694197942662061,0.2154744452839527,2024-10,0
2024-10-25,10.76449947,sz.000001,平安银行,-0.0034042553191487,-0.0034100629805418,10.832524488,10.613202044,9.579469940833333,0.5716346234165336,0.2028958780381986,2024-10,0
2024-10-28,10.70015148,sz.000001,平安银行,-0.0059777967549102,-0.0059957353063341,10.80126975,10.696619956,9.606526260666667,0.5742242189377529,0.18277666714187418,2024-10,0
2024-10-29,10.60822578,sz.000001,平安银行,-0.0085910652920963,-0.0086281812233383,10.7553069,10.7605984965,9.6329500665,0.570345821186853,0.14131707595336362,2024-10,0
2024-10-30,10.40598924,sz.000001,平安银行,-0.0190641247833621,-0.0192481883049165,10.656027144,10.8086179335,9.654803822,0.5773136179066877,0.10971678916421582,2024-10,0
2024-10-31,10.46114466,sz.000001,平安银行,0.0053003533568904,0.005286355923148,10.588002126,10.830158759,9.678026625,0.5375395646981114,0.0531123806163441,2024-10,1
2024-11-01,10.50710751,sz.000001,平安银行,0.0043936731107205,0.0043840491085344,10.536523734,10.8418533835,9.699166802333334,0.5315668816392731,0.0332908070902933,2024-11,0
2024-11-04,10.53468522,sz.000001,平安银行,0.0026246719160103,0.002621233479874,10.503430482,10.819393444,9.720766608166668,0.4681729970131832,-0.0332614036556929,2024-11,0
2024-11-05,10.70934405,sz.000001,平安银行,0.0165794066317626,0.016443468725116,10.523654136,10.7755304825,9.747226486666667,0.4245395650470757,-0.07155505189698519,2024-11,0
2024-11-06,10.61741835,sz.000001,平安银行,-0.0085836909871245,-0.008620743043907,10.565939958,10.781046096,9.773503641666668,0.2633757946517506,0.01302895897924441,2024-11,0
2024-11-07,10.94835087,sz.000001,平安银行,0.0311688311688311,0.0306929463994061,10.6633812,10.7778286965,9.807095500666668,0.2272533954953425,-0.0039213376260679896,2024-11,0
2024-11-08,10.77369204,sz.000001,平安银行,-0.015952980688497,-0.0160815992183421,10.716698106,10.7778286965,9.837776379166666,0.2208628655796388,0.0018285197488740086,2024-11,0
2024-11-11,10.6633812,sz.000001,平安银行,-0.0102389078498293,-0.0102916860365476,10.742437302,10.7585242995,9.8664688135,0.2017816242676437,-0.034007657725528495,2024-11,0
2024-11-12,10.60822578,sz.000001,平安银行,-0.0051724137931035,-0.0051858370323655,10.722213648,10.7419776735,9.892742689166663,0.1998759795180271,-0.029196710453740293,2024-11,0
2024-11-13,10.67257377,sz.000001,平安银行,0.0060658578856152,0.0060475346298465,10.733244732,10.721294391,9.920538821833334,0.1942134179248985,-0.03657623071938549,2024-11,0
2024-11-14,10.60822578,sz.000001,平安银行,-0.0060292850990525,-0.0060475346298466,10.665219714,10.7024496225,9.948162069,0.1929798789255186,-0.03348445445857069,2024-11,0
2024-11-15,10.51630008,sz.000001,平安银行,-0.0086655112651645,-0.0087032751283015,10.613741322,10.6748719125,9.974703011666666,0.1912892518238982,-0.049681346476873195,2024-11,0
2024-11-18,10.80126975,sz.000001,平安银行,0.027097902097902,0.0267372546385161,10.641319032,10.6721141415,10.004344217,0.2076521491767464,-0.003480454345748594,2024-11,0
2024-11-19,10.73692176,sz.000001,平安银行,-0.0059574468085106,-0.0059752631900869,10.667058228,10.667058227999998,10.031413654166668,0.2086153460647423,-0.007744421052650495,2024-11,0
2024-11-20,10.70015148,sz.000001,平安银行,-0.0034246575342464,-0.0034305350967891,10.67257377,10.656946401,10.055471370666668,0.2074948110961713,-0.017106313531765394,2024-11,0
2024-11-21,10.65418863,sz.000001,平安银行,-0.0042955326460482,-0.0043047849516315,10.68176634,10.649592345,10.078013388833334,0.2055587840835542,-0.012126972653361694,2024-11,0
2024-11-22,10.36921896,sz.000001,平安银行,-0.0267471958584987,-0.0271114112817475,10.652350116,10.6298283195,10.095655982333334,0.2255050640757536,-0.0354699131927117,2024-11,0
2024-11-25,10.27729326,sz.000001,平安银行,-0.0088652482269502,-0.0089047783429596,10.547554818,10.6086854085,10.111316690333332,0.2264500094621056,-0.038357364664751696,2024-11,0
2024-11-26,10.36002639,sz.000001,平安银行,0.0080500894454382,0.0080178603247318,10.472175744,10.596275439,10.127006912333334,0.2276470084072635,-0.021716209927217192,2024-11,0
2024-11-27,10.47033723,sz.000001,平安银行,0.0106477373558118,0.0105914494074057,10.426212894,10.5994928385,10.144235788,0.2208547793051752,0.007995652211956705,2024-11,0
2024-11-28,10.42437438,sz.000001,平安银行,-0.0043898156277436,-0.0043994791594847,10.380250044,10.5976543245,10.161598197166663,0.2206814468746455,-0.0016945167726772955,2024-11,0
2024-11-29,10.46114466,sz.000001,平安银行,0.0035273368606703,0.0035211303985789,10.398635184,10.595356182,10.181072746000002,0.2204695920006938,-0.0025608530227274958,2024-11,0
2024-12-02,10.47033723,sz.000001,平安银行,0.0008787346221441,0.0008783487609059,10.437243978,10.5921387825,10.203699107666669,0.2202674789614829,-0.004306790316593696,2024-12,0
2024-12-03,10.56226293,sz.000001,平安银行,0.008779631255487,0.0087413144015733,10.477691286,10.5847847265,10.227407773833336,0.2140314949622855,-0.012106565692869296,2024-12,0
2024-12-04,10.53468522,sz.000001,平安银行,-0.0026109660574411,-0.0026143805740707,10.490560884,10.58064807,10.251406462333334,0.2121200584805325,-0.006133840763185896,2024-12,0
2024-12-05,10.51630008,sz.000001,平安银行,-0.0017452006980802,-0.0017467253349416,10.508946024,10.5590455305,10.275548522333334,0.1765333382797368,-0.039047872630097194,2024-12,0
2024-12-06,10.71853662,sz.000001,平安银行,0.0192307692307691,0.0190481949706944,10.560424416,10.5562877595,10.303960772333332,0.1835615178300102,-0.0038641227108310965,2024-12,0
2024-12-09,10.72772919,sz.000001,平安银行,0.0008576329331047,0.0008572653761183,10.611902808,10.559505159,10.331776581000002,0.1796923860420295,0.007232418072102903,2024-12,0
2024-12-10,10.83804003,sz.000001,平安银行,0.0102827763496144,0.010230268250815,10.667058227999998,10.5709958715,10.3612809735,0.1817422408057912,0.022687608214820805,2024-12,0
2024-12-11,10.78288461,sz.000001,平安银行,-0.005089058524173,-0.0051020518838955,10.716698106,10.5765114135,10.393314502833334,0.182040843959283,0.011532691805032604,2024-12,0
2024-12-12,10.89319545,sz.000001,平安银行,0.0102301790281329,0.010178204915756,10.79207718,10.590759897000002,10.426436895333334,0.1833596890983732,0.027792155932218003,2024-12,0
2024-12-13,10.62661092,sz.000001,平安银行,-0.0244725738396625,-0.0247770043369088,10.773692039999998,10.596275439,10.4588644665,0.2024480061158266,0.011985093357719998,2024-12,0
2024-12-16,10.63580349,sz.000001,平安银行,0.0008650519031143,0.0008646779613539,10.7553069,10.588002126,10.490095875666666,0.1766823986137242,-0.014247756837067697,2024-12,0
2024-12-17,10.59903321,sz.000001,平安银行,-0.003457216940363,-0.0034632069246175,10.707505536,10.5811076985,10.521314167500002,0.1759192208202737,-0.011747526968920098,2024-12,0
2024-12-18,10.70934405,sz.000001,平安银行,0.0104076322636601,0.010353845730742,10.692797424,10.581567326999998,10.553321462166666,0.1797701425873892,0.0020847628289864025,2024-12,0
2024-12-19,10.65418863,sz.000001,平安银行,-0.0051502145922747,-0.0051635226600492,10.64499606,10.581567327,10.583809779166666,0.1800729238694013,0.0012300808827599022,2024-12,0
2024-12-20,10.68176634,sz.000001,平安银行,0.0025884383088869,0.0025850940721048,10.656027144,10.597194696,10.613408353166667,0.1496927922627916,0.030565715050145503,2024-12,0
2024-12-23,10.78288461,sz.000001,平安银行,0.0094664371772805,0.0094219112416189,10.685443368,10.6224742635,10.642593209333333,0.1469288446881089,0.0488974004543762,2024-12,0
2024-12-24,10.90238802,sz.000001,平安银行,0.011082693947144,0.0110217309041952,10.74611433,10.649592345,10.6688220935,0.1488451174365564,0.05193000495608201,2024-12,0
2024-12-25,10.95754344,sz.000001,平安银行,0.0050590219224282,0.0050462680676242,10.795754208,10.6739526555,10.6940211425,0.1461329328634318,0.046341289522698406,2024-12,0
2024-12-26,10.90238802,sz.000001,平安银行,-0.0050335570469798,-0.0050462680676242,10.845394086,10.6978533375,10.708555473666667,0.1465420854951835,0.0456975481034622,2024-12,0
2024-12-27,10.87481031,sz.000001,平安银行,-0.0025295109612141,-0.0025327155792839,10.88400288,10.718536619999998,10.718582061833333,0.147435403199459,0.039640700281577804,2024-12,0
2024-12-30,10.98512115,sz.000001,平安银行,0.0101437024513946,0.0100926003872241,10.924450188,10.744275816,10.718602680833332,0.1501586637841054,0.048905668110828304,2024-12,0
2024-12-31,10.7553069,sz.000001,平安银行,-0.02092050209205,-0.0211424365738091,10.895033964,10.7539280145,10.704747741166669,0.169327010361854,0.0192055347632913,2024-12,0
2020-01-02,26.59432424,sz.000002,万科A,,,,,,,,2020-01,0
2020-01-03,26.17776695,sz.000002,万科A,-0.0156633906633906,-0.0157873577676604,,,,,,2020-01,0
2020-01-06,25.73670629,sz.000002,万科A,-0.0168486739469577,-0.0169922275974956,,,,,,2020-01,0
2020-01-07,25.94090104,sz.000002,万科A,0.0079339892097747,0.0079026806097517,,,,,,2020-01,0
2020-01-08,25.87555872,sz.000002,万科A,-0.0025188916876573,-0.0025220694327098,26.065051448,,,,,2020-01,0
2020-01-09,26.3002838,sz.000002,万科A,0.0164141414141414,0.0162808856041375,26.006243360000003,,,,,2020-01,0
2020-01-10,25.69586734,sz.000002,万科A,-0.0229813664596273,-0.0232495549202308,25.909863438,,,,,2020-01,0
2020-01-13,25.87555872,sz.000002,万科A,0.006993006993007,0.0069686693160934,25.937633924,,,,,2020-01,0
2020-01-14,25.63869281,sz.000002,万科A,-0.0091540404040404,-0.0091961960923629,25.877192278000003,,,,,2020-01,0
2020-01-15,24.90359171,sz.000002,万科A,-0.0286715514495061,-0.0290906098536987,25.682798876,,,,,2020-01,0
2020-01-16,24.93626287,sz.000002,万科A,0.0013119055428008,0.0013110457466229,25.40999469,,,,,2020-01,0
2020-01-17,24.87908834,sz.000002,万科A,-0.0022928267278087,-0.0022954592797707,25.24663889,,,,,2020-01,0
2020-01-20,24.39718873,sz.000002,万科A,-0.0193696651346026,-0.0195597152389972,24.950964892,,,,,2020-01,0
2020-01-21,23.85811459,sz.000002,万科A,-0.0220957482423836,-0.0223435158283688,24.594849247999996,,,,,2020-01,0
2020-01-22,24.59321569,sz.000002,万科A,0.030811365970558,0.0303462260939928,24.532774044,,,,,2020-01,0
2020-01-23,23.67025542,sz.000002,万科A,-0.0375290601129193,-0.0382514056011061,24.279572554,,,,,2020-01,0
2020-02-03,21.75082477,sz.000002,万科A,-0.0810904071773636,-0.0845675370666953,23.65391984,,,,,2020-02,0
2020-02-04,22.55943598,sz.000002,万科A,0.0371761171610964,0.0365017481553051,23.286369290000003,,,,,2020-02,0
2020-02-05,22.57577156,sz.000002,万科A,0.000724112961622,0.000723850918323,23.029900684,,,,,2020-02,0
2020-02-06,22.7881341,sz.000002,万科A,0.0094066570188133,0.0093626899278508,22.668884366,24.7373771835,,,,2020-02,0
2020-02-07,22.4614225,sz.000002,万科A,-0.014336917562724,-0.0144406841547943,22.427117782,24.5307320965,,0.4075405696713193,-0.16178124329716762,2020-02,0
2020-02-10,23.41705393,sz.000002,万科A,0.0425454545454546,0.0416652752227529,22.760363614000003,24.3926964455,,0.4439439705129312,-0.10357239808832241,2020-02,0
2020-02-11,23.75193332,sz.000002,万科A,0.0143006627136379,0.0141993727700401,22.998863082,24.293457797,,0.4468434769176376,-0.0724230614277268,2020-02,0
2020-02-12,23.75193332,sz.000002,万科A,0.0,0.0,23.234095434,24.184009411,,0.4450060117432345,-0.08035705063750151,2020-02,0
2020-02-13,24.46253105,sz.000002,万科A,0.029917469050894,0.0294786718961397,23.568974824,24.1133580275,,0.4610604760511332,-0.047920689898950215,2020-02,0
2020-02-14,25.1567932,sz.000002,万科A,0.0283806343906511,0.0279853654180705,24.108048964,24.0561834975,,0.4694165542167454,-0.03595419692244051,2020-02,0
2020-02-17,24.84641718,sz.000002,万科A,-0.0123376623376623,-0.0124144031483819,24.393921614,24.0137109895,,0.4645410412497877,-0.025310492800475506,2020-02,0
2020-02-18,24.2583363,sz.000002,万科A,-0.0236686390532544,-0.0239532410224928,24.49520221,23.9328498685,,0.4700288300660614,-0.05597213884673691,2020-02,0
2020-02-19,24.21749735,sz.000002,万科A,-0.0016835016835017,-0.0016849203649195,24.588315016,23.8617900955,,0.4694367517053149,-0.048501600126198204,2020-02,0
2020-02-20,24.38085315,sz.000002,万科A,0.0067453625632378,0.0067227143948767,24.571979436,23.8356531675,,0.4599105681289447,-0.013084686113454305,2020-02,0
2020-02-21,23.89078575,sz.000002,万科A,-0.0201005025125629,-0.0203052661607456,24.318777946,23.7833793115,,0.4649494249293921,-0.03449709416881801,2020-02,0
2020-02-24,23.6049131,sz.000002,万科A,-0.0119658119658119,-0.0120379785594789,24.07047713,23.7196705495,,0.4663717858416826,-0.04417007940682121,2020-02,0
2020-02-25,23.95612807,sz.000002,万科A,0.0148788927335639,0.014769287870973,24.010035484,23.6976175165,,0.4655011014109737,-0.009921521538654707,2020-02,0
2020-02-26,24.59321569,sz.000002,万科A,0.0265939311285374,0.0262464595042829,24.085179152,23.734372571499996,,0.4676159530797143,0.038768157832266295,2020-02,0
2020-02-27,24.23383293,sz.000002,万科A,-0.0146130853537032,-0.0147209081909121,24.055775108,23.7164034335,,0.4581189788954687,-0.006656293491994904,2020-02,0
2020-02-28,24.16849061,sz.000002,万科A,-0.0026963262554768,-0.0026999678906121,24.11131608,23.741315193,,0.4367975312593865,0.0281764403654476,2020-02,0
2020-03-02,25.42633027,sz.000002,万科A,0.0520446096654276,0.0507355180413986,24.475599514,23.925090468,,0.3503904734922226,0.1613114572082388,2020-03,0
2020-03-03,25.4018269,sz.000002,万科A,-0.0009637006103437,-0.0009641652683284,24.76473928,24.067210014,,0.3341416233003665,0.12317163943679871,2020-03,0
2020-03-04,26.34929054,sz.000002,万科A,0.0372990353697748,0.0366202535118742,25.11595425,24.255885963,,0.3510462193684777,0.1597465618449515,2020-03,0
2020-03-05,26.3819617,sz.000002,万科A,0.0012399256044639,0.0012391575315482,25.545580004,24.435577343,,0.3518044024083517,0.1515798304306021,2020-03,0
2020-03-06,25.42633027,sz.000002,万科A,-0.0362229102167183,-0.0368952457750941,25.797147936,24.5838227315,,0.3775249406679355,0.12969383777660778,2020-03,0
2020-03-09,24.95259845,sz.000002,万科A,-0.018631545133312,-0.0188072988359125,25.702401572000003,24.6605999575,,0.3621639669557498,0.0685168380978412,2020-03,0
2020-03-10,25.1567932,sz.000002,万科A,0.0081833060556464,0.0081500043619244,25.653394831999996,24.7308429515,,0.3603742353264987,0.0623994814398497,2020-03,0
2020-03-11,24.81374602,sz.000002,万科A,-0.0136363636363635,-0.0137301928119019,25.346285928,24.7839335865,,0.3651590468244025,0.0487631178034862,2020-03,0
2020-03-12,24.46253105,sz.000002,万科A,-0.0141540487162606,-0.0142551726061684,24.962399798,24.7839335865,,0.3545268176637468,0.0046916000363316,2020-03,0
2020-03-13,24.05414155,sz.000002,万科A,-0.0166944908180299,-0.0168354144638625,24.687962054000003,24.728801003999997,,0.3429809579437138,-0.0403835251723494,2020-03,0
2020-03-16,23.31087266,sz.000002,万科A,-0.030899830220713,-0.0313872980489053,24.359616896,24.652023778,,0.3564519549804992,-0.058945693055400095,2020-03,0
2020-03-17,22.95965769,sz.000002,万科A,-0.0150665732305536,-0.0151812271302498,23.920189794,24.5870898475,,0.3510870522080986,-0.0503436272326993,2020-03,0
2020-03-18,21.4812877,sz.000002,万科A,-0.0643898968338669,-0.0665564457347216,23.25369813,24.450279364999997,,0.414028694501918,-0.1130500223830645,2020-03,0
2020-03-19,20.60733417,sz.000002,万科A,-0.0406844106463877,-0.0415351765307523,22.482658754000003,24.261603416,,0.4291460098422786,-0.16047979559269,2020-03,0
2020-03-20,21.0728982,sz.000002,万科A,0.022592152199762,0.0223407292746052,21.886410084,24.120709038500003,,0.4398357119191627,-0.11778714088036508,2020-03,0
2020-03-23,20.05192445,sz.000002,万科A,-0.0484496124031007,-0.0496626376870421,21.234620442,23.943059606,,0.4648737279133794,-0.1542709413176539,2020-03,0
2020-03-24,20.3377971,sz.000002,万科A,0.0142566191446027,0.0141559492301322,20.710248324,23.7621430575,,0.4644777034301125,-0.15489321490661512,2020-03,0
2020-03-25,21.6446435,sz.000002,万科A,0.0642570281124499,0.0622769295215147,20.742919484,23.614714448,,0.5176090922953221,-0.11723011792270259,2020-03,0
2020-03-26,21.3996098,sz.000002,万科A,-0.0113207547169811,-0.0113853222251253,20.90137461,23.4730032915,,0.5170023638006079,-0.11393778728598049,2020-03,0
2020-03-27,21.70181803,sz.000002,万科A,0.0141221374045801,0.0140233490046709,21.027158576,23.3496696625,,0.5217222787088746,-0.09711932362592358,2020-03,0
2020-03-30,21.26892516,sz.000002,万科A,-0.0199473089951072,-0.0201489424313535,21.270558718,23.141799407,,0.4783680188732224,-0.16911124228645838,2020-03,0
2020-03-31,20.95038135,sz.000002,万科A,-0.0149769585253455,-0.0150902457235898,21.393075568,22.9192271295,,0.4780432674405458,-0.18312450020146018,2020-03,1
2020-04-01,21.75082477,sz.000002,万科A,0.0382066276803119,0.0374948282090623,21.414311822,22.689303841,,0.4792224520890425,-0.1822169078909231,2020-04,0
2020-04-02,21.95501952,sz.000002,万科A,0.0093879083740142,0.0093441158291079,21.525393766,22.467956732,23.880303752833335,0.482418741040034,-0.1740689251213728,2020-04,0
2020-04-03,21.86517383,sz.000002,万科A,-0.0040922619047619,-0.0041006581226877,21.558064926,22.28989891,23.80148457933333,0.4714666052759082,-0.14193827680941637,2020-04,0
2020-04-07,22.11020753,sz.000002,万科A,0.0112065745237206,0.0111442460939487,21.7263214,22.147779364,23.733691922333332,0.4736761563621361,-0.11210015715238379,2020-04,0
2020-04-08,22.02036184,sz.000002,万科A,-0.0040635389730329,-0.0040718175821035,21.940317498,21.990957796,23.67175284816667,0.4709348069653148,-0.12434700218106311,2020-04,0
2020-04-09,21.79983151,sz.000002,万科A,-0.0100148367952521,-0.0100653226276734,21.950118846,21.8402620705,23.602735022666664,0.4703532012839965,-0.1207254753399517,2020-04,0
2020-04-10,21.95501952,sz.000002,万科A,0.0071187710753091,0.007093552238516,21.950118846,21.714886494,23.53739270266667,0.4715435001802525,-0.099452655548382,2020-04,0
2020-04-13,22.08570416,sz.000002,万科A,0.0059523809523809,0.0059347355198145,21.994224912,21.6164646245,23.467149708666668,0.4709286615321275,-0.0768057837779712,2020-04,0
2020-04-14,22.33890565,sz.000002,万科A,0.0114644970414201,0.0113992776932269,22.039964536,21.567866274,23.411200347166663,0.4625784183867474,-0.0344414565158381,2020-04,0
2020-04-15,21.8079993,sz.000002,万科A,-0.0237659963436929,-0.0240529634617864,21.997492028,21.5102833545,23.343407690166668,0.466917322697082,-0.04314087962897739,2020-04,0
2020-04-16,21.70998582,sz.000002,万科A,-0.0044943820224718,-0.0045045121211045,21.97952289,21.5217182605,23.277929240333332,0.4053861477262589,0.0167546351824177,2020-04,0
2020-04-17,21.82433488,sz.000002,万科A,0.0052671181339352,0.0052532953833456,21.953385962,21.582568296,23.226608293166667,0.3746077988038743,0.06270616396274059,2020-04,0
2020-04-20,21.70998582,sz.000002,万科A,-0.0052395209580837,-0.0052532953833456,21.878242294,21.614422677,23.172837009,0.3684108443296636,0.03487449080489489,2020-04,0
2020-04-21,21.25258958,sz.000002,万科A,-0.0210684725357411,-0.02129358020074,21.660979079999997,21.6744559335,23.112395363,0.3297220729359108,0.06225563067225451,2020-04,0
2020-04-22,21.34243527,sz.000002,万科A,0.0042275172943888,0.0042186064481618,21.567866274,21.724687842,23.061482805333338,0.3271381015896403,0.052226528822040603,2020-04,0
2020-04-23,21.236254,sz.000002,万科A,-0.0049751243781094,-0.004987541511039,21.47311991,21.704268367,23.017785128833335,0.2328122821490846,-0.0170056236685187,2020-04,0
2020-04-24,20.97488472,sz.000002,万科A,-0.0123076923076923,-0.0123840591997216,21.303229878000003,21.683032113,22.957479612666663,0.2334265340319663,-0.0179925612592299,2020-04,0
2020-04-27,21.13824052,sz.000002,万科A,0.0077881619937696,0.0077579908109395,21.188880818,21.6548532375,22.915279364333337,0.2290622989984001,-0.0243265366700404,2020-04,0
2020-04-28,21.55479781,sz.000002,万科A,0.0197063369397219,0.0195146808825329,21.249322464,21.66914687,22.912012248333333,0.2293021072049611,0.015327109264788696,2020-04,0
2020-04-29,21.93868394,sz.000002,万科A,0.0178097764304661,0.0176530405798588,21.368572198000003,21.7185619995,22.901666381,0.228980218336416,0.0481138442206003,2020-04,0
2020-04-30,21.8896772,sz.000002,万科A,-0.0022338049143707,-0.0022363035782804,21.499256838,21.725504621,22.890231475,0.1861005092565623,0.007673411625917701,2020-04,1
2020-05-06,21.44861654,sz.000002,万科A,-0.0201492537313433,-0.0203550186421609,21.594003202000003,21.700184472,22.867906182333336,0.1963956824574835,-0.0218637504794398,2020-05,0
2020-05-07,21.21175063,sz.000002,万科A,-0.011043412033511,-0.011104843199993,21.608705224,21.667513312,22.847078317833333,0.1993315619136981,-0.0288149006081889,2020-05,0
2020-05-08,21.44861654,sz.000002,万科A,0.0111667308432805,0.0111048431999929,21.58746897,21.6344337625,22.814271028,0.1992980796423905,-0.028854744288628997,2020-05,0
2020-05-11,21.57113339,sz.000002,万科A,0.0057121096725056,0.0056958574343906,21.51395886,21.61197234,22.7779243625,0.2006096134635932,-0.019079095643090502,2020-05,0
2020-05-12,21.17907947,sz.000002,万科A,-0.0181749337372206,-0.0183421267584677,21.371839314,21.580934738,22.735043464999997,0.2074717080480669,-0.027239192585059004,2020-05,0
2020-05-13,21.17907947,sz.000002,万科A,0.0,0.0,21.3179319,21.5421377355,22.680319272,0.2051379579024575,-0.034357963660368106,2020-05,0
2020-05-14,20.81969671,sz.000002,万科A,-0.0169687620516777,-0.017114381162549,21.239521116,21.478837363000004,22.6080343305,0.2098516655129862,-0.057279106664426704,2020-05,0
2020-05-15,20.81969671,sz.000002,万科A,0.0,0.0,21.11373715,21.402876916,22.540922322666667,0.203313453911686,-0.06874360370584681,2020-05,0
2020-05-18,21.40777759,sz.000002,万科A,0.0282463711259317,0.0278547989472909,21.08106599,21.3828658305,22.493413010833333,0.2176588445572414,-0.016731236236222205,2020-05,0
2020-05-19,21.34243527,sz.000002,万科A,-0.0030522701259061,-0.0030569378027938,21.11373715,21.364488303,22.4454953095,0.2173974487457866,-0.015289124339656505,2020-05,0
2020-05-20,20.91771019,sz.000002,万科A,-0.0199004975124377,-0.0201011793210871,21.061463294,21.319157068499997,22.387776260166667,0.2263092987193902,-0.0404567399860294,2020-05,0
2020-05-21,20.89320682,sz.000002,万科A,-0.0011714174150723,-0.0011721040607373,21.076165316,21.2783181185,22.337816611333334,0.2260028845177989,-0.036388636443018006,2020-05,0
2020-05-22,20.55015964,sz.000002,万科A,-0.0164190774042219,-0.0165553643184568,21.022257902,21.243196621499997,22.286904053666667,0.2213044662210674,-0.03173924131149881,2020-05,0
2020-05-25,20.79519334,sz.000002,万科A,0.0119236883942766,0.0118531612970206,20.899741052000003,21.215834525,22.23422180816667,0.2256302509591566,-0.024043070211611006,2020-05,0
2020-05-26,21.09740157,sz.000002,万科A,0.0145326001571091,0.0144280139784885,20.850734311999997,21.2088919035,22.1759582395,0.231843837131701,-0.004535345676392508,2020-05,0
2020-05-27,21.1545761,sz.000002,万科A,0.0027100271002711,0.002706361597743,20.898107494,21.2178764725,22.124637292333333,0.2275536240549027,0.010482373731570894,2020-05,0
2020-05-28,21.35060306,sz.000002,万科A,0.0092664092664094,0.0092237394905839,20.989586742,21.228494599500003,22.077672499833337,0.228238967955343,0.011960621004210692,2020-05,0
2020-05-29,20.9912203,sz.000002,万科A,-0.0168324407039022,-0.0169757162949019,21.077798874,21.200315724,22.003754000333338,0.2244872933496915,-0.024578156639413408,2020-05,1
2020-06-01,21.5629656,sz.000002,万科A,0.027237354085603,0.0268730182510962,21.231353325999997,21.181529807,21.939772978666667,0.237224780132946,-0.015150578984276509,2020-06,0
2020-06-02,22.24905996,sz.000002,万科A,0.0318181818181819,0.0313224711290412,21.461685004,21.199498945,21.871435802333338,0.2637276839139172,0.01890140774827609,2020-06,0
2020-06-03,21.92234836,sz.000002,万科A,-0.0146842878120411,-0.0147931691778305,21.615239456,21.223185536,21.797108913333332,0.2585936070797915,0.024366373667578288,2020-06,0
2020-06-04,21.83250267,sz.000002,万科A,-0.0040983606557377,-0.0041067819526534,21.711619378,21.254223138,21.737211786666663,0.2553810123134659,0.03131142504535159,2020-06,0
2020-06-05,21.57113339,sz.000002,万科A,-0.0119715675271231,-0.0120438038417868,21.827601996,21.2603489805,21.680854035666663,0.2570453654162931,0.00817312667494799,2020-06,0
2020-06-08,21.7263214,sz.000002,万科A,0.0071942446043165,0.0071684894786124,21.860273156,21.268108381,21.623679505666665,0.2575043823779477,0.009655261606758891,2020-06,0
2020-06-09,21.59563676,sz.000002,万科A,-0.0060150375939849,-0.0060332008041678,21.729588516,21.288936245500004,21.570044351333333,0.2493058490975731,0.021815157749994592,2020-06,0
2020-06-10,21.38327422,sz.000002,万科A,-0.0098335854765506,-0.0098822545017316,21.621773688,21.299145983,21.518723404166668,0.2523020843261476,0.011981572273443993,2020-06,0
2020-06-11,21.1545761,sz.000002,万科A,-0.0106951871657754,-0.0107527917762618,21.486188374,21.315889952499997,21.470397313333333,0.2474443373978416,0.018255147159346292,2020-06,0
2020-06-12,20.99938809,sz.000002,万科A,-0.0073359073359072,-0.0073629474276938,21.371839314,21.3248745215,21.4318725705,0.2491674005913506,0.010919239823439092,2020-06,0
2020-06-15,20.9095424,sz.000002,万科A,-0.0042784908595877,-0.0042876697922813,21.208483514,21.299962762,21.397703982333333,0.2269682278024963,-0.021605622162080305,2020-06,0
2020-06-16,21.08923378,sz.000002,万科A,0.0085937499999999,0.0085570339329796,21.107202918,21.2873026875,21.391169750333333,0.2293781005801187,-0.009959602036174306,2020-06,0
2020-06-17,20.97488472,sz.000002,万科A,-0.0054221533694811,-0.0054369065967361,21.025525018,21.290161414,21.397295592833338,0.2186409859920882,0.004518742106782293,2020-06,0
2020-06-18,21.14640831,sz.000002,万科A,0.008177570093458,0.0081443149416859,21.02389146,21.3028214885,21.398520761333337,0.2203602275727217,0.013867729615312593,2020-06,0
2020-06-19,21.19541505,sz.000002,万科A,0.0023174971031285,0.0023148158484513,21.063096852,21.335084259,21.417578938,0.2108954035087437,0.03260430412266299,2020-06,0
2020-06-22,20.98305251,sz.000002,万科A,-0.0100192678227361,-0.0100697984901055,21.077798874000003,21.3444772175,21.428333194833332,0.2110739410409394,0.010661347905650296,2020-06,0
2020-06-23,20.86870345,sz.000002,万科A,-0.0054495912806539,-0.0054644944720787,21.033692808,21.3330423115,21.41540086066666,0.2053356516663002,-0.009320843532112703,2020-06,0
2020-06-24,21.5629656,sz.000002,万科A,0.0332681017612523,0.0327266935025569,21.151308984000003,21.3534617865,21.41812345733333,0.2377037199710822,0.021237231128868495,2020-06,0
2020-06-29,21.17091168,sz.000002,万科A,-0.018181818181818,-0.0183491386681964,21.156209658,21.3444772175,21.409275018166667,0.2449943465275218,-0.006210996319358904,2020-06,0
2020-06-30,21.35060306,sz.000002,万科A,0.0084876543209877,0.008451836712002,21.18724726,21.3624463555,21.4106363165,0.2387535798929357,0.019109098705531,2020-06,1
2020-07-01,22.94332211,sz.000002,万科A,0.0745983167559296,0.0719469329200764,21.57930118,21.431464181,21.44385199583333,0.3439245545117298,0.06647006137585759,2020-07,0
2020-07-02,23.18835581,sz.000002,万科A,0.0106799572801707,0.0106233293687274,22.043231651999996,21.4784289735,21.4678108465,0.3285370212536905,0.04533183683784639,2020-07,0
2020-07-03,23.40071835,sz.000002,万科A,0.0091581542796759,0.0091164726758687,22.410782202,21.552347473,21.491905827,0.3230767336877472,0.06917427892956339,2020-07,0
2020-07-06,25.33648458,sz.000002,万科A,0.0827225130890052,0.0794787145876442,23.243896782,21.7275465685,21.549761006166666,0.4265576566025562,0.1559951526743063,2020-07,0
2020-07-07,24.7484037,sz.000002,万科A,-0.0232108317214699,-0.0234844452330692,23.92345691,21.886410084,21.59373094233333,0.43524433243747,0.14475588847995952,2020-07,0
2020-07-08,24.8300816,sz.000002,万科A,0.0033003300330032,0.0032948958968524,24.300808808,22.041598094,21.640559605,0.4354689146461329,0.1408619739086462,2020-07,0
2020-07-09,25.01794077,sz.000002,万科A,0.0075657894736842,0.0075373124325079,24.6667258,22.2127132945,21.694194759333335,0.4327273053000672,0.1544428009763153,2020-07,0
2020-07-10,23.82544343,sz.000002,万科A,-0.0476656872347371,-0.0488391369650538,24.751670816,22.334821755,21.725368491166662,0.4721280330588382,0.1166106992181288,2020-07,0
2020-07-13,23.8499468,sz.000002,万科A,0.0010284538909839,0.001027925394606,24.45436326,22.469590290000003,21.75477253516667,0.4685055167180038,0.12833434027488808,2020-07,0
2020-07-14,23.63758426,sz.000002,万科A,-0.008904109589041,-0.0089439880708982,24.232199372,22.6015000985,21.77641717866667,0.4691486930140639,0.1267661380217543,2020-07,0
2020-07-15,23.09851012,sz.000002,万科A,-0.022805805114029,-0.0230698801749658,23.885885076,22.7109484845,21.79792569233333,0.479211159754344,0.10823882376731297,2020-07,0
2020-07-16,22.49409366,sz.000002,万科A,-0.0261669024045261,-0.0265153477278631,23.381115654,22.7811914785,21.810994156333333,0.4918679659451243,0.073478171362787,2020-07,0
2020-07-17,22.24089217,sz.000002,万科A,-0.0112563543936093,-0.0113201866148406,23.064205402,22.844491851,21.817936777833335,0.4937313831868821,0.0676439703386588,2020-07,0
2020-07-20,23.1148457,sz.000002,万科A,0.0392948953360265,0.0385424979635238,22.917185182,22.9429137205,21.841351109166663,0.5098326594235116,0.09876129558122729,2020-07,0
2020-07-21,22.87797979,sz.000002,万科A,-0.0102473498233215,-0.0103002153771747,22.765264288,23.0270419575,21.868440946,0.5126324250594695,0.0861964486547773,2020-07,0
2020-07-22,22.77179852,sz.000002,万科A,-0.0046411995715816,-0.004652003379694,22.699921968,23.116479258,21.892263666833337,0.5109914362972948,0.0915745169059318,2020-07,0
2020-07-23,22.47775808,sz.000002,万科A,-0.0129124820659971,-0.0129965728271802,22.696654852,23.1969319895,21.912955401499996,0.5136138991488322,0.08411162612058859,2020-07,0
2020-07-24,22.07753637,sz.000002,万科A,-0.0178052325581395,-0.0179656527767867,22.663983692,23.222660528,21.931332929000003,0.507240197599306,0.033038291801196794,2020-07,0
2020-07-27,21.79166372,sz.000002,万科A,-0.0129485756566778,-0.0130331392409333,22.399347296,23.25369813,21.942223315666663,0.504860773084548,0.038271534326336995,2020-07,0
2020-07-28,21.94685173,sz.000002,万科A,0.0071214392803597,0.0070962015799768,22.213121684,23.2835105635,21.948757547666663,0.5046480652811501,0.036905319285709,2020-07,0
2020-07-29,22.14287869,sz.000002,万科A,0.0089318943059173,0.0088922408831742,22.087337718,23.2434883925,21.9521607935,0.4269358039639693,-0.0287611031643033,2020-07,0
2020-07-30,21.95501952,sz.000002,万科A,-0.0084839542604204,-0.0085201478556253,21.982790006,23.181821578,21.953249832166662,0.4251369580044273,-0.0479250147048944,2020-07,0
2020-07-31,21.92234836,sz.000002,万科A,-0.0014880952380952,-0.0014892035514677,21.951752403999997,23.1079030785,21.9611453625,0.4229734264250349,-0.0585712642226655,2020-07,1
2020-08-03,22.28173112,sz.000002,万科A,0.0163934426229508,0.0162605208717803,22.049765884000003,22.9551654055,21.978978370666667,0.2892069301918745,-0.1249003346887199,2020-08,0
2020-08-04,22.65744946,sz.000002,万科A,0.0168621700879765,0.0167215819114241,22.19188543,22.8506176935,21.999125586,0.2929843426347973,-0.08482733287927352,2020-08,0
2020-08-05,22.33890565,sz.000002,万科A,-0.014059120403749,-0.0141588860186952,22.231090822,22.726058896,22.011921790333336,0.2935370913744445,-0.10218678331602571,2020-08,0
2020-08-06,22.36340902,sz.000002,万科A,0.0010968921389395,0.0010962909923125,22.312768722,22.5933323085,22.03166061616667,0.2907168554447071,-0.10865568065077041,2020-08,0
2020-08-07,22.07753637,sz.000002,万科A,-0.0127830533235937,-0.0128654595719464,22.343806324000003,22.5059369555,22.046634897833332,0.2465147329016792,-0.07377304673962701,2020-08,0
2020-08-10,22.71462399,sz.000002,万科A,0.0288568257491674,0.0284483079575171,22.430384898,22.449170815,22.07821701916667,0.2720464612177143,-0.045944674881443506,2020-08,0
2020-08-11,22.77179852,sz.000002,万科A,0.0025170801869831,0.0025139176464497,22.453254710000003,22.405881528,22.110752049333332,0.2713876069847795,-0.03452348510541941,2020-08,0
2020-08-12,23.44972509,sz.000002,万科A,0.0297704447632711,0.0293359082406494,22.675418598,22.4234422765,22.144784507666667,0.2812154675771713,0.01805276477188069,2020-08,0
2020-08-13,23.3598794,sz.000002,万科A,-0.0038314176245211,-0.0038387763071657,22.874712674,22.4667315635,22.1784085765,0.2633056009234724,0.04038824955188569,2020-08,0
2020-08-14,23.44460016,sz.000002,万科A,0.0036267635868016,0.0036202027380575,23.148125432,22.526916963,22.220523409333335,0.2586109689965136,0.05527136753229659,2020-08,0
2020-08-17,23.89350327,sz.000002,万科A,0.0191473988439305,0.018966394264436,23.383901288,22.5658498415,22.270528350166668,0.2290643689144786,0.035123871040200594,2020-08,0
2020-08-18,23.4615399,sz.000002,万科A,-0.0180786954980504,-0.0182441118206121,23.521849564,22.595027847,22.3190513545,0.236086466919479,0.02729252536547169,2020-08,0
2020-08-19,23.24132328,sz.000002,万科A,-0.0093862815884475,-0.0094306103356082,23.480169202,22.618504085,22.359820186833335,0.2382781348438331,0.02254744334860579,2020-08,0
2020-08-20,23.27520276,sz.000002,万科A,0.0014577259475219,0.0014566644964641,23.463233874,22.658376319,22.39611687333333,0.232436168375853,0.03691765136212479,2020-08,0
2020-08-21,23.17356432,sz.000002,万科A,-0.0043668122270741,-0.0043763745997987,23.409026706,22.7131777165,22.429766676999996,0.2220291708986955,0.050356071693190195,2020-08,0
2020-08-24,22.97875731,sz.000002,万科A,-0.008406432748538,-0.0084419660835093,23.226077514,22.772532396,22.456902581166663,0.2183882255052745,0.05489821460132999,2020-08,0
2020-08-25,23.02957653,sz.000002,万科A,0.002211573903428,0.0022091319735391,23.13968484,22.826668636,22.490875184999997,0.2177777779419437,0.04998834922439829,2020-08,0
2020-08-26,22.93640796,sz.000002,万科A,-0.0040456050018389,-0.0040538106003051,23.078701776,22.8663450995,22.513765891,0.2175657283481283,0.037010849916642094,2020-08,0
2020-08-27,22.82629965,sz.000002,万科A,-0.0048005908419498,-0.0048121506890681,22.988921154,22.909909106,22.523386552499996,0.2156294262654529,0.040694213335112694,2020-08,0
2020-08-28,23.35143159,sz.000002,万科A,0.0230055658627088,0.0227449276806993,23.024494608,22.9813632675,22.547204606333334,0.2275223630250886,0.0651878744359167,2020-08,0
2020-08-31,23.09733549,sz.000002,万科A,-0.0108813928182808,-0.0109410281782082,23.048210244,23.022143485999997,22.56828515333333,0.2272383754365851,0.037913038994685094,2020-08,1
2020-09-01,23.05498614,sz.000002,万科A,-0.0018335166850017,-0.001835199634177,23.053292166,23.04202032,22.5930160325,0.2204972338922861,0.019217352221706892,2020-09,0
2020-09-02,23.30908224,sz.000002,万科A,0.0110213078618661,0.0109610158418227,23.127827022,23.0905291495,22.619395379833335,0.2157593873020784,0.044297780487322,2020-09,0
2020-09-03,23.55470847,sz.000002,万科A,0.0105377906976744,0.0104826551807306,23.273508786,23.150094122,22.652046574999996,0.2177043312676589,0.05373867904605689,2020-09,0
2020-09-04,23.77492509,sz.000002,万科A,0.0093491549802229,0.0093057221279176,23.358207486,23.234963557999997,22.69190742283333,0.2109143908050098,0.07587088734987349,2020-09,0
2020-09-07,24.07984041,sz.000002,万科A,0.0128250801567508,0.0127435352891171,23.55470847,23.303224379,22.740661827999997,0.1925222139756327,0.059839141757456894,2020-09,0
2020-09-08,23.9697321,sz.000002,万科A,-0.0045726345409777,-0.0045831210137164,23.737657661999997,23.363121057999997,22.7901675615,0.1943899102864647,0.052749427029496095,2020-09,0
2020-09-09,23.69869626,sz.000002,万科A,-0.0113074204946997,-0.0113718354118569,23.815580466,23.3755696165,22.836653459166666,0.1717069327843594,0.011671561771525292,2020-09,0
2020-09-10,24.10525002,sz.000002,万科A,0.017155110793424,0.0170096234243713,23.925688776,23.4128381475,22.8869203965,0.180485280885632,0.03265809018947039,2020-09,0
2020-09-11,23.715636,sz.000002,万科A,-0.016163035839775,-0.0162950824865023,23.913830958,23.4263899395,22.932599584499997,0.1909525464390011,0.012868290762893794,2020-09,0
2020-09-14,23.4615399,sz.000002,万科A,-0.0107142857142857,-0.0107720969819111,23.790170855999996,23.404791771,22.971185111,0.1817722881518298,-0.016993393795322408,2020-09,0
2020-09-15,23.60552769,sz.000002,万科A,0.0061371841155235,0.0061184283005641,23.717329974,23.4119911605,23.011353655,0.1713555140019197,0.007222485818251491,2020-09,0
2020-09-16,23.87656353,sz.000002,万科A,0.0114818801578757,0.0114164636321642,23.752903428,23.443753173,23.059578838666667,0.1716217723575493,0.02809064756457469,2020-09,0
2020-09-17,23.76645522,sz.000002,万科A,-0.0046115643845334,-0.0046222304517062,23.685144467999997,23.468315796,23.1078747015,0.1729439388722416,0.02202135723251939,2020-09,0
2020-09-18,24.8167191,sz.000002,万科A,0.0441910192444761,0.0432424413487067,23.905361088,23.550473535,23.1621039265,0.229293960012759,0.0705791887040696,2020-09,0
2020-09-21,24.68120118,sz.000002,万科A,-0.0054607508532423,-0.0054757152559629,24.149293344,23.6355957285,23.2206087515,0.2274916308319338,0.07352487059936529,2020-09,0
2020-09-22,24.52874352,sz.000002,万科A,-0.0061770761839395,-0.0061962332495431,24.33393651,23.710554078,23.273577759166667,0.2301412944911503,0.0651362205119978,2020-09,0
2020-09-23,24.3085269,sz.000002,万科A,-0.0089779005524861,-0.0090184447519401,24.420329184,23.779160025,23.296331172333336,0.2328668259395633,0.06020392496135059,2020-09,0
2020-09-24,23.8003347,sz.000002,万科A,-0.0209059233449476,-0.0211275464258752,24.42710508,23.827861777499997,23.306530820499997,0.2466415515530121,0.044098592458352785,2020-09,0
2020-09-25,23.39378094,sz.000002,万科A,-0.0170818505338078,-0.017229428358554,24.142517448,23.829979244999997,23.306415196999996,0.24281981776997,0.004011176061836187,2020-09,0
2020-09-28,24.0544308,sz.000002,万科A,0.0282404055032585,0.0278489971860143,24.017163372,23.877834010500003,23.285047634,0.2583516583768975,0.04313297438337549,2020-09,0
2020-09-29,23.96126223,sz.000002,万科A,-0.0038732394366196,-0.0038807598536844,23.903667113999997,23.923147815,23.2719286095,0.2588704202872949,0.04109325163175759,2020-09,0
2020-09-30,23.73257574,sz.000002,万科A,-0.0095440084835629,-0.0095898444046147,23.788476882,23.94432249,23.253636845166668,0.2597139536739165,0.02052793528632859,2020-09,0
2020-10-09,23.74104561,sz.000002,万科A,0.0003568879371875,0.0003568242678358,23.776619064,23.953639347,23.232355259166663,0.2572715938682334,0.010347032525841689,2020-10,0
2020-10-12,23.97820197,sz.000002,万科A,0.0099892971815911,0.0099397339471113,23.89350327,23.963803191,23.234901234833337,0.2575729133866346,0.010987174727209888,2020-10,0
2020-10-13,23.70716613,sz.000002,万科A,-0.0113034263511127,-0.0113677955964461,23.824050336000003,23.945169477,23.232521557,0.2565587205308688,-0.013141331780653612,2020-10,0
2020-10-14,23.52929886,sz.000002,万科A,-0.007502679528403,-0.0075309662011644,23.737657662,23.923147815,23.230716800333333,0.2573613821056398,-0.01607137676807891,2020-10,0
2020-10-15,23.4615399,sz.000002,万科A,-0.0028797696184306,-0.0028839241329049,23.683450494,23.911289997,23.236767296666667,0.2545223294052479,-0.007643725891809811,2020-10,0
2020-10-16,23.59705782,sz.000002,万科A,0.0057761732851986,0.0057595551583669,23.654652936,23.885880387,23.255150032666663,0.2472237580658471,-0.019022663400035212,2020-10,0
2020-10-19,23.49541938,sz.000002,万科A,-0.0043072505384063,-0.004316553464974,23.558096418,23.874869556,23.2760588195,0.2410531936582802,-0.007166878098666513,2020-10,0
2020-10-20,23.27520276,sz.000002,万科A,-0.0093727469358327,-0.0094169475325369,23.471703744,23.865552699,23.278731437166662,0.2403347485013191,-0.005825339320213513,2020-10,0
2020-10-21,23.40225081,sz.000002,万科A,0.0054585152838428,0.0054436715811766,23.446294134,23.855388855,23.2874692875,0.2401059475724608,-0.006504008151894214,2020-10,0
2020-10-22,23.70716613,sz.000002,万科A,0.013029315960912,0.0129451645920369,23.49541938,23.846918985,23.303058747666665,0.2411756451666687,-0.004956572348857912,2020-10,0
2020-10-23,23.61399756,sz.000002,万科A,-0.0039299749910681,-0.0039377176350389,23.498807328,23.839296102,23.321996072333334,0.2410241663079103,-0.004274982955392614,2020-10,0
2020-10-26,23.715636,sz.000002,万科A,0.0043041606886655,0.0042949242828806,23.542850652,23.784241947,23.34929773283333,0.1765112909560253,-0.04416184151120321,2020-10,0
2020-10-27,23.26673289,sz.000002,万科A,-0.0189285714285714,-0.0191100100680214,23.541156678,23.7135185325,23.373882219,0.1860206149733242,-0.057629662086532314,2020-10,0
2020-10-28,22.80089004,sz.000002,万科A,-0.0200218420094648,-0.0202249953306554,23.420884524,23.6271258585,23.388116190833333,0.1955226709219137,-0.0714744279120576,2020-10,0
2020-10-29,23.19050406,sz.000002,万科A,0.0170876671619613,0.0169433150837757,23.31755211,23.5712247165,23.405576613666668,0.2074925362957132,-0.045408860197610215,2020-10,0
2020-10-30,23.33449185,sz.000002,万科A,0.0062089116143171,0.0061897157386207,23.261650968,23.547932574,23.42856781916667,0.1972641854578851,-0.01829402523834551,2020-10,1
2020-11-02,23.67328665,sz.000002,万科A,0.014519056261343,0.0144146640021847,23.253181098,23.561907859500003,23.457750123999997,0.1947909983264972,0.013306881556805292,2020-11,0
2020-11-03,23.74104561,sz.000002,万科A,0.0028622540250446,0.0028581655755887,23.348043642,23.5462386,23.48207203216667,0.1658172067947881,-0.012071269921408608,2020-11,0
2020-11-04,23.85115392,sz.000002,万科A,0.0046378879771673,0.0046271661131447,23.558096418,23.5407331845,23.5019671065,0.1663426888473301,-0.003560142507621708,2020-11,0
2020-11-05,24.77436975,sz.000002,万科A,0.0387073863636364,0.0379770423880239,23.874869556,23.592822884999997,23.542558174833335,0.2121728806069889,0.044691252339577596,2020-11,0
2020-11-06,24.95223702,sz.000002,万科A,0.007179487179487,0.0071538373566185,24.19841859,23.6533824555,23.585705308166663,0.2127534152623236,0.051513851581877095,2020-11,0
2020-11-09,25.04540559,sz.000002,万科A,0.0037338764426342,0.0037269228299017,24.472842378000003,23.706742636500003,23.635169795166668,0.2110139656953964,0.045258430842920194,2020-11,0
2020-11-10,24.84212871,sz.000002,万科A,-0.0081163341224214,-0.0081494508750262,24.693058998,23.7634907655,23.670628207166665,0.2085856065564861,0.0484455230716115,2020-11,0
2020-11-11,25.21480299,sz.000002,万科A,0.0150017047391748,0.0148902920383252,24.965788812,23.847765972,23.71134494833333,0.2096769078450135,0.0709499073391893,2020-11,0
2020-11-12,25.20633312,sz.000002,万科A,-0.0003359086328518,-0.0003359650627938,25.052181486,23.935005633,23.740621748833338,0.2088354282235407,0.0734937683247681,2020-11,0
2020-11-13,24.60497235,sz.000002,万科A,-0.0238575268817203,-0.0241467266669708,24.982728552,23.9854013595,23.761373298,0.2302717606183624,0.0438600681578492,2020-11,0
2020-11-16,24.7320204,sz.000002,万科A,0.0051635111876076,0.0051502259763158,24.920051514,24.0472314105,23.782830302,0.2291772727898673,0.0533308298838631,2020-11,0
2020-11-17,25.36726065,sz.000002,万科A,0.0256849315068492,0.0253606152872222,25.025077902,24.151834305,23.807392925,0.2383530737377638,0.08838850832654499,2020-11,0
2020-11-18,26.05332012,sz.000002,万科A,0.0270450751252087,0.0266858200759848,25.192781328,24.2843877705,23.850589261999996,0.2515522321819507,0.1099750681679109,2020-11,0
2020-11-19,26.18036817,sz.000002,万科A,0.0048764629388817,0.0048646115065818,25.387588338,24.4080478725,23.8995733435,0.2499748723431393,0.1018222151458806,2020-11,0
2020-11-20,26.14648869,sz.000002,万科A,-0.0012940795858945,-0.001294917629957,25.695891605999996,24.534672429,23.947428109,0.2488859602941994,0.1044581105510542,2020-11,0
2020-11-23,26.29047648,sz.000002,万科A,0.005506964690638,0.0054918568009499,26.007582822,24.663414453,23.999376645,0.2488636909809961,0.10566091455302669,2020-11,0
2020-11-24,26.12954895,sz.000002,万科A,-0.0061211340206185,-0.0061399449636211,26.160040482,24.806555256,24.051889839,0.2361660596410691,0.1184683519609796,2020-11,0
2020-11-25,26.0871996,sz.000002,万科A,-0.0016207455429496,-0.0016220603718679,26.166816378,24.970870734,24.102850223500003,0.2176615399541006,0.1368694484274948,2020-11,0
2020-11-26,26.20577778,sz.000002,万科A,0.0045454545454544,0.0045351551653911,26.1718983,25.12163442,24.1573397205,0.2143604096022097,0.1243272358109879,2020-11,0
2020-11-27,26.77325907,sz.000002,万科A,0.0216548157724629,0.0214236810826064,26.297252376,25.293572781,24.2231223775,0.2212541293017855,0.1397731399691337,2020-11,0
2020-11-30,26.0025009,sz.000002,万科A,-0.0287883581145207,-0.0292108716343749,26.23965726,25.4100334935,24.267306866,0.2528522816206199,0.09646572559326999,2020-11,0
2020-12-01,26.04485025,sz.000002,万科A,0.001628664495114,0.0016273396593754,26.222717520000003,25.5252237255,24.316432112,0.2530170356510496,0.0952321360633394,2020-12,0
2020-12-02,26.36670531,sz.000002,万科A,0.0123577235772358,0.01228199020099,26.278618661999996,25.651001295000004,24.3716274315,0.2544468376588988,0.1029519716634079,2020-12,0
2020-12-03,26.1718983,sz.000002,万科A,-0.0073883713459685,-0.007415800549817,26.271842766,25.7208777225,24.419341032500004,0.2246790145197177,0.056856213953803,2020-12,0
2020-12-04,25.40961,sz.000002,万科A,-0.0291262135922328,-0.0295588022415442,25.999112952,25.7437463715,24.450256058,0.2508232533274775,0.020550513182083195,2020-12,0
2020-12-07,24.90988767,sz.000002,万科A,-0.0196666666666667,-0.0198626290962517,25.780590306,25.7369704755,24.469172101,0.2610210087740907,-0.002850029927217706,2020-12,0
2020-12-08,24.71508066,sz.000002,万科A,-0.0078204692281536,-0.0078512094712639,25.514636388,25.730618073,24.479759438500004,0.2609032190247822,-0.002554165032949904,2020-12,0
2020-12-09,24.27464742,sz.000002,万科A,-0.0178204249485949,-0.0179811206946137,25.09622481,25.6836102945,24.484841360500003,0.2616714452985873,-0.035376294720719605,2020-12,0
2020-12-10,24.20688846,sz.000002,万科A,-0.002791346824843,-0.0027952498983045,24.703222842,25.6336380615,24.4933112305,0.2616382663021946,-0.0378317329127108,2020-12,0
2020-12-11,24.10525002,sz.000002,万科A,-0.0041987403778865,-0.0042075798400149,24.442350846,25.608651945,24.4933112305,0.2487355727562322,-0.018172946408877004,2020-12,0
2020-12-14,24.49486404,sz.000002,万科A,0.016163035839775,0.0160338046288575,24.35934612,25.596794127000003,24.506298364500005,0.2552754762227797,-0.007173421756709604,2020-12,0
2020-12-15,24.18147885,sz.000002,万科A,-0.0127939142461963,-0.0128764611885446,24.252625758,25.537505037,24.518297346999997,0.2392459883416029,-0.04565226750975511,2020-12,0
2020-12-16,24.2238282,sz.000002,万科A,0.0017513134851137,0.0017497817237875,24.242461914,25.446030441,24.5286023555,0.2135939569466953,-0.0709460291498501,2020-12,0
2020-12-17,24.42710508,sz.000002,万科A,0.0083916083916084,0.0083565945909414,24.286505238,25.3583672865,24.537778048,0.2157858462857638,-0.06743088369712341,2020-12,0
2020-12-18,24.1391295,sz.000002,万科A,-0.0117891816920943,-0.0118592251421434,24.293281134,25.257999327,24.543989286,0.217653456500218,-0.0779259858033232,2020-12,0
2020-12-21,23.85962379,sz.000002,万科A,-0.011578947368421,-0.0116465053863235,24.166233084,25.1364566925,24.5280376975,0.21630884938154,-0.0950118978623822,2020-12,0
2020-12-22,23.75798535,sz.000002,万科A,-0.0042598509052184,-0.004268949919576,24.081534384,25.0178785125,24.512650767,0.2162533279228392,-0.09315061474698211,2020-12,0
2020-12-23,23.57164821,sz.000002,万科A,-0.0078431372549019,-0.0078740564309058,23.951098386,24.892100943,24.4966991785,0.2162223568348171,-0.0993730064589344,2020-12,0
2020-12-24,23.66481678,sz.000002,万科A,0.0039525691699604,0.0039447782910163,23.798640726,24.765052893,24.4859706765,0.2158863305470344,-0.0999658918344284,2020-12,0
2020-12-25,23.8003347,sz.000002,万科A,0.0057265569076594,0.0057102225108844,23.730881766,24.6164066745,24.485970676500003,0.196321743573514,-0.11589415069923191,2020-12,0
2020-12-28,24.07137054,sz.000002,万科A,0.0113879003558718,0.0113235463292545,23.773231116,24.5198501565,24.4972638365,0.1854057900709614,-0.07571789222883941,2020-12,0
2020-12-29,24.15606924,sz.000002,万科A,0.0035186488388458,0.0035124728771406,23.852847894,24.425411106,24.4989578105,0.1862572681894688,-0.07382790788510761,2020-12,0
2020-12-30,24.03749106,sz.000002,万科A,-0.0049088359046283,-0.0049209238141985,23.946016464000003,24.3089503935,24.500228291,0.1763447492308971,-0.0910944673669717,2020-12,0
2020-12-31,24.3085269,sz.000002,万科A,0.011275546159267,0.0112124510336788,24.074758488,24.2157818235,24.509827477,0.1846176615281093,-0.07243054986173621,2020-12,1
2021-01-04,23.52929886,sz.000002,万科A,-0.0320557491289198,-0.0325807854393776,24.02055132,24.1217662665,24.506298364500005,0.1901940589606203,-0.0753600853984232,2021-01,0
2021-01-05,23.63940717,sz.000002,万科A,0.0046796256299495,0.0046687102220329,23.934158645999997,24.0582422415,24.5006517845,0.1826874248634958,-0.051013793101807,2021-01,0
2021-01-06,24.35087625,sz.000002,万科A,0.0300967395198854,0.0296527196951287,23.973120048,24.040032021,24.511380286500003,0.2149175099104389,-0.01309658435376801,2021-01,0
2021-01-07,24.38475573,sz.000002,万科A,0.0013913043478259,0.0013903373807249,24.042572982,24.0455374365,24.525637900999996,0.2051638560599051,0.006115144942652792,2021-01,0
2021-01-08,24.85059858,sz.000002,万科A,0.0191038555053839,0.0189236680907512,24.150987318,24.0777229425,24.548788878999996,0.2152529936578346,0.028010347272879692,2021-01,0
2021-01-11,25.22327286,sz.000002,万科A,0.0149965916837082,0.0148852545410272,24.489782118,24.133624084500003,24.575892463,0.2193750644408099,0.04720567933447439,2021-01,0
2021-01-12,25.1555139,sz.000002,万科A,-0.0026863666890531,-0.0026899814472091,24.793003464,24.1666565775,24.603560705,0.2137773393677946,0.028356276805646296,2021-01,0
2021-01-13,25.3249113,sz.000002,万科A,0.0067340067340067,0.0067114345879867,24.987810473999996,24.2238282,24.637722514,0.2077111019797342,0.04788419778584929,2021-01,0
2021-01-14,25.40114013,sz.000002,万科A,0.0030100334448162,0.0030055123642771,25.191087354,24.2826937965,24.671037336,0.2077074847563348,0.049142917745551795,2021-01,0
2021-01-15,25.36726065,sz.000002,万科A,-0.0013337779259754,-0.0013346681994594,25.294419768,24.329701575,24.698705578,0.2068892989973213,0.039417531427968,2021-01,0
2021-01-18,26.47681362,sz.000002,万科A,0.0437395659432389,0.0428100004318723,25.54512792,24.446585781,24.746419179,0.247762695507766,0.09494627906330119,2021-01,0
2021-01-19,26.49375336,sz.000002,万科A,0.000639795265515,0.0006395906837797,25.812775812,24.5782922595,24.792721135,0.2407817789943337,0.10716502169723718,2021-01,0
2021-01-20,25.8331035,sz.000002,万科A,-0.0249360613810741,-0.0252522320637444,25.914414252,24.682048167,24.8354939785,0.2619878171827229,0.0864888112213815,2021-01,0
2021-01-21,25.4943087,sz.000002,万科A,-0.0131147540983606,-0.0132015118585358,25.933047965999997,24.7781811915,24.8803842895,0.2658744854874727,0.0812171943779228,2021-01,0
2021-01-22,24.78283962,sz.000002,万科A,-0.027906976744186,-0.0283037761628518,25.81616376,24.8340823335,24.906923215499997,0.2890850161099015,0.049357648463776396,2021-01,0
2021-01-25,24.86753832,sz.000002,万科A,0.0034176349965824,0.0034118081543366,25.4943087,24.8874425145,24.93247399,0.2888559052455127,0.04704872655269939,2021-01,0
2021-01-26,25.1555139,sz.000002,万科A,0.0115803814713895,0.0115138420623389,25.226660808,24.9416496825,24.957177777500004,0.2889365574287826,0.0472412076682171,2021-01,0
2021-01-27,24.9014178,sz.000002,万科A,-0.01010101010101,-0.0101523714640179,25.040323668,24.9789171105,24.976517314,0.2922391504352194,0.0336215487283613,2021-01,0
2021-01-28,24.07984041,sz.000002,万科A,-0.0329931972789115,-0.0335497486817275,24.75743001,24.981034578,24.9803287555,0.3166244690708267,0.005537187354078092,2021-01,0
2021-01-29,23.53776873,sz.000002,万科A,-0.0225114315863523,-0.022768681908496,24.508415832,24.9424966695,24.9597187385,0.3236930663717567,-0.028249790391541206,2021-01,1
2021-02-01,23.77492509,sz.000002,万科A,0.0100755667506298,0.0100251466193788,24.289893185999997,24.954777981,24.940096873,0.3047888546645241,0.013881525488008395,2021-02,0
2021-02-02,24.00361158,sz.000002,万科A,0.0096188101175633,0.0095728438887434,24.059512722,24.9729882015,24.9227336395,0.3061467131043304,0.018820709975622192,2021-02,0
2021-02-03,23.64787704,sz.000002,万科A,-0.0148200423429781,-0.0149309563683627,23.80880457,24.937838241,24.902829445,0.290530866961793,-0.026096071887241307,2021-02,0
2021-02-04,23.62246743,sz.000002,万科A,-0.0010744985673352,-0.0010750762547741,23.717329974,24.899723826,24.876290519,0.2903591674979879,-0.028561874802402406,2021-02,0
2021-02-05,24.46098456,sz.000002,万科A,0.0354965937612046,0.0348811123852277,23.901973140000003,24.880243125,24.863868043,0.3108414917055333,-0.012169136546581708,2021-02,0
2021-02-08,24.67273131,sz.000002,万科A,0.0086565096952908,0.0086192569467177,24.081534384,24.8527160475,24.864997358999997,0.3074157915703026,-0.018509218534999105,2021-02,0
2021-02-09,24.35087625,sz.000002,万科A,-0.01304497082046,-0.0131308037279838,24.150987318,24.812484165,24.858644956499997,0.3103873570462271,-0.028867822666406008,2021-02,0
2021-02-10,24.41863521,sz.000002,万科A,0.0027826086956523,0.0027787444069515,24.305138952,24.7671703605,24.8428345325,0.3093217090692711,-0.032819220704760406,2021-02,0
2021-02-18,25.41807987,sz.000002,万科A,0.0409295872355184,0.0401141478019648,24.664261439999997,24.7680173475,24.832247195,0.3442029102710985,0.005100333085941794,2021-02,0
2021-02-19,25.27409208,sz.000002,万科A,-0.0056647784071975,-0.0056808841167156,24.826882944,24.763358919,24.8171425935,0.3448108440847498,0.0007693326047196903,2021-02,0
2021-02-22,25.18092351,sz.000002,万科A,-0.0036863270777479,-0.0036931383255537,24.928521384,24.6985644135,24.8010498405,0.3037386264183385,-0.04665656041626711,2021-02,0
2021-02-23,25.41807987,sz.000002,万科A,0.0094180961991254,0.0093740224422694,25.141962108,24.644780739,24.786509897,0.3064641646957372,-0.037878259482656704,2021-02,0
2021-02-24,25.40114013,sz.000002,万科A,-0.0006664445184937,-0.0006666666913579,25.338463092,24.6231825705,24.77436975,0.2941219288383928,-0.013608642620076312,2021-02,0
2021-02-25,27.94210113,sz.000002,万科A,0.1000333444481493,0.0953404924795723,25.843267344000004,24.745572192,24.8052847755,0.4588013835867744,0.0995394559264336,2021-02,0
2021-02-26,28.0352697,sz.000002,万科A,0.0033343437405273,0.003328797142527,26.395502868,24.908193696,24.8357763075,0.4422047834791172,0.13078077641114688,2021-02,0
2021-03-01,28.24701645,sz.000002,万科A,0.0075528700906344,0.0075244899786155,27.008721456,25.0771676025,24.8603389305,0.442061237741564,0.13491601150519889,2021-03,0
2021-03-02,28.19619723,sz.000002,万科A,-0.0017991004497751,-0.0018007207746991,27.564344928000004,25.229201769,24.896900536,0.4426712521542616,0.1215365295840343,2021-03,0
2021-03-03,28.3740645,sz.000002,万科A,0.006308200660859,0.006288387244087,28.158929802,25.402834104,24.9357207735,0.4385301799116871,0.1379457403459033,2021-03,0
2021-03-04,27.68800503,sz.000002,万科A,-0.0241791044776119,-0.0244762180949015,28.108110582,25.583242335,24.9577424355,0.4289067257779526,0.14675983314720287,2021-03,0
2021-03-05,26.71396998,sz.000002,万科A,-0.035178953808504,-0.0358126392012267,27.843850638000003,25.742052397499997,24.9667769635,0.4427334820800596,0.1340923109250512,2021-03,0
2021-03-08,26.4259944,sz.000002,万科A,-0.0107799619530755,-0.0108384867194557,27.479646228,25.874605863,24.9837167035,0.4467980149449884,0.1132367822213459,2021-03,0
2021-03-09,26.27353674,sz.000002,万科A,-0.0057692307692307,-0.0057859370670438,27.09511413,25.988102121000004,25.006444188,0.4483267275777602,0.09784874133455189,2021-03,0
2021-03-10,25.99403103,sz.000002,万科A,-0.0106382978723404,-0.010695289116748,26.619107436,26.1054098205,25.0277600275,0.4461284106563877,0.10203048580518959,2021-03,0
2021-03-11,26.38364505,sz.000002,万科A,0.0149885956337569,0.0148773766018174,26.35823544,26.2434687015,25.062909988,0.4468221993941124,0.11809358000628169,2021-03,0
2021-03-12,26.67162063,sz.000002,万科A,0.0109149277688604,0.0108557898794712,26.34976557,26.354000505,25.1039888575,0.4335527625671718,0.09351191401393749,2021-03,0
2021-03-15,26.62927128,sz.000002,万科A,-0.001587805652588,-0.0015890675519274,26.390420946,26.4518275035,25.1460558785,0.4338300683697252,0.08326759866605869,2021-03,0
2021-03-16,27.8658723,sz.000002,万科A,0.0464376590330788,0.0453916902103203,26.708888057999996,26.627577306,25.2022393495,0.4534725510359864,0.1427502285195975,2021-03,0
2021-03-17,27.70494477,sz.000002,万科A,-0.0057750759878418,-0.0057918162210336,27.051070805999995,26.791892784000005,25.2609637815,0.4555751114792177,0.1341925438361034,2021-03,0
2021-03-18,27.6964749,sz.000002,万科A,-0.000305716906145,-0.0003057636470849,27.313636776,26.9058125355,25.3188412265,0.4376557956310763,0.09295723969444,2021-03,0
2021-03-19,26.4259944,sz.000002,万科A,-0.0458715596330274,-0.0469569830877709,27.26451153,26.9634076515,25.3521560485,0.4721338689681423,0.0527504584686101,2021-03,0
2021-03-22,26.79019881,sz.000002,万科A,0.0137820512820512,0.0136879425021207,27.296697036,27.043871416499996,25.396340537000004,0.4731013785924589,0.0702188368284092,2021-03,0
2021-03-23,26.61233154,sz.000002,万科A,-0.0066392665191273,-0.0066614044900823,27.045988883999996,27.103584,25.442218999500003,0.473875063081036,0.054161474110156496,2021-03,0
2021-03-24,26.05332012,sz.000002,万科A,-0.0210057288351368,-0.0212294881900318,26.715663954,27.136192999499997,25.480474579,0.4812386792434444,0.033822189793513396,2021-03,0
2021-03-25,25.87545285,sz.000002,万科A,-0.0068270481144343,-0.0068504590198389,26.351459544,27.032860585499996,25.518871323,0.3109819032868796,-0.0730382027690702,2021-03,0
2021-03-26,26.01944064,sz.000002,万科A,0.0055646481178395,0.005549222661867,26.270148791999997,26.932069132499997,25.558115054,0.3117462732427307,-0.07080789839175801,2021-03,0
2021-03-29,26.256597,sz.000002,万科A,0.0091145833333332,0.0090732962056747,26.16342843,26.83254816,25.599052759,0.3125316380091214,-0.06924618514905921,2021-03,0
2021-03-30,26.56998219,sz.000002,万科A,0.0119354838709677,0.0118648177174405,26.15495856,26.751237408,25.6406962865,0.3172677530494994,-0.05551160082831641,2021-03,0
2021-03-31,25.40961,sz.000002,万科A,-0.0436722983742429,-0.0446546405404314,26.026216536,26.603014683,25.6615886325,0.3465414807277479,-0.10549209986341831,2021-03,1
2021-04-01,25.26562221,sz.000002,万科A,-0.0056666666666667,-0.0056827831354982,25.904250408000003,26.481895542,25.682057485000005,0.3393018962440066,-0.08697966205247311,2021-04,0
2021-04-02,25.40961,sz.000002,万科A,0.0056989607777404,0.0056827831354981,25.78228428,26.416677543,25.70040887,0.3205467843954148,-0.046101747466228714,2021-04,0
2021-04-06,24.92682741,sz.000002,万科A,-0.019,-0.0191828194167739,25.516330362,26.3417191935,25.7237010125,0.3247299407809032,-0.05432178551315321,2021-04,0
2021-04-07,25.1555139,sz.000002,万科A,0.0091743119266054,0.0091324835632724,25.233436704,26.2858180515,25.748969458,0.3271895126785323,-0.03937824281731712,2021-04,0
2021-04-08,24.70661079,sz.000002,万科A,-0.0178451178451178,-0.0180062619290239,25.092836862,26.2214470395,25.754898367,0.3307033852177764,-0.046585062790094514,2021-04,0
2021-04-09,24.44404482,sz.000002,万科A,-0.0106273568735002,-0.0106842305339053,24.928521384,26.124467028,25.7558865185,0.3253692300617078,-0.07220101529735162,2021-04,0
2021-04-12,24.21535833,sz.000002,万科A,-0.0093555093555092,-0.0093995470115042,24.68967105,26.001653913,25.745299181000004,0.3212978003397144,-0.09247145242172121,2021-04,0
2021-04-13,23.96126223,sz.000002,万科A,-0.0104931794333683,-0.0105486210207446,24.496558014,25.8682534605,25.7242656705,0.3217365361785502,-0.10137682620250152,2021-04,0
2021-04-14,24.35934612,sz.000002,万科A,0.0166136443973137,0.0164771475393703,24.337324458,25.6929271515,25.7109962075,0.271981356139663,-0.13120084083826664,2021-04,0
2021-04-15,24.24923781,sz.000002,万科A,-0.0045201668984701,-0.0045304137428222,24.245849862,25.5201418035,25.693068316,0.2720658570413612,-0.1299459317488949,2021-04,0
2021-04-16,24.45251469,sz.000002,万科A,0.008382815228781,0.00834787456482,24.247543836,25.357943793,25.677257892,0.2764019080460884,-0.12125739961396892,2021-04,0
2021-04-19,24.562623,sz.000002,万科A,0.0045029442327675,0.0044928363116302,24.31699677,25.264775223,25.6638472645,0.2348984789059371,-0.07088289574817401,2021-04,0
2021-04-20,24.33393651,sz.000002,万科A,-0.009310344827586,-0.0093539569952757,24.391531626,25.141962108,25.628132645999997,0.226457693766419,-0.09397529185781121,2021-04,0
2021-04-21,24.26617755,sz.000002,万科A,-0.0027845457709712,-0.0027884298304497,24.372897912,25.0246544085,25.5910063825,0.2264329692066873,-0.09012057110965511,2021-04,0
2021-04-22,24.57956274,sz.000002,万科A,0.012914485165794,0.0128318042952932,24.438962898,24.9509665395,25.5701140365,0.2256615534487212,-0.05620035710872431,2021-04,0
2021-04-23,23.79186483,sz.000002,万科A,-0.0320468642315643,-0.0325716063398893,24.306832926,24.8467871385,25.541739972,0.2482429816897232,-0.0814201732258543,2021-04,0
2021-04-26,23.4615399,sz.000002,万科A,-0.0138839444642222,-0.0139812279228595,24.086616306,24.718892101499996,25.51971831,0.2478295161093142,-0.10086876580791601,2021-04,0
2021-04-27,23.65634691,sz.000002,万科A,0.008303249097473,0.0082689667637926,23.951098386,24.588879597,25.499531786500004,0.2472307795612122,-0.1016801000437762,2021-04,0
2021-04-28,23.44460016,sz.000002,万科A,-0.0089509488005729,-0.0089912492076166,23.786782908,24.4326104955,25.471016557499997,0.2391448129792197,-0.1225665327153168,2021-04,0
2021-04-29,23.62246743,sz.000002,万科A,0.0075867052023121,0.0075580708899288,23.595363846,24.343253367,25.449700717999995,0.1981099440841855,-0.0713075291387618,2021-04,0
2021-04-30,23.85962379,sz.000002,万科A,0.0100394406597346,0.0099893802488835,23.608915638,24.272953446,25.446030441,0.2036671066765272,-0.0556014218123605,2021-04,1
2021-05-06,23.64787704,sz.000002,万科A,-0.0088746893858714,-0.0089143039941094,23.646183066,24.184866798,25.447865579499997,0.202184450030392,-0.07017507197597231,2021-05,0
2021-05-07,23.715636,sz.000002,万科A,0.0028653295128939,0.0028612322810321,23.658040884,24.1243072275,25.446877428,0.1947241467475069,-0.048309742463078405,2021-05,0
2021-05-10,23.32602198,sz.000002,万科A,-0.0164285714285714,-0.0165650168746951,23.634325248,24.0328326315,25.435584268,0.1957183577441414,-0.07391262581825521,2021-05,0
2021-05-11,23.39378094,sz.000002,万科A,0.0029048656499637,0.0029006546806373,23.588587949999997,23.967191139,25.431349333,0.1895852983201394,-0.05316264232317371,2021-05,0
2021-05-12,22.89405861,sz.000002,万科A,-0.0213613323678494,-0.0215927876927898,23.395474914,23.8896918285,25.419209186,0.1991568098344116,-0.06389661781752291,2021-05,0
2021-05-13,22.76701056,sz.000002,万科A,-0.0055493895671475,-0.0055648446334073,23.219301618,23.81727444,25.390976286,0.198050420147422,-0.06009049802916121,2021-05,0
2021-05-14,22.92793809,sz.000002,万科A,0.0070684523809525,0.0070435879712611,23.061762036,23.765608233,25.361896399,0.1990512276046637,-0.04252886621484041,2021-05,0
2021-05-17,22.97028744,sz.000002,万科A,0.0018470631695604,0.001845359445985,22.990615128,23.696155298999997,25.3388865855,0.1871584807118117,-0.05729544744259371,2021-05,0
2021-05-18,23.11427523,sz.000002,万科A,0.0062684365781711,0.0062488716480523,22.934713986,23.63940717,25.317147252499996,0.1897922993846315,-0.046506843965952505,2021-05,0
2021-05-19,22.67384199,sz.000002,万科A,-0.0190545987541224,-0.0192384771879859,22.890670662,23.550473535,25.271409954499997,0.1941983587251997,-0.07394425794885591,2021-05,0
2021-05-20,22.84323939,sz.000002,万科A,0.0074710496824803,0.0074432796193774,22.905916428,23.4645043545,25.230895743,0.1961367540582796,-0.0709761524991431,2021-05,0
2021-05-21,22.50444459,sz.000002,万科A,-0.0148312940304042,-0.0149423773799165,22.821217728,23.3730297585,25.186287761000003,0.1992422270799305,-0.0764971017019613,2021-05,0
2021-05-24,22.18258953,sz.000002,万科A,-0.0143018441851711,-0.0144051012521014,22.663678146,23.2688503575,25.132362921999995,0.2026104771451354,-0.0880144001161612,2021-05,0
2021-05-25,22.66537212,sz.000002,万科A,0.0217640320733103,0.021530576740407,22.573897524,23.1731408265,25.086766788499997,0.2147147896783723,-0.07916485320864491,2021-05,0
2021-05-26,23.02110666,sz.000002,万科A,0.0156950672645739,0.0155731734629698,22.643350457999997,23.134602918,25.004750214,0.1981151105989907,-0.03142292171250671,2021-05,0
2021-05-27,23.00416692,sz.000002,万科A,-0.0007358351729213,-0.0007361060325023,22.675535964,23.111734269000003,24.920898501,0.1927004107124794,-0.01827481242120581,2021-05,0
2021-05-28,22.82629965,sz.000002,万科A,-0.0077319587628865,-0.0077620053354891,22.739906976000004,23.070231906,24.830553221,0.1909260777653079,-0.03431002028156531,2021-05,0
2021-05-31,22.6145529,sz.000002,万科A,-0.0092764378478663,-0.0093197319488022,22.826299650000003,23.028729543,24.7375258155,0.1910931005899261,-0.03463550932885871,2021-05,1
2021-06-01,22.5298542,sz.000002,万科A,-0.0037453183520599,-0.0037523496185504,22.799196066,22.9740988815,24.640122310499997,0.1879720544193704,-0.045967532883230716,2021-06,0
2021-06-02,22.66537212,sz.000002,万科A,0.0060150375939851,0.0059970194723744,22.728049157999997,22.914386298,24.556411762,0.1849877473376781,-0.04999193594898021,2021-06,0
2021-06-03,22.58914329,sz.000002,万科A,-0.0033632286995516,-0.0033688970661048,22.645044432,22.8614496105,24.4876646505,0.1834970741595439,-0.044480475262660406,2021-06,0
2021-06-04,22.30116771,sz.000002,万科A,-0.0127484064491937,-0.0128303646857047,22.540018044,22.790726196,24.418917539,0.186104895547098,-0.060094211224748006,2021-06,0
2021-06-07,21.97084278,sz.000002,万科A,-0.0148120015191796,-0.0149227946199201,22.41127602,22.722967236,24.347205973,0.1846410639136963,-0.05847764131535621,2021-06,0
2021-06-08,22.07248122,sz.000002,万科A,0.0046260601387817,0.0046153928084011,22.319801424,22.65690225,24.281846809500003,0.1854609741957174,-0.056756446826538215,2021-06,0
2021-06-09,21.94543317,sz.000002,万科A,-0.0057559478127398,-0.0057725771226804,22.175813634,22.609470977999997,24.2078766115,0.1726162127391024,-0.04115106227142861,2021-06,0
2021-06-10,21.72521655,sz.000002,万科A,-0.0100347356233115,-0.0100854229572401,22.003028286,22.557381277500003,24.1254365435,0.1745431337039504,-0.045636408327592616,2021-06,0
2021-06-11,21.42030123,sz.000002,万科A,-0.0140350877192981,-0.0141345109349046,21.82685499,22.4819994345,24.038620376,0.175620497327535,-0.06673994842784321,2021-06,0
2021-06-15,20.97139812,sz.000002,万科A,-0.0209568999604586,-0.0211796128654784,21.626966058,22.3820549685,23.923712473,0.1850917488816651,-0.0895439115578622,2021-06,0
2021-06-16,21.14079552,sz.000002,万科A,0.0080775444264944,0.0080450956848316,21.440628918,22.283380983,23.814309985500003,0.186590100108085,-0.08773480370953891,2021-06,0
2021-06-17,21.174675,sz.000002,万科A,0.001602564102564,0.0016012813669738,21.286477284,22.2084226335,23.7056133205,0.1793185442978213,-0.06707764085285252,2021-06,0
2021-06-18,20.81047059,sz.000002,万科A,-0.0171999999999999,-0.0173496383351129,21.103528092,22.1067841935,23.612021257,0.1809422082946228,-0.09174869053533272,2021-06,0
2021-06-21,20.4970854,sz.000002,万科A,-0.0150590150590151,-0.0151735533704471,20.918884925999997,22.006416234000003,23.507136033499997,0.1811149226207576,-0.09197641156394361,2021-06,0
2021-06-22,20.52249501,sz.000002,万科A,0.0012396694214875,0.0012389016657936,20.829104304,21.923411508,23.405638758,0.1784540343263487,-0.07643489795728502,2021-06,0
2021-06-23,20.7511815,sz.000002,万科A,0.011143210895584,0.0110815827222469,20.7511815,21.827701977,23.317269781,0.1614274836822917,-0.08705571913501133,2021-06,0
2021-06-24,20.60719371,sz.000002,万科A,-0.0069387755102041,-0.0069629607552501,20.637685242,21.707006329499997,23.229465462,0.1430982778495651,-0.10968956190978932,2021-06,0
2021-06-25,20.75965137,sz.000002,万科A,0.0073982737361282,0.0073710407445899,20.627521398,21.594780552,23.141802307500004,0.1494502760178965,-0.10155545300073981,2021-06,0
2021-06-28,20.39544696,sz.000002,万科A,-0.0175438596491227,-0.0176995770994008,20.607193709999997,21.4732379175,23.0441164735,0.1556895768975701,-0.11136735388697601,2021-06,0
2021-06-29,20.1582906,sz.000002,万科A,-0.0116279069767442,-0.0116960397631912,20.534352828000003,21.3504248025,22.937254947,0.1566531479826003,-0.11371882301585393,2021-06,0
2021-06-30,20.16676047,sz.000002,万科A,0.0004201680672268,0.0004200798213424,20.417468622,21.232270116,22.849874121500005,0.1580293137251608,-0.10955333659656721,2021-06,1
2021-07-01,21.15773526,sz.000002,万科A,0.0491390172196555,0.0479698441986601,20.527576932,21.156888273,22.781409339,0.2480966342053373,-0.0664293569708968,2021-07,0
2021-07-02,20.37003735,sz.000002,万科A,-0.0372297838270615,-0.0379405081456613,20.449654128,21.045932976,22.6974164615,0.2757552262040193,-0.10029591209840671,2021-07,0
2021-07-05,20.17523034,sz.000002,万科A,-0.0095634095634096,-0.0096094326246161,20.405610804,20.9396361075,22.618223177,0.274800615200836,-0.09711091521262262,2021-07,0
2021-07-06,20.73424176,sz.000002,万科A,0.0277078085642317,0.0273308937169712,20.520801036,20.8778060565,22.544535308,0.2950686764937077,-0.05459110512921131,2021-07,0
2021-07-07,20.36156748,sz.000002,万科A,-0.0179738562091502,-0.0181373479771184,20.559762438,20.7922603695,22.4721179195,0.2984818517307213,-0.07719102147714321,2021-07,0
2021-07-08,20.37003735,sz.000002,万科A,0.0004159733777038,0.0004158868847633,20.402222856,20.7134905785,22.404217795,0.2987656402690539,-0.07101910028669961,2021-07,0
2021-07-09,20.37850722,sz.000002,万科A,0.0004158004158003,0.0004157139947625,20.40391683,20.646155112,22.3402702765,0.2980597327565861,-0.06056856424758781,2021-07,0
2021-07-12,20.17523034,sz.000002,万科A,-0.0099750623441396,-0.0100251466193788,20.40391683,20.5839015675,22.277169745,0.2964150980760074,-0.05650853887242931,2021-07,0
2021-07-13,20.19217008,sz.000002,万科A,0.0008396305625526,0.0008392782699951,20.295502493999997,20.5449401655,22.207716811,0.2887295334899651,-0.03471200834941811,2021-07,0
2021-07-14,19.65856827,sz.000002,万科A,-0.0264261744966443,-0.0267816219108033,20.154902651999997,20.470828803,22.131205652,0.2989708712885951,-0.06921572727255682,2021-07,0
2021-07-15,19.92113424,sz.000002,万科A,0.013356311934511,0.0132679027440805,20.06512203,20.408151765,22.055682644500003,0.3044715899073125,-0.05746197944060981,2021-07,0
2021-07-16,20.28533865,sz.000002,万科A,0.0182823129251701,0.0181172008264981,20.046488316,20.381895168,21.984394572,0.3083530208309774,-0.02197966651543981,2021-07,0
2021-07-19,19.88725476,sz.000002,万科A,-0.0196242171189978,-0.0198193288970284,19.9888932,20.351403635999997,21.9102832095,0.311503956218303,-0.026544868575422507,2021-07,0
2021-07-20,19.55692983,sz.000002,万科A,-0.0166098807495741,-0.0167493715934917,19.86184515,20.303125376999997,21.8317957475,0.315964818935284,-0.04439441874648411,2021-07,0
2021-07-21,19.25201451,sz.000002,万科A,-0.0155911650064964,-0.0157139855019523,19.780534398,20.2281670275,21.743003277,0.3152186674933668,-0.07112879464856452,2021-07,0
2021-07-22,19.65856827,sz.000002,万科A,0.0211174659040915,0.0208975824218939,19.728021204,20.1807357555,21.674115001,0.326747151032745,-0.0430725532342689,2021-07,0
2021-07-23,19.57386957,sz.000002,万科A,-0.00430848772081,-0.0043177960000563,19.585727388,20.1214466655,21.6093204955,0.3248450209368236,-0.05477931469120711,2021-07,0
2021-07-26,18.09164232,sz.000002,万科A,-0.0757247944612722,-0.0787454101942953,19.2266049,20.0062564335,21.516575419,0.4135508794832984,-0.11296024950335662,2021-07,0
2021-07-27,17.07525792,sz.000002,万科A,-0.0561797752808989,-0.0578195708888262,18.730270518,19.8521047995,21.410419715,0.4506669500699484,-0.15751211780751131,2021-07,0
2021-07-28,17.35476363,sz.000002,万科A,0.0163690476190476,0.0162365190476405,18.350820342,19.7115049575,21.305957985000003,0.4580560803941117,-0.14156323825569053,2021-07,0
2021-07-29,17.4479322,sz.000002,万科A,0.0053684724255733,0.0053541135447269,17.908693128,19.5260148045,21.1990964585,0.4107104373502348,-0.18533378304977272,2021-07,0
2021-07-30,17.49875142,sz.000002,万科A,0.0029126213592234,0.0029083878959572,17.493669498,19.382450508,21.0966110315,0.3990124282951437,-0.14519137786348782,2021-07,0
2021-08-02,17.7020283,sz.000002,万科A,0.0116166505324295,0.0115496952792725,17.415746694,19.258790406,20.9963842365,0.4044364595776752,-0.12401131776764873,2021-08,0
2021-08-03,17.68508856,sz.000002,万科A,-0.0009569377990429,-0.0009573959563272,17.537712821999996,19.106332746,20.9023686795,0.3848882280675554,-0.15267606413092333,2021-08,0
2021-08-04,17.40558285,sz.000002,万科A,-0.0158045977011495,-0.0159308220721944,17.547876666,18.9585335145,20.802565378,0.384191681148653,-0.15050680562292262,2021-08,0
2021-08-05,17.77825713,sz.000002,万科A,0.021411192214112,0.0211851928902981,17.613941652,18.8289445035,20.71730202,0.3969635253542721,-0.12951158678651442,2021-08,0
2021-08-06,17.8714257,sz.000002,万科A,0.0052405907575034,0.0052269066494791,17.688476508,18.7035904275,20.635708939,0.398441133150886,-0.12468679644481132,2021-08,0
2021-08-09,18.87087036,sz.000002,万科A,0.0559241706161137,0.0544163745770624,17.92224492,18.6383724285,20.5680911435,0.4549004802387221,-0.05878756348455802,2021-08,0
2021-08-10,18.51513582,sz.000002,万科A,-0.0188509874326751,-0.0190309323106908,18.088254372,18.5545207155,20.4938386165,0.4580893736830289,-0.07847818147978572,2021-08,0
2021-08-11,19.57386957,sz.000002,万科A,0.0571820677035681,0.0556069415378968,18.521911716,18.5502857805,20.4348318555,0.4980142483469726,0.0051300607204266754,2021-08,0
2021-08-12,19.17578568,sz.000002,万科A,-0.0203375162267416,-0.0205471709513071,18.801417426,18.5130183525,20.376530917000004,0.5006140105066109,-0.028563767440825928,2021-08,0
2021-08-13,19.30283373,sz.000002,万科A,0.0066254416961131,0.0066035899226107,19.087699032,18.4638931065,20.317524156,0.4962174411754775,-0.04022063866988292,2021-08,0
2021-08-16,19.44682152,sz.000002,万科A,0.007459412022817,0.0074317281937728,19.202889264,18.4418714445,20.2665637715,0.4927680154701835,-0.013137009528068122,2021-08,0
2021-08-17,19.58233944,sz.000002,万科A,0.0069686411149825,0.0069444723528109,19.416329988,18.443141925,20.22322627,0.4897421787169925,0.01044151233648848,2021-08,0
2021-08-18,20.09053164,sz.000002,万科A,0.0259515570934256,0.025620530325348,19.519662402,18.4850677815,20.180312262000005,0.4937975892648107,0.05198423443641048,2021-08,0
2021-08-19,19.60774905,sz.000002,万科A,-0.0240303541315345,-0.0243237935972815,19.606055076,18.4825268205,20.1234229685,0.4973342964903208,0.0068364144007844775,2021-08,0
2021-08-20,19.26895425,sz.000002,万科A,-0.0172786177105831,-0.0174296351352836,19.59927918,18.4672810545,20.061169424000003,0.5010598425472066,-0.006133715588988621,2021-08,0
2021-08-23,19.32824334,sz.000002,万科A,0.0030769230769229,0.00307219903697,19.575563544,18.5291111055,20.0028684855,0.4143131623936747,0.07266800194920647,2021-08,0
2021-08-24,19.49764074,sz.000002,万科A,0.0087642418930762,0.0087260588598069,19.558623804,18.6502302465,19.9509199495,0.3489370332919877,0.13761201912318158,2021-08,0
2021-08-25,19.02294756,sz.000002,万科A,-0.024346185588811,-0.0246474538385746,19.345106988,18.733639443,19.8924715055,0.3638635637705921,0.09689678591532298,2021-08,0
2021-08-26,18.69156853,sz.000002,万科A,-0.0174199623352164,-0.0175734752846286,19.161870884,18.7958212595,19.826241445666664,0.3723217709538866,0.07410835115453328,2021-08,0
2021-08-27,18.7184371,sz.000002,万科A,0.0014374700527071,0.0014364378816558,19.051767454,18.8568055435,19.761729675833333,0.37240024436348,0.07263319984801699,2021-08,0
2021-08-30,17.40187717,sz.000002,万科A,-0.0703349282296651,-0.0729308955814166,18.666494219999997,18.841797987,19.6800748335,0.4538126870232577,-0.009318378914077621,2021-08,0
2021-08-31,17.7332562,sz.000002,万科A,0.0190427174472465,0.0188636743111408,18.313617312,18.844206369,19.6094483905,0.4590482406196994,0.01068127633221178,2021-08,0
2021-09-01,18.64678758,sz.000002,万科A,0.0515151515151517,0.0502321254863334,18.238385316,18.9062666055,19.5523534965,0.4885193528396523,0.07800102554851299,2021-09,0
2021-09-02,18.9871228,sz.000002,万科A,0.0182516810758885,0.0180871184911439,18.29749617,18.966709889,19.50304832366667,0.4871440502361135,0.07484151441028948,2021-09,0
2021-09-03,18.74530567,sz.000002,万科A,-0.0127358490566038,-0.0128176452200584,18.302869884,19.0104038875,19.453383142333337,0.4905777010810344,0.05686507459618228,2021-09,0
2021-09-06,18.40497045,sz.000002,万科A,-0.0181557572861921,-0.0183225955156648,18.50348854,18.987108892,19.40312762933333,0.4533272801773178,-0.017214853306123518,2021-09,0
2021-09-07,18.44079521,sz.000002,万科A,0.0019464720194648,0.0019445800974545,18.644996342,18.9833918615,19.360950914166665,0.4483644695561915,0.0035826061460163825,2021-09,0
2021-09-08,18.20793427,sz.000002,万科A,-0.0126274890723653,-0.0127078933994429,18.55722568,18.9150950965,19.312069893333337,0.3960779259319001,-0.06622695062991701,2021-09,0
2021-09-09,18.0915038,sz.000002,万科A,-0.0063944909001474,-0.006415023233096,18.37810188,18.8608810025,19.260683706666665,0.3911905090750074,-0.05228392530332282,2021-09,0
2021-09-10,18.2706276,sz.000002,万科A,0.0099009900990099,0.0098522964430116,18.283166266,18.809270696,19.218352990166668,0.3923875868695733,-0.04900837690042602,2021-09,0
2021-09-13,19.04085994,sz.000002,万科A,0.0421568627450981,0.0412924720636312,18.410344164,18.788972617,19.194082565833337,0.4222064510445819,-0.014310926178144924,2021-09,0
2021-09-14,18.02881047,sz.000002,万科A,-0.0531514581373472,-0.0546161332621018,18.327947216,18.7112961685,19.152521156833338,0.4599408526856137,-0.07443102543047463,2021-09,0
2021-09-15,17.53622002,sz.000002,万科A,-0.0273224043715848,-0.0277026025493359,18.193604366,18.5835805875,19.0989384655,0.4531809016831783,-0.12770498689548504,2021-09,0
2021-09-16,17.03467338,sz.000002,万科A,-0.0286006128702756,-0.0290175799851198,17.982238282,18.454926804000003,19.03939646,0.4558237189583176,-0.13227524563422613,2021-09,0
2021-09-17,17.07945433,sz.000002,万科A,0.0026288117770767,0.0026253624950834,17.744003628,18.345451808,18.978059842666664,0.4551229689612563,-0.11236781614656632,2021-09,0
2021-09-22,17.98402952,sz.000002,万科A,0.0529627687467224,0.0516078752112006,17.532637544,18.278241117,18.937869552,0.4999996484861415,-0.06248197047676682,2021-09,0
2021-09-23,18.40497045,sz.000002,万科A,0.0234063745019921,0.0231366461187152,17.607869540000003,18.223607602500003,18.9086475495,0.5072656518008182,-0.04783983786785092,2021-09,0
2021-09-24,18.19897808,sz.000002,万科A,-0.0111922141119221,-0.0112553182319625,17.740421152,18.1824091285,18.875851176333335,0.5018348169113738,-0.03468586639096202,2021-09,0
2021-09-27,17.74221239,sz.000002,万科A,-0.0250984251968504,-0.0254187619998216,17.881928954,18.1349413215,18.818925795166663,0.5057429605835437,-0.04236432925259603,2021-09,0
2021-09-28,18.87964852,sz.000002,万科A,0.0641090358404847,0.0621378629627021,18.241967791999997,18.1430018925,18.794085981333335,0.5578318878413472,0.02030723653518158,2021-09,0
2021-09-29,18.96025423,sz.000002,万科A,0.0042694497153701,0.0042603614736123,18.437212734,18.220920745500003,18.773836379499997,0.4900050155456893,0.09491161448021679,2021-09,0
2021-09-30,19.08564089,sz.000002,万科A,0.0066131317902693,0.006591360963752,18.573346822,18.288539980000003,18.746359698333332,0.4871730927863986,0.08248202882323956,2021-09,1
2021-10-08,19.02294756,sz.000002,万科A,-0.003284842796809,-0.0032902497367877,18.738140718,18.307347979,18.724049366333336,0.454187516154303,0.02768203451127887,2021-10,0
2021-10-11,19.7931799,sz.000002,万科A,0.0404896421845575,0.0396914121499691,19.14833422,18.347650834,18.7144350755,0.4716644731353892,0.04991999561994787,2021-10,0
2021-10-12,19.9723037,sz.000002,万科A,0.0090497737556562,0.0090090699423661,19.366865256,18.4090007355,18.70766501683333,0.4686631362230702,0.07170561843220788,2021-10,0
2021-10-13,19.9723037,sz.000002,万科A,0.0,0.0,19.569275150000003,18.487367398,18.704282906166668,0.4618743250049358,0.08986137571839997,2021-10,0
2021-10-14,19.0766847,sz.000002,万科A,-0.0448430493273542,-0.0458796057506936,19.567483912,18.5191618725,18.685691483166668,0.4940377284888081,0.043071854371580974,2021-10,0
2021-10-15,18.88860471,sz.000002,万科A,-0.0098591549295775,-0.0099080782246963,19.540615342,18.5531953945,18.67285875716667,0.4930359113208157,0.04584018851436877,2021-10,0
2021-10-18,18.1810657,sz.000002,万科A,-0.0374585111427215,-0.0381781084429414,19.218192502,18.5576734895,18.643857614833333,0.5122507902187028,0.01477616827179467,2021-10,0
2021-10-19,18.1810657,sz.000002,万科A,0.0,0.0,18.859944902,18.5531953945,18.608786399,0.5111063677109986,0.004875178172784768,2021-10,0
2021-10-20,17.91238,sz.000002,万科A,-0.0147783251231528,-0.0148886124937507,18.447960162,18.4967713975,18.575871819666663,0.4886445753700105,-0.05206000969546613,2021-10,0
2021-10-21,18.56618187,sz.000002,万科A,0.0365000000000002,0.0358496528936974,18.345859596,18.5236399675,18.559359353666665,0.4688647081895041,0.03759144844188127,2021-10,0
2021-10-22,19.10355327,sz.000002,万科A,0.0289435600578868,0.0285326060355707,18.388849308,18.60200663,18.556884999666668,0.4649076738742429,0.09385741287135287,2021-10,0
2021-10-25,18.44079521,sz.000002,万科A,-0.0346929207688699,-0.0353090114435609,18.440795209999997,18.6723127215,18.536588782000003,0.4711552316669776,0.08776510497275856,2021-10,0
2021-10-26,17.66160668,sz.000002,万科A,-0.0422535211267607,-0.0431721718652088,18.336903406,18.701420339,18.504717733833335,0.4994634325745712,0.04288277206892116,2021-10,0
2021-10-27,17.60786954,sz.000002,万科A,-0.0030425963488843,-0.0030472344554688,18.276001314,18.68261234,18.496654854166664,0.4620475321911667,-0.01312259302668554,2021-10,0
2021-10-28,17.13319147,sz.000002,万科A,-0.0269582909460833,-0.0273283312668589,17.989403234,18.619023391,18.497620413333333,0.4618461157981,-0.06348725847476094,2021-10,0
2021-10-29,16.30922199,sz.000002,万科A,-0.0480920020909565,-0.0492868897126448,17.430536978,18.5245355865,18.480194719333333,0.4881658734187453,-0.10038704645379534,2021-10,1
2021-11-01,16.29130961,sz.000002,万科A,-0.0010982976386602,-0.0010989012094858,17.000639858,18.4519904475,18.460917676166662,0.4824733747160326,-0.07638691889560514,2021-11,0
2021-11-02,15.79871916,sz.000002,万科A,-0.0302363936228696,-0.0307029419513856,16.628062354,18.2979439795,18.432583805166665,0.4182509484590717,-0.17073234835895945,2021-11,0
2021-11-03,16.16592295,sz.000002,万科A,0.0232426303854875,0.0229766342002447,16.339673036,18.1582274155,18.406982049333333,0.4311783519878953,-0.15175916768884207,2021-11,0
2021-11-04,16.17487914,sz.000002,万科A,0.0005540166204986,0.0005538632099495,16.14801057,18.012689328,18.381811892333335,0.4290627798063956,-0.15781828285861274,2021-11,0
2021-11-05,15.95993058,sz.000002,万科A,-0.0132890365448505,-0.0133781259461762,16.078152288000002,17.859538479,18.357717687833333,0.4291079032476384,-0.16782247660665425,2021-11,0
2021-11-08,16.39878389,sz.000002,万科A,0.0274971941638608,0.0271259366437561,16.099647144,17.689818678499996,18.334726467166668,0.4115995203566649,-0.18081492462735096,2021-11,0
2021-11-09,16.31817818,sz.000002,万科A,-0.0049153468050245,-0.004927466854607,16.203538948,17.5071124025,18.3088390085,0.4064110787644232,-0.19478004518803166,2021-11,0
2021-11-10,16.99884862,sz.000002,万科A,0.0417124039517013,0.0408659013499695,16.370124082,17.3584396485,18.277638646166665,0.4448246751305254,-0.15306764123633035,2021-11,0
2021-11-11,18.61991901,sz.000002,万科A,0.09536354056902,0.0910863086881398,16.859132056,17.335601364,18.279385032666667,0.5542958564381487,-0.012861051339956159,2021-11,0
2021-11-12,17.69743144,sz.000002,万科A,-0.0495430495430495,-0.0508124095501998,17.206632228,17.2760427005,18.248111063833335,0.5803343974644575,-0.05254494595342816,2021-11,0
2021-11-15,17.3750086,sz.000002,万科A,-0.0182186234817812,-0.0183866262504392,17.40187717,17.2357398455,18.2180981125,0.5689249477439534,-0.03330505829248786,2021-11,0
2021-11-16,17.23170956,sz.000002,万科A,-0.0082474226804124,-0.008281620831722,17.584583446,17.1882720385,18.183579376333338,0.5693578262558479,-0.04155248097290026,2021-11,0
2021-11-17,17.42874574,sz.000002,万科A,0.0114345114345115,0.0113696315202987,17.67056287,17.164090325500002,18.14994478,0.5692053912045297,-0.015339644415235958,2021-11,0
2021-11-18,17.09736671,sz.000002,万科A,-0.0190133607399795,-0.0191964390202028,17.366052409999998,17.0906495675,18.108528567833332,0.5549293329883032,-0.07085300515521566,2021-11,0
2021-11-19,17.8228181,sz.000002,万科A,0.0424305919329492,0.0415550939927905,17.391129741999997,17.026612809,18.070733342166665,0.5673277824350221,-0.057365973280153255,2021-11,0
2021-11-22,17.21379718,sz.000002,万科A,-0.0341708542713566,-0.0347683281883001,17.358887457999998,16.965262907499998,18.030834144333333,0.566942257722875,-0.05684390678263995,2021-11,0
2021-11-23,17.23170956,sz.000002,万科A,0.0010405827263266,0.0010400416954139,17.358887458,16.9437680515,17.996880066166668,0.5475211726485307,-0.013549802929552652,2021-11,0
2021-11-24,17.2854467,sz.000002,万科A,0.0031185031185032,0.0031136506732795,17.33022765,16.927646909499998,17.9628334555,0.5476049556346583,-0.007388703462165152,2021-11,0
2021-11-25,17.21379718,sz.000002,万科A,-0.0041450777202073,-0.0041536923686935,17.353513744000004,16.931677195,17.924769396166667,0.5388306840825595,0.01542450976371085,2021-11,0
2021-11-26,17.00780481,sz.000002,万科A,-0.0119667013527575,-0.0120388787179519,17.190511086,16.966606335999998,17.891183683666664,0.5098605262146441,0.05154981050190985,2021-11,0
2021-11-29,16.53312674,sz.000002,万科A,-0.0279094260136913,-0.0283062957494883,17.054376998000002,16.9786971925,17.855209653833338,0.5211806976826863,0.02473868212687875,2021-11,0
2021-11-30,16.35400294,sz.000002,万科A,-0.0108342361863488,-0.0108933539078836,16.878835674,17.0064613815,17.815802417833332,0.5100727433351748,0.04414083956339954,2021-11,1
2021-12-01,16.54208293,sz.000002,万科A,0.0115005476451257,0.0114349190443259,16.730162919999998,17.0252693805,17.801472513833335,0.5053309851191083,0.03239875682303775,2021-12,0
2021-12-02,17.04362957,sz.000002,万科A,0.0303194369247428,0.0298688870969095,16.696129398,17.068706902,17.78997873666667,0.515442663605434,0.06216417712728195,2021-12,0
2021-12-03,17.25857813,sz.000002,万科A,0.0126116657908565,0.0125328011182169,16.746284062,17.133639279500002,17.7668419125,0.5127066149232647,0.08806487946298895,2021-12,0
2021-12-06,17.45561431,sz.000002,万科A,0.0114167099117801,0.0113520310931945,16.930781575999998,17.1864808005,17.741316771,0.5062364494596727,0.07198439521090824,2021-12,0
2021-12-07,17.85864286,sz.000002,万科A,0.0230887634684453,0.0228262510142228,17.23170956,17.2635040345,17.7265390575,0.5097368267585317,0.09998850548437806,2021-12,0
2021-12-08,17.74221239,sz.000002,万科A,-0.0065195586760281,-0.0065409038232327,17.471735452,17.300672223,17.715493089833334,0.4921098558307142,0.05175654285664866,2021-12,0
2021-12-09,18.2706276,sz.000002,万科A,0.0297829379101464,0.0293480401397111,17.717135058,17.283207652500003,17.712656962999997,0.3673808122781878,-0.013824059802224939,2021-12,0
2021-12-10,18.05567904,sz.000002,万科A,-0.0117647058823529,-0.0118344576470027,17.87655524,17.301120032500002,17.710119375833333,0.322484102440003,0.02395428385847166,2021-12,0
2021-12-13,17.8228181,sz.000002,万科A,-0.0128968253968254,-0.0129807114727212,17.949995998000002,17.3235105075,17.705641280833333,0.3187661964518543,0.029276081943427464,2021-12,0
2021-12-14,17.4645705,sz.000002,万科A,-0.0201005025125626,-0.0203052661607454,17.871181526,17.3351535545,17.69220699583333,0.3262445724480635,0.01742300211127727,2021-12,0
2021-12-15,17.56308859,sz.000002,万科A,0.0056410256410255,0.0056251746385536,17.835356766,17.341870696999997,17.66757747333333,0.3243995343059889,0.011629516317791265,2021-12,0
2021-12-16,17.72430001,sz.000002,万科A,0.0091789903110657,0.0091371194062193,17.726091248,17.373217362,17.662502299,0.3171685039819971,0.03982186736883647,2021-12,0
2021-12-17,17.49143907,sz.000002,万科A,-0.0131379484588176,-0.0132250147258868,17.613243254,17.356648410499997,17.66175594983333,0.2826551789913332,-0.015746673022930334,2021-12,0
2021-12-20,17.51830764,sz.000002,万科A,0.0015360983102918,0.0015349197180837,17.552341162,17.3718739335,17.66981652083333,0.2536509022586824,0.019960279558718066,2021-12,0
2021-12-21,18.19002189,sz.000002,万科A,0.0383435582822087,0.0376267109856221,17.69743144,17.419789549999997,17.688325980166667,0.2862061380467202,0.05726325511460016,2021-12,0
2021-12-22,17.78699334,sz.000002,万科A,-0.0221565731166913,-0.0224057169752668,17.74221239,17.444866882000003,17.68504204383333,0.2996531507470681,0.03198817887940566,2021-12,0
2021-12-23,17.59891335,sz.000002,万科A,-0.0105740181268881,-0.0106303203017562,17.717135058,17.464122690499998,17.671607758833336,0.302146367157346,0.025559238472724857,2021-12,0
2021-12-24,17.58995716,sz.000002,万科A,-0.0005089058524172,-0.0005090353889503,17.736838675999998,17.493230308,17.661457410166665,0.29819637351127,0.03701703397306516,2021-12,0
2021-12-27,17.57204478,sz.000002,万科A,-0.0010183299389002,-0.0010188487891028,17.747586104,17.54517621,17.658621283333336,0.2771351228201197,0.06390813004785625,2021-12,0
2021-12-28,17.62578192,sz.000002,万科A,0.0030581039755352,0.0030534374868904,17.63473811,17.608765159,17.637723506666667,0.2721498480923697,0.07780047020974025,2021-12,0
2021-12-29,17.35709622,sz.000002,万科A,-0.0152439024390245,-0.0153612851614873,17.548758686000003,17.6495158235,17.611004206500002,0.2787090583646904,0.05105602012559007,2021-12,0
2021-12-30,17.12423528,sz.000002,万科A,-0.0134158926728584,-0.0135066988393648,17.453823072,17.653546109,17.578314112999998,0.2637549033812671,0.007320690527988857,2021-12,0
2021-12-31,17.69743144,sz.000002,万科A,0.0334728033472802,0.0329247846964664,17.475317928000003,17.6754887745,17.556222177666665,0.2860530724243355,0.02818182808441256,2021-12,0
2022-01-04,18.35123331,sz.000002,万科A,0.0369433198380568,0.0362772699310868,17.631155634000002,17.7202697245,17.532189734499998,0.3111479496314538,0.05370843801068926,2022-01,0
2022-01-05,18.96025423,sz.000002,万科A,0.0331869204489994,0.0326481228959653,17.898050096,17.775350293,17.515322243333337,0.3218124972593947,0.06380659499124336,2022-01,0
2022-01-06,18.85277995,sz.000002,万科A,-0.0056683986773736,-0.0056845250183833,18.197186842,17.830878671,17.496663514166666,0.3214858947866356,0.06465775498989787,2022-01,0
2022-01-07,19.60509991,sz.000002,万科A,0.0399049881235156,0.0391293514063813,18.693359768,17.8976022865,17.505470434333333,0.3343244411601462,0.07477980520326706,2022-01,0
2022-01-10,19.84691704,sz.000002,万科A,0.0123343992690727,0.0122589503443116,19.123256888,17.987164186500003,17.5214423065,0.3304233562731007,0.09887891035469266,2022-01,0
2022-01-11,19.9723037,sz.000002,万科A,0.006317689530686,0.0062978165869901,19.447470966,18.0946384665,17.551296273166663,0.3236328416802055,0.11809342528220405,2022-01,0
2022-01-12,19.74839895,sz.000002,万科A,-0.0112107623318387,-0.0112740765732182,19.60509991,18.208829889,17.577418494000003,0.3155972575781119,0.12698316546292795,2022-01,0
2022-01-13,19.28267707,sz.000002,万科A,-0.0235827664399093,-0.0238652905165833,19.691079334,18.294809313,17.6002567785,0.3330335589348706,0.09775937338199316,2022-01,0
2022-01-14,18.5393133,sz.000002,万科A,-0.0385508592661402,-0.0393136111049482,19.477922012,18.3355599775,17.599808968999998,0.3663100423047282,0.05002952380478726,2022-01,0
2022-01-17,18.69156853,sz.000002,万科A,0.0082125603864735,0.0081790208177861,19.24685231,18.3955664505,17.592942556666667,0.3620349304966638,0.07138003265007836,2022-01,0
2022-01-18,19.33641421,sz.000002,万科A,0.0344992812649735,0.0339175234376065,19.119674412,18.486471779,17.607869540000003,0.3781303173880102,0.10434321560476006,2022-01,0
2022-01-19,19.6140561,sz.000002,万科A,0.0143584993052339,0.0142563922957391,19.092805842,18.5576734895,17.640410363666668,0.3593813039911205,0.08035815662778525,2022-01,0
2022-01-20,19.80213609,sz.000002,万科A,0.0095890410958905,0.0095433580468999,19.196697646,18.658430627,17.676981472833337,0.3461381545916543,0.11210377084036706,2022-01,0
2022-01-21,19.38119516,sz.000002,万科A,-0.0212573496155585,-0.0214865408910741,19.365074018,18.7475447175,17.714448201,0.3547319003675065,0.10142043935169665,2022-01,0
2022-01-24,19.4349323,sz.000002,万科A,0.0027726432532346,0.002768806568133,19.513746772,18.8397934745,17.766543372833333,0.3542381780648519,0.10470198845734846,2022-01,0
2022-01-25,18.64678758,sz.000002,万科A,-0.0405529953917049,-0.0413981973595909,19.375821446,18.8935306145,17.805801339000002,0.3895335488916059,0.06516732300454375,2022-01,0
2022-01-26,18.56618187,sz.000002,万科A,-0.0043227665706051,-0.0043321367391345,19.1662466,18.940550612000003,17.851925717500002,0.3904638368061561,0.057786452458403456,2022-01,0
2022-01-27,18.30645236,sz.000002,万科A,-0.013989387361312,-0.0140881611121844,18.867109854,18.988018419,17.887601207666666,0.3897158021948973,0.05904096753611596,2022-01,0
2022-01-28,18.20793427,sz.000002,万科A,-0.0053816046966733,-0.0053961376952486,18.632457676,19.0422033685,17.92148545983333,0.3862685557629763,0.06707525551230105,2022-01,0
2022-02-07,18.72739329,sz.000002,万科A,0.0285292670929659,0.0281298858002868,18.490949874,19.093701461,17.96760983833333,0.3815254887331625,0.06213171925798675,2022-02,0
2022-02-08,18.70052472,sz.000002,万科A,-0.0014347202295551,-0.0014357504261041,18.501697302,19.1111660315,18.0059721855,0.3601016073038638,0.02375367919037485,2022-02,0
2022-02-09,18.3601895,sz.000002,万科A,-0.0181992337164751,-0.0183668768700755,18.460498828,19.081162795,18.040005707500004,0.3454363055797679,-0.02763247497509965,2022-02,0
2022-02-10,18.67365615,sz.000002,万科A,0.0170731707317073,0.0169290621004479,18.533939586,19.072206605,18.067919166333336,0.3510793345571347,-0.00489090556601875,2022-02,0
2022-02-11,18.96921042,sz.000002,万科A,0.0158273381294964,0.0157033919284499,18.686194816,19.0404121305,18.073740689833336,0.323910756633961,-0.02896855556003795,2022-02,0
2022-02-14,18.12732856,sz.000002,万科A,-0.04438149197356,-0.0453964957539956,18.56618187,18.9544327065,18.080905641833333,0.3531469089775604,-0.08568444680267065,2022-02,0
2022-02-15,17.74221239,sz.000002,万科A,-0.0212450592885375,-0.0214739837088052,18.374519404,18.842928141,18.087025705,0.3557155623840884,-0.11324719562189414,2022-02,0
2022-02-16,17.91238,sz.000002,万科A,0.0095911155981827,0.0095454128435314,18.284957504,18.7511271935,18.098370212333332,0.3590601854910842,-0.09244531769187275,2022-02,0
2022-02-17,17.7332562,sz.000002,万科A,-0.01,-0.0100503358535014,18.096877514,18.67365615,18.103445386666667,0.3527284049452586,-0.07886255125196344,2022-02,0
2022-02-18,18.34227712,sz.000002,万科A,0.0343434343434343,0.0337668624708174,17.971490854,18.663804341,18.1241938935,0.352775156201182,-0.005968257642388938,2022-02,0
2022-02-21,18.5393133,sz.000002,万科A,0.0107421875,0.0106849001000163,18.053887802,18.6561915795,18.136135480166665,0.3536976661932864,-0.003438630528862438,2022-02,0
2022-02-22,18.48557616,sz.000002,万科A,-0.0028985507246376,-0.0029027596579613,18.202560556,18.613649677,18.1573317965,0.3291346274267763,-0.04083646251847354,2022-02,0
2022-02-23,18.14524094,sz.000002,万科A,-0.0184108527131783,-0.0185824417928246,18.249132744,18.540208919,18.1725573195,0.3280303083373128,-0.07360581453688574,2022-02,0
2022-02-24,17.76908096,sz.000002,万科A,-0.0207305034550839,-0.0209483969638106,18.256297695999997,18.4385561625,18.1806178905,0.3294156576230558,-0.10392535908786013,2022-02,0
2022-02-25,17.49143907,sz.000002,万科A,-0.0156250000000001,-0.0157483569681392,18.086130086,18.344068358,18.18524525533333,0.326366015637414,-0.09829300947230173,2022-02,0
2022-02-28,17.1958848,sz.000002,万科A,-0.0168970814132102,-0.0170414658548514,17.817444386,18.232115983,18.188379921833334,0.3276869367136584,-0.11796273413874653,2022-02,1
2022-03-01,17.35709622,sz.000002,万科A,0.0093749999999999,0.0093313274288842,17.591748398,18.167631415,18.2021127465,0.3047802046163105,-0.06803473874704173,2022-03,0
2022-03-02,17.30335908,sz.000002,万科A,-0.003095975232198,-0.0031007776782481,17.423372026,18.1044902755,18.217935348833336,0.3047621432516301,-0.06680794740863463,2022-03,0
2022-03-03,17.45561431,sz.000002,万科A,0.0087991718426501,0.0087606847350975,17.360678696,18.061948373,18.23316087183333,0.3049362209001806,-0.044019388204672535,2022-03,0
2022-03-04,16.75703149,sz.000002,万科A,-0.0400205233453053,-0.0408433732334712,17.21379718,17.989403234,18.22838423716667,0.3332068006257409,-0.07865830685330454,2022-03,0
2022-03-07,16.60477626,sz.000002,万科A,-0.009086050240513,-0.009127580148289,17.095575472,17.8832723825,18.217487539333337,0.3105865991589183,-0.11627362418678343,2022-03,0
2022-03-08,15.82558773,sz.000002,万科A,-0.0469255663430421,-0.0480622738061041,16.789273774,17.739525533,18.190320429666667,0.3424245590638578,-0.1617644703002704,2022-03,0
2022-03-09,15.20761062,sz.000002,万科A,-0.0390492359932088,-0.0398321054484038,16.370124082,17.581896589000003,18.146136559,0.3582236977367207,-0.1826144725770041,2022-03,0
2022-03-10,15.01953063,sz.000002,万科A,-0.0123674911660777,-0.0124446050480837,15.882907346,17.399190313000002,18.100758529666667,0.3446466431182,-0.21205513447478913,2022-03,0
2022-03-11,14.91205635,sz.000002,万科A,-0.0071556350626118,-0.0071813594086646,15.513912318,17.1963326095,18.04478234216667,0.3306412571481504,-0.23503810766689734,2022-03,0
2022-03-14,14.41050971,sz.000002,万科A,-0.0336336336336337,-0.034212255422161,15.075059008,17.010491667,17.98402952,0.3185536340879975,-0.22429024932697103,2022-03,0
2022-03-15,13.2551612,sz.000002,万科A,-0.0801740211311373,-0.0835707802342224,14.560973702000002,16.7861391075,17.907901905000003,0.4011370017532382,-0.28321921116957083,2022-03,0
2022-03-16,13.89105069,sz.000002,万科A,0.0479729729729729,0.046857796418378,14.297661716,16.585072642,17.8483432415,0.4512820426400191,-0.2448373537947806,2022-03,0
2022-03-17,14.93892492,sz.000002,万科A,0.0754352030947775,0.0727254197421532,14.281540574,16.445356078,17.804607180333335,0.5483664614529274,-0.1594021507000031,2022-03,0
2022-03-18,15.62855155,sz.000002,万科A,0.0461630695443644,0.0451292517178354,14.424839614,16.3096697995,17.769678039333332,0.5619009402288524,-0.14758251549907303,2022-03,0
2022-03-21,15.0463992,sz.000002,万科A,-0.0372492836676217,-0.0379607622392228,14.552017512,16.1350240945,17.728927374833333,0.567171623271161,-0.19557398666669473,2022-03,0
2022-03-22,15.74498202,sz.000002,万科A,0.0464285714285714,0.0453830058478177,15.049981675999998,15.9979943875,17.699371947833335,0.6011189359492861,-0.14624686451348573,2022-03,0
2022-03-23,16.04053629,sz.000002,万科A,0.0187713310580204,0.0185973238155894,15.479878795999998,15.892759154999998,17.663547187833334,0.6064792916042602,-0.10906468074228702,2022-03,0
2022-03-24,15.65542012,sz.000002,万科A,-0.0240089335566721,-0.0243018458452308,15.623177836,15.787076113,17.6280209675,0.607685066445522,-0.11234311084387522,2022-03,0
2022-03-25,15.59272679,sz.000002,万科A,-0.0040045766590388,-0.0040126164472916,15.616012884,15.692140499,17.594584524833333,0.6065456975078775,-0.10072268750291392,2022-03,0
2022-03-28,15.91514963,sz.000002,万科A,0.0206777713957495,0.0204668883864622,15.789762970000002,15.6281037405,17.566671066,0.6114451471179988,-0.06314783469395421,2022-03,0
2022-03-29,15.65542012,sz.000002,万科A,-0.016319639842431,-0.0164542719391705,15.77185059,15.543019935499998,17.534727321666665,0.6112626207444902,-0.08884247453638512,2022-03,0
2022-03-30,16.99884862,sz.000002,万科A,0.0858123569794049,0.0823284229543923,15.963513056,15.5277944125,17.524278433333333,0.6902288574239999,6.585767521777308e-05,2022-03,0
2022-03-31,17.15110385,sz.000002,万科A,0.0089567966280292,0.0089169224448729,16.262649802,15.5125688895,17.520845227166667,0.690255725109669,0.00022348246059687715,2022-03,0
2022-04-01,18.50348854,sz.000002,万科A,0.0788511749347258,0.0758967480648374,16.844802152,15.599891742,17.5438327815,0.7268204349287907,0.11909518074062798,2022-04,0
2022-04-06,19.00503518,sz.000002,万科A,0.0271055179090029,0.0267446694943446,17.462779261999998,15.719904688,17.565626177166667,0.7282390988414019,0.15528674889014388,2022-04,0
2022-04-07,18.72739329,sz.000002,万科A,-0.0146088595664468,-0.0147166197452949,18.077173896,15.864994966,17.571895510166666,0.704704686232652,0.18760345566673917,2022-04,0
2022-04-08,19.24685231,sz.000002,万科A,0.0277379244380679,0.0273601972138769,18.526774634,16.0669570505,17.57667214483333,0.6833834417372249,0.2543906160980159,2022-04,0
2022-04-11,18.57513806,sz.000002,万科A,-0.0348999534667288,-0.0355235078530379,18.811581475999997,16.244737421999996,17.57204478,0.6988595648747689,0.2318581537973648,2022-04,0
2022-04-12,18.06463523,sz.000002,万科A,-0.0274831243972999,-0.0278678508352609,18.723810814,16.402366366000003,17.54637036866667,0.7097327404659666,0.21153066446267668,2022-04,0
2022-04-13,18.3601895,sz.000002,万科A,0.0163609320773425,0.016228534178242,18.594841678,16.5998503555,17.521591576333332,0.6903502347860107,0.26152523017365287,2022-04,0
2022-04-14,18.807999,sz.000002,万科A,0.0243902439024388,0.0240975515790603,18.61096282,16.8774922455,17.502186498000004,0.5964051774196326,0.366089495207229,2022-04,0
2022-04-15,19.0766847,sz.000002,万科A,0.0142857142857144,0.0141846349919566,18.576929298000003,17.136773946,17.4909912605,0.5860770214104787,0.33240223651997053,2022-04,0
2022-04-18,18.38705807,sz.000002,万科A,-0.0361502347417841,-0.0368198416845373,18.5393133,17.3091806035,17.476064277166667,0.5712118852095306,0.22081679868340887,2022-04,0
2022-04-19,18.50348854,sz.000002,万科A,0.0063321967851923,0.0063122326606502,18.627083962,17.452927453,17.475467197833336,0.5560251194453115,0.1809859259242368,2022-04,0
2022-04-20,17.33022765,sz.000002,万科A,-0.0634075508228459,-0.0655070442157015,18.421091592000003,17.5671188755,17.452778183166668,0.5915330236230295,0.1548276587690126,2022-04,0
2022-04-21,17.2854467,sz.000002,万科A,-0.0025839793281653,-0.0025873235649509,18.116581132,17.6441421095,17.41859539133333,0.5743529728178022,0.10581510801227588,2022-04,0
2022-04-22,17.74221239,sz.000002,万科A,0.026424870466321,0.0260817647996194,17.84968667,17.7292259145,17.387397996166666,0.5773701001779897,0.11346864742057648,2022-04,0
2022-04-25,16.86450577,sz.000002,万科A,-0.0494699646643108,-0.0507355180413984,17.54517621,17.789680197,17.338437490833332,0.6013081196966522,0.08800761631293777,2022-04,0
2022-04-26,16.98093624,sz.000002,万科A,0.0069038767923523,0.0068801541578144,17.240665749999998,17.8590906695,17.2984331755,0.6005320275611471,0.09891606976432889,2022-04,0
2022-04-27,16.32713437,sz.000002,万科A,-0.0385021097046412,-0.039262908136304,17.040047094,17.879689906499998,17.246636543333334,0.6164987809277308,0.03973618866393818,2022-04,0
2022-04-28,16.7480753,sz.000002,万科A,0.0257816785518376,0.0254549351699693,16.932572814,17.934322665499998,17.214991338666668,0.6180291252434735,0.08183750705820678,2022-04,0
2022-04-29,17.35709622,sz.000002,万科A,0.0363636363636363,0.0357180826020792,16.855549579999998,17.9522350455,17.194839911166664,0.5527902712296106,0.032388786442438186,2022-04,1
2022-05-05,17.40187717,sz.000002,万科A,0.002579979360165,0.0025766569267285,16.96302386,17.964773711499998,17.179763658,0.5521306986468885,0.026011969174573983,2022-05,0
2022-05-06,16.55999531,sz.000002,万科A,-0.0483787956767882,-0.049588217990315,16.878835673999998,17.867599050000003,17.152298008666666,0.4970730788229984,-0.10121800143694001,2022-05,0
2022-05-09,16.55103912,sz.000002,万科A,-0.0005408328826393,-0.0005409791854955,16.923616623999997,17.744899247,17.116025439166666,0.4828277710088945,-0.12886435222858222,2022-05,0
2022-05-10,16.62268864,sz.000002,万科A,0.0043290043290042,0.0043196611445163,16.898539292000002,17.6396640145,17.081394837833333,0.4832592779719589,-0.10992648833313122,2022-05,0
2022-05-11,16.53312674,sz.000002,万科A,-0.0053879310344827,-0.0054024982833484,16.733745396,17.503977736,17.050943791833333,0.4670788229509092,-0.14305234380568183,2022-05,0
2022-05-12,16.10322962,sz.000002,万科A,-0.0260021668472372,-0.0263462000312318,16.474015885999997,17.380382314000002,17.008103349666666,0.4610977094278052,-0.1341545571861902,2022-05,0
2022-05-13,16.72120673,sz.000002,万科A,0.0383759733036705,0.0376579285101568,16.506258170000002,17.313210889,16.9706366215,0.4805912998331492,-0.06829545948521984,2022-05,0
2022-05-16,16.90928672,sz.000002,万科A,0.0112479914301018,0.0111852031637234,16.57790769,17.240665749999998,16.950335924166666,0.4781372812394969,-0.07340840013246053,2022-05,0
2022-05-17,17.07945433,sz.000002,万科A,0.0100635593220339,0.0100132588949731,16.669260828,17.1542385165,16.939289956499998,0.469614147910559,-0.08773508471286542,2022-05,0
2022-05-18,16.85554958,sz.000002,万科A,-0.0131095962244361,-0.013196285455094,16.733745396,17.043181760499998,16.921676116166665,0.4652145373154399,-0.11513039522301592,2022-05,0
2022-05-19,17.24066575,sz.000002,万科A,0.0228480340063761,0.0225909265765596,16.961232622,16.9858621445,16.913466275333334,0.4612116910065268,-0.05613212647485572,2022-05,0
2022-05-20,16.9271991,sz.000002,万科A,-0.0181818181818183,-0.0183491386681966,17.002431096000002,16.907047672500003,16.889881641666666,0.4629744827783892,-0.08064614144186633,2022-05,0
2022-05-23,16.43460865,sz.000002,万科A,-0.0291005291005289,-0.0295323475650172,16.907495482,16.8622667225,16.854803230833333,0.4184990257882836,-0.04633911971954932,2022-05,0
2022-05-24,16.22861628,sz.000002,万科A,-0.0125340599455041,-0.012613273885746,16.737327872,16.8094252015,16.817187232833334,0.4200706656844128,-0.056289200336888126,2022-05,0
2022-05-25,16.31817818,sz.000002,万科A,0.0055187637969094,0.0055035912169789,16.629853592,16.738223491,16.786736186833334,0.4071257369350013,-0.07719530700629973,2022-05,0
2022-05-26,16.47043341,sz.000002,万科A,0.0093304061470909,0.0092871467844172,16.475807124,16.718519872999998,16.765092061,0.3717187406402099,-0.018394936194898025,2022-05,0
2022-05-27,16.24652866,sz.000002,万科A,-0.0135943447525829,-0.0136875939292391,16.339673036,16.681799494,16.744343554166665,0.3731152882935767,-0.03889315773983323,2022-05,0
2022-05-30,15.95993058,sz.000002,万科A,-0.0176405733186327,-0.0177980226443272,16.244737422,16.6634393045,16.723744317166666,0.3528008406870108,-0.018031621353824728,2022-05,0
2022-05-31,15.95097439,sz.000002,万科A,-0.0005611672278338,-0.0005613247410929,16.189209044000002,16.623584259,16.700308953333334,0.3384766679738068,-0.044374467133496125,2022-05,1
2022-06-01,16.01366772,sz.000002,万科A,0.0039303761931499,0.0039226724437978,16.128306952,16.556412834,16.678814097333333,0.3076147758494009,-0.07680772730398253,2022-06,0
2022-06-02,15.86141249,sz.000002,万科A,-0.0095078299776287,-0.009553317950626,16.006502767999997,16.4793896,16.652244067,0.3072608705032716,-0.08889553664177623,2022-06,0
2022-06-06,15.48525251,sz.000002,万科A,-0.0237154150197628,-0.024001152099543,15.854247538,16.425652460000002,16.631047750666667,0.2707964316798995,-0.06423215598475082,2022-06,0
2022-06-07,15.61063917,sz.000002,万科A,0.0080971659919029,0.0080645598367304,15.784389256,16.3786324625,16.614478799166665,0.2736472598499535,-0.055594157110208625,2022-06,0
2022-06-08,15.70915726,sz.000002,万科A,0.006310958118187,0.0062911274121074,15.73602583,16.332955893500003,16.612538291333333,0.2744194788082675,-0.05361220332102583,2022-06,0
2022-06-09,15.96888677,sz.000002,万科A,0.016533637400228,0.016398444931012,15.727069640000002,16.304743895,16.625226227166667,0.2824654713737314,-0.03169063488631513,2022-06,0
2022-06-10,15.99575534,sz.000002,万科A,0.0016825574873808,0.001681143573304,15.753938209999998,16.299370181,16.641496639,0.2674177750536035,-0.004005910551697127,2022-06,0
2022-06-13,15.64646393,sz.000002,万科A,-0.0218365061590146,-0.0220784513023879,15.786180494000002,16.245633040999998,16.65373676533333,0.235753047828162,-0.06421839001438223,2022-06,0
2022-06-14,15.89723725,sz.000002,万科A,0.0160274756725815,0.0159003917754595,15.84350011,16.1950305675,16.678515557666667,0.2402091973456695,-0.05943890577190253,2022-06,0
2022-06-15,16.42565246,sz.000002,万科A,0.0332394366197181,0.0326989509068938,15.98679915,16.162340473999997,16.731357078666665,0.2692248729883975,-0.03626302847421832,2022-06,0
2022-06-16,16.28235342,sz.000002,万科A,-0.0087241003271536,-0.0087623780789859,16.049492479999998,16.133680665999997,16.771212124166667,0.2672269361366632,-0.03187753257693582,2022-06,0
2022-06-17,16.25548485,sz.000002,万科A,-0.0016501650165017,-0.001651528038473,16.101438381999998,16.084421620999997,16.79315478966667,0.2511747839748605,-0.05637573159981362,2022-06,0
2022-06-20,16.64060102,sz.000002,万科A,0.0236914600550963,0.0234151726748326,16.3002658,16.070091717,16.810022280833333,0.2609920688456774,-0.014502453362899025,2022-06,0
2022-06-21,16.64060102,sz.000002,万科A,0.0,0.0,16.448938553999998,16.0803913355,16.836592311166665,0.238502057631932,0.01459807573762988,2022-06,0
2022-06-22,16.3898277,sz.000002,万科A,-0.0150699677072119,-0.015184673538317,16.441773602,16.088451906499998,16.847339739166667,0.2405337899129935,0.012062167975922081,2022-06,0
2022-06-23,16.63164483,sz.000002,万科A,0.0147540983606555,0.0146463155172389,16.511631884000003,16.104125239000002,16.857191548166664,0.2452252232171615,0.02129750253966818,2022-06,0
2022-06-24,16.42565246,sz.000002,万科A,-0.0123855681206247,-0.0124629085362957,16.545665406,16.1018861915,16.87002875383333,0.2476207717375029,-0.0004184717280474211,2022-06,0
2022-06-27,16.57790769,sz.000002,万科A,0.0092693565976009,0.0092266597570874,16.53312674,16.118455143,16.886448435499997,0.2442755431849783,0.02244522962213638,2022-06,0
2022-06-28,16.52417055,sz.000002,万科A,-0.0032414910858994,-0.0032467560988698,16.509840646,16.1466671415,16.896598784166667,0.2347688072636793,0.03684431185486967,2022-06,0
2022-06-29,17.58100097,sz.000002,万科A,0.0639566395663957,0.0619946378018335,16.748075300000004,16.2281684705,16.928691798333332,0.3216384511773819,0.10136211864909918,2022-06,0
2022-06-30,18.3601895,sz.000002,万科A,0.0443199184921039,0.0433658778559928,17.093784233999997,16.3454945595,16.951380813,0.3504096409109338,0.1417516609480532,2022-06,1
2022-07-01,18.2706276,sz.000002,万科A,-0.0048780487804878,-0.0048899852941917,17.462779262,16.465955315,16.970039542166667,0.3478777025824744,0.14638144214519408,2022-07,0
2022-07-04,18.10045999,sz.000002,万科A,-0.009313725490196,-0.009357369434641,17.767289721999997,16.596715689,16.963322399666666,0.3343296778468355,0.16078313167476088,2022-07,0
2022-07-05,17.94820476,sz.000002,万科A,-0.008411677387432,-0.0084472551988657,18.052096564000003,16.7135939685,16.945708559333333,0.3393890954961417,0.144274288295426,2022-07,0
2022-07-06,17.43770193,sz.000002,万科A,-0.0284431137724551,-0.0288554568325557,18.023436756,16.800021202,16.924213703333333,0.3622651796205025,0.10952021640478389,2022-07,0
2022-07-07,17.18692861,sz.000002,万科A,-0.0143810991268619,-0.0144855093644998,17.788784578,16.860923294,16.889881641666666,0.3663472294548583,0.07860547987769398,2022-07,0
2022-07-08,17.26753432,sz.000002,万科A,0.0046899426784783,0.0046789791627909,17.588165921999998,16.924512243,16.868088246,0.3662580242006789,0.08161286506879148,2022-07,0
2022-07-11,16.99884862,sz.000002,万科A,-0.0155601659751036,-0.0156824960006176,17.367843647999997,16.9921314775,16.850325135833334,0.3610074597999845,0.08788920525270248,2022-07,0
2022-07-12,17.04362957,sz.000002,万科A,0.0026343519494205,0.0026308881262763,17.18692861,17.0494510935,16.828382470333334,0.3584043199988517,0.07449608152954147,2022-07,0
2022-07-13,16.98093624,sz.000002,万科A,-0.0036784025223333,-0.0036851844811825,17.095575472,17.0772152825,16.797931424333335,0.3416475152092831,0.03757824238749008,2022-07,0
2022-07-14,16.47043341,sz.000002,万科A,-0.0300632911392405,-0.030524458210646,16.952276431999998,17.086619282,16.754493902833335,0.3584165320789482,0.01623905157540318,2022-07,0
2022-07-15,15.78080678,sz.000002,万科A,-0.0418705818379552,-0.042772418108196,16.654930924,17.0628853785,16.711056381333332,0.3891940836565036,-0.023981365246050323,2022-07,0
2022-07-18,16.0315801,sz.000002,万科A,0.0158910329171395,0.0157660923386758,16.46147722,17.0324343325,16.669857907333334,0.3835211068279816,-0.03178179238400712,2022-07,0
2022-07-19,15.9420182,sz.000002,万科A,-0.0055865921787708,-0.0056022555486697,16.241154946,16.997505191500004,16.646721083166668,0.3837267199851757,-0.037368384562777926,2022-07,0
2022-07-20,15.90619344,sz.000002,万科A,-0.0022471910112359,-0.0022497197340154,16.026206386,16.9733234785,16.623733528833334,0.380562143152774,-0.024545607866801926,2022-07,0
2022-07-21,15.48525251,sz.000002,万科A,-0.0264639639639638,-0.0268204378688247,15.829170206,16.9160038625,16.586117530833334,0.3856949472421107,-0.06576367019142122,2022-07,0
2022-07-22,15.56585822,sz.000002,万科A,0.0052053209947946,0.0051918201420468,15.786180494000002,16.8730141505,16.564473404999998,0.3852460167813817,-0.048172781076001925,2022-07,0
2022-07-25,15.6733325,sz.000002,万科A,0.006904487917146,0.0068807610922222,15.714530974000002,16.827785391,16.54268000933333,0.384385724175767,-0.050537649756456825,2022-07,0
2022-07-26,16.16592295,sz.000002,万科A,0.0314285714285713,0.0309448038494214,15.759311924,16.809873011,16.539993152333334,0.4027909486498011,-0.015867587241986128,2022-07,0
2022-07-27,15.90619344,sz.000002,万科A,-0.0160664819944598,-0.0161969472148659,15.759311924000002,16.726132634499997,16.525961788,0.3247785384557244,-0.09589070880284163,2022-07,0
2022-07-28,15.80767535,sz.000002,万科A,-0.0061936936936936,-0.0062129541847181,15.823796492,16.598506927,16.500138106833333,0.2679946854727795,-0.14640432098863915,2022-07,0
2022-07-29,15.41360299,sz.000002,万科A,-0.0249291784702549,-0.0252451731558577,15.793345446,16.4556556965,16.467000203833333,0.2749327326325807,-0.16645545067840622,2022-07,1
2022-08-01,15.10909253,sz.000002,万科A,-0.019755955839628,-0.019953713665571,15.680497452,16.3060873235,16.442818490833332,0.2779143781770571,-0.17689768102783826,2022-08,0
2022-08-02,14.79562588,sz.000002,万科A,-0.020746887966805,-0.0209651284650449,15.406438038,16.1484583795,16.4135616035,0.2810904419180843,-0.18923289160721124,2022-08,0
2022-08-03,14.38364114,sz.000002,万科A,-0.0278450363196125,-0.0282400595742163,15.101927577999998,15.99575534,16.376244145166666,0.2805623040726102,-0.1886348141543686,2022-08,0
2022-08-04,14.53589637,sz.000002,万科A,0.010585305105853,0.0105296730078842,14.847571782,15.863203727999998,16.342956972333333,0.2886022521988052,-0.1636684099216537,2022-08,0
2022-08-05,14.74188874,sz.000002,万科A,0.0141712877387554,0.0140718137224239,14.713228932000002,15.736921449,16.32026795766667,0.2960771276942393,-0.15418706486137662,2022-08,0
2022-08-08,14.57172113,sz.000002,万科A,-0.0115431348724179,-0.0116102740179773,14.605754652000002,15.6155650745,16.28444319766667,0.2950058077429136,-0.15017003375869092,2022-08,0
2022-08-09,14.53589637,sz.000002,万科A,-0.002458512599877,-0.0024615397044465,14.553808749999998,15.4901784145,16.244886691833333,0.293231969709582,-0.15526289830798842,2022-08,0
2022-08-10,14.4194659,sz.000002,万科A,-0.0080098582871225,-0.0080421095360824,14.560973702000002,15.3621048975,16.200553551333332,0.2928345200372234,-0.15959435407277764,2022-08,0
2022-08-11,14.58067732,sz.000002,万科A,0.0111801242236024,0.0111180885839769,14.569929892,15.267617093000002,16.162639013666666,0.2881400322457458,-0.11835093870993471,2022-08,0
2022-08-12,14.67023922,sz.000002,万科A,0.0061425061425062,0.0061237178505292,14.555599988,15.212088715000002,16.1197985715,0.2574504899566363,-0.07033785072947332,2022-08,0
2022-08-15,14.58963351,sz.000002,万科A,-0.0054945054945053,-0.0055096558109694,14.559182464,15.1399913855,16.080839145000002,0.2470496618969398,-0.09172338914111812,2022-08,0
2022-08-16,14.80458207,sz.000002,万科A,0.014732965009208,0.014625489218979,14.612919604000002,15.083119578999998,16.05367203533333,0.2563135737701555,-0.07140383195313933,2022-08,0
2022-08-17,15.11804872,sz.000002,万科A,0.0211736237144586,0.0209525773348783,14.752636168,15.043712343,16.035162575999998,0.2709799280714658,-0.04798301722744482,2022-08,0
2022-08-18,15.03744301,sz.000002,万科A,-0.0053317535545024,-0.0053460180783616,14.843989306,15.021321867999998,16.013816989833334,0.2560608195664939,-0.026850806817983425,2022-08,0
2022-08-19,15.23447919,sz.000002,万科A,0.0131030375223346,0.0130179353183208,14.9568373,15.0047529165,15.993217752833337,0.2602399166304356,-0.01895309029044343,2022-08,0
2022-08-22,15.27030395,sz.000002,万科A,0.0023515579071136,0.0023487973217555,15.092971388,14.984601489,15.976947341,0.2589163556428402,-0.023506020300475824,2022-08,0
2022-08-23,15.10013634,sz.000002,万科A,-0.0111436950146627,-0.0112062511558163,15.152082242,14.9313121585,15.962617437,0.2303363101754148,-0.06607828674370982,2022-08,0
2022-08-24,14.88518778,sz.000002,万科A,-0.0142348754448398,-0.0143371631464072,15.105510054000002,14.8802618755,15.944854326833331,0.2290786040224722,-0.06424668019408983,2022-08,0
2022-08-25,15.05640373,sz.000002,万科A,0.0115024380297068,0.0114367879338871,15.109302198,14.8426982945,15.928899927,0.2345703435608901,-0.04655054847068942,2022-08,0
2022-08-26,15.05640373,sz.000002,万科A,0.0,0.0,15.073687106,14.8248383315,15.915483114333334,0.2188782506841355,-0.02162137000043453,2022-08,0
2022-08-29,14.80910967,sz.000002,万科A,-0.0164245104232469,-0.0165608880470138,14.98144825,14.809839188499998,15.904214067,0.2154001209720156,-0.018289924584053426,2022-08,0
2022-08-30,15.11347159,sz.000002,万科A,0.0205523442517661,0.0203439947027175,14.9841153,14.825731474,15.895927940666668,0.214852030814356,0.023009307634517674,2022-08,0
2022-08-31,15.81730853,sz.000002,万科A,0.0465701699181875,0.0455183126562116,15.17053945,14.897414843499998,15.897730461833332,0.2422796872440815,0.09742451387231768,2022-08,0
2022-09-01,16.01704604,sz.000002,万科A,0.0126277811184605,0.0125487156093442,15.362667912,14.971472327,15.898533116333333,0.2430259154121112,0.09946698988492518,2022-09,0
2022-09-02,15.9790008,sz.000002,万科A,-0.002375296912114,-0.0023781224049674,15.547187326,15.033327930000002,15.898253874,0.2418143593664821,0.08292040523405576,2022-09,0
2022-09-05,16.33091927,sz.000002,万科A,0.0220238095238094,0.0217847885001708,15.851549246,15.121287837,15.909661463,0.2422836478324931,0.11648734963028308,2022-09,0
2022-09-06,16.97768835,sz.000002,万科A,0.0396039603960396,0.0388398333162639,16.224392598,15.243377436,15.927668981333332,0.2678660301330352,0.15854982262619965,2022-09,0
2022-09-07,16.66381512,sz.000002,万科A,-0.0184873949579833,-0.0186604227174028,16.393693915999997,15.355594897,15.931638359,0.2785047527404967,0.14807228595533886,2022-09,0
2022-09-08,16.72088298,sz.000002,万科A,0.0034246575342464,0.0034188067487854,16.534461303999997,15.46260518,15.938947184999998,0.2784705267147296,0.14031681926598286,2022-09,0
2022-09-09,17.26302765,sz.000002,万科A,0.0324232081911264,0.0319086684538289,16.791266674000003,15.5922446015,15.955739564999998,0.2926422986362699,0.1665975213146031,2022-09,0
2022-09-13,17.29156158,sz.000002,万科A,0.0016528925619834,0.0016515280384729,16.983395136,15.727341005,15.966588907666669,0.2892441322033315,0.17374491937109177,2022-09,0
2022-09-14,17.03475621,sz.000002,万科A,-0.0148514851485147,-0.0149628726767122,16.994808708,15.838849712000002,15.973158160833332,0.2999095039312401,0.14416046921336909,2022-09,0
2022-09-15,17.5959235,sz.000002,万科A,0.0329424902289223,0.0324115160116587,17.181230384000003,15.962743451,15.9932597575,0.3099205304747913,0.15592933572783277,2022-09,0
2022-09-16,17.120358,sz.000002,万科A,-0.027027027027027,-0.0273989741881145,17.261125388000004,16.0668892005,16.001404977,0.330963138230178,0.13423406225530818,2022-09,0
2022-09-19,17.29156158,sz.000002,万科A,0.01,0.009950330853168,17.266832173999997,16.169743320000002,16.015836795666665,0.330351082603706,0.13113102473297358,2022-09,0
2022-09-20,16.70186036,sz.000002,万科A,-0.034103410341034,-0.0346985005423621,17.14889193,16.2413211405,16.0179026735,0.3604761974832881,0.09467605648482597,2022-09,0
2022-09-21,16.70186036,sz.000002,万科A,0.0,0.0,17.08231276,16.3214073415,16.020864170333333,0.3561100593809522,0.10581975149948866,2022-09,0
2022-09-22,16.63528119,sz.000002,万科A,-0.0039863325740319,-0.0039942991764599,16.890184298,16.408912012000002,16.005102174,0.3504704850256467,0.11606829437029659,2022-09,0
2022-09-23,16.65430381,sz.000002,万科A,0.0011435105774726,0.0011428572672495,16.796973459999997,16.488807016000003,15.976670745833331,0.3501651501567117,0.10570936691806238,2022-09,0
2022-09-26,16.58772464,sz.000002,万科A,-0.0039977155910906,-0.0040057278169267,16.656206072,16.5653730615,15.948622363166669,0.3512513315392417,0.10171165132697177,2022-09,0
2022-09-27,16.7399056,sz.000002,万科A,0.0091743119266054,0.0091324835632724,16.663815120000002,16.661912858,15.925946456666669,0.3420935662264222,0.12731047367682408,2022-09,0
2022-09-28,16.60674726,sz.000002,万科A,-0.0079545454545455,-0.00798635163265,16.6447925,16.7365766415,15.903588831666667,0.3413787892165019,0.09880358397051248,2022-09,0
2022-09-29,16.31189665,sz.000002,万科A,-0.017754868270332,-0.017914376799507,16.580115592,16.7613060475,15.884825410333333,0.3124757847638232,0.03447854578199298,2022-09,0
2022-09-30,16.95866573,sz.000002,万科A,0.0396501457725946,0.0388842582631,16.640987976,16.808387032,15.881021029,0.3386113744374801,0.06150091043612707,2022-09,0
2022-10-10,16.89208656,sz.000002,万科A,-0.0039259674705552,-0.003933694311025,16.70186036,16.85404132,15.874763566333334,0.3389869505981849,0.059950239877685864,2022-10,0
2022-10-11,16.15020438,sz.000002,万科A,-0.0439189189189187,-0.0449125566808225,16.583920116,16.845005575500004,15.860619495666668,0.3693526833689742,-0.005992488565042232,2022-10,0
2022-10-12,16.34043058,sz.000002,万科A,0.0117785630153119,0.0117097356729079,16.530656779999997,16.813142687000003,15.8488995125,0.34164885871718,-0.03381788594576993,2022-10,0
2022-10-13,15.9790008,sz.000002,万科A,-0.0221187427240977,-0.022367030146896,16.46407761,16.778901971,15.8322005885,0.3442499663021,-0.03744923371188433,2022-10,0
2022-10-14,16.18824962,sz.000002,万科A,0.013095238095238,0.0130102367360147,16.309994388,16.752270303,15.827497525333332,0.347915558370407,-0.02777865315089273,2022-10,0
2022-10-17,15.7887746,sz.000002,万科A,-0.0246768507638073,-0.0249864277827305,16.089331996000002,16.678557650500004,15.827630322333333,0.333035712190978,-0.08487871210582643,2022-10,0
2022-10-18,15.57952578,sz.000002,万科A,-0.0132530120481927,-0.0133416169375741,15.975196276,16.592955860500002,15.820096083666668,0.3337375176870152,-0.09978461671600253,2022-10,0
2022-10-19,15.37978827,sz.000002,万科A,-0.0128205128205128,-0.0129034048359079,15.783067814,16.510207463500002,15.810725584833332,0.3330185919906487,-0.09775364438800062,2022-10,0
2022-10-20,15.33223172,sz.000002,万科A,-0.0030921459492888,-0.0030969365105332,15.653713998,16.3970228745,15.801159556166668,0.3018308115592262,-0.13378828056621173,2022-10,0
2022-10-21,15.39881089,sz.000002,万科A,0.0043424317617866,0.0043330306110615,15.495826252,16.310945519,15.7997188625,0.2942405874022048,-0.10241882177739813,2022-10,0
2022-10-24,14.79959836,sz.000002,万科A,-0.0389129092032118,-0.0396902489392982,15.297991004,16.186347358,15.786947864833332,0.3116144596059423,-0.15133173098060992,2022-10,0
2022-10-25,14.79008705,sz.000002,万科A,-0.0006426735218507,-0.0006428801250022,15.140103258,16.0907586925,15.772227107333332,0.2960692040009166,-0.11787099416142663,2022-10,0
2022-10-26,14.33354417,sz.000002,万科A,-0.0308681672025723,-0.031354625986839,14.930854438,15.972342883,15.741687461,0.3079562562308095,-0.14873916136399892,2022-10,0
2022-10-27,14.16234059,sz.000002,万科A,-0.0119442601194426,-0.0120161659424864,14.696876212,15.848695853,15.712623246833331,0.3080691289105939,-0.15669708890940964,2022-10,0
2022-10-28,13.63921854,sz.000002,万科A,-0.0369375419744795,-0.0376370115244433,14.344957742,15.6979415895,15.6764823,0.3226595593341616,-0.19477814146136174,2022-10,0
2022-10-31,12.85929112,sz.000002,万科A,-0.0571827057182705,-0.0588827645566562,13.956896294,15.5115199135,15.633910435500002,0.3628366184753356,-0.24796313158854166,2022-10,1
2022-11-01,13.18267566,sz.000002,万科A,0.0251479289940828,0.0248369231469391,13.635414016000002,15.3336584165,15.601803487666668,0.3794813504643748,-0.23198951452106426,2022-11,0
2022-11-02,13.23023221,sz.000002,万科A,0.0036075036075036,0.0036010121735943,13.414751624,15.164832664000002,15.575713593166665,0.3831558045519426,-0.22042746545901512,2022-11,0
2022-11-03,12.97342684,sz.000002,万科A,-0.01941049604601,-0.0196013535200355,13.176968874,14.997909173500002,15.5522100215,0.3835865327564766,-0.22208309323469314,2022-11,0
2022-11-04,13.35387924,sz.000002,万科A,0.0293255131964809,0.0289037461823489,13.119901013999998,14.817669849,15.532509736000002,0.3668534537868778,-0.23240772581080685,2022-11,0
2022-11-07,13.53459413,sz.000002,万科A,0.0135327635327635,0.0134420135040959,13.254961616,14.649795227500002,15.512388159166669,0.3768095479230941,-0.21494899480748814,2022-11,0
2022-11-08,13.56312806,sz.000002,万科A,0.0021082220660575,0.0021060028843887,13.331052096000002,14.520441411499998,15.495578274666665,0.3580201793780492,-0.16892185382251193,2022-11,0
2022-11-09,13.83895605,sz.000002,万科A,0.0203366058906031,0.0201325786313517,13.452796863999998,14.395367685,15.483962602666669,0.3656399060221629,-0.16036381094722074,2022-11,0
2022-11-10,13.62970723,sz.000002,万科A,-0.0151202749140894,-0.015235751777421,13.584052942,14.2779030065,15.470799958166667,0.3628939153829873,-0.15336534313721245,2022-11,0
2022-11-11,14.98982456,sz.000002,万科A,0.0997906489881368,0.0951198425896526,13.911242006,14.217981753499998,15.477619078833332,0.523588406198822,-0.06666993224431364,2022-11,0
2022-11-14,15.58903709,sz.000002,万科A,0.0399746192893399,0.0391963083260051,14.322130597999998,14.207994878,15.492932376666666,0.5387089618953426,-0.0020184621911664286,2022-11,0
2022-11-15,15.55099185,sz.000002,万科A,-0.0024405125076265,-0.0024434954124758,14.719703356,14.2065681815,15.508955015666666,0.5365707659368395,0.008794037349399767,2022-11,0
2022-11-16,15.08493766,sz.000002,万科A,-0.0299694189602447,-0.0304276811365605,14.968899678,14.191825650999998,15.513627608833334,0.5455691463817259,-0.008354868790332134,2022-11,0
2022-11-17,15.03738111,sz.000002,万科A,-0.0031525851197982,-0.0031575649853212,15.250434454,14.1770831205,15.512283148666668,0.5455731180955735,-0.008415307960841535,2022-11,0
2022-11-18,14.88520015,sz.000002,万科A,-0.0101201771030993,-0.0101717342352184,15.229509572,14.1514025835,15.509745767666663,0.5463132621600636,-0.022877916825727436,2022-11,0
2022-11-21,14.80910967,sz.000002,万科A,-0.0051118210862619,-0.0051249311402552,15.073524088,14.151878149000002,15.502656275666665,0.5281945297661579,0.010923171291222462,2022-11,0
2022-11-22,14.8376436,sz.000002,万科A,0.0019267822736031,0.0019249284095844,14.930854438,14.1542559765,15.495445269833334,0.5281965724269684,0.013492627086676262,2022-11,0
2022-11-23,14.73301919,sz.000002,万科A,-0.007051282051282,-0.007076259826714,14.860470744,14.1742297275,15.489326650666667,0.515956361434984,0.037309512237966566,2022-11,0
2022-11-24,15.23711862,sz.000002,万科A,0.0342156229825694,0.0336432872114359,14.900418246,14.227968629,15.495192164666667,0.5254986888445845,0.08346939533997857,2022-11,0
2022-11-25,16.47358892,sz.000002,万科A,0.0811485642946316,0.0780239614940759,15.218096,14.369687148000002,15.518811917833334,0.5683939794262917,0.2015555016090897,2022-11,0
2022-11-28,16.28336272,sz.000002,万科A,-0.0115473441108545,-0.0116145324206931,15.51294661,14.540890728,15.539261234333337,0.5175818133815506,0.24719086321650569,2022-11,0
2022-11-29,17.90979673,sz.000002,万科A,0.0998831775700934,0.095203971955465,16.127377236,14.7772467815,15.590939352,0.603008111312802,0.3219261117925163,2022-11,0
2022-11-30,17.73859315,sz.000002,万科A,-0.0095592140201805,-0.0096051965792364,16.728492027999998,15.0026648285,15.634691378,0.6084119036631285,0.30875939416483217,2022-11,0
2022-12-01,18.071489,sz.000002,万科A,0.0187667560321715,0.0185928330766159,17.295366104000003,15.2575679365,15.6722610525,0.5943386841093314,0.3469366462430137,2022-12,0
2022-12-02,17.49129909,sz.000002,万科A,-0.0321052631578948,-0.0326319405502108,17.498908137999997,15.464438929,15.696831936666667,0.617468989595901,0.285505869888638,2022-12,0
2022-12-05,17.99539852,sz.000002,万科A,0.0288200108754759,0.0284125250075026,17.841315297999998,15.6874791485,15.730438565333335,0.6196058954625915,0.3007931172313504,2022-12,0
2022-12-06,18.24269258,sz.000002,万科A,0.0137420718816068,0.0136485058315599,17.907894468,15.9214573745,15.762301453833333,0.617758973704888,0.3124269670468997,2022-12,0
2022-12-07,17.5959235,sz.000002,万科A,-0.035453597497393,-0.0360973373710129,17.879360537999997,16.109305747,15.772605373,0.6433242489115781,0.2566367636589036,2022-12,0
2022-12-08,18.43291878,sz.000002,万科A,0.0475675675675675,0.046470874378341,17.951646494,16.3494663245,15.802090434,0.6456780897825607,0.3193246061405605,2022-12,0
2022-12-09,19.46014026,sz.000002,万科A,0.0557275541795665,0.0542301540608602,18.345414728,16.5729821095,15.847744722,0.585992473179235,0.27526151133199017,2022-12,0
2022-12-12,18.49949795,sz.000002,万科A,-0.0493646138807429,-0.0506246904590251,18.446234614,16.718505152499997,15.868352560333332,0.6179295083983689,0.1859222781619074,2022-12,0
2022-12-13,18.52803188,sz.000002,万科A,0.0015424164524422,0.0015412281499338,18.503302474,16.867357153999997,15.888960398666669,0.6170873172766682,0.1899052071219761,2022-12,0
2022-12-14,18.30927175,sz.000002,万科A,-0.0118069815195072,-0.0118772374805958,18.645972124,17.0285738585,15.910202324333335,0.6049295639590426,0.2080676445627136,2022-12,0
2022-12-15,18.18562472,sz.000002,万科A,-0.0067532467532468,-0.006776153110538,18.596513312,17.185986039,15.920030678,0.6061335618754311,0.20446698292926496,2022-12,0
2022-12-16,18.43291878,sz.000002,万科A,0.0135983263598327,0.013506698839365,18.391069016,17.3633719705,15.941906691000002,0.6014040400348635,0.228185486392197,2022-12,0
2022-12-19,18.40438485,sz.000002,万科A,-0.0015479876160992,-0.0015491869868294,18.372046396,17.5431357295,15.9604537455,0.6002374721081782,0.2317493198623597,2022-12,0
2022-12-20,17.79566101,sz.000002,万科A,-0.0330749354005167,-0.0336342791897925,18.225572222,17.6910366,15.978683756333332,0.6202347622245782,0.1967476021882399,2022-12,0
2022-12-21,17.7861497,sz.000002,万科A,-0.0005344735435596,-0.0005346164254573,18.120947812,17.843693125500003,15.996755245333333,0.6183096118026274,0.2032644106959623,2022-12,0
2022-12-22,17.81468363,sz.000002,万科A,0.0016042780748664,0.0016029925954563,18.046759594,17.972571376,16.016411952666665,0.6122908871911111,0.17065306578825928,2022-12,0
2022-12-23,17.86224018,sz.000002,万科A,0.0026695141484249,0.0026659573241196,17.932623874,18.042003939,16.036544225500002,0.5489391034572761,0.09217401564205258,2022-12,0
2022-12-26,17.47227647,sz.000002,万科A,-0.0218317358892439,-0.0220735745530826,17.746202198,18.101449626500003,16.051286756,0.5541428585041639,0.08188962386366319,2022-12,0
2022-12-27,17.60543481,sz.000002,万科A,0.0076211213935764,0.0075922273583717,17.708156958,18.086231530499997,16.065712242833335,0.4241444431050511,-0.010372432312853817,2022-12,0
2022-12-28,17.67201398,sz.000002,万科A,0.0037817396002162,0.0037746068002864,17.685329814,18.082902572,16.083466688166666,0.4230150440932119,0.002968521307542884,2022-12,0
2022-12-29,17.27253896,sz.000002,万科A,-0.0226049515608181,-0.0228643602125452,17.57690088,18.04295507,16.099477393333334,0.4243531968276011,-0.038403186285446714,2022-12,0
2022-12-30,17.3105842,sz.000002,万科A,0.0022026431718062,0.0022002209096025,17.466569684,18.0339193255,16.105342701166666,0.4091893419909237,-0.00409527995574571,2022-12,1
2023-01-03,17.33911813,sz.000002,万科A,0.0016483516483516,0.0016469946078219,17.439938016,18.001105306,16.112793227333334,0.3947384863432259,-0.03126693918287001,2023-01,0
2023-01-04,18.13806817,sz.000002,万科A,0.0460778935820076,0.0450478309217559,17.546464688,17.9958740855,16.145924290499998,0.4267567533657262,0.0010688825175307823,2023-01,0
2023-01-05,18.38536223,sz.000002,万科A,0.0136339800734135,0.0135418736079116,17.689134338,18.035346022,16.180006484666666,0.4077352060466098,0.05015646008833729,2023-01,0
2023-01-06,18.28073782,sz.000002,万科A,-0.0056906363166062,-0.005706889678093,17.89077411,18.027736974,16.21836876833333,0.3719263563708874,-0.003101743795836411,2023-01,0
2023-01-09,17.86224018,sz.000002,万科A,-0.0228928199791882,-0.0231589297620294,18.001105306,17.94784197,16.246268611,0.3157025924936886,-0.08172211795459111,2023-01,0
2023-01-10,17.8812628,sz.000002,万科A,0.0010649627263044,0.0010643960557865,18.10953424,17.9169302125,16.281143414333332,0.2667248883956984,-0.03129254134754382,2023-01,0
2023-01-11,18.06197769,sz.000002,万科A,0.0101063829787233,0.0100556549882909,18.094316143999997,17.893627502999998,16.322517612833334,0.2697630401751603,-0.02272857482126272,2023-01,0
2023-01-12,17.6910366,sz.000002,万科A,-0.0205371248025275,-0.0207509441050388,17.955451017999998,17.8627157455,16.361038418333333,0.2760497833986597,-0.031458718104283016,2023-01,0
2023-01-13,17.86224018,sz.000002,万科A,0.0096774193548387,0.0096308930609613,17.87175149,17.8465465185,16.403205225999997,0.2781137387388715,-0.015028051996197517,2023-01,0
2023-01-16,17.7861497,sz.000002,万科A,-0.0042598509052184,-0.004268949919576,17.856533394,17.8142080645,16.442994206166667,0.2730713103550809,-0.032886229261248616,2023-01,0
2023-01-17,17.82419494,sz.000002,万科A,0.0021390374331551,0.0021367529497352,17.845119821999997,17.785198569,16.49340414916667,0.2734019891211773,-0.029199204211994317,2023-01,0
2023-01-18,17.57690088,sz.000002,万科A,-0.0138740661686233,-0.013971210596738,17.74810446,17.774260562499997,16.539851046333332,0.2515780793557967,-0.009998334980100915,2023-01,0
2023-01-19,17.64348005,sz.000002,万科A,0.0037878787878788,0.0037807228399061,17.73859315,17.767127079999998,16.595016644333334,0.2520376365933902,-0.005675982648662514,2023-01,0
2023-01-20,17.67201398,sz.000002,万科A,0.0016172506738543,0.0016159443322481,17.70054791,17.7599935975,16.653511200833332,0.2520389297235425,-0.005663010049674614,2023-01,0
2023-01-30,17.20595979,sz.000002,万科A,-0.026372443487621,-0.0267264339784886,17.584509928,17.727179578,16.712956888333334,0.2680974534073218,-0.03470496768572051,2023-01,0
2023-01-31,17.39618599,sz.000002,万科A,0.0110558319513542,0.0109951629955705,17.498908137999997,17.723375053999998,16.78857180283333,0.2607151907062378,-0.0018173998451224155,2023-01,1
2023-02-01,17.30107289,sz.000002,万科A,-0.0054674685620557,-0.0054824698727433,17.44374254,17.708156958,16.857211756666665,0.2597179034363173,-0.014905989800754516,2023-02,0
2023-02-02,17.29156158,sz.000002,万科A,-0.0005497526113249,-0.0005499037806981,17.373358846000002,17.689134338,16.9249005795,0.2591710597650601,-0.019237482012295616,2023-02,0
2023-02-03,17.09182407,sz.000002,万科A,-0.0115511551155114,-0.0116183879538649,17.257320864,17.6800985935,16.993540533333334,0.2497260093416414,-0.008183685566988915,2023-02,0
2023-02-06,16.43554368,sz.000002,万科A,-0.0383973288814692,-0.0391539374195583,17.103237642,17.636346567500002,17.044901607333333,0.2834070101462065,-0.04878365762026431,2023-02,0
2023-02-07,16.70186036,sz.000002,万科A,0.0162037037037039,0.0160738248310612,16.964372516,17.604483679,17.097689377833333,0.2908043056347547,-0.034228305564912014,2023-02,0
2023-02-08,16.6447925,sz.000002,万科A,-0.0034168564920273,-0.0034227072775022,16.833116438,17.5298198955,17.149050451833332,0.2295441639451098,-0.08372305563894691,2023-02,0
2023-02-09,16.80648477,sz.000002,万科A,0.0097142857142857,0.0096674054021367,16.736101076,17.4508760225,17.198509263833333,0.2259009969849626,-0.08764274999807471,2023-02,0
2023-02-10,16.80648477,sz.000002,万科A,0.0,0.0,16.679033216,17.377163369999998,17.251455556166665,0.2263664518721395,-0.08195211368146851,2023-02,0
2023-02-13,16.79697346,sz.000002,万科A,-0.0005659309564233,-0.000566091155791,16.751319172000002,17.323900034,17.2815747045,0.2153863423873233,-0.05962522465870361,2023-02,0
2023-02-14,16.84453001,sz.000002,万科A,0.0028312570781425,0.0028272566189281,16.779853102,17.2720633945,17.3024995865,0.2159170321778294,-0.05785893030686551,2023-02,0
2023-02-15,16.49261154,sz.000002,万科A,-0.020892151326934,-0.0211134804423464,16.74941691,17.193595087000002,17.318193248,0.2191770319231496,-0.08885746461252281,2023-02,0
2023-02-16,16.48310023,sz.000002,万科A,-0.0005767012687426,-0.0005768676248809,16.684740002,17.133198268500003,17.3414959575,0.2110381874439065,-0.06889704107873791,2023-02,0
2023-02-17,16.25482879,sz.000002,万科A,-0.0138488170802077,-0.0139456066000152,16.574408806,17.052827698999998,17.361786752166665,0.2081390648531316,-0.0924232775137843,2023-02,0
2023-02-20,16.70186036,sz.000002,万科A,0.0275014628437682,0.0271300910794709,16.555386186,16.998613232,17.392064422333338,0.2373540005618681,-0.06066196376479771,2023-02,0
2023-02-21,16.76843953,sz.000002,万科A,0.0039863325740316,0.003978408202808,16.54016809,16.9458254615,17.424719919999998,0.2379776538334978,-0.058814668623921214,2023-02,0
2023-02-22,16.57821333,sz.000002,万科A,-0.0113442994895064,-0.0114091368778492,16.557288448,16.895891084000002,17.4537294155,0.2366015947409791,-0.05628490194480431,2023-02,0
2023-02-23,16.61625857,sz.000002,万科A,0.0022948938611588,0.0022922646140356,16.583920115999998,16.844530010000003,17.485116738499997,0.2361078855091984,-0.057777886871524305,2023-02,0
2023-02-24,16.37847582,sz.000002,万科A,-0.0143102461362335,-0.0144136251463804,16.608649522,16.779853101999997,17.5041393585,0.238829500158757,-0.07370538368161211,2023-02,0
2023-02-27,16.34043058,sz.000002,万科A,-0.0023228803716608,-0.0023255824434754,16.536363566,16.7365766415,17.50192005283333,0.223279953946318,-0.04965582056565191,2023-02,0
2023-02-28,16.30238534,sz.000002,万科A,-0.0023282887077996,-0.0023310033864754,16.443152727999998,16.681886609,17.502237096499996,0.2174957435303949,-0.06303994122480572,2023-02,1
2023-03-01,16.37847582,sz.000002,万科A,0.0046674445740955,0.0046565858299508,16.403205226,16.6357567555,17.476715081333335,0.2190345409549804,-0.05290502808865451,2023-03,0
2023-03-02,15.91242163,sz.000002,万科A,-0.0284552845528454,-0.028867984000852,16.262437838,16.566799758,17.446278889333332,0.2371430640914787,-0.080810560030175,2023-03,0
2023-03-03,15.98851211,sz.000002,万科A,0.0047818290496115,0.0047704324217917,16.184445095999997,16.51163416,17.411562607833336,0.2373690811246061,-0.06447757586505211,2023-03,0
2023-03-06,15.64610495,sz.000002,万科A,-0.0214158239143367,-0.0216484702091433,16.04557997,16.4721622235,17.380809372166667,0.2100796116468743,-0.04749607089791961,2023-03,0
2023-03-07,15.34174303,sz.000002,万科A,-0.0194528875379939,-0.0196445850742633,15.853451508,16.404156356999998,17.33658178066667,0.2063509888313761,-0.08315266213961742,2023-03,0
2023-03-08,15.30369779,sz.000002,万科A,-0.0024798512089274,-0.0024829311328256,15.638495902,16.3371016215,17.287598534166666,0.2064223954646792,-0.08221565685651751,2023-03,0
2023-03-09,15.33223172,sz.000002,万科A,0.0018645121193288,0.0018627760741904,15.52245792,16.263388968999998,17.249870337833332,0.2012656732703636,-0.0900654304514744,2023-03,0
2023-03-10,15.05640373,sz.000002,万科A,-0.0179900744416873,-0.0181538631855614,15.336036244,16.175884916999998,17.193595087000002,0.2060018501366605,-0.10805550489316171,2023-03,0
2023-03-13,15.06591504,sz.000002,万科A,0.0006317119393557,0.0006315124933591,15.219998262,16.089331996,17.120358,0.2064182574692006,-0.1068578619973827,2023-03,0
2023-03-14,14.98031325,sz.000002,万科A,-0.0056818181818182,-0.0056980211146377,15.147712306,15.996121158,17.061704921666667,0.2041464156573041,-0.1153709372573434,2023-03,0
2023-03-15,15.08493766,sz.000002,万科A,0.0069841269841268,0.0069598509350597,15.10396028,15.925737464,17.004320017999998,0.2007083194936933,-0.08749465894628261,2023-03,0
2023-03-16,14.98031325,sz.000002,万科A,-0.006935687263556,-0.0069598509350598,15.033576586,15.850598115,16.948837376333334,0.20038133196335,-0.09385364494109602,2023-03,0
2023-03-17,15.1229829,sz.000002,万科A,0.0095238095238094,0.0094787439545437,15.04689242,15.7940058205,16.897793346,0.2033693512921834,-0.07048101833707891,2023-03,0
2023-03-20,14.95177932,sz.000002,万科A,-0.0113207547169811,-0.0113853222251253,15.024065275999998,15.7065017685,16.839774355,0.1685199391411218,-0.1093032358978282,2023-03,0
2023-03-21,14.97080194,sz.000002,万科A,0.0012722646310432,0.0012714559881966,15.022163014,15.616619888999995,16.78254797316667,0.1667672946599548,-0.11201730384081661,2023-03,0
2023-03-22,15.1229829,sz.000002,万科A,0.0101651842439645,0.0101138662369287,15.029772062,15.5438583675,16.738003338000002,0.174252127262201,-0.0905078201073457,2023-03,0
2023-03-23,15.08493766,sz.000002,万科A,-0.0025157232704402,-0.0025188930194839,15.050696944,15.467292321999995,16.692983137333336,0.1725835187940881,-0.0953184372389447,2023-03,0
2023-03-24,15.03738111,sz.000002,万科A,-0.0031525851197982,-0.0031575649853212,15.033576586,15.4002375865,16.646694762,0.1689048207925993,-0.0841607762225094,2023-03,0
2023-03-27,14.71399657,sz.000002,万科A,-0.021505376344086,-0.0217399866364058,14.986020036,15.318915886,16.59422403516667,0.1794602780436226,-0.10334327219493461,2023-03,0
2023-03-28,14.59986085,sz.000002,万科A,-0.0077569489334194,-0.0077871905517685,14.911831818,15.2337896615,16.5463504415,0.1793558283301985,-0.1087719324205544,2023-03,0
2023-03-29,14.63790609,sz.000002,万科A,0.0026058631921823,0.0026024738175816,14.814816456,15.146761175,16.4968916295,0.1779589954651466,-0.1108335138024676,2023-03,0
2023-03-30,14.8376436,sz.000002,万科A,0.0136452241715399,0.0135529664047034,14.765357644,15.0930222735,16.44965212316667,0.1685617008164381,-0.0687330050780823,2023-03,0
2023-03-31,14.49523644,sz.000002,万科A,-0.0230769230769231,-0.0233473639969911,14.65692871,15.01835849,16.403363747833332,0.1792167943598732,-0.09659175720461691,2023-03,1
2023-04-03,14.65692871,sz.000002,万科A,0.0111548556430447,0.0110930990735242,14.645515138,14.968899678000003,16.35913615633333,0.1765083014391816,-0.06402107764723551,2023-04,0
2023-04-04,14.40963465,sz.000002,万科A,-0.0168721609344582,-0.0170161173766462,14.607469898,14.922294259,16.310311431666666,0.1735699969572495,-0.061440351043699805,2023-04,0
2023-04-06,14.30501024,sz.000002,万科A,-0.0072607260726071,-0.0072872134336843,14.540890728,14.8723598815,16.246427132833333,0.1741822067107275,-0.0662212259073795,2023-04,0
2023-04-07,15.04689242,sz.000002,万科A,0.0518617021276597,0.0505616438178141,14.582740492,14.858092916500002,16.190785969333334,0.2621067713803844,-0.016224035899048604,2023-04,0
2023-04-10,14.9327567,sz.000002,万科A,-0.0075853350189633,-0.0076142499852454,14.670244544000004,14.851910565,16.134986284,0.2555829794582768,-0.0058192964763246115,2023-04,0
2023-04-11,15.25614124,sz.000002,万科A,0.021656050955414,0.021424890084106,14.79008705,14.861421875,16.091551301666666,0.267220362775426,0.01520504253973369,2023-04,0
2023-04-12,15.26565255,sz.000002,万科A,0.0006234413965087,0.0006232471376564,14.96129063,14.87568884,16.0479577975,0.2661394018098396,0.02151030211806059,2023-04,0
2023-04-13,15.07542635,sz.000002,万科A,-0.0124610591900311,-0.0125393492527352,15.115373852,14.875213274499998,15.998181941833334,0.2693449785575382,0.0020651159439026897,2023-04,0
2023-04-14,15.03738111,sz.000002,万科A,-0.0025236593059937,-0.002526849101909,15.11347159,14.8780666675,15.953954350333332,0.2682688713468031,0.006477143901464991,2023-04,0
2023-04-17,15.15151683,sz.000002,万科A,0.0075901328273244,0.0075614727005764,15.157223616,14.879493363999998,15.908775627833334,0.2674759876645652,0.004543467204979991,2023-04,0
2023-04-18,15.1229829,sz.000002,万科A,-0.0018832391713747,-0.0018850146957713,15.130591948,14.888053543000002,15.8643895145,0.2641490242358433,0.013980982750586393,2023-04,0
2023-04-19,14.72350788,sz.000002,万科A,-0.0264150943396226,-0.0267702410646047,15.022163014,14.87568884,15.812711396833334,0.2810920571764698,-0.01370637622007941,2023-04,0
2023-04-20,14.67595133,sz.000002,万科A,-0.0032299741602066,-0.0032352017865115,14.94226801,14.853337261500002,15.764362237666669,0.2782411178366427,-0.027101534624250512,2023-04,0
2023-04-21,14.5523043,sz.000002,万科A,-0.0084251458198315,-0.0084608379766797,14.845252648,14.826705593499998,15.712842641833332,0.2793565197176729,-0.03301095717364181,2023-04,0
2023-04-24,14.1718519,sz.000002,万科A,-0.0261437908496731,-0.0264916154469762,14.649319662,14.783429133000002,15.654506607166669,0.2926028355435314,-0.056002162903516714,2023-04,0
2023-04-25,14.15282928,sz.000002,万科A,-0.0013422818791946,-0.0013431835464676,14.455288938,14.7553707685,15.603621098666668,0.2841379816198975,-0.03583906843862531,2023-04,0
2023-04-26,14.0767388,sz.000002,万科A,-0.0053763440860216,-0.0053908486348765,14.325935122,14.729214666,15.548296978833331,0.2836002798858916,-0.03345846359122751,2023-04,0
2023-04-27,14.19087452,sz.000002,万科A,0.008108108108108,0.0080754140055453,14.22891976,14.7068630875,15.496460339333334,0.2853683359639853,-0.02795621867530181,2023-04,0
2023-04-28,14.40012334,sz.000002,万科A,0.014745308310992,0.014637653233688,14.198483568,14.6849870745,15.448269702,0.286163081140079,-0.02685613453584971,2023-04,1
2023-05-04,14.21940845,sz.000002,万科A,-0.0125495376486129,-0.0126289481726073,14.207994878,14.671195675000002,15.400396108333332,0.2778783958409233,-0.016328749107539512,2023-05,0
2023-05-05,14.78057574,sz.000002,万科A,0.0394648829431438,0.038706045102806,14.33354417,14.6773780265,15.372813309333331,0.3103300503428683,0.011981278192559584,2023-05,0
2023-05-08,14.81862098,sz.000002,万科A,0.0025740025740026,0.0025706955031008,14.481920606,14.697827343,15.341425986333332,0.3034092959203747,0.03142744170102039,2023-05,0
2023-05-09,14.71399657,sz.000002,万科A,-0.0070603337612322,-0.0070853758576273,14.586545016000002,14.7182766595,15.309246054166668,0.3033327517978034,0.03162783401239529,2023-05,0
2023-05-10,14.5523043,sz.000002,万科A,-0.010989010989011,-0.011049836186585,14.616981208,14.6935472535,15.271676379666667,0.2407409502694096,-0.03122287910427541,2023-05,0
2023-05-11,14.5523043,sz.000002,万科A,0.0,0.0,14.683560378,14.6745246335,15.234106705166669,0.239727015058376,-0.023637544085312108,2023-05,0
2023-05-12,14.32403286,sz.000002,万科A,-0.0156862745098038,-0.0158106060266422,14.592251801999998,14.6279192145,15.192891028500002,0.228947361246202,-0.060979869550529905,2023-05,0
2023-05-15,14.32403286,sz.000002,万科A,0.0,0.0,14.493334178,14.58083823,15.150882742666663,0.2288253882502772,-0.06160331094703861,2023-05,0
2023-05-16,14.18136321,sz.000002,万科A,-0.0099601593625497,-0.0100100935951004,14.386807506,14.536135073,15.112361937166666,0.2276346628388958,-0.059102411119557205,2023-05,0
2023-05-17,14.05771618,sz.000002,万科A,-0.0087189805499665,-0.0087572132565914,14.287889881999998,14.4871518265,15.071938869666669,0.2285393774862502,-0.06529773236353001,2023-05,0
2023-05-18,13.90553522,sz.000002,万科A,-0.0108254397834911,-0.0108844611984232,14.158536066,14.424852746000004,15.032783976833333,0.2262756707966883,-0.08371330497434551,2023-05,0
2023-05-19,13.82944474,sz.000002,万科A,-0.0054719562243502,-0.0054869822162591,14.059618441999998,14.360175838,14.984910383166666,0.2261498899886398,-0.087302022027321,2023-05,0
2023-05-22,13.95309177,sz.000002,万科A,0.0089408528198073,0.008901120049517,13.985430223999998,14.3216550325,14.9379879205,0.2149754434817825,-0.0519460748678911,2023-05,0
2023-05-23,13.81042212,sz.000002,万科A,-0.0102249488752556,-0.0102775827582402,13.911242006,14.278378572,14.891858067,0.2166756740581829,-0.0589410495829401,2023-05,0
2023-05-24,13.42045841,sz.000002,万科A,-0.028236914600551,-0.0286432435319274,13.783790452,14.2217862775,14.838594731,0.2340359924021295,-0.0787528183636596,2023-05,0
2023-05-25,13.49654889,sz.000002,万科A,0.0056697377746279,0.0056537253072287,13.701993186,14.188021127,14.7905626155,0.2208747128019846,-0.046939289739358604,2023-05,0
2023-05-26,13.51557151,sz.000002,万科A,0.0014094432699083,0.0014084509370579,13.639218539999998,14.156158238500002,14.743481631,0.2212563688894887,-0.044187564590255704,2023-05,0
2023-05-29,13.34436793,sz.000002,万科A,-0.012667135819845,-0.0127480479946395,13.517473772,14.119539695,14.694181340833332,0.224135285616095,-0.05147835632407911,2023-05,0
2023-05-30,13.65824116,sz.000002,万科A,0.0235210263720597,0.0232486695057084,13.48703758,14.092908026999998,14.6488440965,0.2399941289783316,-0.0360654380601274,2023-05,0
2023-05-31,13.54410544,sz.000002,万科A,-0.0083565459610027,-0.0083916576362484,13.511766986,14.050107132,14.60937216,0.2327673951572723,-0.059167292332122104,2023-05,0
2023-06-01,13.315834,sz.000002,万科A,-0.0168539325842695,-0.016997576368571,13.475624008,14.0049284095,14.564827524833332,0.235603965084885,-0.0634716872677787,2023-06,0
2023-06-02,13.81042212,sz.000002,万科A,0.0371428571428571,0.0364696797813914,13.53459413,13.956420728499998,14.534232811,0.2301105335856757,-0.06579371306806539,2023-06,0
2023-06-05,13.65824116,sz.000002,万科A,-0.0110192837465565,-0.011080445776572,13.597368776,13.8984017375,14.5061744465,0.2305747726051444,-0.0793869993886245,2023-06,0
2023-06-06,13.75335426,sz.000002,万科A,0.0069637883008357,0.0069396531105406,13.616391396,13.850369622,14.480335387666669,0.2334372972785344,-0.06536287732655659,2023-06,0
2023-06-07,13.90553522,sz.000002,万科A,0.0110650069156292,0.0110042375910137,13.688677352000004,13.818031168,14.456557112666667,0.2368640060143995,-0.04330885942191639,2023-06,0
2023-06-08,14.16234059,sz.000002,万科A,0.0184678522571819,0.0182993923742851,13.85797867,13.7985329825,14.441656060333337,0.2479168189716027,-0.024841007164734488,2023-06,0
2023-06-09,13.95309177,sz.000002,万科A,-0.0147750167897917,-0.0148852545410272,13.8865126,13.779985928,14.423109005833332,0.2472328088793847,-0.02392974944472239,2023-06,0
2023-06-12,13.85797867,sz.000002,万科A,-0.0068166325835038,-0.0068399719477769,13.926460101999998,13.7566832185,14.4044034295,0.2479782054720823,-0.03074638202822619,2023-06,0
2023-06-13,13.90553522,sz.000002,万科A,0.0034317089910775,0.003425834114519,13.956896294,13.742891819000002,14.384746722166666,0.2464970535736344,-0.017354513674598993,2023-06,0
2023-06-14,13.6962864,sz.000002,万科A,-0.015047879616963,-0.0151622477396775,13.91504653,13.72482033,14.363346274666668,0.2501670987059844,-0.02368341274159549,2023-06,0
2023-06-15,14.00064832,sz.000002,万科A,0.0222222222222221,0.0219789067187751,13.882708076,13.729575985,14.344640698333334,0.260562448638764,0.00936424926411771,2023-06,0
2023-06-16,13.82944474,sz.000002,万科A,-0.0122282608695651,-0.0123036411953568,13.85797867,13.729575985,14.325935122,0.2636902469282304,0.00260794461890281,2023-06,0
2023-06-19,13.49654889,sz.000002,万科A,-0.0240715268225584,-0.0243659809334219,13.785692713999998,13.706748840999998,14.301364237833331,0.274861702199796,-0.03040443502346289,2023-06,0
2023-06-20,13.32534531,sz.000002,万科A,-0.0126849894291755,-0.0127661308230356,13.669654732,13.682495000499998,14.271403611333334,0.2760312338342332,-0.03286447557738279,2023-06,0
2023-06-21,13.25876614,sz.000002,万科A,-0.004996431120628,-0.0050089550165377,13.582150679999998,13.674410387,14.240967419333334,0.2580778164249015,-0.00962399209745979,2023-06,0
2023-06-26,13.07805125,sz.000002,万科A,-0.0136298421807747,-0.0137235812197975,13.397631266,13.653485505,14.208311921666668,0.261052440371095,-0.02892357205286239,2023-06,0
2023-06-27,13.62970723,sz.000002,万科A,0.0421818181818181,0.0413164177275001,13.357683764,13.659192291,14.190240432666664,0.3036164011662794,0.011848802859047408,2023-06,0
2023-06-28,13.52508282,sz.000002,万科A,-0.0076762037683182,-0.0077058174649856,13.36339055,13.6682280355,14.1723274655,0.3012330136028572,0.01683973491057421,2023-06,0
2023-06-29,13.32534531,sz.000002,万科A,-0.0147679324894515,-0.0148780640261792,13.36339055,13.651583243,14.1504514525,0.2935629071511459,-0.021449223950936992,2023-06,0
2023-06-30,13.33485662,sz.000002,万科A,0.0007137758743755,0.0007135212575285,13.378608645999998,13.641120802,14.125405002833332,0.292340939284882,-0.01237890211555879,2023-06,1
2023-07-03,13.45850365,sz.000002,万科A,0.0092724679029958,0.0092297424828027,13.454699126,13.648254284500002,14.108126123,0.2877714270803604,0.013747498371706508,2023-07,0
2023-07-04,13.33485662,sz.000002,万科A,-0.0091872791519435,-0.0092297424828026,13.395729004,13.6244760095,14.086091588166664,0.2550596925785064,-0.03258263792309409,2023-07,0
2023-07-05,13.28730007,sz.000002,万科A,-0.0035663338088445,-0.0035727083375735,13.348172454000002,13.605928955,14.067386011833332,0.2527823287486098,-0.025129687985382093,2023-07,0
2023-07-06,13.28730007,sz.000002,万科A,0.0,0.0,13.340563406,13.5826262455,14.050424175666668,0.2509809868276134,-0.032093476286217795,2023-07,0
2023-07-07,13.19218697,sz.000002,万科A,-0.0071581961345741,-0.0071839389421302,13.312029476,13.546958833,14.019512418166666,0.247085562454026,-0.050316679336421095,2023-07,0
2023-07-10,13.23023221,sz.000002,万科A,0.0028839221341023,0.0028797716086113,13.266375188,13.500353414,13.99113701,0.2354505714788607,-0.0659006094595007,2023-07,0
2023-07-11,13.18267566,sz.000002,万科A,-0.0035945363048167,-0.0036010121735944,13.235938995999998,13.4618326085,13.956579250333334,0.2315325286553156,-0.054720128974525696,2023-07,0
2023-07-12,13.01147208,sz.000002,万科A,-0.0129870129870128,-0.0130720815673526,13.180773398,13.419507279,13.919009575833334,0.2339977470647637,-0.060890509378034696,2023-07,0
2023-07-13,13.1256078,sz.000002,万科A,0.0087719298245612,0.0087336799687544,13.148434943999998,13.380510908,13.8865126,0.2367101008956861,-0.055550288544551005,2023-07,0
2023-07-14,13.10658518,sz.000002,万科A,-0.0014492753623187,-0.0014503265776464,13.131314585999998,13.351025847,13.854332667833337,0.2322402047988747,-0.04195168428990669,2023-07,0
2023-07-17,13.04000601,sz.000002,万科A,-0.0050798258345426,-0.0050927720112893,13.093269346,13.3029937315,13.819140820833333,0.2138097722265254,-0.06925373234667138,2023-07,0
2023-07-18,13.0304947,sz.000002,万科A,-0.00072939460248,-0.0007296607401438,13.062833154,13.2630462295,13.784266017499998,0.211440162411885,-0.0577548660795863,2023-07,0
2023-07-19,13.2207209,sz.000002,万科A,0.0145985401459853,0.0144930073025668,13.104682918,13.249254830000002,13.759219567833332,0.2044966324477294,-0.019084799111042598,2023-07,0
2023-07-20,13.20169828,sz.000002,万科A,-0.0014388489208632,-0.0014398850579875,13.119901013999998,13.2430724785,13.734648683666666,0.1997822929339967,-0.007838658602730296,2023-07,0
2023-07-21,13.29681138,sz.000002,万科A,0.0072046109510086,0.0071787817270057,13.157946254,13.244974740499998,13.713723801666667,0.2007446864250365,0.004362383468906303,2023-07,0
2023-07-24,13.1256078,sz.000002,万科A,-0.0128755364806867,-0.0129591446425052,13.175066612,13.247352568,13.6962864,0.2000712749402611,0.005116689168994304,2023-07,0
2023-07-25,14.19087452,sz.000002,万科A,0.0811594202898551,0.0780340026124558,13.407142575999998,13.2754109325,13.696920487333331,0.3201870274892569,0.0440942912770313,2023-07,0
2023-07-26,14.14331797,sz.000002,万科A,-0.0033512064343163,-0.003356834303551,13.59166199,13.306322689999998,13.698030140166669,0.3187817788060389,0.0484192886110332,2023-07,0
2023-07-27,14.01015963,sz.000002,万科A,-0.0094149293880295,-0.0094595299975247,13.75335426,13.340563406,13.695018225333335,0.3155029727680625,0.053772291712455206,2023-07,0
2023-07-28,14.48572513,sz.000002,万科A,0.0339443312966734,0.0333809364325314,13.99113701,13.398106831499998,13.696444921833336,0.3342381431591292,0.0870028471347531,2023-07,0
2023-07-31,14.50474775,sz.000002,万科A,0.0013131976362441,0.00131233614635,14.266965,13.4504190365,13.701200576833337,0.3338773651570944,0.0790435768680014,2023-07,1
2023-08-01,14.35256679,sz.000002,万科A,-0.0104918032786885,-0.0105472302736631,14.299303454,13.501304545,13.694067094333333,0.3345896264288038,0.0777390527412564,2023-08,0
2023-08-02,14.32403286,sz.000002,万科A,-0.0019880715705764,-0.0019900504080099,14.335446432,13.5531411845,13.685823959,0.3341699689792548,0.0793173149795245,2023-08,0
2023-08-03,14.59986085,sz.000002,万科A,0.0192563081009295,0.0190732516614586,14.453386676,13.6187692235,13.683921697,0.3381064275171993,0.098573623080454,2023-08,0
2023-08-04,14.49523644,sz.000002,万科A,-0.0071661237785016,-0.0071919237747059,14.455288938,13.683921697,13.682970566,0.3381101874893534,0.0985656954365265,2023-08,0
2023-08-07,14.01015963,sz.000002,万科A,-0.0334645669291338,-0.0340373197839612,14.356371314,13.722918068000002,13.6739348215,0.3646051774748435,0.06221720637329041,2023-08,0
2023-08-08,13.86748998,sz.000002,万科A,-0.010183299389002,-0.0102355038940268,14.259355952000002,13.757158784,13.6663257735,0.3669548526662759,0.0556284432891051,2023-08,0
2023-08-09,13.9816257,sz.000002,万科A,0.008230452674897,0.0081967672041784,14.19087452,13.805666465000002,13.6606189875,0.3625649363747111,0.0768459089510149,2023-08,0
2023-08-10,14.02918225,sz.000002,万科A,0.0034013605442175,0.0033955890011381,14.0767388,13.8508451875,13.658082638166666,0.3620973244482964,0.07147533967067121,2023-08,0
2023-08-11,13.8865126,sz.000002,万科A,-0.0101694915254237,-0.0102215540715381,13.954994031999998,13.8898415585,13.655229245166668,0.365013026887042,0.06275512350756621,2023-08,0
2023-08-14,13.6962864,sz.000002,万科A,-0.0136986301369862,-0.0137933221323357,13.892219386,13.922655578,13.651741764833334,0.368848520713346,0.05413631920512261,2023-08,0
2023-08-15,13.59166199,sz.000002,万科A,-0.0076388888888888,-0.0076682146401788,13.837053788,13.950713942499998,13.647778719000002,0.3705139264371694,0.04722682491871381,2023-08,0
2023-08-16,13.82944474,sz.000002,万科A,0.0174947515745276,0.0173434801635972,13.806617596,13.981150134500002,13.645717935166669,0.3719225615945421,0.0501230363472561,2023-08,0
2023-08-17,13.81993343,sz.000002,万科A,-0.0006877579092158,-0.0006879945231816,13.764767832,14.012061892,13.645876457000002,0.3718264393991695,0.0508741273589035,2023-08,0
2023-08-18,13.61068461,sz.000002,万科A,-0.0151410874053682,-0.015256884013832,13.709602233999998,14.0277555535,13.649046893666668,0.3765417841736045,0.028528429002526702,2023-08,0
2023-08-21,13.29681138,sz.000002,万科A,-0.0230607966457023,-0.0233308567626954,13.62970723,14.0363157325,13.645717935166669,0.3833469700433675,0.018343168837511102,2023-08,0
2023-08-22,13.33485662,sz.000002,万科A,0.0028612303290416,0.0028571448007799,13.578346156,13.993514837499998,13.642706020333334,0.2398757432457757,-0.059955021123302386,2023-08,0
2023-08-23,13.14463042,sz.000002,万科A,-0.0142653352353779,-0.0143680632669201,13.441383292,13.943580459999998,13.639377061833333,0.2431945539145363,-0.07086914992436398,2023-08,0
2023-08-24,13.04000601,sz.000002,万科A,-0.0079594790159188,-0.0079913247653007,13.285397808,13.895072779,13.629073142666666,0.2427830262740051,-0.06941369955225328,2023-08,0
2023-08-25,13.44,sz.000002,万科A,0.0306743715986983,0.0302133177070322,13.251260886,13.8427865225,13.627338052,0.236289964173118,-0.07268365925022838,2023-08,0
2023-08-28,14.05,sz.000002,万科A,0.0453869047619048,0.0443870606847514,13.40189861,13.820049135,13.639574152,0.2934150463398813,-0.028609952124567684,2023-08,0
2023-08-29,14.2,sz.000002,万科A,0.0106761565836297,0.0106195688274601,13.574927286,13.8124207955,13.646067116666668,0.2943641175723265,-0.0074419922622494805,2023-08,0
2023-08-30,14.2,sz.000002,万科A,0.0,0.0,13.786001202,13.8062191525,13.655096430666667,0.2943039484456037,-0.005453920691673083,2023-08,0
2023-08-31,13.64,sz.000002,万科A,-0.0394366197183098,-0.0402353121918989,13.906,13.75822611,13.653207192999998,0.3156187594436119,-0.06414684851091237,2023-08,0
2023-09-01,14.05,sz.000002,万科A,0.0300586510263929,0.0296157433644387,14.028,13.735964288000002,13.655614939333333,0.3364012101558404,-0.02692207370601788,2023-09,0
2023-09-04,14.04,sz.000002,万科A,-0.0007117437722421,-0.0007119971820898,14.026,13.7374563065,13.6535759295,0.3142888705132444,0.005830749450873818,2023-09,0
2023-09-05,13.88,sz.000002,万科A,-0.0113960113960113,-0.0114614435190065,13.962,13.7380818075,13.652357733333332,0.3148539142453219,0.004618037443864518,2023-09,0
2023-09-06,14.17,sz.000002,万科A,0.0208933717579249,0.0206780986239304,13.956,13.7475005225,13.657558088833332,0.3222428356093101,0.01728095652689242,2023-09,0
2023-09-07,14.0,sz.000002,万科A,-0.0119971771347917,-0.0120697240873303,14.028,13.74604141,13.659132501833335,0.3252563396057711,0.0018824188478832188,2023-09,0
2023-09-08,13.91,sz.000002,万科A,-0.0064285714285714,-0.006449323679907,14.0,13.74721578,13.662694395166666,0.3239591481232525,0.005623338944735519,2023-09,0
2023-09-11,13.7,sz.000002,万科A,-0.01509705248023,-0.0152121731012723,13.932,13.74740146,13.657683589833333,0.3247964754964818,0.0042249166014917214,2023-09,0
2023-09-12,13.65,sz.000002,万科A,-0.0036496350364962,-0.0036563112031104,13.886,13.7503183605,13.654692844166668,0.3238248999904233,0.008214170453884319,2023-09,0
2023-09-13,13.62,sz.000002,万科A,-0.0021978021978023,-0.0022002209096025,13.776,13.739846123499998,13.656750362666669,0.3175288916010854,-0.01147838331844558,2023-09,0
2023-09-14,13.51,sz.000002,万科A,-0.0080763582966225,-0.0081091487492587,13.678,13.724349451999998,13.659827940833337,0.3186451951019085,-0.01886698370585228,2023-09,0
2023-09-15,13.42,sz.000002,万科A,-0.006661732050333,-0.0066840204285717,13.580000000000002,13.7148152215,13.662515171833332,0.3150353192273047,-0.01038762835081708,2023-09,0
2023-09-18,13.31,sz.000002,万科A,-0.0081967213114754,-0.0082304991365154,13.502,13.7154746525,13.666380984333331,0.3051938237216415,0.004476446983409819,2023-09,0
2023-09-19,13.3,sz.000002,万科A,-0.0007513148009015,-0.0007515971793121,13.432,13.7137318215,13.660885863833334,0.305049126974244,0.000863901853466719,2023-09,0
2023-09-20,13.29,sz.000002,万科A,-0.0007518796992482,-0.0007521625025542,13.366,13.721000300499998,13.656967816833331,0.3003778164582353,0.01437735738959642,2023-09,0
2023-09-21,13.26,sz.000002,万科A,-0.002257336343115,-0.0022598879674374,13.316,13.732,13.655878728333333,0.2988709673913515,0.020079500062400217,2023-09,0
2023-09-22,13.39,sz.000002,万科A,0.0098039215686274,0.0097561749453646,13.31,13.729500000000002,13.656797784666669,0.2799751740704963,-0.0007909499676706806,2023-09,0
2023-09-25,13.14,sz.000002,万科A,-0.0186706497386108,-0.0188471466466166,13.276,13.684,13.6514893905,0.2299987826544378,-0.06484850446818628,2023-09,0
2023-09-26,13.07,sz.000002,万科A,-0.0053272450532724,-0.0053414854203338,13.23,13.6275,13.6470751135,0.2240933213032244,-0.08085190610508838,2023-09,0
2023-09-27,13.05,sz.000002,万科A,-0.0015302218821728,-0.0015313938674281,13.182,13.570000000000002,13.643120112333332,0.2237928215120956,-0.08238212798726119,2023-09,0
2023-09-28,13.08,sz.000002,万科A,0.0022988505747125,0.0022962122603501,13.146,13.541999999999998,13.639665111166666,0.1814688014091208,-0.04064665769423888,2023-09,1
2023-10-09,12.89,sz.000002,万科A,-0.014525993883792,-0.0146325290779566,13.046,13.483999999999998,13.634628661666666,0.1415067472004831,-0.08523130260442377,2023-10,0
2023-10-10,12.82,sz.000002,万科A,-0.0054305663304887,-0.005445365458572,12.982,13.423000000000002,13.627791458166666,0.1409268803412386,-0.08995012516267038,2023-10,0
2023-10-11,12.77,sz.000002,万科A,-0.0039001560062402,-0.003907781448076,12.922,13.367499999999998,13.6209135305,0.1385520533041938,-0.08245426977289928,2023-10,0
2023-10-12,12.84,sz.000002,万科A,0.0054815974941269,0.0054666282173672,12.88,13.300999999999998,13.618055662500002,0.1093729531062833,-0.09786604403669727,2023-10,0
2023-10-13,12.59,sz.000002,万科A,-0.0194704049844236,-0.0196624502055592,12.782,13.2305,13.609128865833332,0.118635552239599,-0.10533927188632919,2023-10,0
2023-10-16,12.21,sz.000002,万科A,-0.0301826846703732,-0.0306475599336423,12.646,13.145500000000002,13.5941857795,0.1480404789954913,-0.12909338512813098,2023-10,0
2023-10-17,11.98,sz.000002,万科A,-0.0188370188370188,-0.01901669543531,12.478,13.0595,13.576519012666669,0.1514912984018051,-0.1328333514849198,2023-10,0
2023-10-18,11.71,sz.000002,万科A,-0.0225375626043404,-0.0227954150776772,12.266000000000002,12.9625,13.554510767666669,0.1610764476600534,-0.15172127905276397,2023-10,0
2023-10-19,11.46,sz.000002,万科A,-0.0213492741246797,-0.0215804663230325,11.99,12.854500000000002,13.525165419333332,0.1668223663739333,-0.17087275097964136,2023-10,0
2023-10-20,11.66,sz.000002,万科A,0.0174520069808026,0.0173014696357526,11.804,12.762,13.499470448000002,0.1906764765372201,-0.14534438570221628,2023-10,0
2023-10-23,11.62,sz.000002,万科A,-0.0034305317324185,-0.0034364294985812,11.686000000000002,12.672,13.471523591666667,0.1911569208500604,-0.14211318538430176,2023-10,0
2023-10-24,11.66,sz.000002,万科A,0.0034423407917385,0.0034364294985813,11.622,12.5895,13.447096795,0.1947074887772911,-0.13047412328108787,2023-10,0
2023-10-25,11.7,sz.000002,万科A,0.0034305317324183,0.0034246608813639,11.62,12.5095,13.405582219666666,0.1969052525236262,-0.12629227674776808,2023-10,0
2023-10-26,11.57,sz.000002,万科A,-0.011111111111111,-0.0111733005981251,11.642,12.4235,13.362693586833334,0.196456699012005,-0.13665150815963087,2023-10,0
2023-10-27,11.63,sz.000002,万科A,0.0051858254105445,0.0051724253249879,11.636,12.342,13.323024259666663,0.2004909387105003,-0.12920834640597137,2023-10,0
2023-10-30,11.6,sz.000002,万科A,-0.002579535683577,-0.0025828684182541,11.632,12.2525,13.274928840833333,0.1917972749884201,-0.14159180365817578,2023-10,0
2023-10-31,11.33,sz.000002,万科A,-0.0232758620689654,-0.0235510230724039,11.566,12.162,13.222016378333333,0.1961361036680515,-0.14619701598853038,2023-10,1
2023-11-01,11.34,sz.000002,万科A,0.0008826125330978,0.0008822232596909,11.494,12.075500000000002,13.171806931833334,0.1981964695956336,-0.13998715840216017,2023-11,0
2023-11-02,11.22,sz.000002,万科A,-0.0105820105820104,-0.0106383982050556,11.424,11.984,13.120073050833334,0.1974867652924561,-0.14903894710199778,2023-11,0
2023-11-03,11.27,sz.000002,万科A,0.0044563279857396,0.0044464279571346,11.352,11.8935,13.06457537,0.1990419786153575,-0.14688146969097066,2023-11,0
2023-11-06,11.97,sz.000002,万科A,0.0621118012422361,0.0602591915181969,11.426,11.8475,13.022488096,0.3146771077379506,-0.07024367456494257,2023-11,0
2023-11-07,11.93,sz.000002,万科A,-0.0033416875522139,-0.0033472834600571,11.546,11.803,12.987818768833334,0.3145955547723073,-0.06815479578666778,2023-11,0
2023-11-08,12.13,sz.000002,万科A,0.0167644593461862,0.0166254868461341,11.704,11.771,12.9588606025,0.3226158301321621,-0.04749018043424137,2023-11,0
2023-11-09,11.96,sz.000002,万科A,-0.0140148392415498,-0.0141139744334731,11.852,11.727,12.925166840833333,0.3237397737689354,-0.06698661716991808,2023-11,0
2023-11-10,11.89,sz.000002,万科A,-0.0058528428093646,-0.0058700378197952,11.976000000000004,11.692,12.889513803333331,0.318309040072468,-0.05336905499485907,2023-11,0
2023-11-13,11.72,sz.000002,万科A,-0.0142977291841883,-0.0144009265538238,11.926,11.6675,12.85340526,0.3048054656839387,-0.03748409950867417,2023-11,0
2023-11-14,11.78,sz.000002,万科A,0.0051194539249146,0.005106394074574,11.896,11.6575,12.821467153333334,0.2989284079759733,-0.013527626746740774,2023-11,0
2023-11-15,11.89,sz.000002,万科A,0.0093378607809848,0.0092945324792499,11.848000000000004,11.6665,12.793106120166666,0.2892678352001241,0.018347796638584428,2023-11,0
2023-11-16,11.8,sz.000002,万科A,-0.0075693860386879,-0.0075981792310713,11.816,11.6835,12.759282041166667,0.2791582155131121,0.03212768472457623,2023-11,0
2023-11-17,11.62,sz.000002,万科A,-0.0152542372881356,-0.015371780047854,11.762,11.681500000000002,12.722616484,0.2786758416402707,-0.000578559544361975,2023-11,0
2023-11-20,11.57,sz.000002,万科A,-0.0043029259896728,-0.0043122102181798,11.732,11.679,12.688605073833331,0.2788342376931047,-0.0014509538016162751,2023-11,0
2023-11-21,11.92,sz.000002,万科A,0.0302506482281763,0.0298021204316185,11.76,11.692,12.6656582175,0.2988369032962206,0.025357353634821524,2023-11,0
2023-11-22,11.84,sz.000002,万科A,-0.0067114093959731,-0.006734032181344,11.75,11.699,12.640743940499998,0.300029498361777,0.015215412506430125,2023-11,0
2023-11-23,12.17,sz.000002,万科A,0.0278716216216217,0.0274902775435762,11.824,11.729,12.624500100166667,0.3112699745564546,0.05419814523916283,2023-11,0
2023-11-24,12.12,sz.000002,万科A,-0.0041084634346755,-0.0041169263582675,11.924,11.7535,12.609166666666669,0.3120368762188978,0.04490385639394283,2023-11,0
2023-11-27,11.8,sz.000002,万科A,-0.0264026402640262,-0.0267574491695491,11.97,11.7635,12.581833333333332,0.3279740158871184,0.02108075181349362,2023-11,0
2023-11-28,11.75,sz.000002,万科A,-0.0042372881355933,-0.0042462908814512,11.936,11.7845,12.5435,0.3159855671872421,0.040119325746865726,2023-11,0
2023-11-29,11.46,sz.000002,万科A,-0.0246808510638296,-0.0249905293035743,11.86,11.7905,12.497833333333334,0.3299130375887351,0.014555862149938325,2023-11,0
2023-11-30,11.44,sz.000002,万科A,-0.0017452006980803,-0.0017467253349417,11.714,11.8015,12.451833333333331,0.3273765841232215,0.02339267203386842,2023-11,0
2023-12-01,11.4,sz.000002,万科A,-0.0034965034965034,-0.003502630551202,11.570000000000002,11.808000000000002,12.4145,0.3275347124844831,0.015439840551625426,2023-12,0
2023-12-04,11.18,sz.000002,万科A,-0.0192982456140351,-0.0194868876734967,11.446000000000002,11.7685,12.366666666666667,0.2415012377859283,-0.06597020630464578,2023-12,0
2023-12-05,10.79,sz.000002,万科A,-0.0348837209302326,-0.0355066884569098,11.254,11.7115,12.3125,0.2662606098201373,-0.09751223968266448,2023-12,0
2023-12-06,10.85,sz.000002,万科A,0.0055607043558851,0.0055453007164253,11.132,11.6475,12.262,0.2569922363585651,-0.10871599467296558,2023-12,0
2023-12-07,10.9,sz.000002,万科A,0.0046082949308756,0.0045977092486295,11.024,11.5945,12.2075,0.2572486798856939,-0.09009286050054018,2023-12,0
2023-12-08,10.78,sz.000002,万科A,-0.0110091743119267,-0.011070223754247,10.9,11.539,12.153833333333331,0.2582562559254859,-0.09524919200310228,2023-12,0
2023-12-11,10.63,sz.000002,万科A,-0.0139146567717994,-0.0140123731269943,10.79,11.4845,12.099166666666664,0.2580721799520807,-0.09486611959071337,2023-12,0
2023-12-12,11.01,sz.000002,万科A,0.0357478833490121,0.0351237583807319,10.834,11.446,12.054333333333336,0.2939972970154488,-0.06423769016661587,2023-12,0
2023-12-13,10.64,sz.000002,万科A,-0.0336058128973659,-0.0341834668210902,10.792,11.383500000000002,12.004166666666666,0.3088283189562106,-0.10718136384496658,2023-12,0
2023-12-14,10.5,sz.000002,万科A,-0.0131578947368421,-0.0132452267500206,10.712,11.3185,11.952166666666669,0.3099937253345723,-0.11276987254312079,2023-12,0
2023-12-15,10.64,sz.000002,万科A,0.0133333333333334,0.0132452267500207,10.684,11.2695,11.904333333333334,0.3148040830793226,-0.08418230192165178,2023-12,0
2023-12-18,10.54,sz.000002,万科A,-0.0093984962406016,-0.0094429408002821,10.666,11.218,11.856333333333334,0.3153433807276514,-0.08927787217258058,2023-12,0
2023-12-19,10.38,sz.000002,万科A,-0.0151802656546488,-0.0152966653754735,10.54,11.141,11.8075,0.2891581517514333,-0.13470878605540568,2023-12,0
2023-12-20,10.26,sz.000002,万科A,-0.0115606936416186,-0.0116280379951192,10.464,11.062,11.756833333333333,0.2896647056456073,-0.1395580703010512,2023-12,0
2023-12-21,10.42,sz.000002,万科A,0.0155945419103313,0.0154741965825973,10.448,10.9745,11.709,0.2728653572281624,-0.15183515001234157,2023-12,0
2023-12-22,10.38,sz.000002,万科A,-0.00383877159309,-0.0038461585874781,10.396,10.8875,11.661,0.272912694583791,-0.15156545817075606,2023-12,0
2023-12-25,10.3,sz.000002,万科A,-0.0077071290944122,-0.0077369825021524,10.348,10.8125,11.6095,0.263723113220546,-0.13286994700114207,2023-12,0
2023-12-26,10.17,sz.000002,万科A,-0.012621359223301,-0.0127016851751216,10.306,10.7335,11.56,0.2643868953825746,-0.1412540180888498,2023-12,0
2023-12-27,10.17,sz.000002,万科A,0.0,0.0,10.288,10.669,11.511666666666668,0.2569847995002111,-0.11657316702502017,2023-12,0
2023-12-28,10.52,sz.000002,万科A,0.0344149459193705,0.033835997249095,10.308,10.623,11.469500000000002,0.293995288078441,-0.08041302040756938,2023-12,0
2023-12-29,10.46,sz.000002,万科A,-0.0057034220532318,-0.0057197486727868,10.324,10.576,11.425833333333337,0.2940474676657606,-0.08261993896429777,2023-12,1
2024-01-02,10.15,sz.000002,万科A,-0.0296367112810708,-0.0300847531489805,10.294,10.5245,11.380166666666668,0.303265787086646,-0.09295840463133348,2024-01,0
2024-01-03,10.13,sz.000002,万科A,-0.0019704433497536,-0.0019723872272042,10.286,10.491499999999998,11.335333333333333,0.2814633264368063,-0.06004512705085448,2024-01,0
2024-01-04,9.93,sz.000002,万科A,-0.0197433366238894,-0.0199408402035108,10.238,10.4455,11.288,0.2855550011506004,-0.08534916803062897,2024-01,0
2024-01-05,9.99,sz.000002,万科A,0.0060422960725075,0.0060241146033808,10.132,10.4,11.2405,0.2861908306061677,-0.08391516688899707,2024-01,0
2024-01-08,9.82,sz.000002,万科A,-0.0170170170170169,-0.0171634702940875,10.004,10.352,11.194333333333336,0.2888698746950426,-0.08992300959408728,2024-01,0
2024-01-09,9.88,sz.000002,万科A,0.0061099796334012,0.0060913893934019,9.95,10.3145,11.1555,0.2889555473457099,-0.06989837318888667,2024-01,0
2024-01-10,9.74,sz.000002,万科A,-0.01417004048583,-0.0142713941053327,9.872,10.251,11.118166666666667,0.2508566680449779,-0.11981629702372878,2024-01,0
2024-01-11,9.76,sz.000002,万科A,0.002053388090349,0.0020512827705573,9.838,10.207,11.085666666666668,0.2298471932595054,-0.08415709603601387,2024-01,0
2024-01-12,9.7,sz.000002,万科A,-0.0061475409836065,-0.006166514915664,9.78,10.167,11.056333333333331,0.2275623448674573,-0.07714674228277826,2024-01,0
2024-01-15,9.71,sz.000002,万科A,0.0010309278350517,0.0010303967938966,9.758,10.1205,11.023833333333332,0.2192753068226658,-0.08944914778105997,2024-01,0
2024-01-16,9.61,sz.000002,万科A,-0.0102986611740475,-0.0103520593210325,9.704,10.074000000000002,10.990333333333332,0.2195666053181947,-0.09034931271450587,2024-01,0
2024-01-17,9.34,sz.000002,万科A,-0.028095733610822,-0.0284979707414498,9.624,10.022000000000002,10.951666666666666,0.2323023126579861,-0.10326478067067907,2024-01,0
2024-01-18,9.4,sz.000002,万科A,0.006423982869379,0.006403437035207,9.552,9.979,10.913333333333334,0.2344947779351084,-0.08528010415968147,2024-01,0
2024-01-19,9.41,sz.000002,万科A,0.001063829787234,0.00106326432133,9.494,9.9285,10.877333333333333,0.2235928940930247,-0.09981081628277878,2024-01,0
2024-01-22,9.05,sz.000002,万科A,-0.0382571732199786,-0.0390081958854534,9.362,9.862,10.834333333333335,0.2527222128575084,-0.13422921790966735,2024-01,0
2024-01-23,9.18,sz.000002,万科A,0.0143646408839777,0.0142624469205641,9.276,9.806,10.794,0.2634840118557738,-0.11215744793127747,2024-01,0
2024-01-24,9.41,sz.000002,万科A,0.0250544662309368,0.0247457489648892,9.29,9.768,10.762,0.2833722541645362,-0.07448162247703968,2024-01,0
2024-01-25,9.96,sz.000002,万科A,0.0584484590860787,0.0568041179992187,9.402,9.7575,10.739,0.3593301193123727,-0.016033163390960975,2024-01,0
2024-01-26,10.2,sz.000002,万科A,0.0240963855421685,0.0238106486937183,9.56,9.741499999999998,10.722,0.3475923393723672,-0.026351723768162975,2024-01,0
2024-01-29,10.06,sz.000002,万科A,-0.0137254901960782,-0.013820555618632,9.762,9.7215,10.701833333333331,0.3500922412888055,-0.03437379191100937,2024-01,0
2024-01-30,9.79,sz.000002,万科A,-0.0268389662027834,-0.0272057081291743,9.884,9.7035,10.6655,0.3472625778152254,-0.03157604683272197,2024-01,0
2024-01-31,9.6,sz.000002,万科A,-0.0194075587334013,-0.0195983580686284,9.922,9.677,10.626666666666669,0.3529922325557435,-0.04901316221636967,2024-01,0
2024-02-01,9.44,sz.000002,万科A,-0.0166666666666667,-0.0168071183163812,9.818,9.6525,10.581833333333334,0.3511573494174609,-0.04593649225914698,2024-02,0
2024-02-02,9.49,sz.000002,万科A,0.0052966101694915,0.0052826324644272,9.675999999999998,9.6275,10.540666666666668,0.3509323865664366,-0.046682178162162975,2024-02,0
2024-02-05,9.18,sz.000002,万科A,-0.0326659641728135,-0.0332114079894374,9.5,9.5955,10.4955,0.3637776165108825,-0.06233112531795957,2024-02,0
2024-02-06,9.51,sz.000002,万科A,0.0359477124183007,0.0353166719248999,9.444,9.577,10.458666666666666,0.3883998943363783,-0.03249339253306007,2024-02,0
2024-02-07,9.52,sz.000002,万科A,0.0010515247108306,0.001050972245975,9.428,9.566,10.421,0.3856272527497948,-0.01727182733639947,2024-02,0
2024-02-08,10.06,sz.000002,万科A,0.0567226890756302,0.0551723158683192,9.552,9.581,10.3905,0.4365736344380067,0.037397473648881734,2024-02,0
2024-02-19,9.84,sz.000002,万科A,-0.021868787276342,-0.0221114536074311,9.622,9.588,10.357833333333332,0.4439078735379325,0.021676227356146237,2024-02,0
2024-02-20,9.9,sz.000002,万科A,0.0060975609756097,0.0060790460763821,9.766000000000002,9.5975,10.329166666666667,0.444264048071187,0.026742860496704234,2024-02,0
2024-02-21,10.21,sz.000002,万科A,0.0313131313131314,0.03083287503603,9.906,9.6275,10.3065,0.4542513356702753,0.06835465298388313,2024-02,0
2024-02-22,10.15,sz.000002,万科A,-0.0058765915768854,-0.0058939266887779,10.032,9.668,10.277,0.4404440817819886,0.09057379501781972,2024-02,0
2024-02-23,10.2,sz.000002,万科A,0.0049261083743841,0.0049140148024289,10.06,9.708,10.249666666666666,0.4403906822742979,0.08907592052282483,2024-02,0
2024-02-26,9.98,sz.000002,万科A,-0.0215686274509803,-0.0218046299668527,10.088,9.7365,10.213166666666666,0.4499257860301328,0.06644346328461052,2024-02,0
2024-02-27,10.06,sz.000002,万科A,0.0080160320641282,0.0079840743482205,10.12,9.787,10.178833333333332,0.4223453159789657,0.11271666856871733,2024-02,0
2024-02-28,9.93,sz.000002,万科A,-0.0129224652087476,-0.013006686614512,10.064,9.8245,10.147666666666668,0.4259568174290182,0.08542956247599202,2024-02,0
2024-02-29,10.04,sz.000002,万科A,0.011077542799597,0.0110166362065017,10.042,9.856,10.119166666666668,0.4197561817948808,0.07145263904465222,2024-02,1
2024-03-01,9.89,sz.000002,万科A,-0.0149402390438245,-0.0150529686289622,9.98,9.8525,10.092999999999998,0.3704444468174601,-0.0019360590852509733,2024-03,0
2024-03-04,9.43,sz.000002,万科A,-0.0465116279069768,-0.0476280489892547,9.87,9.814,10.059500000000002,0.39336135351451,-0.07254407253439626,2024-03,0
2024-03-05,9.48,sz.000002,万科A,0.0053022269353129,0.0052882196215643,9.754,9.785,10.027500000000002,0.3926806260216687,-0.05351635540300517,2024-03,0
2024-03-06,9.33,sz.000002,万科A,-0.0158227848101266,-0.015949301407678,9.634,9.762,9.996666666666666,0.385572611651879,-0.04250017401034837,2024-03,0
2024-03-07,9.21,sz.000002,万科A,-0.012861736334405,-0.0129451645920368,9.468,9.7425,9.970333333333334,0.3823679361853657,-0.03595435161135207,2024-03,0
2024-03-08,9.18,sz.000002,万科A,-0.0032573289902281,-0.0032626456348164,9.326,9.7295,9.9425,0.3783939201871855,-0.02254501393491347,2024-03,0
2024-03-11,9.46,sz.000002,万科A,0.0305010893246189,0.0300451784313879,9.332,9.728,9.9185,0.3943110258472938,0.00265946522021393,2024-03,0
2024-03-12,10.0,sz.000002,万科A,0.0570824524312896,0.0555127099302587,9.436000000000002,9.769,9.9055,0.4229505057911967,0.09240788182431703,2024-03,0
2024-03-13,9.69,sz.000002,万科A,-0.031,-0.0314906670913708,9.508,9.778,9.889833333333335,0.4239420298101377,0.02546016940601633,2024-03,0
2024-03-14,9.71,sz.000002,万科A,0.0020639834881321,0.0020618564005587,9.608,9.7875,9.868166666666664,0.4239502473300442,0.026472628183317828,2024-03,0
2024-03-15,9.47,sz.000002,万科A,-0.0247167868177137,-0.0250273751052466,9.666,9.758,9.848666666666666,0.3789774596563539,-0.05496684771002608,2024-03,0
2024-03-18,9.44,sz.000002,万科A,-0.003167898627244,-0.0031729270405777,9.662,9.738,9.831,0.3722169142435237,-0.036265959060928075,2024-03,0
2024-03-19,9.33,sz.000002,万科A,-0.0116525423728812,-0.0117209652981567,9.528,9.7095,9.809166666666666,0.3725459405458816,-0.054016062409418975,2024-03,0
2024-03-20,9.36,sz.000002,万科A,0.0032154340836012,0.0032102756302481,9.462,9.667,9.7895,0.3512639780400932,-0.08211375963894918,2024-03,0
2024-03-21,9.4,sz.000002,万科A,0.0042735042735044,0.0042643987864577,9.4,9.6295,9.773166666666668,0.3524311052823455,-0.07196366378855938,2024-03,0
2024-03-22,9.26,sz.000002,万科A,-0.0148936170212766,-0.0150056406178702,9.358,9.5825,9.7565,0.3530943746371782,-0.09178338918422008,2024-03,0
2024-03-25,9.34,sz.000002,万科A,0.0086393088552916,0.0086022035826632,9.338,9.5505,9.738499999999998,0.3500966339127138,-0.06157545287794817,2024-03,0
2024-03-26,9.46,sz.000002,万科A,0.0128479657387581,0.0127661308230357,9.364,9.5205,9.723166666666666,0.3525392055483869,-0.05674351920331827,2024-03,0
2024-03-27,9.21,sz.000002,万科A,-0.0264270613107822,-0.0267825327965713,9.334,9.4845,9.705,0.360824929909168,-0.07024811530535288,2024-03,0
2024-03-28,9.24,sz.000002,万科A,0.003257328990228,0.0032520353863773,9.302,9.4445,9.6895,0.3576851019706343,-0.07806832911472188,2024-03,0
2024-03-29,9.0,sz.000002,万科A,-0.0259740259740259,-0.0263173083173734,9.25,9.400000000000002,9.669999999999998,0.3642841372048647,-0.08910211604492327,2024-03,1
2024-04-01,8.98,sz.000002,万科A,-0.0022222222222221,-0.002224695022111,9.178,9.3775,9.644333333333332,0.3286472529241684,-0.044812710360168574,2024-04,0
2024-04-02,8.5,sz.000002,万科A,-0.0534521158129176,-0.0549337188178375,8.986,9.3285,9.611666666666666,0.3738305892655972,-0.10356705310839907,2024-04,0
2024-04-03,8.19,sz.000002,万科A,-0.0364705882352941,-0.0371522656312927,8.782,9.2715,9.579,0.3885243281349353,-0.12421485653356658,2024-04,0
2024-04-08,8.0,sz.000002,万科A,-0.0231990231990231,-0.023472356185142,8.534,9.211,9.5435,0.392582925102455,-0.13455214339818466,2024-04,0
2024-04-09,7.99,sz.000002,万科A,-0.0012499999999999,-0.0012507819016526,8.332,9.1515,9.511166666666668,0.3928828135593083,-0.13254481440795648,2024-04,0
2024-04-10,7.58,sz.000002,万科A,-0.0513141426783479,-0.052677560123903,8.052,9.0575,9.471,0.3976429610081035,-0.21436004641092327,2024-04,0
2024-04-11,7.44,sz.000002,万科A,-0.0184696569920843,-0.0186423508092797,7.839999999999999,8.9295,9.431333333333331,0.306858379053599,-0.2899121558342972,2024-04,0
2024-04-12,7.1,sz.000002,万科A,-0.0456989247311828,-0.0467760647977308,7.622,8.8,9.385,0.3214336639378229,-0.30461108056548,2024-04,0
2024-04-15,7.14,sz.000002,万科A,0.0056338028169014,0.0056179923042232,7.45,8.6715,9.341666666666669,0.324218848021249,-0.3010412612367107,2024-04,0
2024-04-16,7.07,sz.000002,万科A,-0.0098039215686274,-0.0098522964430115,7.266,8.5515,9.296833333333332,0.3226403820350399,-0.2861283959876244,2024-04,0
2024-04-17,7.1,sz.000002,万科A,0.004243281471004,0.0042343041387881,7.17,8.4345,9.2535,0.3270758550511352,-0.2787172158893764,2024-04,0
2024-04-18,6.88,sz.000002,万科A,-0.0309859154929577,-0.0314761321020174,7.058,8.312000000000001,9.206333333333331,0.3324413483690541,-0.29805058900945286,2024-04,0
2024-04-19,6.7,sz.000002,万科A,-0.0261627906976743,-0.0265111255483318,6.978,8.179,9.157833333333334,0.327525268514761,-0.32742881379072836,2024-04,0
2024-04-22,6.69,sz.000002,万科A,-0.0014925373134327,-0.0014936522567832,6.888,8.0435,9.113666666666663,0.3233172348722022,-0.33319485537766547,2024-04,0
2024-04-23,6.57,sz.000002,万科A,-0.0179372197309417,-0.0181000416436179,6.787999999999999,7.909000000000001,9.0665,0.3232772270395576,-0.3362384580873306,2024-04,0
2024-04-24,6.54,sz.000002,万科A,-0.0045662100456621,-0.0045766670274118,6.675999999999999,7.769000000000001,9.018666666666666,0.3127139554422581,-0.3494439769882843,2024-04,0
2024-04-25,6.55,sz.000002,万科A,0.0015290519877675,0.0015278841780531,6.609999999999999,7.6235,8.977,0.3005007500417767,-0.36076289073927487,2024-04,0
2024-04-26,6.87,sz.000002,万科A,0.048854961832061,0.0476990565870974,6.644,7.5065,8.938500000000001,0.3807327668357646,-0.28548086759643165,2024-04,0
2024-04-29,7.56,sz.000002,万科A,0.1004366812227073,0.0957070839571835,6.818,7.422499999999999,8.907666666666668,0.5560055790263508,-0.1883015153639524,2024-04,0
2024-04-30,7.41,sz.000002,万科A,-0.0198412698412697,-0.020040750883446,6.986,7.342999999999999,8.865166666666665,0.5540056842565347,-0.1821687592311962,2024-04,1
2024-05-06,7.46,sz.000002,万科A,0.0067476383265856,0.0067249749076739,7.17,7.267,8.8195,0.5563942504693726,-0.17319889868238847,2024-05,0
2024-05-07,7.52,sz.000002,万科A,0.0080428954423592,0.0080107237460789,7.364,7.217999999999999,8.777166666666666,0.5330633875192269,-0.11170388742711168,2024-05,0
2024-05-08,7.2,sz.000002,万科A,-0.0425531914893616,-0.0434851119397387,7.43,7.1685,8.734000000000002,0.538150610706929,-0.11778649068117916,2024-05,0
2024-05-09,7.3,sz.000002,万科A,0.0138888888888888,0.0137933221323357,7.378,7.1335,8.695666666666666,0.5384312089360249,-0.08069857859326728,2024-05,0
2024-05-10,7.56,sz.000002,万科A,0.0356164383561643,0.0349968420370961,7.408,7.111999999999999,8.664333333333333,0.5565579272494027,-0.04383214023710308,2024-05,0
2024-05-13,7.42,sz.000002,万科A,-0.0185185185185184,-0.0186921330121525,7.4,7.104000000000001,8.629833333333332,0.5296930121490077,-0.01103651607727358,2024-05,0
2024-05-14,7.46,sz.000002,万科A,0.0053908355795149,0.0053763570363804,7.388,7.105000000000001,8.601166666666668,0.5257446225514895,0.012823976494325621,2024-05,0
2024-05-15,7.73,sz.000002,万科A,0.0361930294906167,0.0355534483836612,7.494,7.1365,8.571499999999999,0.5101396056475578,0.09471593071612512,2024-05,0
2024-05-16,8.18,sz.000002,万科A,0.058214747736093,0.0565832880153249,7.67,7.1885,8.549166666666666,0.5443628018263872,0.14729687563531674,2024-05,0
2024-05-17,9.0,sz.000002,万科A,0.1002444987775061,0.0955324267215637,7.958,7.285000000000001,8.531500000000001,0.6315112104362846,0.25734529598145023,2024-05,0
2024-05-20,9.18,sz.000002,万科A,0.02,0.0198026272961797,8.309999999999999,7.389,8.5205,0.6311339930287287,0.27310201451044624,2024-05,0
2024-05-21,9.19,sz.000002,万科A,0.0010893246187364,0.0010887317351966,8.656,7.504499999999998,8.508666666666667,0.610991809655367,0.30517725462214035,2024-05,0
2024-05-22,9.4,sz.000002,万科A,0.0228509249183896,0.0225937529083626,8.99,7.6395,8.495166666666666,0.591376386530929,0.35419097023820423,2024-05,0
2024-05-23,9.56,sz.000002,万科A,0.0170212765957447,0.0168780377873517,9.266,7.783,8.485333333333333,0.5870388537179593,0.3727047841473816,2024-05,0
2024-05-24,8.99,sz.000002,万科A,-0.0596234309623431,-0.061474878579781,9.264,7.904000000000001,8.465166666666667,0.6379273427734371,0.33101857291598025,2024-05,0
2024-05-27,8.87,sz.000002,万科A,-0.0133481646273638,-0.0134380521620409,9.202,8.0205,8.446666666666667,0.6425280847691583,0.3222366183342785,2024-05,0
2024-05-28,8.52,sz.000002,万科A,-0.0394588500563697,-0.0402584554802637,9.068,8.119,8.421,0.6707202736534202,0.28124871629014137,2024-05,0
2024-05-29,8.58,sz.000002,万科A,0.0070422535211267,0.0070175726586465,8.904,8.2045,8.3985,0.6582587761509975,0.23943600797920706,2024-05,0
2024-05-30,8.27,sz.000002,万科A,-0.0361305361305361,-0.036799404464271,8.646,8.24,8.369000000000002,0.5897687146771082,0.10286879062596363,2024-05,0
2024-05-31,8.25,sz.000002,万科A,-0.0024183796856105,-0.0024213086890102,8.498,8.282,8.341666666666667,0.5831851300637865,0.12029168078162283,2024-05,0
2024-06-03,8.09,sz.000002,万科A,-0.0193939393939394,-0.0195844692761893,8.342,8.3135,8.319333333333333,0.5900908245590202,0.09415010306109783,2024-06,0
2024-06-04,8.36,sz.000002,万科A,0.0333745364647712,0.0328296960262099,8.309999999999999,8.355500000000001,8.300666666666666,0.5987768644826708,0.11948174408350982,2024-06,0
2024-06-05,8.11,sz.000002,万科A,-0.0299043062200956,-0.0303605589692886,8.216,8.401,8.280333333333333,0.5867430315417713,0.13213062935277584,2024-06,0
2024-06-06,8.02,sz.000002,万科A,-0.0110974106041923,-0.0111594462488984,8.166,8.437000000000001,8.2605,0.5893276252438941,0.10714432985969473,2024-06,0
2024-06-07,8.17,sz.000002,万科A,0.0187032418952619,0.0185304869934885,8.15,8.4675,8.243666666666666,0.5808060915057874,0.09023113339879232,2024-06,0
2024-06-11,8.01,sz.000002,万科A,-0.0195838433292533,-0.0197781477916436,8.134,8.497,8.2195,0.5813783845800106,0.08916580858805744,2024-06,0
2024-06-12,7.89,sz.000002,万科A,-0.0149812734082397,-0.015094626222485,8.04,8.5185,8.184333333333333,0.5854281929057522,0.06879369960030284,2024-06,0
2024-06-13,7.71,sz.000002,万科A,-0.0228136882129277,-0.0230779472825447,7.959999999999999,8.5175,8.151333333333334,0.5790770354341994,0.009786981896758432,2024-06,0
2024-06-14,7.94,sz.000002,万科A,0.0298313878080416,0.0293950876838063,7.944,8.5055,8.121833333333333,0.5495627046221077,-0.018596378031292972,2024-06,0
2024-06-17,7.65,sz.000002,万科A,-0.0365239294710327,-0.0372076274205999,7.839999999999999,8.437999999999999,8.0915,0.4131018414134071,-0.15536480627983176,2024-06,0
2024-06-18,7.53,sz.000002,万科A,-0.0156862745098039,-0.0158106060266423,7.744,8.355500000000001,8.059666666666667,0.4005162150517689,-0.19105108078963567,2024-06,0
2024-06-19,7.47,sz.000002,万科A,-0.0079681274900399,-0.0080000426670763,7.659999999999999,8.2695,8.028666666666668,0.3986101900301557,-0.20010853289841196,2024-06,0
2024-06-20,7.21,sz.000002,万科A,-0.0348058902275769,-0.0354260478478682,7.56,8.16,7.992833333333333,0.3879756597497018,-0.25776534804437845,2024-06,0
2024-06-21,7.19,sz.000002,万科A,-0.002773925104022,-0.0027777795639022,7.410000000000001,8.041500000000001,7.956,0.3738410189232258,-0.2775605497441452,2024-06,0
2024-06-24,6.99,sz.000002,万科A,-0.0278164116828929,-0.0282106154872364,7.278,7.9415,7.918166666666666,0.3375024536769778,-0.24575353046469497,2024-06,0
2024-06-25,7.11,sz.000002,万科A,0.017167381974249,0.0170216875694307,7.194,7.8535,7.881,0.3532457789853369,-0.21523798386308218,2024-06,0
2024-06-26,7.19,sz.000002,万科A,0.0112517580872011,0.0111889279178058,7.138,7.787000000000001,7.843166666666666,0.3443576017655371,-0.16452737571951137,2024-06,0
2024-06-27,7.0,sz.000002,万科A,-0.0264255910987483,-0.026781022677642,7.095999999999999,7.708,7.806333333333333,0.3451669436407695,-0.19799522033938638,2024-06,0
2024-06-28,6.93,sz.000002,万科A,-0.01,-0.0100503358535014,7.044,7.641,7.767833333333333,0.3310011808580916,-0.17186468420885026,2024-06,1
2024-07-01,7.29,sz.000002,万科A,0.0519480519480519,0.0506437328187549,7.103999999999999,7.592999999999999,7.739333333333334,0.394599449355166,-0.11749825257518788,2024-07,0
2024-07-02,7.13,sz.000002,万科A,-0.0219478737997256,-0.0221923115943621,7.108,7.545,7.708500000000001,0.3958620672658817,-0.12005218698097407,2024-07,0
2024-07-03,7.16,sz.000002,万科A,0.0042075736325386,0.0041987465463497,7.101999999999999,7.484999999999999,7.686166666666667,0.3700810163424638,-0.14921914981320666,2024-07,0
2024-07-04,6.94,sz.000002,万科A,-0.0307262569832401,-0.031208206453841,7.090000000000001,7.4265,7.665333333333334,0.3707530322106549,-0.15004110057635117,2024-07,0
2024-07-05,6.88,sz.000002,万科A,-0.0086455331412104,-0.0086831225734608,7.08,7.3695,7.646666666666666,0.3705397671361208,-0.14758922311336925,2024-07,0
2024-07-08,6.67,sz.000002,万科A,-0.0305232558139534,-0.0309987920177198,6.956,7.294500000000001,7.624666666666667,0.3657511628675872,-0.19681572082258456,2024-07,0
2024-07-09,6.71,sz.000002,万科A,0.0059970014992503,0.005979091056058,6.872,7.2295,7.610166666666666,0.3679779791976425,-0.17123487599408097,2024-07,0
2024-07-10,6.65,sz.000002,万科A,-0.0089418777943367,-0.0089820963158275,6.7700000000000005,7.167500000000001,7.597,0.3672042238167731,-0.16519548038017795,2024-07,0
2024-07-11,6.81,sz.000002,万科A,0.0240601503759396,0.023775265493658,6.744,7.1225,7.592166666666667,0.3800354220772664,-0.11832164179131066,2024-07,0
2024-07-12,6.95,sz.000002,万科A,0.0205580029368577,0.0203495394152799,6.758,7.073,7.589,0.3697526098876585,-0.12759502666249456,2024-07,0
2024-07-15,6.83,sz.000002,万科A,-0.0172661870503597,-0.0174169859940021,6.790000000000001,7.031999999999999,7.584999999999999,0.3549522170599949,-0.10833728424182155,2024-07,0
2024-07-16,6.92,sz.000002,万科A,0.0131771595900438,0.0130910960468794,6.831999999999999,7.0015,7.582,0.3586438789367036,-0.07947385014197385,2024-07,0
2024-07-17,7.12,sz.000002,万科A,0.0289017341040462,0.0284919557943062,6.926,6.984,7.586,0.3766258894215271,-0.04260398854788776,2024-07,0
2024-07-18,7.14,sz.000002,万科A,0.0028089887640447,0.0028050509276084,6.992,6.980499999999999,7.593333333333334,0.3564705469813709,-0.004989109556266154,2024-07,0
2024-07-19,7.06,sz.000002,万科A,-0.011204481792717,-0.0112677248463422,7.014,6.973999999999999,7.5995,0.3585126749143137,-0.013419666244961154,2024-07,0
2024-07-22,6.98,sz.000002,万科A,-0.0113314447592066,-0.0113961347308694,7.044,6.9735,7.606333333333334,0.3465330281850163,0.0030653006787251472,2024-07,0
2024-07-23,6.85,sz.000002,万科A,-0.0186246418338109,-0.0188002645001472,7.029999999999999,6.960500000000001,7.6115,0.3465153483218099,-0.03272672312933475,2024-07,0
2024-07-24,6.65,sz.000002,万科A,-0.0291970802919706,-0.029631797606371,6.936,6.9335,7.613166666666667,0.3561733590841236,-0.07317556150850646,2024-07,0
2024-07-25,6.7,sz.000002,万科A,0.0075187969924812,0.0074906717291576,6.848000000000001,6.9185,7.610333333333333,0.3476748030716996,-0.03923117341727695,2024-07,0
2024-07-26,6.84,sz.000002,万科A,0.0208955223880595,0.0206802052375386,6.804,6.914,7.598333333333333,0.3554110702757351,-0.00833565102921745,2024-07,0
2024-07-29,6.69,sz.000002,万科A,-0.0219298245614034,-0.0221738574943219,6.746,6.884,7.586333333333332,0.3040843665690244,-0.08221352753867275,2024-07,0
2024-07-30,6.75,sz.000002,万科A,0.0089686098654708,0.0089286307443013,6.726000000000001,6.865,7.5745,0.2998040260192113,-0.05129704387347635,2024-07,0
2024-07-31,7.09,sz.000002,万科A,0.0503703703703704,0.0491428356595977,6.814,6.861500000000001,7.567333333333334,0.3535903466451223,-0.005134247135644553,2024-07,1
2024-08-01,6.9,sz.000002,万科A,-0.0267983074753173,-0.0271639289408223,6.853999999999999,6.8595,7.562333333333333,0.3493505278986176,-0.0012062976277217516,2024-08,0
2024-08-02,6.81,sz.000002,万科A,-0.0130434782608697,-0.0131292914417928,6.848000000000001,6.855999999999999,7.554166666666666,0.3511282701685544,-0.005604242747381052,2024-08,0
2024-08-05,6.78,sz.000002,万科A,-0.0044052863436122,-0.0044150182091167,6.866,6.8614999999999995,7.541166666666667,0.3330665728348931,0.02051372672296015,2024-08,0
2024-08-06,6.88,sz.000002,万科A,0.014749262536873,0.0146415499929479,6.892,6.869999999999999,7.532166666666667,0.3362330956969049,0.02926598776058285,2024-08,0
2024-08-07,6.79,sz.000002,万科A,-0.0130813953488372,-0.0131677103746475,6.832000000000001,6.877000000000001,7.521,0.3382471813886401,0.02512647020608235,2024-08,0
2024-08-08,6.92,sz.000002,万科A,0.0191458026509572,0.0189648280589733,6.836,6.8825,7.507499999999999,0.3342794633173408,0.02021212248109995,2024-08,0
2024-08-09,7.18,sz.000002,万科A,0.0375722543352601,0.0368836134305546,6.909999999999999,6.894,7.490833333333333,0.3524379438244492,0.037226373879502346,2024-08,0
2024-08-12,6.88,sz.000002,万科A,-0.0417827298050138,-0.0426807311148804,6.93,6.8965000000000005,7.4555,0.3797698381973531,0.01270983112484824,2024-08,0
2024-08-13,6.83,sz.000002,万科A,-0.0072674418604651,-0.0072939783625536,6.92,6.892,7.416333333333332,0.3777434353481944,-0.007734770325660655,2024-08,0
2024-08-14,6.78,sz.000002,万科A,-0.007320644216691,-0.0073475716303945,6.918000000000001,6.875,7.376166666666666,0.362050201892126,-0.04395714864639785,2024-08,0
2024-08-15,6.91,sz.000002,万科A,0.019174041297935,0.0189925358272743,6.9159999999999995,6.8635,7.334666666666666,0.3696326713267696,-0.027592096112507555,2024-08,0
2024-08-16,6.8,sz.000002,万科A,-0.0159189580318379,-0.0160470255975175,6.840000000000001,6.850499999999999,7.288666666666667,0.3716679153420923,-0.032306572351628454,2024-08,0
2024-08-19,6.8,sz.000002,万科A,0.0,0.0,6.824,6.841500000000001,7.252166666666667,0.3699113615090046,-0.020975127592421854,2024-08,0
2024-08-20,6.67,sz.000002,万科A,-0.0191176470588234,-0.0193027522545285,6.792,6.832499999999999,7.2155,0.3702260505033198,-0.021468132817434354,2024-08,0
2024-08-21,6.55,sz.000002,万科A,-0.0179910044977511,-0.0181548102803718,6.746,6.827500000000001,7.182666666666667,0.3609565897690086,-0.010262057023214852,2024-08,0
2024-08-22,6.47,sz.000002,万科A,-0.0122137404580152,-0.0122889411343513,6.6579999999999995,6.816,7.1475,0.3619276314230286,-0.02999459447371125,2024-08,0
2024-08-23,6.41,sz.000002,万科A,-0.0092735703245748,-0.0093168375802304,6.58,6.794499999999999,7.1165,0.3528986356406651,-0.06016368718634555,2024-08,0
2024-08-26,6.53,sz.000002,万科A,0.0187207488299532,0.018547672355761,6.525999999999999,6.786499999999999,7.087833333333333,0.3534899787435276,-0.01951311379498895,2024-08,0
2024-08-27,6.31,sz.000002,万科A,-0.0336906584992343,-0.0342712667352179,6.454000000000001,6.7645,7.058166666666667,0.3696375895220139,-0.06217238215969405,2024-08,0
2024-08-28,6.22,sz.000002,万科A,-0.0142630744849444,-0.0143657698020336,6.388,6.720999999999999,7.0225,0.3123766668137293,-0.12680582701500884,2024-08,0
2024-08-29,6.24,sz.000002,万科A,0.0032154340836012,0.0032102756302481,6.3420000000000005,6.688,6.9913333333333325,0.3043712237903627,-0.09679208545609035,2024-08,0
2024-08-30,6.76,sz.000002,万科A,0.0833333333333332,0.0800427076735363,6.412000000000001,6.6855,6.9703333333333335,0.4344000820910147,-0.0004152738618874441,2024-08,1
2024-09-02,6.42,sz.000002,万科A,-0.0502958579881657,-0.0516047723530029,6.39,6.6674999999999995,6.941166666666666,0.4696548162760438,-0.04630584550644095,2024-09,0
2024-09-03,6.52,sz.000002,万科A,0.0155763239875388,0.0154562582366916,6.4319999999999995,6.649500000000001,6.916333333333333,0.4700623816933452,-0.04547878405577514,2024-09,0
2024-09-04,6.46,sz.000002,万科A,-0.00920245398773,-0.009245058144051,6.4799999999999995,6.633,6.8925,0.469080165836804,-0.041599842694667946,2024-09,0
2024-09-05,6.59,sz.000002,万科A,0.0201238390092879,0.0199240307199053,6.55,6.6165,6.873833333333334,0.4696796038318409,-0.040621806336337246,2024-09,0
2024-09-06,6.47,sz.000002,万科A,-0.0182094081942336,-0.0183772400016066,6.492,6.581,6.849333333333333,0.4485584209788057,-0.09640346886583094,2024-09,0
2024-09-09,6.37,sz.000002,万科A,-0.0154559505409581,-0.0155766389287371,6.481999999999999,6.5555,6.828,0.4290976766554448,-0.07007668960177524,2024-09,0
2024-09-10,6.3,sz.000002,万科A,-0.010989010989011,-0.011049836186585,6.438,6.529000000000001,6.807500000000001,0.4297334855288823,-0.07379825873032114,2024-09,0
2024-09-11,6.31,sz.000002,万科A,0.0015873015873015,0.0015860431556347,6.4079999999999995,6.5055000000000005,6.788166666666667,0.4298985623115491,-0.06489031292632864,2024-09,0
2024-09-12,6.31,sz.000002,万科A,0.0,0.0,6.351999999999999,6.475499999999999,6.773166666666667,0.4219509860531205,-0.08406435422426364,2024-09,0
2024-09-13,6.32,sz.000002,万科A,0.0015847860538829,0.0015835316056444,6.322,6.4515,6.7586666666666675,0.4200753532396015,-0.06656061013854284,2024-09,0
2024-09-18,6.49,sz.000002,万科A,0.0268987341772151,0.0265433225572324,6.345999999999999,6.436,6.750333333333333,0.4335372660319199,-0.03966187596132774,2024-09,0
2024-09-19,6.77,sz.000002,万科A,0.0431432973805854,0.0422385562081849,6.44,6.441,6.744666666666666,0.4566167842230815,0.022599068478081064,2024-09,0
2024-09-20,6.89,sz.000002,万科A,0.0177252584933529,0.0175699981013834,6.556,6.458,6.7396666666666665,0.454374846571703,0.058315331469185064,2024-09,0
2024-09-23,6.93,sz.000002,万科A,0.0058055152394775,0.0057887281762447,6.68,6.481,6.7385,0.4509057228512924,0.07633458716667776,2024-09,0
2024-09-24,7.12,sz.000002,万科A,0.0274170274170275,0.0270479122220726,6.840000000000001,6.516500000000001,6.741666666666666,0.4555631040975388,0.11302518490828006,2024-09,0
2024-09-25,7.31,sz.000002,万科A,0.026685393258427,0.0263355483378027,7.004,6.5555,6.742000000000001,0.45945430228114,0.12098982933675387,2024-09,0
2024-09-26,8.04,sz.000002,万科A,0.0998632010943911,0.0951858094291878,7.258,6.642,6.757166666666666,0.5431875654868673,0.25454368893037926,2024-09,0
2024-09-27,8.84,sz.000002,万科A,0.099502487562189,0.094857793458677,7.647999999999999,6.773000000000001,6.785166666666667,0.6137416669922634,0.36830925097751266,2024-09,0
2024-09-30,9.72,sz.000002,万科A,0.0995475113122172,0.0948987418227957,8.206,6.947,6.8315,0.6743619341463589,0.4646413282061287,2024-09,0
2024-10-08,10.38,sz.000002,万科A,0.0679012345679013,0.0656952592653949,8.857999999999999,7.128,6.889833333333333,0.6581503219568662,0.44920922944069674,2024-10,0
2024-10-09,9.34,sz.000002,万科A,-0.1001926782273604,-0.1055746254969914,9.264,7.273999999999999,6.934333333333333,0.7488863042580184,0.39931240920150207,2024-10,0
2024-10-10,9.12,sz.000002,万科A,-0.0235546038543897,-0.0238364481545113,9.48,7.404000000000001,6.974500000000001,0.7646438880028444,0.3601814813595736,2024-10,0
2024-10-11,9.1,sz.000002,万科A,-0.0021929824561403,-0.0021953905634356,9.532,7.536,7.0153333333333325,0.7617347041512733,0.36719095289116327,2024-10,0
2024-10-14,9.34,sz.000002,万科A,0.0263736263736265,0.026031838717947,9.456,7.6735,7.0575,0.7622495683857645,0.3734407402555019,2024-10,0
2024-10-15,9.2,sz.000002,万科A,-0.0149892933618844,-0.0151027681857567,9.22,7.81,7.095,0.7602662194138917,0.3766608550878511,2024-10,0
2024-10-16,10.0,sz.000002,万科A,0.0869565217391306,0.0833816089390512,9.352,7.991499999999999,7.147833333333334,0.785498014317099,0.4790733273679398,2024-10,0
2024-10-17,9.21,sz.000002,万科A,-0.0789999999999999,-0.0822952427268301,9.37,8.137,7.185999999999999,0.8592600200790463,0.4110623383569509,2024-10,0
2024-10-18,9.37,sz.000002,万科A,0.0173724212812158,0.0172232459831151,9.424,8.290000000000001,7.2235,0.8564612878987229,0.42684745805086516,2024-10,0
2024-10-21,9.19,sz.000002,万科A,-0.0192102454642475,-0.019397159882735,9.394,8.434000000000001,7.257666666666666,0.8654775232874268,0.40763721258661767,2024-10,0
2024-10-22,9.24,sz.000002,万科A,0.0054406964091404,0.0054259492859972,9.402,8.58,7.294,0.8644744401658906,0.4114931229418752,2024-10,0
2024-10-23,9.33,sz.000002,万科A,0.0097402597402598,0.0096931292056597,9.268,8.722,7.333166666666666,0.8649550586263489,0.39433464850491984,2024-10,0
2024-10-24,9.12,sz.000002,万科A,-0.0225080385852091,-0.0227652107730125,9.25,8.8395,7.371,0.8727298572720432,0.32868331253912536,2024-10,0
2024-10-25,9.14,sz.000002,万科A,0.0021929824561404,0.0021905813798186,9.204,8.952,7.4125,0.8741654451576218,0.31315103650191284,2024-10,0
2024-10-28,9.39,sz.000002,万科A,0.0273522975929978,0.0269849077541129,9.244,9.075,7.457333333333334,0.8742905419379143,0.33469781885543315,2024-10,0
2024-10-29,9.13,sz.000002,万科A,-0.027689030883919,-0.0280795986132944,9.222,9.1755,7.495500000000001,0.8871478810882839,0.27959176055448665,2024-10,0
2024-10-30,9.22,sz.000002,万科A,0.0098576122672509,0.0098093429616254,9.2,9.271,7.537666666666667,0.8859614850302132,0.26276397956331055,2024-10,0
2024-10-31,9.28,sz.000002,万科A,0.0065075921908892,0.0064865092296066,9.232,9.333,7.579833333333334,0.8246066087367566,0.16940837065980865,2024-10,0
2024-11-01,9.11,sz.000002,万科A,-0.0183189655172413,-0.0184888355262421,9.226,9.3465,7.6135,0.7552344806066782,0.05158691758037836,2024-11,0
2024-11-04,9.07,sz.000002,万科A,-0.0043907793633368,-0.0044004471448215,9.162,9.314,7.649666666666667,0.6626825179662644,-0.052351373095175645,2024-11,0
2024-11-05,9.34,sz.000002,万科A,0.0297684674751927,0.0293339881137058,9.204,9.262,7.691833333333333,0.6214004917753668,-0.09048414018788423,2024-11,0
2024-11-06,9.5,sz.000002,万科A,0.0171306209850106,0.0169855463657438,9.26,9.27,7.737166666666666,0.5117024560984539,0.026839159024486754,2024-11,0
2024-11-07,9.89,sz.000002,万科A,0.0410526315789474,0.0402323470281256,9.382,9.3085,7.787333333333334,0.5213113007133521,0.09144639445782385,2024-11,0
2024-11-08,9.51,sz.000002,万科A,-0.038422649140546,-0.0391802690773218,9.462,9.329,7.832666666666667,0.5429602320960663,0.055216727773418156,2024-11,0
2024-11-11,9.3,sz.000002,万科A,-0.0220820189274446,-0.0223294763980885,9.508,9.327,7.872333333333333,0.5422538929615783,0.006761082472347059,2024-11,0
2024-11-12,9.19,sz.000002,万科A,-0.0118279569892474,-0.0118984637916146,9.478,9.3265,7.905833333333334,0.5411837760172938,0.009922418844984057,2024-11,0
2024-11-13,9.07,sz.000002,万科A,-0.0130576713819368,-0.0131436722405503,9.392,9.28,7.942333333333334,0.4353567589510184,-0.09009177427608334,2024-11,0
2024-11-14,8.95,sz.000002,万科A,-0.0132304299889747,-0.0133187318402813,9.204,9.267,7.977666666666667,0.3377454876917798,-0.024322204265058135,2024-11,0
2024-11-15,8.71,sz.000002,万科A,-0.0268156424581004,-0.0271817414223524,9.044,9.233999999999998,8.009833333333333,0.3418860956872402,-0.06851026800437433,2024-11,0
2024-11-18,8.84,sz.000002,万科A,0.0149253731343281,0.0148150857851404,8.952,9.2165,8.042,0.3424546399782234,-0.034374649405798735,2024-11,0
2024-11-19,8.75,sz.000002,万科A,-0.010180995475113,-0.0102331762800289,8.864,9.192,8.0745,0.3426124388803065,-0.049996341290052135,2024-11,0
2024-11-20,8.76,sz.000002,万科A,0.0011428571428571,0.0011422045787769,8.802,9.1635,8.107166666666666,0.3398870049890278,-0.058593743887454836,2024-11,0
2024-11-21,8.68,sz.000002,万科A,-0.0091324200913242,-0.0091743762760412,8.748000000000001,9.1415,8.140666666666666,0.3329127397809738,-0.04521812539356994,2024-11,0
2024-11-22,8.42,sz.000002,万科A,-0.0299539170506911,-0.0304117004180233,8.690000000000001,9.1055,8.171833333333332,0.3464881241964216,-0.07736502490040144,2024-11,0
2024-11-25,8.38,sz.000002,万科A,-0.0047505938242279,-0.0047619137602435,8.598,9.055,8.203666666666667,0.3262713558512096,-0.10946791631762715,2024-11,0
2024-11-26,8.36,sz.000002,万科A,-0.0023866348448688,-0.0023894873973815,8.52,9.0165,8.236166666666666,0.3156089097115847,-0.08416552027857695,2024-11,0
2024-11-27,8.45,sz.000002,万科A,0.0107655502392345,0.0107080142724723,8.458,8.978,8.268166666666666,0.3161615679954581,-0.08325758230659333,2024-11,0
2024-11-28,8.48,sz.000002,万科A,0.0035502958579882,0.0035440084347293,8.418000000000001,8.937999999999999,8.304333333333334,0.315009958545842,-0.08621487863949433,2024-11,0
2024-11-29,8.6,sz.000002,万科A,0.0141509433962263,0.0140517534556502,8.453999999999999,8.9125,8.344,0.3169384966800623,-0.053744969726026735,2024-11,1
2024-12-02,8.68,sz.000002,万科A,0.0093023255813953,0.0092593254127967,8.514,8.892999999999999,8.384666666666668,0.3196775803084207,-0.04005186478129463,2024-12,0
2024-12-03,8.74,sz.000002,万科A,0.0069124423963133,0.0068886609951853,8.59,8.863,8.417666666666666,0.2991882600301466,-0.06290788986017404,2024-12,0
2024-12-04,8.55,sz.000002,万科A,-0.0217391304347825,-0.0219789067187752,8.610000000000001,8.815499999999998,8.453166666666666,0.2960479737069711,-0.10177764127996713,2024-12,0
2024-12-05,8.52,sz.000002,万科A,-0.0035087719298246,-0.0035149421074446,8.617999999999999,8.747,8.4865,0.2410868895788668,-0.14633904478873913,2024-12,0
2024-12-06,8.68,sz.000002,万科A,0.0187793427230047,0.0186051878310344,8.633999999999999,8.7055,8.5235,0.2283691362264582,-0.08913705292518843,2024-12,0
2024-12-09,8.42,sz.000002,万科A,-0.0299539170506911,-0.0304117004180233,8.581999999999999,8.6615,8.554,0.2379361218037808,-0.09700895104843495,2024-12,0
2024-12-10,8.58,sz.000002,万科A,0.0190023752969121,0.0188240852456356,8.55,8.631,8.589166666666667,0.2507662329159931,-0.06617861876227543,2024-12,0
2024-12-11,8.65,sz.000002,万科A,0.0081585081585082,0.0081254074439171,8.569999999999999,8.610000000000001,8.627166666666666,0.2511350821273822,-0.04496243922183044,2024-12,0
2024-12-12,8.69,sz.000002,万科A,0.0046242774566473,0.0046136183335127,8.604000000000001,8.597,8.667,0.2487652594999731,-0.02710773177620844,2024-12,0
2024-12-13,8.41,sz.000002,万科A,-0.0322209436133485,-0.0327514652924439,8.55,8.582,8.702,0.2567155097473232,-0.03251303293145654,2024-12,0
2024-12-16,8.23,sz.000002,万科A,-0.0214030915576693,-0.0216354592958781,8.512,8.5515,8.734,0.2580353262057562,-0.06884149762345394,2024-12,0
2024-12-17,8.14,sz.000002,万科A,-0.0109356014580801,-0.0109958346745294,8.424000000000001,8.521,8.764333333333333,0.2583104659165159,-0.06959610360642104,2024-12,0
2024-12-18,8.14,sz.000002,万科A,0.0,0.0,8.322,8.489999999999998,8.791833333333333,0.2580709481655525,-0.07073896074927814,2024-12,0
2024-12-19,7.91,sz.000002,万科A,-0.0282555282555283,-0.0286623982348865,8.166,8.4515,8.810833333333335,0.2721153063673236,-0.08986206891348224,2024-12,0
2024-12-20,7.82,sz.000002,万科A,-0.011378002528445,-0.0114432272223427,8.048,8.4215,8.826333333333332,0.2566100609632341,-0.07128615439123613,2024-12,0
2024-12-23,7.66,sz.000002,万科A,-0.020460358056266,-0.0206725708047198,7.934,8.3855,8.8385,0.2635388271693951,-0.08699591862327423,2024-12,0
2024-12-24,7.73,sz.000002,万科A,0.0091383812010443,0.0090968788468306,7.851999999999999,8.354000000000001,8.848666666666666,0.2678180186955251,-0.07547090257736114,2024-12,0
2024-12-25,7.54,sz.000002,万科A,-0.0245795601552393,-0.0248866805794658,7.731999999999999,8.308499999999999,8.852500000000001,0.271727581780191,-0.11081601297183494,2024-12,0
2024-12-26,7.51,sz.000002,万科A,-0.0039787798408488,-0.0039867162438213,7.652000000000001,8.260000000000002,8.843666666666667,0.2696932947488796,-0.11834508867067194,2024-12,0
2024-12-27,7.55,sz.000002,万科A,0.0053262316910784,0.0053120974848898,7.598000000000001,8.2075,8.822166666666668,0.2627127689594665,-0.12716980037581982,2024-12,0
2024-12-30,7.36,sz.000002,万科A,-0.0251655629139072,-0.0254876305201484,7.537999999999999,8.1415,8.782833333333334,0.2639478453624776,-0.16163768887112234,2024-12,0
2024-12-31,7.26,sz.000002,万科A,-0.0135869565217392,-0.0136801039040802,7.444,8.067499999999999,8.730833333333333,0.25847589159049,-0.18213708778917484,2024-12,1
2020-01-02,111.86238232,sz.000858,五粮液,,,,,,,,2020-01,0
2020-01-03,110.56658095,sz.000858,五粮液,-0.0115838885523924,-0.0116515044667346,,,,,,2020-01,0
2020-01-06,109.4232268,sz.000858,五粮液,-0.0103408655687476,-0.0103947037966364,,,,,,2020-01,0
2020-01-07,109.56720473,sz.000858,五粮液,0.0013157894736841,0.001314924581309,,,,,,2020-01,0
2020-01-08,109.16067881,sz.000858,五粮液,-0.0037102883203216,-0.0037171885131224,110.116014722,,,,,2020-01,0
2020-01-09,110.75290533,sz.000858,五粮液,0.0145860811544729,0.0144807275017228,109.894119324,,,,,2020-01,0
2020-01-10,113.16665298,sz.000858,五粮液,0.0217939894471208,0.0215598955789202,110.41413373,,,,,2020-01,0
2020-01-13,118.28210414,sz.000858,五粮液,0.0452028139500075,0.044210946920558,112.185909198,,,,,2020-01,0
2020-01-14,117.35048224,sz.000858,五粮液,-0.0078762709437204,-0.0079074526037641,113.7425647,,,,,2020-01,0
2020-01-15,119.2476032,sz.000858,五粮液,0.0161662817551961,0.0160369989098168,115.759949578,,,,,2020-01,0
2020-01-16,119.12903314,sz.000858,五粮液,-0.0009943181818181,-0.0009948128440698,117.43517514,,,,,2020-01,0
2020-01-17,117.34201295,sz.000858,五粮液,-0.0150007109341675,-0.0151143595708848,118.27024713400002,,,,,2020-01,0
2020-01-20,116.50355324,sz.000858,五粮液,-0.0071454348610608,-0.0071710857449218,117.914536954,,,,,2020-01,0
2020-01-21,112.31972398,sz.000858,五粮液,-0.0359116022099447,-0.0365722896233438,116.908385302,,,,,2020-01,0
2020-01-22,111.5405493,sz.000858,五粮液,-0.0069371135575329,-0.0069612871914863,115.366974522,,,,,2020-01,0
2020-01-23,106.84856264,sz.000858,五粮液,-0.0420652999240698,-0.0429756660944523,112.910880422,,,,,2020-01,0
2020-02-03,96.16031866,sz.000858,五粮液,-0.1000317057704501,-0.1053957449122027,108.674541564,,,,,2020-02,0
2020-02-04,96.9733705,sz.000858,五粮液,0.0084551699841466,0.0084196252517142,104.768505016,,,,,2020-02,0
2020-02-05,99.52262679,sz.000858,五粮液,0.0262882096069869,0.0259486133515553,102.209085578,,,,,2020-02,0
2020-02-06,100.91159035,sz.000858,五粮液,0.0139562590417836,0.0138597671989014,100.083293788,110.3315581525,,,,2020-02,0
2020-02-07,102.12269882,sz.000858,五粮液,0.0120016785564414,0.0119302295165083,99.138121024,109.8445739775,,0.4813358521479431,-0.081831225854386,2020-02,0
2020-02-10,102.58850977,sz.000858,五粮液,0.0045612871122906,0.0045509159674513,100.423759246,109.4456704185,,0.4814144251651911,-0.06568605018970301,2020-02,0
2020-02-11,105.68826991,sz.000858,五粮液,0.03021547098159,0.0297679754910521,102.166739128,109.258922574,,0.4948666622238944,-0.025129713639365406,2020-02,0
2020-02-12,105.43419121,sz.000858,五粮液,-0.0024040387851591,-0.0024069331260684,103.349052012,109.052271898,,0.4947863641438135,-0.028849541898208604,2020-02,0
2020-02-13,105.13776606,sz.000858,五粮液,-0.0028114708008674,-0.0028154304081877,104.194287154,108.8511262605,,0.4947420089972844,-0.027950724378754406,2020-02,0
2020-02-14,104.53644647,sz.000858,五粮液,-0.0057193491219591,-0.0057357672296694,104.677036684,108.5403033175,,0.4912794925538336,-0.04825615465518641,2020-02,0
2020-02-17,105.2732747,sz.000858,五粮液,0.0070485295309081,0.007023804760828,105.21398967,108.1456344035,,0.4843829346426773,-0.06300161457139909,2020-02,0
2020-02-18,104.50256931,sz.000858,五粮液,-0.0073209975864843,-0.007347927606223,104.97684955,107.456657662,,0.4494649907002259,-0.1155254261078909,2020-02,0
2020-02-19,106.713054,sz.000858,五粮液,0.0211524434719183,0.0209318360410356,105.23262210800002,106.92478625,,0.4593683933966998,-0.0864967116922522,2020-02,0
2020-02-20,110.22780935,sz.000858,五粮液,0.032936507936508,0.0324057244890964,106.250630766,106.4737965575,,0.4729465846947024,-0.0697264855109403,2020-02,0
2020-02-21,110.10077,sz.000858,五粮液,-0.0011525163273147,-0.001153180984992,107.363495472,106.0223834005,,0.4729358622699722,-0.06988468365643691,2020-02,0
2020-02-24,107.6446759,sz.000858,五粮液,-0.0223076923076923,-0.0225602722601741,107.83777571199998,105.537516548,,0.4759951029125434,-0.07719166502996169,2020-02,0
2020-02-25,106.1202037,sz.000858,五粮液,-0.0141620771046419,-0.0142633162933856,108.16130259,105.01834907100002,,0.4772873961292141,-0.0842083072735428,2020-02,0
2020-02-26,105.1038889,sz.000858,五粮液,-0.0095770151636074,-0.0096231696914611,107.83946957,104.657557317,,0.4630295055034211,-0.057873720227205494,2020-02,0
2020-02-27,106.9671327,sz.000858,五粮液,0.0177276390008056,0.0175723371458837,107.18733424,104.428886487,,0.4684186802616703,-0.033208967668866995,2020-02,0
2020-02-28,102.1396374,sz.000858,五粮液,-0.0451306413301662,-0.0461807450633602,105.59510772,104.193440225,,0.4720379874171894,-0.0362743090749634,2020-02,1
2020-03-02,103.87584185,sz.000858,五粮液,0.0169983416252073,0.0168554864114132,104.84134091,104.5792163845,,0.3008060726725718,0.080755738320694,2020-03,0
2020-03-03,105.33255973,sz.000858,五粮液,0.0140236445169179,0.0139262229611512,104.68381211599998,104.997175846,,0.3025351047051334,0.08632421285346531,2020-03,0
2020-03-04,106.09479583,sz.000858,五粮液,0.0072364718179624,0.0072104141904508,104.881993502,105.325784298,,0.2915421980202989,0.0672724750644408,2020-03,0
2020-03-05,112.8109428,sz.000858,五粮液,0.0633032649477129,0.0613803502501882,106.050755522,105.9207519205,,0.3599238143490812,0.1166194809703701,2020-03,0
2020-03-06,110.16005503,sz.000858,五粮液,-0.0234984984984986,-0.0237789910306394,107.654839048,106.322619731,,0.3736490017984482,0.08111930391543011,2020-03,0
2020-03-09,106.9671327,sz.000858,五粮液,-0.0289843930191435,-0.029412737719204,108.273097218,106.5415508775,,0.3915901667304475,0.047573623783996,2020-03,0
2020-03-10,110.71055888,sz.000858,五粮液,0.0349960411718131,0.0343976017552472,109.348697048,106.792665326,,0.3964351472533339,0.0523541939742191,2020-03,0
2020-03-11,110.0160771,sz.000858,五粮液,-0.0062729498164013,-0.0062927074351387,110.132953302,107.0217596205,,0.3973220362796991,0.0484852829429769,2020-03,0
2020-03-12,106.74693116,sz.000858,五粮液,-0.0297151655119323,-0.03016560678748,108.920150974,107.10221787550002,,0.4131843467535349,0.021581588231912,2020-03,0
2020-03-13,103.8334954,sz.000858,五粮液,-0.0272929228816248,-0.0276722933869628,107.654839048,107.067070322,,0.4248247922342194,8.014472246298254e-06,2020-03,0
2020-03-16,97.8202995,sz.000858,五粮液,-0.0579119086460032,-0.0596564935402627,105.825472408,106.694421562,,0.4706392038331162,-0.064952423704665,2020-03,0
2020-03-17,95.16094244,sz.000858,五粮液,-0.0271861471861472,-0.0275625277258053,102.71554912000002,106.22734021850002,,0.4781422249429924,-0.0848175733043279,2020-03,0
2020-03-18,91.12109111,sz.000858,五粮液,-0.0424528301886792,-0.0433802956302251,98.936551922,105.447742074,,0.4865706300231548,-0.14842284696492541,2020-03,0
2020-03-19,86.47992019,sz.000858,五粮液,-0.0509341016823123,-0.052277043038371,94.883149728,104.26034761600002,,0.485382397453431,-0.23229345658374567,2020-03,0
2020-03-20,91.90026579,sz.000858,五粮液,0.0626775046518461,0.0607916710646697,92.496503806,103.3503224055,,0.5519476048929006,-0.16846343560458488,2020-03,0
2020-03-23,88.51254979,sz.000858,五粮液,-0.0368629619389919,-0.0375595740257041,90.634953864,102.3937161,,0.5591746808508102,-0.1830187052358845,2020-03,0
2020-03-24,92.35760745,sz.000858,五粮液,0.043440819060377,0.0425237320412257,90.074286866,101.7055862875,,0.5889204665554199,-0.1254158090708656,2020-03,0
2020-03-25,96.549906,sz.000858,五粮液,0.0453920220082528,0.0443919557468571,91.160049844,101.2778871425,,0.616505086100846,-0.07044677189900539,2020-03,0
2020-03-26,96.45674381,sz.000858,五粮液,-0.0009649122807016,-0.0009653781082355,93.155414568,100.752367698,,0.6115099515546599,-0.0891393231805126,2020-03,0
2020-03-27,98.08284749,sz.000858,五粮液,0.0168583721134427,0.0167178469100265,94.391930908,100.5495282025,,0.5962216869612367,-0.0271503097369037,2020-03,0
2020-03-30,95.89777067,sz.000858,五粮液,-0.0222778689232363,-0.0225297688703381,95.868975084,100.1506246435,,0.596484042705212,-0.06642652028534729,2020-03,0
2020-03-31,97.5662208,sz.000858,五粮液,0.0173982160204893,0.0172485999358427,96.910697754,99.762307697,,0.59790411672304,-0.06305194878177589,2020-03,0
2020-04-01,97.396835,sz.000858,五粮液,-0.0017361111111111,-0.0017376198985408,97.080083554,99.3274096555,,0.5966833550434609,-0.0720245317108494,2020-04,0
2020-04-02,99.25160951,sz.000858,五粮液,0.0190434782608694,0.0188644209072608,97.639056694,98.649442991,104.96725102133334,0.5496947984107138,-0.11628431839769292,2020-04,0
2020-04-03,99.53109608,sz.000858,五粮液,0.0028159399266149,0.0028119825951109,97.928706412,98.1179950435,104.761729584,0.5463928660406242,-0.08996987997257941,2020-04,0
2020-04-07,105.13776606,sz.000858,五粮液,0.0563308373042887,0.0548014291198849,99.77670549,98.0265267115,104.67124933583334,0.5786558841194895,-0.004654649649147205,2020-04,0
2020-04-08,106.10326512,sz.000858,五粮液,0.0091831802803286,0.0091412712569862,101.484114354,97.7961620235,104.61591664116668,0.5649037179447328,-0.030467510540631702,2020-04,0
2020-04-09,105.84918642,sz.000858,五粮液,-0.0023946360153257,-0.0023975077415574,103.17458463799998,97.5878174895,104.55394966933332,0.5646389177260797,-0.026589196739556103,2020-04,0
2020-04-10,107.15345708,sz.000858,五粮液,0.0123219715154425,0.0122466739365125,104.754954152,97.6081437855,104.52049597383332,0.5562645085988795,0.0154479402878187,2020-04,0
2020-04-13,105.866125,sz.000858,五粮液,-0.0120139108441352,-0.0120866611351469,106.021959936,97.7097752655,104.439049635,0.5486318364085481,0.030726952325308303,2020-04,0
2020-04-14,108.78803005,sz.000858,五粮液,0.0276,0.0272259862535915,106.752012734,98.258161793,104.36607258616668,0.5082167624303526,0.11623886097131149,2020-04,0
2020-04-15,108.33068839,sz.000858,五粮液,-0.0042039704165044,-0.0042128319445907,107.19749738800002,98.9166490905,104.200215657,0.4947955575156634,0.13922103774095432,2020-04,0
2020-04-16,106.7977469,sz.000858,五粮液,-0.0141505746227816,-0.0142516486404279,107.387209484,99.70048188,104.02433673466666,0.4667095120686829,0.16752329330685192,2020-04,0
2020-04-17,109.10139378,sz.000858,五粮液,0.0215701823949245,0.0213408381478707,107.776796824,100.8315555595,103.85523324433332,0.4122918855192873,0.2400275773840887,2020-04,0
2020-04-20,109.51638899,sz.000858,五粮液,0.003803757180562,0.0037965411890155,108.506849622,101.7123617195,103.6950225085,0.366765045374485,0.18115382991280457,2020-04,0
2020-04-21,107.11111063,sz.000858,五粮液,-0.0219627252339339,-0.0222074964158752,108.171465738,102.6422897615,103.52450746983332,0.3452013170845558,0.1960540666178626,2020-04,0
2020-04-22,110.3548487,sz.000858,五粮液,0.0302838617854037,0.0298343582389145,108.5762978,103.542151824,103.42202906083334,0.3310667425877363,0.1828971093428893,2020-04,0
2020-04-23,111.02392261,sz.000858,五粮液,0.0060629316960858,0.0060446260789183,109.421532942,104.2658526545,103.40043237133334,0.3021249962369932,0.1435680190307223,2020-04,0
2020-04-24,111.2864706,sz.000858,五粮液,0.0023647875505377,0.0023619958407921,109.85854830600002,105.007338994,103.39619772633334,0.3011643286577701,0.1468977188619616,2020-04,0
2020-04-27,112.3874783,sz.000858,五粮液,0.0098934550989344,0.0098448352876516,110.432766168,105.7225705345,103.48851298733334,0.299254956549606,0.1399328018474533,2020-04,0
2020-04-28,117.723131,sz.000858,五粮液,0.0474755086661642,0.0463829917925298,112.555170242,106.813838551,103.847893193,0.3109543790799663,0.2096861794368538,2020-04,0
2020-04-29,114.7588795,sz.000858,五粮液,-0.0251798561151078,-0.0255022928109361,113.435976402,107.673471486,104.144318343,0.3342547366702125,0.1671081073012567,2020-04,0
2020-04-30,114.98755033,sz.000858,五粮液,0.0019926199261992,0.0019906372924342,114.228701946,108.5530072525,104.40206706866668,0.3330214189069883,0.17083683833856697,2020-04,0
2020-05-06,117.05405709,sz.000858,五粮液,0.0179715695661779,0.0178119900037453,115.382219244,109.4431296315,104.671108181,0.3325945600813669,0.1697649296438755,2020-05,0
2020-05-07,120.18769439,sz.000858,五粮液,0.0267708559438535,0.0264187862305108,116.942262462,110.475959547,104.9721914405,0.3380016483891603,0.19371984566111408,2020-05,0
2020-05-08,121.0261541,sz.000858,五粮液,0.0069762525544359,0.0069520310893755,117.60286708200002,111.270378949,105.27948551266668,0.2896030522284565,0.14436526091126128,2020-05,0
2020-05-11,120.13687865,sz.000858,五粮液,-0.0073477956613016,-0.0073749236809613,118.678466912,111.9720596255,105.52029565833332,0.294026430732403,0.12783428496963106,2020-05,0
2020-05-12,121.0261541,sz.000858,五粮液,0.0074021854071202,0.0073749236809614,119.886187666,112.7309080095,105.7801617065,0.2921943203204213,0.13763110639207699,2020-05,0
2020-05-13,123.651634,sz.000858,五粮液,0.0216934919524143,0.0214615367725147,121.205703048,113.55581685549998,106.08872617216666,0.296372340586211,0.14700262682904877,2020-05,0
2020-05-14,123.9057127,sz.000858,五粮液,0.0020547945205477,0.002052686317742,121.94930671,114.4577962405,106.411547276,0.2882776062273595,0.16107133219373168,2020-05,0
2020-05-15,122.99102938,sz.000858,五粮液,-0.0073820915926178,-0.0074094740739778,122.342281766,115.167946207,106.70684318733332,0.2835227543455005,0.1260892406011139,2020-05,0
2020-05-18,128.04719551,sz.000858,五粮液,0.0411100399394022,0.040287490040009,123.924345138,116.153771563,107.099253624,0.3059839899276237,0.17140325095702047,2020-05,0
2020-05-19,128.24198918,sz.000858,五粮液,0.0015212646339042,0.0015201086830506,125.367512154,117.225983677,107.45806921033332,0.2954242153650799,0.18707509021370627,2020-05,0
2020-05-20,127.75923965,sz.000858,五粮液,-0.0037643640206048,-0.0037714670700904,126.189033284,118.1588759705,107.75025971533334,0.2952165456550777,0.16174054379817698,2020-05,0
2020-05-21,128.46219072,sz.000858,五粮液,0.0055021544580708,0.0054870729016415,127.100328888,119.106166057,108.056283394,0.2949511542046921,0.1634389410756858,2020-05,0
2020-05-22,122.16950825,sz.000858,五粮液,-0.04898470464135,-0.0502251331185025,126.936024662,119.859085938,108.29836393316668,0.3432155055375889,0.1364169616682697,2020-05,0
2020-05-25,124.52397087,sz.000858,五粮液,0.0192720970537261,0.0190887422013568,126.231379734,120.5675420465,108.605093386,0.3353672069987395,0.12540519693659208,2020-05,0
2020-05-26,125.18457549,sz.000858,五粮液,0.0053050397877985,0.0052910176344156,125.619896996,121.2755746905,108.93977149583333,0.3353842111872682,0.12464730502830479,2020-05,0
2020-05-27,123.78714264,sz.000858,五粮液,-0.0111629795007104,-0.0112257531542301,124.825477594,121.9006082925,109.22010499483332,0.3408463345897168,0.11111953797705669,2020-05,0
2020-05-28,123.78714264,sz.000858,五粮液,0.0,0.0,123.890467978,122.4705915095,109.58089674883334,0.3409856347807103,0.10122608287812229,2020-05,0
2020-05-29,125.5148778,sz.000858,五粮液,0.0139573070607552,0.0138608007922351,124.55954188799998,122.86017884950002,109.941547348,0.3044927635770566,0.0677078812727133,2020-05,0
2020-06-01,134.31447011,sz.000858,五粮液,0.0701079622132254,0.067759542648523,126.517641736,123.83795838,110.42457918766668,0.367312407425939,0.16299569960104648,2020-06,0
2020-06-02,134.46691733,sz.000858,五粮液,0.0011350022069487,0.0011343585789106,128.374110104,124.81192673,110.89744787933334,0.3675156378974406,0.162138081881796,2020-06,0
2020-06-03,134.01804496,sz.000858,五粮液,-0.0033381621213075,-0.0033437462150181,130.420290568,125.66012612349998,111.250899582,0.3677135794617925,0.1408283501943106,2020-06,0
2020-06-04,134.53467165,sz.000858,五粮液,0.0038549039433772,0.0038474928411233,132.56979637,126.3774749865,111.65714319233334,0.3603290212325567,0.1179123981938343,2020-06,0
2020-06-05,135.58486361,sz.000858,五粮液,0.0078061063896759,0.007775796374478,134.583793532,127.105410462,112.13410537416668,0.3603740675381208,0.1187422520290743,2020-06,0
2020-06-08,136.02526669,sz.000858,五粮液,0.003248172902742,0.0032429089848026,134.925952848,127.899829864,112.556017171,0.3571415854210749,0.1293382205931179,2020-06,0
2020-06-09,137.71912469,sz.000858,五粮液,0.0124525247493929,0.0123756297628252,135.57639432000002,128.73447839349998,113.01773463083332,0.3577663798188791,0.1343885599353906,2020-06,0
2020-06-10,137.65983966,sz.000858,五粮液,-0.0004304778303918,-0.0004305705125724,136.30475326,129.4348886765,113.5329497725,0.3540851802942344,0.1122645901525845,2020-06,0
2020-06-11,135.56792503,sz.000858,五粮液,-0.0151962593823058,-0.0153129057664525,136.511403936,130.017999293,114.061856933,0.3615998132817703,0.095013536249731,2020-06,0
2020-06-12,136.7790335,sz.000858,五粮液,0.0089335915536952,0.008893923104105,136.75023791400002,130.70739949900002,114.71116916633332,0.3589673564756875,0.11132921939604401,2020-06,0
2020-06-15,132.967853,sz.000858,五粮液,-0.0278637770897833,-0.0282593373144032,136.138755176,130.9534323735,115.34128434233334,0.3518086941199324,0.042355402366858495,2020-06,0
2020-06-16,133.54376472,sz.000858,五粮液,0.004331210191083,0.0043218574961569,135.303683182,131.21852115049998,116.0483289025,0.3518868884084041,0.04516534792403729,2020-06,0
2020-06-17,132.01929252,sz.000858,五粮液,-0.0114155251141554,-0.0114811823739564,134.17557375400003,131.431523794,116.80731844133334,0.3546608598159129,0.0375141868304867,2020-06,0
2020-06-18,134.11967644,sz.000858,五粮液,0.0159096741082884,0.0157844417674214,133.885924036,131.71439808,117.5109752855,0.357980833404023,0.0479217064807043,2020-06,0
2020-06-19,140.22603453,sz.000858,五粮液,0.0455291740338468,0.0445231438815896,134.575324242,132.617224394,118.37286669783336,0.3344958073907468,0.1424355851559011,2020-06,0
2020-06-22,139.908442,sz.000858,五粮液,-0.0022648613794469,-0.0022674300571798,135.963442042,133.38644795049998,119.165380607,0.3328519288595928,0.1208986267227281,2020-06,0
2020-06-23,144.18294532,sz.000858,五粮液,0.0305521472392635,0.0300947238907185,138.09127816199998,134.336366442,119.95926459566664,0.3439859573041902,0.1461457341741931,2020-06,0
2020-06-24,144.72369574,sz.000858,五粮液,0.0037504464817241,0.0037434310924083,140.632158806,135.383194097,120.7637137945,0.3373750188520867,0.1610591601566276,2020-06,0
2020-06-29,143.770945,sz.000858,五粮液,-0.0065832394282664,-0.0066050045247681,142.56241251800003,136.382384215,121.52518208633334,0.340256162294309,0.1544759207283612,2020-06,0
2020-06-30,146.87811408,sz.000858,五粮液,0.0216119402985073,0.0213817135090289,143.892828428,137.450546029,122.3748544765,0.3431883484144209,0.16213055396611328,2020-06,0
2020-07-01,156.19962132,sz.000858,五粮液,0.0634642356241235,0.0615317261543946,147.151064292,138.5448035895,123.3520778185,0.3277310785156915,0.1554868273770114,2020-07,0
2020-07-02,162.64570966,sz.000858,五粮液,0.0412682712385976,0.0404394617529784,150.84361715999998,139.95374320599998,124.43955906283333,0.347324141881344,0.1956200964086603,2020-07,0
2020-07-03,161.98479248,sz.000858,五粮液,-0.0040635389730327,-0.0040718175821034,154.295836508,141.352080582,125.48511211233333,0.3476968834140441,0.19489471955693508,2020-07,0
2020-07-06,165.50396188,sz.000858,五粮液,0.0217253073336158,0.0214926761368146,158.642439884,142.9005450935,126.58465987566666,0.3494638137636095,0.21276512294717367,2020-07,0
2020-07-07,173.28905126,sz.000858,五粮液,0.0470386889326834,0.0459658833858982,163.92462731999998,144.785754476,127.720514629,0.3722518156828841,0.2519977054901812,2020-07,0
2020-07-08,174.55080224,sz.000858,五粮液,0.0072811927287135,0.0072548128190113,167.594863504,146.7120312535,128.86130691433334,0.3711817605991961,0.2560307253161527,2020-07,0
2020-07-09,174.85980248,sz.000858,五粮液,0.0017702596380804,0.0017686945752601,170.037682068,148.56906514300002,130.01148384866667,0.3732460202460602,0.2453484602048402,2020-07,0
2020-07-10,177.675138,sz.000858,五粮液,0.016100530139407,0.0159722912489652,173.17575117200002,150.56983006000002,131.18684519733333,0.3703886226446585,0.261879468174639,2020-07,0
2020-07-13,187.2884788,sz.000858,五粮液,0.0541062801932368,0.0526932801336014,177.532654556,153.15585774849998,132.54388442733332,0.3817020364512618,0.3311820077501816,2020-07,0
2020-07-14,189.6059806,sz.000858,五粮液,0.0123739688359303,0.012298037027101,180.796040424,155.7972051035,133.89085026983332,0.3809851344721686,0.3346223850324167,2020-07,0
2020-07-15,192.2238993,sz.000858,五粮液,0.0138071525577183,0.0137127022272375,184.330659836,158.7600074185,135.28907045166667,0.343125356463246,0.3762933146799183,2020-07,0
2020-07-16,173.00580104,sz.000858,五粮液,-0.0999776735878544,-0.1053357088409117,183.959859548,160.7331092345,136.39253802066665,0.5430488452401555,0.2719844309009809,2020-07,0
2020-07-17,176.29322026,sz.000858,五粮液,0.0190017860686644,0.01882350700516,183.683476,162.9468056215,137.51240179533335,0.535141431136014,0.3024017420838007,2020-07,0
2020-07-20,173.10880112,sz.000858,五粮液,-0.0180631968450264,-0.0182283279378928,180.847540464,164.8962618555,138.57227533083332,0.5479116354619826,0.2684288711304859,2020-07,0
2020-07-21,176.45630372,sz.000858,五粮液,0.019337564458548,0.0191529697051114,178.217605088,166.707775315,139.72802854900002,0.5352974657935938,0.2422372615551871,2020-07,0
2020-07-22,179.3059726,sz.000858,五粮液,0.0161494308784901,0.0160204159777442,175.634019748,168.677651845,140.87721394733336,0.5327225917576073,0.2606515538131241,2020-07,0
2020-07-23,180.31022338,sz.000858,五粮液,0.0056007659167065,0.0055851399450689,177.09490421599995,170.484015748,142.03198562683335,0.5291900542029947,0.2357001724905671,2020-07,0
2020-07-24,172.85988426,sz.000858,五粮液,-0.0413195601466177,-0.0421974818888191,176.408237016,171.890825174,143.0582091878333,0.5614643470692721,0.1906301658622253,2020-07,0
2020-07-27,175.1859694,sz.000858,五粮液,0.0134564774815035,0.0133667431970292,176.823670672,173.46157639400002,144.1048507061667,0.5583332113579307,0.2106698827719952,2020-07,0
2020-07-28,183.683476,sz.000858,五粮液,0.0485056344928955,0.0473659452060523,178.269105128,175.30184448999998,145.20418978950002,0.5733693804662169,0.2375635769663834,2020-07,0
2020-07-29,184.52464332,sz.000858,五粮液,0.0045794392523363,0.0045689855230659,179.312839272,176.71809559,146.36695251983335,0.5402450168986308,0.17867878059459621,2020-07,0
2020-07-30,185.67481088,sz.000858,五粮液,0.0062331379663225,0.0062137923096818,180.385756772,177.869550651,147.545073529,0.5265744699977578,0.1436436473223211,2020-07,0
2020-07-31,186.687645,sz.000858,五粮液,0.0054548816568047,0.0054400576741395,183.15130892,179.104693277,148.7056333275,0.5249598268792632,0.15316206795215853,2020-07,0
2020-08-03,186.87647848,sz.000858,五粮液,0.0010114942528736,0.0010109830372605,185.489410736,180.173319107,149.81711306233333,0.5227424028019003,0.13244825487141632,2020-08,0
2020-08-04,185.2284772,sz.000858,五粮液,-0.0088186661767408,-0.0088577807419651,185.798410976,180.770290404,150.88715178066664,0.5026806041260911,0.07659089976199213,2020-08,0
2020-08-05,186.67047832,sz.000858,五粮液,0.0077849860982392,0.0077548394536858,186.227577976,181.376274208,151.99604510849997,0.5027296637461607,0.0770946931315178,2020-08,0
2020-08-06,181.12564068,sz.000858,五粮液,-0.0297038808166267,-0.0301539765637737,185.317743936,181.689566118,152.99770321816666,0.5166810036256259,0.04562055267681071,2020-08,0
2020-08-07,177.89830484,sz.000858,五粮液,-0.0178182162828167,-0.0179788719578747,183.559875904,181.70072446,153.90181439883332,0.5186727041495104,0.011701806254587013,2020-08,0
2020-08-10,176.76530396,sz.000858,五粮液,-0.0063688121200424,-0.0063891795274666,181.537641,181.174565718,154.78280758649998,0.4787952176913589,-0.04877328605869219,2020-08,0
2020-08-11,179.391806,sz.000858,五粮液,0.0148586967077788,0.0147493877362061,180.37030676,180.663856988,155.72282053016667,0.4798947404848506,-0.04628855818684369,2020-08,0
2020-08-12,177.22022098,sz.000858,五粮液,-0.0121052631578948,-0.0121791285680231,178.48025529199998,179.913673072,156.5423709546667,0.4771560844842889,-0.07220097390245679,2020-08,0
2020-08-13,177.5893046,sz.000858,五粮液,0.0020826270160314,0.0020804613547094,177.772988076,180.14284825,157.36482621166667,0.3130956168009521,0.029859326701429004,2020-08,0
2020-08-14,182.7393086,sz.000858,五粮液,0.0289995166747221,0.0285869871479364,178.74118882800002,180.465152667,158.2811606941667,0.3223843734482754,0.039857057307486704,2020-08,0
2020-08-17,188.82489666,sz.000858,五粮液,0.0333020197275717,0.0327595188743841,181.153107368,181.250957444,159.2872057931667,0.3314338134423893,0.0912222738800848,2020-08,0
2020-08-18,189.32273038,sz.000858,五粮液,0.0026364834765215,0.0026330140506786,183.139292244,181.894278777,160.406426162,0.3268280982017229,0.0745211928980583,2020-08,0
2020-08-19,190.7218148,sz.000858,五粮液,0.0073899442353901,0.0073627723810331,185.83961100799996,182.465070887,161.50972356083335,0.3238776467674157,0.06576170625495831,2020-08,0
2020-08-20,185.77781096,sz.000858,五粮液,-0.0259225922592258,-0.026264504430995,187.47731228000004,182.738450266,162.51961081866665,0.3398290283275165,0.034238348079026,2020-08,0
2020-08-21,187.4601456,sz.000858,五粮液,0.0090556274256143,0.0090148710962153,188.42147968,183.468463333,163.58082753466667,0.299927801804045,0.08461353565125801,2020-08,0
2020-08-24,193.12515,sz.000858,五粮液,0.0302197802197801,0.02977215833367,189.281530348,184.365422363,164.73646099066667,0.3124096918539131,0.1013768383895346,2020-08,0
2020-08-25,202.2234904,sz.000858,五粮液,0.0471111111111111,0.0460350495730115,191.861682352,185.292423083,166.01493786733334,0.3098669451203716,0.0999823150077502,2020-08,0
2020-08-26,203.1247411,sz.000858,五粮液,0.0044567062818334,0.0044468045748252,194.34226761199997,186.222427972,167.16177571716665,0.309869456058707,0.0998595820372473,2020-08,0
2020-08-27,204.35215872,sz.000858,五粮液,0.0060426790619059,0.0060244952924702,198.057137164,187.156295364,168.32652974033334,0.3098600835229058,0.09966912313283069,2020-08,0
2020-08-28,206.429327,sz.000858,五粮液,0.0101646505376344,0.0101133379010889,201.850973444,188.143379464,169.533384441,0.3104056380046349,0.1043788920136604,2020-08,0
2020-08-31,206.00016,sz.000858,五粮液,-0.0020790020790021,-0.0020811662038246,204.425975444,189.09956354,170.72447591350002,0.3111541891331397,0.10128839568178469,2020-08,0
2020-09-01,202.77282416,sz.000858,五粮液,-0.0156666666666666,-0.015790685906324,204.535842196,189.976780888,171.844275256,0.3161165943828055,0.0944403951918589,2020-09,0
2020-09-02,201.70849,sz.000858,五粮液,-0.0052488994243141,-0.0052627232915081,204.252591976,190.728681472,172.9389956445,0.3178226292705823,0.0814065096693056,2020-09,0
2020-09-03,204.83282576,sz.000858,五粮液,0.0154893617021276,0.0153706260623341,204.348725384,191.914040726,174.057557329,0.2936953650256405,0.1265997521880599,2020-09,0
2020-09-04,197.60565348,sz.000858,五粮液,-0.0352832718739523,-0.0359207667195769,202.58399068,192.899408158,175.056654226,0.3182574251865495,0.10913469659692432,2020-09,0
2020-09-07,194.74740126,sz.000858,五粮液,-0.0144644253322908,-0.0145700549508681,200.333438932,193.798513023,176.04297882983334,0.3235012794034873,0.1010390833846759,2020-09,0
2020-09-08,190.49006462,sz.000858,五粮液,-0.0218608136101194,-0.0221033017014102,197.876887024,194.353425954,176.93816268183335,0.3347982174968443,0.06431957306677769,2020-09,0
2020-09-09,186.258478,sz.000858,五粮液,-0.0222142116883702,-0.0224646632941781,194.786884624,194.805338805,177.8263397651667,0.3427621485088729,0.05421062453630231,2020-09,0
2020-09-10,191.5801488,sz.000858,五粮液,0.0285714285714284,0.0281708769666962,192.136349232,195.504881015,178.79361283316666,0.3548035606046767,0.0806994260916993,2020-09,0
2020-09-11,195.59715192,sz.000858,五粮液,0.0209677419354838,0.0207509441050389,191.73464892,196.147773181,179.85324382316668,0.3483957577650667,0.072667651352461,2020-09,0
2020-09-14,197.48548672,sz.000858,五粮液,0.0096542039670002,0.0096078999204871,192.282266012,196.580802684,180.90934066116668,0.3313833782411261,0.0490198355918895,2020-09,0
2020-09-15,197.70007022,sz.000858,五粮液,0.0010865785813629,0.0010859886821321,193.72426713199997,196.999669676,181.867241256,0.3314175387486532,0.0474699306967309,2020-09,0
2020-09-16,194.00065068,sz.000858,五粮液,-0.0187122823774583,-0.0188895722828092,195.272701668,197.16361147,182.76877806733333,0.3390411887813287,0.021367704083882492,2020-09,0
2020-09-17,191.1080651,sz.000858,五粮液,-0.0149101849393858,-0.0150224591642933,195.178284928,197.430124177,183.55086339699997,0.3295336136832407,0.032380111403722496,2020-09,0
2020-09-18,197.00481968,sz.000858,五粮液,0.0308556029642936,0.0303891399053979,195.45981848,197.907357881,184.42221546266663,0.3447909671121032,0.0541800869424018,2020-09,0
2020-09-21,193.0393166,sz.000858,五粮液,-0.0201289647960961,-0.0203343127078393,194.570584456,197.903066211,185.24335498933337,0.3377562519837138,0.003831341926525598,2020-09,0
2020-09-22,191.3226486,sz.000858,五粮液,-0.0088928412627834,-0.0089326185734468,193.295100132,197.358024121,185.98409723133332,0.2896477110160637,-0.05217261044736889,2020-09,0
2020-09-23,188.24981288,sz.000858,五粮液,-0.0160610139075818,-0.0161913898559754,192.144932572,196.61427771,186.51826709066663,0.2921553146016149,-0.0726903306367841,2020-09,0
2020-09-24,185.6576442,sz.000858,五粮液,-0.013769834032464,-0.0138655175768346,191.054848392,195.679551984,186.901799333,0.2919157385008318,-0.092502843731154,2020-09,0
2020-09-25,186.4301448,sz.000858,五粮液,0.0041608876560332,0.0041522551007672,188.939913416,194.679592874,187.3092218716667,0.2886409170373288,-0.0985066066127552,2020-09,0
2020-09-28,188.94506342,sz.000858,五粮液,0.013489871086556,0.0133996928654594,188.12106278,193.826838045,187.69990689733336,0.2958769694480516,-0.0829377334471971,2020-09,0
2020-09-29,188.60172982,sz.000858,五粮液,-0.0018171080725025,-0.0018187610160643,187.576879024,193.118283328,187.95511820666667,0.2927932367171421,-0.06908817485303301,2020-09,0
2020-09-30,189.691814,sz.000858,五粮液,0.0057798206890273,0.0057631816085772,187.865279248,192.517449528,188.20746840266668,0.294508863146104,-0.0580594547396916,2020-09,1
2020-10-09,195.33106838,sz.000858,五粮液,0.0297285067873303,0.0292951818533744,189.799964084,192.042361659,188.54865616766665,0.310221159770007,-0.04382030965448891,2020-10,0
2020-10-12,207.5022445,sz.000858,五粮液,0.0623104978687876,0.0604462509622764,194.014384024,192.53719121,189.04577460933336,0.3613545118783117,0.05377346008825099,2020-10,0
2020-10-13,207.94857818,sz.000858,五粮液,0.0021509824198553,0.0021486723691626,197.815086976,193.19725005599997,189.390109599,0.3556619684542733,0.07038886784039709,2020-10,0
2020-10-14,205.4851596,sz.000858,五粮液,-0.0118462872002311,-0.0119170135786934,201.191772932,193.947004805,189.65476258233332,0.3478747938118818,0.08040339425028539,2020-10,0
2020-10-15,205.06457594,sz.000858,五粮液,-0.002046783625731,-0.0020488811499438,204.26632532,194.887309702,189.86877385966667,0.3348239327904314,0.1005708223129246,2020-10,0
2020-10-16,203.32215792,sz.000858,五粮液,-0.0084969235276882,-0.0085332281805931,205.864543228,195.474410158,190.37404647433337,0.3259920942983111,0.06350247021380799,2020-10,0
2020-10-19,202.72132412,sz.000858,五粮液,-0.0029550827423168,-0.0029594576202003,204.908359152,195.830618768,190.814514872,0.3196731562602142,0.03957964553600739,2020-10,0
2020-10-20,206.84132732,sz.000858,五粮液,0.0203234820899314,0.0201197163219948,204.68690898,196.298410798,191.376723642,0.3252651907880601,0.050248923658938585,2020-10,0
2020-10-21,207.51941118,sz.000858,五粮液,0.003278280355216,0.0032729185093991,205.093759296,196.789377846,191.89444209966663,0.325230798641369,0.05244062543279169,2020-10,0
2020-10-22,207.49366116,sz.000858,五粮液,-0.0001240848740539,-0.0001240925732188,205.57957634,197.46402837,192.36423690899997,0.3156092387252656,0.0710288229361961,2020-10,0
2020-10-23,203.10757442,sz.000858,五粮液,-0.0211384131711755,-0.0213650286443509,205.53665964,198.064003836,192.74419275966665,0.321166681355751,0.06480059470440638,2020-10,0
2020-10-26,199.65707174,sz.000858,五粮液,-0.0169885475214469,-0.0171345083651436,204.923809164,198.196616439,193.190812551,0.3113559082760092,0.016956444218665892,2020-10,0
2020-10-27,200.420989,sz.000858,五粮液,0.0038261467692704,0.0038188456871357,203.6397415,198.565700059,193.61139621099997,0.3014025066726885,0.0409115557840324,2020-10,0
2020-10-28,205.98299332,sz.000858,五粮液,0.0277516059957172,0.0273735094272907,203.332457928,199.298717295,193.983054833,0.3116574109756156,0.07755600304253299,2020-10,0
2020-10-29,214.5835,sz.000858,五粮液,0.0417534794566214,0.0409053313260036,204.750425696,200.615401651,194.48403577766663,0.3296479392452233,0.1353704964067362,2020-10,0
2020-10-30,209.7339129,sz.000858,五粮液,-0.0225999999999999,-0.0228592941460825,206.075693392,201.819215086,194.8850208113333,0.3383207724711189,0.1265403304392003,2020-10,0
2020-11-02,210.8926638,sz.000858,五粮液,0.0055248618784531,0.0055096558109697,208.322811804,203.042341036,195.28843779133337,0.3382395797117286,0.1279043046616202,2020-11,0
2020-11-03,214.9268336,sz.000858,五粮液,0.0191290191290192,0.0189483596988101,211.223980724,204.341429545,195.75594370999997,0.3403938205837813,0.13354345270408338,2020-11,0
2020-11-04,217.158502,sz.000858,五粮液,0.0103833865814695,0.0103298495015766,213.45908246,205.76926815399997,196.28811079,0.3391083155139945,0.14574394735805538,2020-11,0
2020-11-05,222.66042294,sz.000858,五粮液,0.0253359683794465,0.0250203329129281,215.074467048,207.417698601,196.88794320033332,0.3450090938703533,0.1653000950484746,2020-11,0
2020-11-06,222.5660062,sz.000858,五粮液,-0.0004240391657992,-0.0004241290958297,217.640885708,208.779445492,197.578615959,0.3366297849776185,0.13514754909534507,2020-11,0
2020-11-09,231.75018,sz.000858,五粮液,0.0412649440802159,0.040436266453756,221.812388948,209.991842267,198.47614721166664,0.2964577616970291,0.1141019953067734,2020-11,0
2020-11-10,234.1535152,sz.000858,五粮液,0.0103703703703703,0.0103169669709322,225.657725268,211.302089118,199.432617399,0.2965864714417505,0.12232138325728839,2020-11,0
2020-11-11,230.8060126,sz.000858,五粮液,-0.0142961876832844,-0.014399362694488,228.387227388,212.56813176799997,200.28952084233333,0.2986745336767629,0.11987148277423508,2020-11,0
2020-11-12,229.7330951,sz.000858,五粮液,-0.0046485682409816,-0.0046594064354286,229.80176182,213.801557726,201.164735411,0.2997443601462963,0.1172696981589845,2020-11,0
2020-11-13,227.45851,sz.000858,五粮液,-0.00990099009901,-0.0099503308531682,230.78026258,215.00837533,201.99588883433333,0.3006765212167414,0.11586563158766269,2020-11,0
2020-11-16,234.325182,sz.000858,五粮液,0.030188679245283,0.0297419691987375,231.29526298,216.58856822400003,202.855653391,0.310734902692118,0.1490093935752625,2020-11,0
2020-11-17,230.9776794,sz.000858,五粮液,-0.0142857142857143,-0.0143887374520996,230.66009582,217.795385828,203.55819977,0.3159593149517265,0.11440019719961679,2020-11,0
2020-11-18,226.35984248,sz.000858,五粮液,-0.0199925678186547,-0.0201951234877612,229.770861796,218.73740739299996,204.17548497166663,0.3288781712252695,0.0911293490257461,2020-11,0
2020-11-19,227.2010098,sz.000858,五粮液,0.0037160624905203,0.0037091749879567,229.264444736,219.722774825,204.783471555,0.3284354975420703,0.0949694963903203,2020-11,0
2020-11-20,230.43692898,sz.000858,五粮液,0.0142425387230826,0.0141420666298208,229.860128532,221.089242553,205.52779018866667,0.3151938751058557,0.1303504482845784,2020-11,0
2020-11-23,233.96468172,sz.000858,五粮液,0.0153089730696165,0.0151929731364902,229.788028476,222.80462305200004,206.30286579066663,0.3038949820342052,0.1626479688756418,2020-11,0
2020-11-24,233.28659786,sz.000858,五粮液,-0.0028982317117909,-0.0029024397178029,230.249812168,224.447903495,206.972223255,0.3060882497432868,0.1559235903945805,2020-11,0
2020-11-25,225.71609198,sz.000858,五粮液,-0.0324515250745061,-0.0329897520511634,230.121062068,225.434558428,207.36376661466664,0.3278559254403053,0.09572045932435719,2020-11,0
2020-11-26,223.66467372,sz.000858,五粮液,-0.0090884891812753,-0.0091300414556149,229.413794852,225.888617114,207.706098825,0.300338402718416,0.04487849068646051,2020-11,0
2020-11-27,225.1410082,sz.000858,五粮液,0.0066006600660064,0.0065789710980423,228.354610696,226.658971879,208.05257964966663,0.2858376312898089,0.07407915075246681,2020-11,0
2020-11-30,218.016836,sz.000858,五粮液,-0.0316431566908119,-0.0321546198542913,225.165041552,227.015180489,208.24570479966667,0.3119523719592653,0.03691113218320181,2020-11,1
2020-12-01,221.44158866,sz.000858,五粮液,0.0157086614173227,0.015586557461982,222.796039712,227.340918242,208.503061944,0.3096668663628504,0.03349077447150531,2020-12,0
2020-12-02,223.6389237,sz.000858,五粮液,0.0099228652273344,0.0098739568747049,222.380606056,227.664939327,208.8508302696667,0.3094993596305906,0.033030253117370206,2020-12,0
2020-12-03,224.56592442,sz.000858,五粮液,0.0041450777202072,0.0041365105517802,222.56085619599995,227.76021440100004,209.23178751,0.2968745770037038,0.011839362458130904,2020-12,0
2020-12-04,229.33826146,sz.000858,五粮液,0.0212513855444713,0.0210287239054479,223.400306848,228.09882716399997,209.64021143833332,0.3057288414123033,0.0335147871684014,2020-12,0
2020-12-07,231.95618016,sz.000858,五粮液,0.0114150978704292,0.0113504372470382,226.18817568,228.109127172,210.21272021633337,0.2708318754578577,0.0036649409586147,2020-12,0
2020-12-08,233.466848,sz.000858,五粮液,0.0065127294256956,0.0064916132365073,228.593227548,228.074793812,210.8580443286667,0.2692489037346034,-0.00019269998606000031,2020-12,0
2020-12-09,231.50984648,sz.000858,五粮液,-0.0083823529411765,-0.0084176824296161,230.167412104,228.109985506,211.54170735966667,0.265884324263699,0.005721134756047899,2020-12,0
2020-12-10,229.75026178,sz.000858,五粮液,-0.0076004745662168,-0.0076295053651463,231.204279576,228.11084383999997,212.26657042266663,0.2668157867793286,0.0027692284308126983,2020-12,0
2020-12-11,229.62151168,sz.000858,五粮液,-0.00056039152688,-0.0005605486048979,231.26092962,228.218993924,212.90059313733337,0.2642015932597939,0.012109827002942698,2020-12,0
2020-12-14,234.4539321,sz.000858,五粮液,0.0210451555023922,0.0208267649453897,231.760480008,228.225431429,213.54820614033332,0.2523502881741344,0.0029663032600519,2020-12,0
2020-12-15,232.4368472,sz.000858,五粮液,-0.0086033315028373,-0.0086405538036067,231.55447984799997,228.29838981899996,214.130728815,0.2488208901422076,0.008648686042928897,2020-12,0
2020-12-16,235.46676622,sz.000858,五粮液,0.0130354505169867,0.0129512202287334,232.345863796,228.753736006,214.76017374833333,0.2403371862989843,0.0416767043785703,2020-12,0
2020-12-17,238.45376854,sz.000858,五粮液,0.0126854518280901,0.0126056655257394,234.086565148,229.316373943,215.501059046,0.2432364690204428,0.05064609371614011,2020-12,0
2020-12-18,237.63835124,sz.000858,五粮液,-0.0034196033260142,-0.003425463533004,235.68993306,229.676445056,216.276563815,0.2400170530860164,0.0329839516670433,2020-12,0
2020-12-21,241.97293794,sz.000858,五粮液,0.0182402658383298,0.0180759078034943,237.193734228,230.076857867,217.02603245266667,0.2424429539512386,0.0359152444357566,2020-12,0
2020-12-22,242.37635492,sz.000858,五粮液,0.0016671987513745,0.0016658105182957,239.181635772,230.53134572000005,217.84831642466665,0.2418113893113354,0.040480674898922,2020-12,0
2020-12-23,238.86576886,sz.000858,五粮液,-0.0144840286139245,-0.0145899461421194,239.8614363,231.18882956400003,218.64070176233335,0.214729994224484,0.058448171359503594,2020-12,0
2020-12-24,236.31651688,sz.000858,五粮液,-0.0106723202414747,-0.0107296779090962,239.43398596800003,231.82142172199997,219.44181349566668,0.2159749848147712,0.056864340299304206,2020-12,0
2020-12-25,236.83151728,sz.000858,五粮液,0.0021792822896993,0.002176911098422,239.272619176,232.405947176,220.29471138033335,0.2155245287962897,0.0524429625229971,2020-12,0
2020-12-28,245.4406073,sz.000858,五粮液,0.0363511162655842,0.0357060017327397,239.96615304799997,233.777135741,221.27821908866665,0.2071260930392104,0.1204372354793932,2020-12,0
2020-12-29,241.191854,sz.000858,五粮液,-0.0173107186571078,-0.0174623010275794,239.729252864,234.76464900799996,222.14899893166665,0.2194407466767346,0.08741785540496269,2020-12,0
2020-12-30,246.23885792,sz.000858,五粮液,0.0209252669039146,0.0207093405230769,241.203870676,235.89464571900004,223.10961773333332,0.2264947415364107,0.0984202570815429,2020-12,0
2020-12-31,250.5047779,sz.000858,五粮液,0.017324316787507,0.0171759617929773,244.04152288,237.191588393,224.12316713166663,0.2306883766657207,0.1115994961488427,2020-12,0
2021-01-04,255.8264487,sz.000858,五粮液,0.0212437896179544,0.0210212860161355,247.84050916400005,238.515997755,225.13142347033332,0.2306815341387848,0.11159190022232579,2021-01,0
2021-01-05,274.64971332,sz.000858,五粮液,0.0735782586814293,0.0709972361746303,253.682330368,240.650674413,226.2505479506667,0.3339552915196049,0.17375506103332589,2021-01,0
2021-01-06,281.7910522,sz.000858,五粮液,0.0260016251015688,0.0256693306669811,261.802170008,243.066884623,227.481255851,0.3393927116210312,0.1932439567091991,2021-01,0
2021-01-07,283.25022,sz.000858,五粮液,0.0051781906792567,0.0051648299529788,269.204442424,245.653903299,228.777340191,0.3331870010795395,0.2068045003296323,2021-01,0
2021-01-08,272.091878,sz.000858,五粮液,-0.0393939393939394,-0.0401908805832453,273.521862444,247.77098411000003,229.894461892,0.3726667360782005,0.17501103550190972,2021-01,0
2021-01-11,258.5302008,sz.000858,五粮液,-0.0498422712933754,-0.0511272779515422,274.062612864,249.216418566,230.81459594,0.426208926041445,0.1257291557354143,2021-01,0
2021-01-12,266.08354,sz.000858,五粮液,0.0292164674634796,0.0287978015534536,272.34937820000005,250.797898961,231.87063287133333,0.4309227001499772,0.1339004676965017,2021-01,0
2021-01-13,262.07512022,sz.000858,五粮液,-0.0150645161290324,-0.0151791385633304,268.406191804,252.27981261200003,232.79119608633337,0.434559997417399,0.1274392830703066,2021-01,0
2021-01-14,248.4018596,sz.000858,五粮液,-0.0521730586578454,-0.053583344718478,261.436519724,252.926567281,233.4725702266667,0.4805136504213314,0.0622307738954745,2021-01,0
2021-01-15,246.9426918,sz.000858,五粮液,-0.005874222529371,-0.0058915436398812,256.40668248400004,253.351013444,234.13005407066663,0.4801251466647152,0.0436710995380134,2021-01,0
2021-01-18,244.2389397,sz.000858,五粮液,-0.010948905109489,-0.0110092855083693,253.548430264,253.681042867,234.81557682533332,0.4820306464033875,0.03614179775453861,2021-01,0
2021-01-19,241.621021,sz.000858,五粮液,-0.0107186786153575,-0.0107765374693878,248.655926464,253.66344702,235.51497597966667,0.4798923021682429,0.007182853300851309,2021-01,0
2021-01-20,244.4964399,sz.000858,五粮液,0.0119005328596801,0.0118302783466594,245.1401904,253.769451269,236.249566828,0.4816338683834056,0.01741618740915691,2021-01,0
2021-01-21,254.8822813,sz.000858,五粮液,0.0424784974548007,0.0416010485354645,246.43627474,254.570276891,237.064554961,0.4996534015554023,0.07437871347788211,2021-01,0
2021-01-22,253.68919704,sz.000858,五粮液,-0.0046809227142615,-0.0046919125414222,247.785575788,255.43891089900004,237.7163165783333,0.4978138446231602,0.08037011100509531,2021-01,0
2021-01-25,270.96746046,sz.000858,五粮液,0.0681079983759642,0.0658888575003836,253.13127994,257.14570805799997,238.73687570433333,0.5471464249926067,0.14629882709136022,2021-01,0
2021-01-26,262.46137052,sz.000858,五粮液,-0.0313915550064936,-0.0318948302883627,257.299349844,257.996746219,239.59635414966667,0.5522812146003182,0.0785561558192824,2021-01,0
2021-01-27,251.13136172,sz.000858,五粮液,-0.0431682909281182,-0.0441277555825275,258.626334208,258.493721605,240.19976295166668,0.5727187026663247,0.052698583548272,2021-01,0
2021-01-28,245.483524,sz.000858,五粮液,-0.0224895755007178,-0.0227463227300875,256.746582748,258.455954909,240.67184665166667,0.5750582543731256,0.009283741143639605,2021-01,0
2021-01-29,249.89536076,sz.000858,五粮液,0.0179720279720279,0.0178124403166621,255.987815492,258.425484052,241.125762282,0.5753146638894069,0.009931452328160506,2021-01,1
2021-02-01,250.88244486,sz.000858,五粮液,0.0039499896956791,0.0039422089688448,251.970812372,258.17828386,241.5977029263333,0.5702961678832895,-0.007362347594114792,2021-02,0
2021-02-02,261.03653608,sz.000858,五粮液,0.0404735023435629,0.0396759002548763,251.685845484,257.497624998,242.085808861,0.5235556972483423,-0.040467103931981184,2021-02,0
2021-02-03,265.0106225,sz.000858,五粮液,0.0152242535841116,0.0151095275819511,254.46169764,256.658603513,242.60009398266664,0.5172641372176856,-0.05124447544943839,2021-02,0
2021-02-04,269.1735424,sz.000858,五粮液,0.0157085020242913,0.0155864005340656,259.19970132,255.954769633,243.23955281266663,0.5206932901403055,-0.04071416410440379,2021-02,0
2021-02-05,274.46087984,sz.000858,五粮液,0.0196428571428572,0.0194524259268154,264.11280513599996,256.073219725,243.98501589166668,0.5064906376445846,0.018322632432392814,2021-02,0
2021-02-08,274.66688,sz.000858,五粮液,0.0007505629221915,0.000750281390704,268.869692164,256.880053685,244.77182205833333,0.4697491696595071,0.06891546664795972,2021-02,0
2021-02-09,282.821053,sz.000858,五粮液,0.0296875,0.0292553581487897,273.226595548,257.716929335,245.580086575,0.470094752747122,0.06938649918448012,2021-02,0
2021-02-10,294.1081451,sz.000858,五粮液,0.0399089529590288,0.0391331640892708,279.046100068,259.318580579,246.63226100333335,0.4817057799271106,0.12435996827254131,2021-02,0
2021-02-18,286.254389,sz.000858,五粮液,-0.0267036334452064,-0.0270666526761542,282.462269388,261.211207049,247.63050344533335,0.4480673942873694,0.14982939348518032,2021-02,0
2021-02-19,295.6102296,sz.000858,五粮液,0.0326836581709146,0.0321609071978974,286.69213934000004,263.644583939,248.77065710866663,0.4536810858867893,0.1883872741854659,2021-02,0
2021-02-22,268.71004204,sz.000858,五粮液,-0.0909988385598141,-0.0954089070934988,285.50077174800003,264.868139056,249.40854232633333,0.5742976703811872,0.1083373407351408,2021-02,0
2021-02-23,270.37521,sz.000858,五粮液,0.0061968951638662,0.006177773365556,283.011603148,266.30584850599996,250.01538446433335,0.5711243207873055,0.12525291451436452,2021-02,0
2021-02-24,251.56052872,sz.000858,五粮液,-0.0695873015873015,-0.0721270295338698,274.502079872,266.65905294699996,250.31994997866667,0.6306057856635154,0.04376508006738292,2021-02,0
2021-02-25,247.9726926,sz.000858,五粮液,-0.0142623174559848,-0.0143650018195736,266.845740592,266.313573512,250.69089332233335,0.614481705415891,-0.012975734843402592,2021-02,0
2021-02-26,240.33352,sz.000858,五粮液,-0.0308065074420214,-0.0312910043029398,255.790398672,265.64578966,250.96870742700003,0.6236843599894528,-0.03910131957116249,2021-02,1
2021-03-01,248.07569268,sz.000858,五粮液,0.0322142857142857,0.0317062867009348,251.6635288,264.501201271,251.35095216833332,0.5818131117849259,-0.07499503223284099,2021-03,0
2021-03-02,240.9343538,sz.000858,五粮液,-0.0287869351601965,-0.0292094065023476,245.77535756000003,263.424850435,251.73291079833336,0.5802432050760861,-0.0723904123865439,2021-03,0
2021-03-03,244.8826902,sz.000858,五粮液,0.0163876024225151,0.0162547748516175,244.439789856,263.112416859,252.123595824,0.5647070811350203,-0.01283451903591059,2021-03,0
2021-03-04,228.58292754,sz.000858,五粮液,-0.0665615141955837,-0.0688802144711168,240.56183684399997,262.267387036,252.205995888,0.6073788767845575,-0.056906457730776495,2021-03,0
2021-03-05,228.746011,sz.000858,五粮液,0.0007134542450528,0.0007131998575616,238.244335044,261.209919548,252.27566399766664,0.6026041813820613,-0.07416503145775159,2021-03,0
2021-03-08,209.862663,sz.000858,五粮液,-0.0825515947467167,-0.0861589346909725,230.60172910800003,259.158930455,251.95107069,0.6632037735292867,-0.16066661590014739,2021-03,0
2021-03-09,208.145995,sz.000858,五粮液,-0.0081799591002045,-0.0082135985373888,224.04405734799997,256.51440340100004,251.55423427066663,0.6380146355726686,-0.2093200773439148,2021-03,0
2021-03-10,216.8151684,sz.000858,五粮液,0.0416494845360824,0.0408054995388527,218.430552988,254.104630696,251.27670627733332,0.6586874152725937,-0.18289484639194398,2021-03,0
2021-03-11,227.49284336,sz.000858,五粮液,0.0492478226444972,0.0480735480752496,218.212536152,252.020595744,251.20975622533336,0.6856777489895178,-0.1493555257717381,2021-03,0
2021-03-12,226.9864263,sz.000858,五粮液,-0.0022260790824025,-0.0022285604796514,217.860619212,249.64687306700003,251.16369230066667,0.6785668641401421,-0.17122446199699778,2021-03,0
2021-03-15,215.45041734,sz.000858,五粮液,-0.0508224617129892,-0.0521594185363719,218.97817008,246.68604993400004,250.927507395,0.6937054563383348,-0.22279748663217852,2021-03,0
2021-03-16,225.23542494,sz.000858,五粮液,0.0454165172702283,0.0444153871242563,222.396056068,243.806768531,250.773865609,0.7080812439945353,-0.20706846936195017,2021-03,0
2021-03-17,226.86625954,sz.000858,五粮液,0.0072405777218855,0.0072144905872745,224.406274296,240.444674253,250.68102248133337,0.6864911541783911,-0.23973684459909347,2021-03,0
2021-03-18,232.08493026,sz.000858,五粮液,0.0230032915894216,0.0227427045492803,225.324691676,237.736201316,250.62465854866664,0.6949800078170361,-0.19002991956446547,2021-03,0
2021-03-19,223.84492386,sz.000858,五粮液,-0.0355042716076777,-0.0361498754773454,224.696391188,234.147936029,250.381177804,0.682113377065164,-0.2582178493430578,2021-03,0
2021-03-22,222.737673,sz.000858,五粮液,-0.0049465086851488,-0.0049587831531392,226.15384231999997,231.849317577,250.13283316666667,0.6167123747244644,-0.17216551946839248,2021-03,0
2021-03-23,225.0980915,sz.000858,五粮液,0.0105973025048169,0.0105415446704632,226.126375632,229.585461652,249.851585726,0.6183092199842808,-0.16776511212744177,2021-03,0
2021-03-24,223.8535072,sz.000858,五粮液,-0.0055290753098189,-0.0055444172239087,225.523825164,228.200110576,249.54287159733337,0.5744725092084951,-0.10370688584995919,2021-03,0
2021-03-25,219.71633732,sz.000858,五粮液,-0.0184815950920245,-0.0186545136248521,223.050106576,226.787292812,249.223714405,0.5755509402864456,-0.10792616348599889,2021-03,0
2021-03-26,228.2739273,sz.000858,五粮液,0.0389483553402609,0.0382090047606809,223.935907264,226.184313177,249.08967124533336,0.5878347761993127,-0.03817130070371659,2021-03,0
2021-03-29,233.54409806,sz.000858,五粮液,0.0230870464373003,0.0228245727311185,226.097192276,225.457733446,249.034880925,0.5816681470210493,-0.047298539980701985,2021-03,0
2021-03-30,234.72001564,sz.000858,五粮液,0.0050350986805836,0.0050224649614904,228.021577104,225.14701653800003,248.85620439733333,0.5736254993315915,-0.013476506139921884,2021-03,0
2021-03-31,230.01634532,sz.000858,五粮液,-0.020039493893074,-0.0202430080204737,229.25414472800003,224.403699294,248.66994591933332,0.5738288196307176,-0.04990360245551098,2021-03,0
2021-04-01,234.39384872,sz.000858,五粮液,0.0190312709903723,0.0188524416896175,232.189647008,224.694245353,248.47252909933337,0.5254793609534153,0.035689182730445024,2021-04,0
2021-04-02,244.24752304,sz.000858,五粮液,0.0420389629412627,0.0411793350901203,235.38436615600003,225.46932095499997,248.36824151833335,0.5444931215391272,0.07701469142665492,2021-04,0
2021-04-06,244.41918984,sz.000858,五粮液,0.0007028394714647,0.0007025925954727,237.559384512,227.197147297,248.17812053733337,0.4393100939828201,0.1602691256448363,2021-04,0
2021-04-07,232.4797639,sz.000858,五粮液,-0.0488481528304537,-0.0500815581317646,237.11133416399997,228.413835742,247.475288047,0.4809382635688042,0.11960093191458712,2021-04,0
2021-04-08,234.39384872,sz.000858,五粮液,0.0082333394868008,0.0081996304461716,237.986834844,229.292769758,246.68533465566668,0.4623349591275126,0.08618478686530551,2021-04,0
2021-04-09,227.7160102,sz.000858,五粮液,-0.0284898198330159,-0.0289035314063855,236.65126714,229.3039281,245.75976449233335,0.444105440557718,0.008447144387792406,2021-04,0
2021-04-12,224.01659066,sz.000858,五粮液,-0.0162457595175273,-0.0163791687312526,232.605080664,229.155436318,244.95850970333333,0.4479856233106574,-0.005572536047332394,2021-04,0
2021-04-13,225.6560086,sz.000858,五粮液,0.0073182880570137,0.0072916393233941,228.85244441599997,229.665715881,244.4106065,0.4066100822270149,0.0525682137226705,2021-04,0
2021-04-14,226.41134252,sz.000858,五粮液,0.003347280334728,0.0033416906619032,227.63876014,229.72451176,243.74940320866668,0.374008636698596,0.01049897678717021,2021-04,0
2021-04-15,219.5618372,sz.000858,五粮液,-0.0302524831298809,-0.0307195332529963,224.672357836,229.359290643,243.04084849166665,0.3884785787086303,-0.02699408406459619,2021-04,0
2021-04-16,224.7118412,sz.000858,五粮液,0.0234558248631744,0.0231849643310573,224.07152403600003,228.99063619,242.64601485166665,0.3888579699222553,-0.026541550790843395,2021-04,0
2021-04-19,228.03359378,sz.000858,五粮液,0.0147822765469822,0.0146740836190349,224.87492466,229.200069686,242.330863218,0.3707870962722486,0.02374499736381651,2021-04,0
2021-04-20,229.8189285,sz.000858,五粮液,0.007829261866225,0.0077987722330234,225.70750864,229.55413246099997,242.090529698,0.3707572682709245,0.03652076791519031,2021-04,0
2021-04-21,232.4797639,sz.000858,五粮液,0.0115779645191409,0.0115114527760496,226.921192916,229.923216081,241.938175413,0.371081176208073,0.03750142992951431,2021-04,0
2021-04-22,232.77159746,sz.000858,五粮液,0.0012553073657006,0.001254520126159,229.563144968,230.369120594,241.74276137233335,0.3700658121656343,0.04428581260503381,2021-04,0
2021-04-23,240.33352,sz.000858,五粮液,0.0324864486153617,0.0319699209391826,232.687480728,231.399979728,241.50028201733332,0.3764299747727232,0.09525385631242,2021-04,0
2021-04-26,236.04185,sz.000858,五粮液,-0.0178571428571427,-0.0180185055026782,234.289131972,231.78837586299997,241.20615956666668,0.3617259688122841,0.0384483581150164,2021-04,0
2021-04-27,241.89568788,sz.000858,五粮液,0.0247999999999999,0.0244974716003873,236.704483848,232.20595535399997,240.72163002366668,0.3631037500443441,0.040161311677716,2021-04,0
2021-04-28,245.1401904,sz.000858,五粮液,0.0134128166915052,0.0133236611984706,239.236569148,232.72696409199995,240.43294368833332,0.3652415316555848,0.0485390296886376,2021-04,0
2021-04-29,248.487693,sz.000858,五粮液,0.0136554621848739,0.0135630665476205,242.379788256,233.65053147600003,240.388882543,0.3572481070177616,0.0822339857665855,2021-04,0
2021-04-30,244.62519,sz.000858,五粮液,-0.0155440414507772,-0.0156661167443994,243.238122256,234.16209854,240.37457697633337,0.3591731316430129,0.047658673325435996,2021-04,0
2021-05-06,237.27785096,sz.000858,五粮液,-0.0300350877192983,-0.030495381045457,243.485322448,233.813614936,240.16428514633333,0.3444436492649059,-0.024415377335125,2021-05,0
2021-05-07,233.5526814,sz.000858,五粮液,-0.0156996093184776,-0.0158241534339928,241.816721152,233.270289514,239.87545575533335,0.3481298325412351,-0.040817826125067305,2021-05,0
2021-05-10,226.600176,sz.000858,五粮液,-0.029768467475193,-0.0302205426428845,238.108718272,232.97631011900003,239.30151642066667,0.3195174714886529,-0.021738140769806603,2021-05,0
2021-05-11,236.4281003,sz.000858,五粮液,0.0433712121212122,0.0424570207724094,235.696799732,233.078022698,238.82514105066667,0.3554369949111338,0.013399731864604796,2021-05,0
2021-05-12,238.19626834,sz.000858,五粮液,0.0074786712652024,0.0074508446545173,234.4110154,233.602035605,238.30885314966665,0.3388432923648841,0.049368222962823095,2021-05,0
2021-05-13,236.900184,sz.000858,五粮液,-0.0054412453605274,-0.0054561028560928,234.335482008,234.24621527199997,237.68284155233331,0.3330497174489107,0.060172737119822996,2021-05,0
2021-05-14,246.341858,sz.000858,五粮液,0.039855072463768,0.039081350042471,236.893317328,235.28050774199997,237.21075785233333,0.3577437433645418,0.0927095215265773,2021-05,0
2021-05-17,255.08828146,sz.000858,五粮液,0.0355052264808362,0.0348894491423926,242.59093842,236.714354689,236.74854499333333,0.3740478526123507,0.12486746767268549,2021-05,0
2021-05-18,257.071033,sz.000858,五粮液,0.0077728052760861,0.0077427526534904,246.71952496,238.589814479,236.13125979166668,0.3483075009129422,0.1628927560786525,2021-05,0
2021-05-19,259.89495186,sz.000858,五粮液,0.0109849749582637,0.0109250783633737,251.059261664,240.348970012,235.69193583933335,0.3438206881848608,0.1504219061737418,2021-05,0
2021-05-20,260.51295234,sz.000858,五粮液,0.0023778856633311,0.002375062967031,255.781815332,241.97293794,235.10698121833332,0.3431649378922469,0.13801751529009068,2021-05,0
2021-05-21,254.5818644,sz.000858,五粮液,-0.0227669599024744,-0.023030129182077,257.429816612,243.21108473500004,234.871511591,0.3588926224777463,0.10742129352139129,2021-05,0
2021-05-24,261.80045334,sz.000858,五粮液,0.0283546864463923,0.0279601332513475,258.772250988,244.677119207,234.72859898,0.3675765410890159,0.12419801544864269,2021-05,0
2021-05-25,277.26763202,sz.000858,五粮液,0.0590800301629454,0.057400635211432,262.811570792,246.901920935,235.15705070166663,0.4118778694390413,0.1820227382458875,2021-05,0
2021-05-26,273.808546,sz.000858,五粮液,-0.0124756214593072,-0.0125540953817668,265.59428962,248.575672235,235.58764825833333,0.4089306010957549,0.1370606681712186,2021-05,0
2021-05-27,273.10471212,sz.000858,五粮液,-0.0025705329153604,-0.0025738424077509,268.112641576,250.428815341,236.1338347936667,0.4001858278565278,0.1523472781130009,2021-05,0
2021-05-28,272.0060446,sz.000858,五粮液,-0.0040228801307435,-0.0040309936802185,271.597477616,251.934333177,236.53267399233337,0.3968362556761602,0.12352439798225749,2021-05,0
2021-05-31,270.47821008,sz.000858,五粮液,-0.0056169138529504,-0.0056327480342246,273.333028964,253.201234161,237.025071597,0.3979810398433602,0.1044946674378019,2021-05,0
2021-06-01,270.9760438,sz.000858,五粮液,0.0018405686722517,0.0018388769012954,272.07471132,254.32565170100003,237.45996082366665,0.3968696587211422,0.0926797739251797,2021-06,0
2021-06-02,267.66287456,sz.000858,五粮液,-0.0122267975926513,-0.0123021598046953,270.845577032,255.477535929,238.111293274,0.3948020098301876,0.0959970177833056,2021-06,0
2021-06-03,269.18212574,sz.000858,五粮液,0.0056759876859928,0.0056599399637005,270.061059756,257.07274966800003,238.7852285196667,0.3727447009206068,0.1317080931885967,2021-06,0
2021-06-04,270.6327102,sz.000858,五粮液,0.0053888587736361,0.005374390828064,269.786392876,258.926751108,239.79806263966665,0.3634224887718478,0.15279656128071042,2021-06,0
2021-06-07,268.58129194,sz.000858,五粮液,-0.007580082461148,-0.0076089572944977,269.407009248,261.02580690499997,240.80531758866667,0.3409715005268288,0.1749849462947554,2021-06,0
2021-06-08,255.7406153,sz.000858,五粮液,-0.0478092742322074,-0.0489899220635295,266.359923548,261.99143265500004,241.454075037,0.3705090145545859,0.08380445994133581,2021-06,0
2021-06-09,254.496031,sz.000858,五粮液,-0.0048665883537506,-0.0048784687552077,263.726554836,262.806420788,241.90412816433337,0.3716454711155962,0.07145920032238282,2021-06,0
2021-06-10,260.1181187,sz.000858,五粮液,0.0220910623946037,0.0218505899595139,261.913753428,263.967317523,242.45632303766664,0.3756170360818972,0.0989915080775139,2021-06,0
2021-06-11,258.84778438,sz.000858,五粮液,-0.0048836825606336,-0.0048956467069327,259.55676826399997,264.59261384200005,243.17961248833333,0.3533886184793225,0.05425275305311231,2021-06,0
2021-06-15,256.86503284,sz.000858,五粮液,-0.0076599131213316,-0.0076894009350879,257.213516444,264.681451411,243.70677262,0.3328848040504447,0.011087613450944507,2021-06,0
2021-06-16,250.90819488,sz.000858,五粮液,-0.0231905366570875,-0.0234636681255768,256.24703236,264.373309505,244.10747154233337,0.3419992209236377,-0.019875728482229092,2021-06,0
2021-06-17,252.53902948,sz.000858,五粮液,0.0064997263273125,0.0064786941923691,255.855632056,264.00551338599996,244.448373196,0.3402818662514442,-0.02436097711318029,2021-06,0
2021-06-18,249.775194,sz.000858,五粮液,-0.0109441914213853,-0.0110045196505732,253.787047116,263.468625469,244.880544365,0.3416975511086333,-0.03768305419789669,2021-06,0
2021-06-21,254.81361458,sz.000858,五粮液,0.0201718213058419,0.0199710653703201,252.980213156,263.480212978,245.41514339133337,0.3408850970783668,0.005255727010419608,2021-06,0
2021-06-22,257.40578326,sz.000858,五粮液,0.0101728029103649,0.010121408209063,253.08836324000004,263.260479474,245.95360492066663,0.3268322055453799,-0.012926156525607791,2021-06,0
2021-06-23,249.72369396,sz.000858,五粮液,-0.0298442762346194,-0.0302986804055597,252.851463056,261.883282571,246.3847747,0.2560657464590506,-0.10185046292317258,2021-06,0
2021-06-24,251.2343618,sz.000858,五粮液,0.0060493572557915,0.0060311333525242,252.59052952,260.754573361,246.910075108,0.2574210929696634,-0.0833254842080739,2021-06,0
2021-06-25,257.43153328,sz.000858,五粮液,0.0246668944311583,0.0243675787298165,254.121797376,259.970914419,247.39603520766664,0.2770671611069042,-0.05608805686155519,2021-06,0
2021-06-28,262.91628754,sz.000858,五粮液,0.0213056815150707,0.0210818886091301,255.742331968,259.516426566,247.885571699,0.2898808432739581,-0.030759495215740985,2021-06,0
2021-06-29,256.2556157,sz.000858,五粮液,-0.0253338121510886,-0.0256602380437851,255.512298456,258.805296847,248.2444983666667,0.3017657751138431,-0.050476393513879184,2021-06,0
2021-06-30,255.68911526,sz.000858,五粮液,-0.0022106849773908,-0.0022131321487072,256.705382716,258.04095042,248.67237786566668,0.3013309878348584,-0.05452764716352169,2021-06,0
2021-07-01,255.9551988,sz.000858,五粮液,0.0010406525898822,0.0010401114863438,257.649550116,257.45556663200006,249.03173370033332,0.2994574069881969,-0.041260196980988186,2021-07,0
2021-07-02,245.50927402,sz.000858,五粮液,-0.0408115358819585,-0.0416677019069972,255.265098264,256.271924046,249.05276288333337,0.3276601625574408,-0.08774772054893949,2021-07,0
2021-07-05,241.2776874,sz.000858,五粮液,-0.017235954270531,-0.0173862225111546,250.937378236,254.804172906,249.00040450933332,0.3285477977316657,-0.11037253359310659,2021-07,0
2021-07-06,237.9731015,sz.000858,五粮液,-0.0136961935254357,-0.0137908516820097,247.280875396,253.273763384,249.091960136,0.3297717809352225,-0.1164886446573943,2021-07,0
2021-07-07,244.27327306,sz.000858,五粮液,0.0264743011722272,0.0261299217735212,244.997706956,252.700396272,249.25661720833332,0.309106774754975,-0.04220506925295971,2021-07,0
2021-07-08,231.61284656,sz.000858,五粮液,-0.0518289469060754,-0.0532203572506028,240.129236508,251.55623705,249.32156448099997,0.3560470553304918,-0.0891674278052845,2021-07,0
2021-07-09,231.6301936,sz.000858,五粮液,7.489670913174429e-05,7.489390451326183e-05,237.353420424,250.13184079499996,249.44845786333332,0.342595673809268,-0.11118359349075645,2021-07,0
2021-07-12,234.810689,sz.000858,五粮液,0.0137309188865608,0.013637503963622,236.060020744,248.929986026,249.60103587,0.3493870106204668,-0.09256899204356205,2021-07,0
2021-07-13,239.18712,sz.000858,五粮液,0.0186381251153349,0.0184665637050267,236.302824444,248.046090384,249.81396549466663,0.3587067858591062,-0.06627095380689554,2021-07,0
2021-07-14,238.580486,sz.000858,五粮液,-0.0025362318840579,-0.0025394535685883,235.164267032,247.42970494,250.13094297466668,0.3509351299916891,-0.045616649033865954,2021-07,0
2021-07-15,243.3728946,sz.000858,五粮液,0.0200871776244095,0.0198880919032012,237.51627663999997,246.971398196,250.44196053133336,0.3586731044594184,-0.03202919773676895,2021-07,0
2021-07-16,240.5043824,sz.000858,五粮液,-0.0117864900473596,-0.0118565013902687,239.29111440000003,246.507857616,250.64980700833337,0.3589764345167937,-0.03287149636274325,2021-07,0
2021-07-19,243.4248918,sz.000858,五粮液,0.0121432689535889,0.0120701309574132,241.01395496,245.93842147699996,250.87657306333332,0.353596192763087,-0.04090004871499625,2021-07,0
2021-07-20,244.646826,sz.000858,五粮液,0.0050197586243725,0.0050072016405362,242.10589616,245.30047361399997,251.07935743166664,0.3517026852173831,-0.04605309300098866,2021-07,0
2021-07-21,243.7108764,sz.000858,五粮液,-0.0038257173219979,-0.003833054096774,243.13197424,244.999832736,251.26167874733335,0.3364757980311569,-0.02003453408836715,2021-07,0
2021-07-22,242.740262,sz.000858,五粮液,-0.0039826470379061,-0.0039905988966068,243.00544772,244.575127746,251.301791114,0.3355706509673766,-0.03006653838206475,2021-07,0
2021-07-23,235.0360102,sz.000858,五粮液,-0.0317386647625848,-0.0322532537232782,241.91177328,243.455351592,251.28502711733336,0.336955405377356,-0.08647209757580784,2021-07,0
2021-07-26,216.2563548,sz.000858,五粮液,-0.079901183584676,-0.0832742055599091,236.47806587999997,241.122354955,250.85770489933336,0.4168849423157145,-0.18767896267555456,2021-07,0
2021-07-27,200.319213,sz.000858,五粮液,-0.073695599903823,-0.0765523725486408,227.61254328,238.32553481999997,250.11068860933332,0.472994890278684,-0.23604075042828898,2021-07,0
2021-07-28,205.1116216,sz.000858,五粮液,0.0239238589660395,0.023642167374259,219.89269232,235.796660137,249.387754086,0.4888551759178538,-0.20990620648485867,2021-07,0
2021-07-29,203.699031,sz.000858,五粮液,-0.0068869359472706,-0.0069107603383538,212.08444612,233.183851747,248.705651436,0.4871810305846177,-0.21783379502201147,2021-07,0
2021-07-30,191.306365,sz.000858,五粮液,-0.060838119549032,-0.06276741798607,203.33851708,230.473706296,247.93946000333335,0.508225469502842,-0.23786037868908497,2021-07,1
2021-08-02,203.179059,sz.000858,五粮液,0.0620611551528877,0.0602115060515258,200.72305792,228.568774876,247.43323296333335,0.5712124595073075,-0.15856326926566627,2021-08,0
2021-08-03,208.032131,sz.000858,五粮液,0.0238856899125612,0.0236048894413539,202.26564152,227.071726351,247.12376554666668,0.5816611450631738,-0.12098138582766936,2021-08,0
2021-08-04,203.22239,sz.000858,五粮液,-0.0231201832951468,-0.0233916470906153,201.88779519999997,225.019182198,246.57033704166668,0.5714318846365896,-0.17057587029504334,2021-08,0
2021-08-05,196.8700654,sz.000858,五粮液,-0.0312579957356077,-0.0317569520112047,200.52200208,223.28204314000004,245.88156699266668,0.5551924025992256,-0.15000491912457564,2021-08,0
2021-08-06,195.85612,sz.000858,五粮液,-0.0051503279482325,-0.0051636366028434,201.43195308,221.49333946,245.19749925933337,0.5545562743707454,-0.1552301437819399,2021-08,0
2021-08-09,199.3312662,sz.000858,五粮液,0.0177433628318584,0.0175877869666268,200.66239452,219.71936831999997,244.413989396,0.5567971549387025,-0.1512176998366423,2021-08,0
2021-08-10,215.701718,sz.000858,五粮液,0.0821268640493892,0.0789284231346336,202.19631192,218.54509822,243.75754667166663,0.6363440433790152,-0.087728960902588,2021-08,0
2021-08-11,213.361844,sz.000858,五粮液,-0.010847730012053,-0.0109069956231932,204.22420272,217.28416612,243.02906018833335,0.6367073414575899,-0.0960404590305831,2021-08,0
2021-08-12,206.1862304,sz.000858,五粮液,-0.0336311941510966,-0.0342097310385081,206.08743571999997,215.42483291,242.13391483066664,0.6374085971328808,-0.1497588308060892,2021-08,0
2021-08-13,208.682096,sz.000858,五粮液,0.0121049092131808,0.0120322307228209,208.65263092,213.83371859,241.270067225,0.6409037197709477,-0.1258674315455488,2021-08,0
2021-08-16,208.595434,sz.000858,五粮液,-0.0004152823920264,-0.0004153686456396,210.50546448,212.0922457,240.50362671833332,0.6376542779048484,-0.1384259828911641,2021-08,0
2021-08-17,199.279269,sz.000858,五粮液,-0.0446614042376403,-0.0456894508030935,207.22097468,209.82386785,239.4616069793333,0.6495890263399111,-0.18810714575317689,2021-08,0
2021-08-18,198.45598,sz.000858,五粮液,-0.0041313328984561,-0.0041398904316931,204.23980188,207.56112303,238.14807944566667,0.6495551144118179,-0.18841276132963508,2021-08,0
2021-08-19,192.952943,sz.000858,五粮液,-0.0277292576419214,-0.0281209717865283,201.59314440000003,205.07175708,236.8004860623333,0.6523814530791937,-0.2121593719336504,2021-08,0
2021-08-20,178.8530356,sz.000858,五粮液,-0.0730743319110712,-0.0758819020801431,195.62733232,202.26260835,235.229624787,0.6857841056587828,-0.2534950390821368,2021-08,0
2021-08-23,178.5583848,sz.000858,五粮液,-0.00164744645799,-0.0016488049901837,189.61992248,200.37770985,233.67216379033337,0.6386785494444452,-0.17524130195545076,2021-08,0
2021-08-24,181.9902,sz.000858,五粮液,0.019219569015725,0.0190372060200841,186.16210868,199.4612592,232.19736362233337,0.5971996938545389,-0.08232613303590278,2021-08,0
2021-08-25,188.48985,sz.000858,五粮液,0.0357142857142858,0.0350913198112701,184.16888267999997,198.63017062,230.82259372566668,0.6059445512454339,-0.07053570628765649,2021-08,0
2021-08-26,179.5376654,sz.000858,五粮液,-0.0474942528735631,-0.0486591382709412,181.48582716,197.42210234,229.35384023966665,0.6257515882913556,-0.11114302321394898,2021-08,0
2021-08-27,178.2464016,sz.000858,五粮液,-0.0071921610271756,-0.0072181493001633,181.36450036,196.76910417,227.83824483733332,0.5908976168524516,-0.05749706469209257,2021-08,0
2021-08-30,179.39034,sz.000858,五粮液,0.0064177362893815,0.006397230307735,181.5308914,195.57966821999997,226.31753866733337,0.5406713164597675,-0.11314048355559878,2021-08,0
2021-08-31,174.7885878,sz.000858,五粮液,-0.0256521739130436,-0.0259869281163142,180.09056895999998,193.91749106,224.75432693166667,0.5333151610641315,-0.16267834738120357,2021-08,1
2021-09-01,180.0056402,sz.000858,五粮液,0.0298477862065547,0.0294110109389621,178.393727,192.75665357,223.49207734666663,0.5465522067666156,-0.10971037787950207,2021-09,0
2021-09-02,174.3899426,sz.000858,五粮液,-0.031197342448606,-0.0316943436097399,177.36418244,191.63264743,222.15697587333335,0.5465143141072597,-0.10964972459250037,2021-09,0
2021-09-03,178.4283918,sz.000858,五粮液,0.0231575808776027,0.0228935131103761,177.40058048,190.76126102,220.795480425,0.5558994241122033,-0.08134181576666517,2021-09,0
2021-09-06,183.2554652,sz.000858,五粮液,0.0270532808781387,0.0266938097157274,178.17360552,189.95747096999995,219.53560843866669,0.5616961203112191,-0.07203189772038487,2021-09,0
2021-09-07,183.6974414,sz.000858,五粮液,0.0024118036508087,0.0024088999202651,179.95537624000002,188.35725714,218.31614858133332,0.4629171332190853,-0.15174695811896535,2021-09,0
2021-09-08,180.0143064,sz.000858,五粮液,-0.020050007076473,-0.0202537362485273,179.95710948,186.68988026,217.13458377333333,0.4649248666772754,-0.16094923518338536,2021-09,0
2021-09-09,179.6763246,sz.000858,五粮液,-0.0018775274407858,-0.0018792922047057,181.01438588,185.36438497,215.92020535866664,0.455313382135927,-0.12919556847307456,2021-09,0
2021-09-10,185.196694,sz.000858,五粮液,0.0307239666232577,0.0302614355536893,182.36804632,184.19011487,214.84389702533332,0.4699439492684283,-0.11057651106299768,2021-09,0
2021-09-13,180.0749698,sz.000858,五粮液,-0.0276555919513337,-0.0280452080133132,181.73194724,182.76409166,213.59825294566664,0.4759222413930164,-0.13781682062230496,2021-09,0
2021-09-14,178.2897326,sz.000858,五粮液,-0.0099138553347127,-0.0099633248256492,180.65040548,181.71461484,212.27965210133337,0.4548637919331921,-0.10306927171937738,2021-09,0
2021-09-15,172.02407,sz.000858,五粮液,-0.0351431487872454,-0.0357755293588942,179.0523582,180.39301934,210.98465836866663,0.4670953510490188,-0.13408108760816667,2021-09,0
2021-09-16,170.72414,sz.000858,五粮液,-0.0075566750629721,-0.0075853713892565,177.26192128,179.28157919,209.64282133866664,0.460494025253697,-0.11390850502921737,2021-09,0
2021-09-17,175.013909,sz.000858,五粮液,0.0251269035532994,0.0248164132714333,175.22536427999998,179.08962286,208.26919426733335,0.3975502111683895,-0.015707269564846776,2021-09,0
2021-09-22,168.0636166,sz.000858,五粮液,-0.039712800198069,-0.0405228728012726,172.82309364,178.56488445,206.6883164183333,0.4209200412227423,-0.05377262330492577,2021-09,0
2021-09-23,168.4882604,sz.000858,五粮液,0.0025266848862992,0.0025234981847735,170.86279919999998,177.88978747000002,205.22552716333337,0.4135017948870104,-0.07046550743435157,2021-09,0
2021-09-24,173.7746424,sz.000858,五粮液,0.0313753729040222,0.0308932250023797,171.21291368,177.15402709,203.860285949,0.4082950922805103,-0.07480442024461517,2021-09,0
2021-09-27,191.1503734,sz.000858,五粮液,0.0999900259325752,0.0953011124291938,175.29816036000005,177.73466249,202.78020552566667,0.5192302375542026,0.07267985856152312,2021-09,0
2021-09-28,188.0045428,sz.000858,五粮液,-0.0164573604751326,-0.0165942872124251,177.89628712,178.22256955,201.82179333866665,0.5228216084302733,0.06341465911356611,2021-09,0
2021-09-29,189.5124616,sz.000858,五粮液,0.0080206508712086,0.007988656414727,182.18605612,178.72867563,200.95903957533335,0.5229845777437631,0.06501757369539322,2021-09,0
2021-09-30,190.1277618,sz.000858,五粮液,0.0032467532467532,0.003241493924171,186.5139564,179.49563432999997,200.161617247,0.5117413129869269,0.09391650085519002,2021-09,0
2021-10-08,197.7800164,sz.000858,五粮液,0.04024796025343,0.0394591080555641,191.3150312,180.38435313999997,199.386729636,0.5197892970672676,0.10431667490206531,2021-10,0
2021-10-11,197.416036,sz.000858,五粮液,-0.0018403295066163,-0.0018420249934518,192.56816372,181.53565781,198.81678279333337,0.5026767032829561,0.133673687844055,2021-10,0
2021-10-12,198.7506308,sz.000858,五粮液,0.0067603160667253,0.0067375675970767,194.71738132,182.55176976,198.26879008000003,0.4989049646720604,0.11727642303317762,2021-10,0
2021-10-13,207.5468238,sz.000858,五粮液,0.0442574343769075,0.0433060437156587,198.32425376,183.76633769,197.81439232666668,0.5121578171206369,0.13448057653194642,2021-10,0
2021-10-14,207.9888,sz.000858,五粮液,0.0021295252411375,0.0021272610161742,201.8964614,184.98090562,197.29442032666665,0.512190318852478,0.1341982981222752,2021-10,0
2021-10-15,203.0663984,sz.000858,五粮液,-0.0236666666666667,-0.0239512208225133,202.9537378,186.13351022,196.70251886666665,0.5148504549556773,0.13058163853208152,2021-10,0
2021-10-18,186.6006184,sz.000858,五粮液,-0.0810856947763741,-0.0845624088267214,200.79065428,186.47972491,195.75631426333337,0.6014862348166051,0.0513734711964932,2021-10,0
2021-10-19,189.7637814,sz.000858,五粮液,0.0169515140256362,0.016809440438894,198.9932844,186.70807928,194.91063758,0.5948862267767696,0.03760101859887171,2021-10,0
2021-10-20,190.6044028,sz.000858,五粮液,0.0044298305703978,0.0044200477511378,195.6048002,187.23455093,194.03029609666663,0.584570762228882,0.0696864411206032,2021-10,0
2021-10-21,191.5143538,sz.000858,五粮液,0.004774029280713,0.0047626697424252,192.30991096,187.89578199,193.14475489333333,0.5824268939164191,0.0843743257360289,2021-10,0
2021-10-22,195.0154986,sz.000858,五粮液,0.0182813701977464,0.0181162750244409,190.699731,189.04535342000003,192.33316526333337,0.565156487269655,0.13779884472102072,2021-10,0
2021-10-25,190.9683832,sz.000858,五粮液,-0.0207527885170866,-0.0209711540451388,191.57328396000003,190.05756558,191.47030061666663,0.571535600044097,0.12460273126690623,2021-10,0
2021-10-26,191.2283692,sz.000858,五粮液,0.0013614086041022,0.0013604827276441,191.86620152,190.86828859,190.74017326666663,0.5673241367535911,0.10083723631770901,2021-10,0
2021-10-27,187.18992,sz.000858,五粮液,-0.0211184627934378,-0.021344647647995,191.18330496,191.82460376,190.25573268666668,0.5514874085040837,0.11943157372234023,2021-10,0
2021-10-28,186.5746198,sz.000858,五粮液,-0.003287037037037,-0.0032924512109274,190.19535816,192.72892173,190.02665613333335,0.552354499934577,0.11361785179900401,2021-10,0
2021-10-29,187.6318962,sz.000858,五粮液,0.0056667750476102,0.005650779279054,188.71863768,193.42178442,189.73532737666665,0.5439676215717196,0.08790925394259201,2021-10,0
2021-11-01,177.6051028,sz.000858,五粮液,-0.0534386402475636,-0.0549194823807197,186.0459816,192.74452089,189.3004285733333,0.4510534379657141,-0.06551941223754679,2021-11,0
2021-11-02,174.4679384,sz.000858,五粮液,-0.0176637064506683,-0.0178215714634125,182.69389544,192.06769067,189.01978813,0.4515410763777404,-0.06672575821308248,2021-11,0
2021-11-03,172.5700406,sz.000858,五粮液,-0.0108782038545599,-0.0109378041375755,179.76991956,191.22056962,188.50963782333332,0.4502179670479736,-0.08562461293885099,2021-11,0
2021-11-04,179.2343484,sz.000858,五粮液,0.0386179882488826,0.0378909719862452,178.30186528,190.67589895,188.02967477999997,0.4748933081523581,-0.050253377936721584,2021-11,0
2021-11-05,182.2588522,sz.000858,五粮液,0.0168745769267963,0.0167337829387579,177.22725648,189.89984074,187.68028248333337,0.4537567816189682,-0.07362676126335527,2021-11,0
2021-11-08,182.8481538,sz.000858,五粮液,0.0032333222386,0.0032281062924496,178.27586668,189.17144663,187.44658395666664,0.4543867713769109,-0.06855310951813898,2021-11,0
2021-11-09,180.9242574,sz.000858,五粮液,-0.0105218256789422,-0.0105775714631682,179.56713048,188.28012796,187.19771958,0.4533873872925309,-0.08583525126380648,2021-11,0
2021-11-10,178.263734,sz.000858,五粮液,-0.0147051779470229,-0.0148143708659568,180.70586916,186.81597347,186.84659404333337,0.4164507811979221,-0.14479786358773686,2021-11,0
2021-11-11,178.9656962,sz.000858,五粮液,0.00393777345649,0.0039300407197888,180.65213872,185.36481828,186.23432701333337,0.4170394072621233,-0.1429896153723844,2021-11,0
2021-11-12,176.660487,sz.000858,五粮液,-0.0128807321679338,-0.012964408113438,179.53246568,184.04452271,185.62263773,0.4131125213950079,-0.13220368087365147,2021-11,0
2021-11-15,177.397114,sz.000858,五粮液,0.0041697326465537,0.0041610634019813,178.44225772,183.58434749,185.14281912333337,0.3062966088938734,-0.04694825345072367,2021-11,0
2021-11-16,183.72344,sz.000858,五粮液,0.0356619443087447,0.0350407820047687,179.00209424,183.28233042,184.72684152333335,0.3283398284624746,-0.028237823167615167,2021-11,0
2021-11-17,183.2987962,sz.000858,五粮液,-0.002311320754717,-0.0023139959795293,180.00910668,182.91705009,184.30523089333332,0.327620240245018,-0.03497897449272997,2021-11,0
2021-11-18,180.7942644,sz.000858,五粮液,-0.0136636565647013,-0.013757863444658,180.37482031999997,182.38104562,183.99714748333335,0.3292842032535293,-0.05341666033814427,2021-11,0
2021-11-19,184.243412,sz.000858,五粮液,0.0190777490173521,0.0188980506600225,181.89140532,181.84244129,183.76027135,0.3299677149128852,-0.052620281518538564,2021-11,0
2021-11-22,187.1639214,sz.000858,五粮液,0.0158513640639699,0.0157270432414736,183.84476679999997,181.6522182,183.66378765666664,0.3288848123402897,-0.016016128937482072,2021-11,0
2021-11-23,186.149976,sz.000858,五粮液,-0.005417419085984,-0.0054321465146114,184.330074,181.39829854,183.78540333,0.3291738410397834,-0.02279495662756827,2021-11,0
2021-11-24,194.4868604,sz.000858,五粮液,0.0447858472998137,0.0438119336020105,186.56768684,181.76314556,184.05087792333333,0.3579877388800859,0.04310935346568323,2021-11,0
2021-11-25,193.212929,sz.000858,五粮液,-0.0065502183406114,-0.0065717651632346,189.05141976,182.09506101999995,184.23792340666665,0.3588321259328769,0.039846172162108826,2021-11,0
2021-11-26,193.1349332,sz.000858,五粮液,-0.0004036779546983,-0.0004037594545777,190.829724,182.37021287,184.31534146,0.3586546001882394,0.03377571915980032,2021-11,0
2021-11-29,194.7555126,sz.000858,五粮液,0.0083909180651529,0.0083559100089932,192.34804224,183.22773336,184.56897224666668,0.293915848065559,0.09560527747251682,2021-11,0
2021-11-30,188.92316,sz.000858,五粮液,-0.0299470475681929,-0.0304046188388122,192.90267904,183.95049444,184.74691821999997,0.3091934322986058,0.08332193635499222,2021-11,0
2021-12-01,191.1417072,sz.000858,五粮液,0.011743119266055,0.0116747039264523,192.2336484,184.87907777,184.94277434,0.3049931405157413,0.10594325947560712,2021-12,0
2021-12-02,193.039605,sz.000858,五粮液,0.0099292709466811,0.0098802996353773,192.1989836,185.5693406,185.24695796,0.2793453134548915,0.07725454217340562,2021-12,0
2021-12-03,198.845959,sz.000858,五粮液,0.0300785634118967,0.0296350744899238,193.34118876,186.39869594,185.56096327333336,0.2911837827677852,0.09045852865850601,2021-12,0
2021-12-06,201.315826,sz.000858,五粮液,0.0124210067552843,0.0123444989355209,194.65325144,187.32207955,186.00972799666667,0.2924676214684175,0.09964621317519032,2021-12,0
2021-12-07,202.78908,sz.000858,五粮液,0.0073181231166596,0.0072914755813381,197.42643544,188.41532068,186.41573946666668,0.2867236298724953,0.11748616197079212,2021-12,0
2021-12-08,211.45528,sz.000858,五粮液,0.0427350427350425,0.0418471099355002,201.48915,190.07489798,186.88573638,0.3040166381230821,0.1749263826528575,2021-12,0
2021-12-09,217.52162,sz.000858,五粮液,0.028688524590164,0.0282847138385821,206.385553,192.00269417,187.44947269,0.3114287071841934,0.1996771337865315,2021-12,0
2021-12-10,214.05514,sz.000858,五粮液,-0.0159362549800797,-0.0160646025038067,209.4273892,193.87242682,188.01681991666663,0.3145770037107227,0.19662161097438563,2021-12,0
2021-12-13,216.6376676,sz.000858,五粮液,0.0120647773279352,0.0119925780340985,212.49175752,195.8344545,188.6328423,0.3139401775560564,0.20451665565576713,2021-12,0
2021-12-14,216.655,sz.000858,五粮液,8.000640051220032e-05,8.000320017083625e-05,215.26494152,197.48103250000003,189.1571474,0.3008370008256111,0.16893471774753463,2021-12,0
2021-12-15,211.281956,sz.000858,五粮液,-0.0247999999999999,-0.0251127008150752,215.23027672,198.88019049,189.67726383666667,0.3213920726549839,0.1464460385022517,2021-12,0
2021-12-16,211.02197,sz.000858,五粮液,-0.0012305168170632,-0.0012312745245267,213.93034672000005,200.39157577,190.22280112666667,0.3135591291323184,0.1588791782498898,2021-12,0
2021-12-17,203.7943592,sz.000858,五粮液,-0.0342505133470226,-0.0348508089885903,211.87819056,201.36912313,190.75230594666667,0.3440968279457925,0.10555091588551513,2021-12,0
2021-12-20,204.52232,sz.000858,五粮液,0.0035720360605544,0.0035656714915558,209.45512104,202.23704306,191.31560894666663,0.3418454598573504,0.09327158788209962,2021-12,0
2021-12-21,200.752523,sz.000858,五粮液,-0.0184322033898305,-0.0186041931629527,206.27462564,202.96717041,191.74458584666667,0.3499612417863681,0.08025680357825313,2021-12,0
2021-12-22,201.1598344,sz.000858,五粮液,0.0020289229440966,0.00202686745975,204.25020132,203.30081911,192.29618947666668,0.3150611675534026,0.037499879222536024,2021-12,0
2021-12-23,205.3976062,sz.000858,五粮液,0.021066689643288,0.020847855015405,203.12532856,203.91005297,192.91134524,0.3204705607981709,0.06511678720643542,2021-12,0
2021-12-24,209.6700428,sz.000858,五粮液,0.020800810092401,0.0205874271938896,204.30046528,204.73680845,193.50960191333337,0.326049579301755,0.08632127525353472,2021-12,0
2021-12-27,204.7043102,sz.000858,五粮液,-0.023683557906919,-0.0239685216620855,204.33686332,205.23424833,193.73550085999997,0.3402997170102511,0.05424679928146281,2021-12,0
2021-12-28,205.8915796,sz.000858,五粮液,0.0057999237966215,0.0057831689917768,205.36467464,206.08266931000003,194.03361814,0.3177042137764302,0.08999377064627723,2021-12,0
2021-12-29,195.596134,sz.000858,五粮液,-0.0500042091085107,-0.0512977250379035,204.25193456,206.30539065,194.13501268,0.3702866072560934,0.028246442271711518,2021-12,0
2021-12-30,195.42281,sz.000858,五粮液,-0.000886132033673,-0.000886524880757,202.25697532,206.4245509,194.22326348333337,0.3689750388894026,0.01743103929135742,2021-12,0
2021-12-31,192.9616092,sz.000858,五粮液,-0.0125942350332594,-0.0126742146421717,198.9152886,206.13033341,194.1429566966667,0.3550011745742983,-0.025241759153798678,2021-12,1
2022-01-04,193.7415672,sz.000858,五粮液,0.004042037186742,0.004033890100936,196.72274,205.75162047,194.08171555,0.3519505582923509,-0.03362072872234098,2022-01,0
2022-01-05,193.906225,sz.000858,五粮液,0.0008498837001253,0.0008495227534675,194.32566908,205.30747772,194.00097545333333,0.350502914337704,-0.04008896813887528,2022-01,0
2022-01-06,190.2057576,sz.000858,五粮液,-0.0190837988826816,-0.0192682449641901,193.2475938,204.2450016,193.71195768333337,0.3124725246968253,-0.10190780975659937,2022-01,0
2022-01-07,188.6285092,sz.000858,五粮液,-0.0082923273191178,-0.008326899922859,191.88873364,202.80034606,193.38928617,0.2858841825605996,-0.13888866166588118,2022-01,0
2022-01-10,186.2886352,sz.000858,五粮液,-0.0124046678305614,-0.0124822479606798,190.55413884,201.41202082,193.10965678333335,0.2846832635711754,-0.1353570745163629,2022-01,0
2022-01-11,184.9020432,sz.000858,五粮液,-0.007443245254931,-0.0074710844334768,188.78623404,199.8252396,193.08134719666668,0.2758518074824458,-0.1548650970992291,2022-01,0
2022-01-12,188.8538304,sz.000858,五粮液,0.0213723284589424,0.0211471430873885,187.77575512,198.43518112,193.06618134666667,0.2936413200446653,-0.1335727750407989,2022-01,0
2022-01-13,181.036918,sz.000858,五粮液,-0.0413913362701909,-0.0422723543986275,185.9419872,196.92292922,192.90672326666663,0.3125203928779775,-0.1501641113109899,2022-01,0
2022-01-14,179.563664,sz.000858,五粮液,-0.0081378650071805,-0.0081711581771921,184.12901816,195.35001392,192.70754510333336,0.3116406928095261,-0.15707145950110718,2022-01,0
2022-01-17,180.9849208,sz.000858,五粮液,0.0079150579150579,0.0078838981570236,183.06827528,194.209542,192.47370214,0.2999950033047196,-0.11490588823902669,2022-01,0
2022-01-18,183.2814638,sz.000858,五粮液,0.0126891400114921,0.012609307502307,182.7441594,193.14749919,192.34558681666667,0.3054466676662076,-0.10578878428808898,2022-01,0
2022-01-19,182.683496,sz.000858,五粮液,-0.0032625656059389,-0.0032678993774514,181.51009252,192.24404784,192.20317226333333,0.3015104891998879,-0.09061914650419739,2022-01,0
2022-01-20,184.7807164,sz.000858,五粮液,0.0114800759013282,0.0114146798551217,182.2588522,191.42509194,192.16301887,0.3060696835037526,-0.08116799354696577,2022-01,0
2022-01-21,188.2818612,sz.000858,五粮液,0.0189475658943814,0.0187702964832757,184.00249164,190.56930469,192.19147289333333,0.3038468175968792,-0.08328711729587238,2022-01,0
2022-01-24,186.3839634,sz.000858,五粮液,-0.0100800883733775,-0.0101312364727143,185.08230016,189.40500072,192.17067401333333,0.2896346804090131,-0.11416801576165088,2022-01,0
2022-01-25,180.5689432,sz.000858,五粮液,-0.0311991444645929,-0.0316962036558997,184.53979604,188.19823237,192.22007135333337,0.2969570492875396,-0.12168360231932478,2022-01,0
2022-01-26,178.567051,sz.000858,五粮液,-0.0110865809176425,-0.0111484950921644,183.71650704,186.83200594,192.28838989666664,0.2940290854353511,-0.13857010703358877,2022-01,0
2022-01-27,176.270508,sz.000858,五粮液,-0.0128609560786215,-0.0129443741703666,182.01446536,185.86572464,192.35006435333335,0.2477800930438146,-0.10142685400369957,2022-01,0
2022-01-28,171.9200756,sz.000858,五粮液,-0.0246804326450345,-0.0249901002966119,178.74210824000002,184.69058792,192.22815980666667,0.2566848257257262,-0.1252211546150611,2022-01,1
2022-02-07,169.5282044,sz.000858,五粮液,-0.0139126928117753,-0.0140103814555007,175.37095644,183.51891768,192.01598234333332,0.2571585078840576,-0.12653961239357697,2022-02,0
2022-02-08,164.6578,sz.000858,五粮液,-0.0287291687966464,-0.0291499297018605,172.18872779999998,182.06472932,191.71280978,0.2657978783055594,-0.15931081837696537,2022-02,0
2022-02-09,169.8401876,sz.000858,五粮液,0.0314736842105263,0.0309885410471862,170.44335512000004,180.86142745,191.52807528333332,0.2993761854053515,-0.12868701786656436,2022-02,0
2022-02-10,167.2923248,sz.000858,五粮液,-0.0150015307684459,-0.0151151918908962,168.64771848,179.71575581,191.34521846333337,0.2974328508635492,-0.12460474975232867,2022-02,0
2022-02-11,168.3582674,sz.000858,五粮液,0.0063717364276834,0.006351522733913,167.93535684,178.70224372,191.16842798333337,0.3006220546172569,-0.10994068600552749,2022-02,0
2022-02-14,171.5994262,sz.000858,五粮液,0.019251557111237,0.0190685904190139,168.3496012,177.96778326999998,191.08407697,0.311768808115755,-0.07828446106372908,2022-02,0
2022-02-15,173.150676,sz.000858,五粮液,0.0090399474774001,0.0089993317447499,170.0481764,177.38021491,191.01330300333333,0.3147699650161162,-0.06180126833139797,2022-02,0
2022-02-16,172.8126942,sz.000858,五粮液,-0.0019519519519519,-0.0019538594928529,170.64267772,176.5781581,190.83145724,0.3013299688535206,-0.08512554874229228,2022-02,0
2022-02-17,171.1054528,sz.000858,五粮液,-0.0098791434732461,-0.0099282660045772,171.40530331999997,176.08158484,190.62823485,0.2688317255887558,-0.05361335594534748,2022-02,0
2022-02-18,172.45738,sz.000858,五粮液,0.00790113452188,0.0078700840074693,172.22512584,175.72627064,190.48928677666663,0.2705365881485936,-0.03757435641628698,2022-02,0
2022-02-21,172.630704,sz.000858,五粮液,0.0010050251256281,0.0010045204260054,172.43138140000002,175.30855979999998,190.29574164333332,0.2683216364992849,-0.044484389205716776,2022-02,0
2022-02-22,167.604308,sz.000858,五粮液,-0.0291164658634538,-0.0295487621313039,171.3221078,174.52470201,189.96974808666667,0.2783513595571858,-0.08628999508066268,2022-02,0
2022-02-23,170.030844,sz.000858,五粮液,0.014477766287487,0.0143739641120687,170.76573776,173.89206941,189.70109588666668,0.2862515827234153,-0.06854966318723678,2022-02,0
2022-02-24,163.5225278,sz.000858,五粮液,-0.0382772680937818,-0.03902909033164,169.24915276000002,172.82915998,189.18502367666667,0.30571030326006,-0.11830700718234677,2022-02,0
2022-02-25,165.0737776,sz.000858,五粮液,0.0094864592718215,0.0094417453789847,167.77243228,171.6687558,188.71603782000005,0.2972319693945206,-0.12776811380490666,2022-02,0
2022-02-28,164.6578,sz.000858,五粮液,-0.0025199496010078,-0.002523130018121,166.17785148000002,170.58244763,188.24141893333336,0.2971980243530736,-0.12020797503253697,2022-02,1
2022-03-01,167.4223178,sz.000858,五粮液,0.0167894736842104,0.0166500884439764,166.14145344000002,169.92511636,187.78586568666668,0.2920256887071163,-0.07221935688373367,2022-03,0
2022-03-02,163.964504,sz.000858,五粮液,-0.0206532429214763,-0.0208695039866847,164.92818544000002,169.19498901,187.3698880866667,0.2972023575649417,-0.08178601888756748,2022-03,0
2022-03-03,157.7855034,sz.000858,五粮液,-0.0376849894291754,-0.0384134281019043,163.78078055999998,168.27073878000002,186.81395135666668,0.3191705202375771,-0.10661005223812137,2022-03,0
2022-03-04,152.8457694,sz.000858,五粮液,-0.0313066403031802,-0.0318071674336003,161.33517892,167.31702347,186.14405409666668,0.3253062556564594,-0.11323625989626707,2022-03,0
2022-03-07,143.85892,sz.000858,五粮液,-0.058796847536429,-0.0605962727257299,157.17540291999998,166.03355925,185.22760344666668,0.3755416767197452,-0.15812041462092077,2022-03,0
2022-03-08,144.075575,sz.000858,五粮液,0.0015060240963853,0.00150489117942,152.50605436,165.004448,184.27359926333332,0.3685774006132811,-0.12788522172788905,2022-03,0
2022-03-09,141.1550656,sz.000858,五粮液,-0.0202706766917292,-0.0204789461738054,147.94416668,163.5701919,183.24636569,0.3429409205817072,-0.17962958263014456,2022-03,0
2022-03-10,149.188633,sz.000858,五粮液,0.056913064833006,0.055352456422375,146.2247926,162.66500731000002,182.20858824,0.4138695234559019,-0.10771498702869267,2022-03,0
2022-03-11,148.8593174,sz.000858,五粮液,-0.0022073772872495,-0.0022098171355987,145.4275022,161.69005981,181.06421653,0.4117519637177554,-0.11629410074362558,2022-03,0
2022-03-14,144.0929074,sz.000858,五粮液,-0.0320195610409268,-0.0325433995966459,145.47429968,160.31473387,179.89817932,0.4105736003415752,-0.16756521889578938,2022-03,0
2022-03-15,136.189333,sz.000858,五粮液,-0.0548505442954231,-0.0564122098087114,143.89705128,158.46666671999998,178.55737374333333,0.4364444952041691,-0.23145571066861256,2022-03,0
2022-03-16,142.818976,sz.000858,五粮液,0.0486796054724785,0.0475318542317947,144.22983336,156.96698081,177.32677334333331,0.4854956495324226,-0.18082415324418216,2022-03,0
2022-03-17,145.8001488,sz.000858,五粮液,0.020873786407767,0.020658913919073,143.55213652000003,155.70171561,176.23540989,0.4969293989631514,-0.15007122336316905,2022-03,0
2022-03-18,145.505498,sz.000858,五粮液,-0.0020209224916785,-0.0020229673109491,142.88137264000002,154.35412150999997,175.14346869000002,0.4940898846072844,-0.15999328037672758,2022-03,0
2022-03-21,143.6076002,sz.000858,五粮液,-0.0130434782608694,-0.0131292914417926,142.7843112,152.90296632,174.14035604,0.4932098062086588,-0.17404178376322504,2022-03,0
2022-03-22,142.385666,sz.000858,五粮液,-0.0085088407458815,-0.0085452475984802,144.02357779999997,151.64203422,173.10474514,0.4872857518089042,-0.15343415864565277,2022-03,0
2022-03-23,143.8069228,sz.000858,五粮液,0.0099817407181985,0.0099322521929169,144.22116716,150.33083815999998,172.15565180333334,0.4848303732260465,-0.15793018421494126,2022-03,0
2022-03-24,139.8378032,sz.000858,五粮液,-0.0276003374713751,-0.0279883835901828,143.02869804000002,149.14660193,171.13361795,0.4773807952666178,-0.14725325359253458,2022-03,0
2022-03-25,136.2239978,sz.000858,五粮液,-0.0258428358948933,-0.0261826289058096,141.17239800000002,147.70411294000002,169.9807244766667,0.4773143323871932,-0.1825825487592494,2022-03,0
2022-03-28,131.032944,sz.000858,五粮液,-0.038106749793244,-0.0388518009947141,138.65746675999998,146.02287013999998,168.67010616333334,0.4873878253620148,-0.21816934895148557,2022-03,0
2022-03-29,129.2823716,sz.000858,五粮液,-0.0133597883597882,-0.0134498332184153,136.03680788000003,144.11587283,167.41307385333337,0.4762862780750876,-0.24831861099548416,2022-03,0
2022-03-30,136.016009,sz.000858,五粮液,0.0520847298565489,0.0507736527609452,134.47862512,142.71844808,166.24848101,0.5268958225376232,-0.17558063821745898,2022-03,0
2022-03-31,134.3780972,sz.000858,五粮液,-0.0120420516087924,-0.0121151444971494,133.38668392000002,141.54807777,165.22818039666666,0.5159866942530383,-0.149937700397076,2022-03,1
2022-04-01,138.572538,sz.000858,五粮液,0.0312137237198504,0.0307364810490956,133.85639196,140.8344162,164.28067586333333,0.5253628913661447,-0.08741733637404538,2022-04,0
2022-04-06,138.6678662,sz.000858,五粮液,0.0006879299562225,0.0006876934408746,135.3833764,140.57486351,163.37578014666667,0.4844699043719661,-0.027932558881393874,2022-04,0
2022-04-07,139.049179,sz.000858,五粮液,0.0027498281357416,0.0027460542750827,137.33673788000002,140.32354371,162.4642403433333,0.4845888461527421,-0.026688754842037577,2022-04,0
2022-04-08,139.1705058,sz.000858,五粮液,0.0008725459644749,0.0008721655175337,137.96763724000002,140.22431572,161.55197835666667,0.4794148287098607,-0.005545532185833476,2022-04,0
2022-04-11,133.1648292,sz.000858,五粮液,-0.0431533719409675,-0.0441121636339106,137.72498364,139.42312553,160.60129621666664,0.4518853402200861,-0.10561196895980698,2022-04,0
2022-04-12,142.0216856,sz.000858,五粮液,0.0665104776779903,0.0643920832391814,138.41481316,139.08124394,159.82451582333334,0.5189425154639845,-0.03689411399456717,2022-04,0
2022-04-13,140.6697584,sz.000858,五粮液,-0.00951916036124,-0.0095647571611111,138.81519160000002,138.91008649,159.06420121,0.507612417736706,-0.014393713314880372,2022-04,0
2022-04-14,148.6859934,sz.000858,五粮液,0.0569862000985705,0.055421651077775,140.74255448,139.53491951,158.46060038,0.5046571264744738,0.09744303107911323,2022-04,0
2022-04-15,147.238738,sz.000858,五粮液,-0.0097336364166228,-0.009781317917448,142.35620092,139.75590761,157.76701550666667,0.4793664910777989,0.03902978919001192,2022-04,0
2022-04-18,144.8815316,sz.000858,五粮液,-0.0160094173042968,-0.0161389524068764,144.6995414,139.70997675,157.16442573333333,0.47793283197807,0.002146585477948118,2022-04,0
2022-04-19,142.9923,sz.000858,五粮液,-0.0130398373011124,-0.0131256023704293,144.89366428,139.58431685,156.554903,0.4801788300911277,-0.008872329331485782,2022-04,0
2022-04-20,143.772258,sz.000858,五粮液,0.0054545454545453,0.0054397232958181,145.5141642,139.59254974,155.93469195333333,0.4782264962490046,0.009625694383928917,2022-04,0
2022-04-21,140.8950796,sz.000858,五粮液,-0.0200120554550933,-0.0202150088779724,143.95598144000002,139.51802042,155.22825221666665,0.4828157946115363,-0.001877520325282881,2022-04,0
2022-04-22,143.3649466,sz.000858,五粮液,0.0175298314675851,0.0173779563004983,143.18122316,139.49592161,154.57294306,0.4856401243914016,0.0056705704241037155,2022-04,0
2022-04-25,134.3261,sz.000858,五粮液,-0.0630478147857099,-0.065123027699678,141.07013683999998,139.22033645000002,153.73203278666668,0.5271598201539986,-0.029776906890231075,2022-04,0
2022-04-26,137.35927,sz.000858,五粮液,0.0225806451612904,0.0223294763980887,139.94353084,139.27710006,152.88332293333332,0.5255090498391735,0.018646574165952626,2022-04,0
2022-04-27,139.8638018,sz.000858,五粮液,0.0182334384858042,0.0180692027303956,139.1618396,139.71864295,152.10798690666667,0.5077510051165802,0.07498676244500083,2022-04,0
2022-04-28,143.728927,sz.000858,五粮液,0.0276349216184397,0.0272599693453302,139.72860908,140.44097072,151.49398663666668,0.5102755069213338,0.11598147242322872,2022-04,0
2022-04-29,140.5051006,sz.000858,五粮液,-0.0224299065420561,-0.0226852828310836,139.15663988,140.6654253,150.85962079666666,0.4887264598672565,0.04146683602462373,2022-04,0
2022-05-05,139.9937948,sz.000858,五粮液,-0.0036390550792574,-0.0036456925478275,140.29017884,140.94621018,150.25500891,0.4864122882763708,0.04986983255415873,2022-05,0
2022-05-06,136.1113372,sz.000858,五粮液,-0.0277330692088645,-0.0281248920674215,140.04059228,140.82315014,149.65819660333332,0.4852528229145479,-0.00907696037455618,2022-05,0
2022-05-09,134.1354436,sz.000858,五粮液,-0.0145167451929199,-0.0146231441044155,138.89492064,140.59652900999998,149.0683172566667,0.4877731959779657,-0.02428163552369858,2022-05,0
2022-05-10,134.6120846,sz.000858,五粮液,0.0035534306757978,0.0035471321575027,137.07155216,140.37467429,148.56755533333333,0.4878681426838366,-0.02347803298364238,2022-05,0
2022-05-11,136.5013162,sz.000858,五粮液,0.0140346359363934,0.0139370623138281,136.27079528,140.24121481,148.0119074766667,0.4908285410138852,-0.01031594301172388,2022-05,0
2022-05-12,136.9952896,sz.000858,五粮液,0.0036188178528349,0.0036122856859137,135.67109424,140.43273783,147.50695689,0.4643023952306888,0.036456246782078525,2022-05,0
2022-05-13,136.0073428,sz.000858,五粮液,-0.0072115384615384,-0.0072376673002305,135.65029536,140.13202069,146.9677748133333,0.3969325140507894,-0.03726576935745018,2022-05,0
2022-05-16,134.4820916,sz.000858,五粮液,-0.0112144768701415,-0.011277833233524,135.71962495999998,139.82263734999998,146.34915257000003,0.3974115281940611,-0.03896108586635168,2022-05,0
2022-05-17,135.322713,sz.000858,五粮液,0.0062508055161747,0.0062313502632843,135.86175064,139.15447333,145.71868652,0.3332480355732271,-0.08969648044874748,2022-05,0
2022-05-18,133.9621196,sz.000858,五粮液,-0.0100544348382964,-0.0101053220503626,135.35391132,138.49064241000002,145.07117694333334,0.3333169890586416,-0.09001727887042107,2022-05,0
2022-05-19,133.0435024,sz.000858,五粮液,-0.0068572907232501,-0.0068809099792805,134.56355388000003,137.89874095,144.43681110333333,0.3306987334158607,-0.08086515228937437,2022-05,0
2022-05-20,140.7997514,sz.000858,五粮液,0.0582985930171964,0.0566625176422144,135.52203559999998,137.78911352,143.90918396,0.3955509774868754,-0.009526721971065577,2022-05,0
2022-05-23,138.1652266,sz.000858,五粮液,-0.0187111466732318,-0.0188884149223848,136.2586626,137.50876195,143.33475933666668,0.4000210974438606,-0.033692414098842674,2022-05,0
2022-05-24,135.6866934,sz.000858,五粮液,-0.017938907357461,-0.0181017600958425,136.33145868,137.24834264,142.8027990933333,0.3988272209983989,-0.03161926600121037,2022-05,0
2022-05-25,136.449319,sz.000858,五粮液,0.0056204892380404,0.005604753223602,136.82889856000003,136.90256126,142.24310701,0.3934627442214491,-0.04352860823075507,2022-05,0
2022-05-26,136.2499964,sz.000858,五粮液,-0.0014607812003811,-0.0014618491814233,137.47019736,136.99875608,141.78856482,0.321185420590599,0.01805842535457372,2022-05,0
2022-05-27,136.882629,sz.000858,五粮液,0.0046431751685538,0.0046324288824839,136.68677288,136.97492402999998,141.31871234333332,0.3112869640723197,0.00012095536183711827,2022-05,0
2022-05-30,144.0149116,sz.000858,五粮液,0.0521050965495408,0.0507930109887409,137.85670987999998,137.18247952000002,140.97466420333333,0.3573969108609513,0.03399261342557372,2022-05,0
2022-05-31,148.538668,sz.000858,五粮液,0.0314117222289083,0.030928467926844,140.4271048,137.42296657,140.65993670666663,0.3612625056621305,0.03776941403604231,2022-05,0
2022-06-01,147.6807142,sz.000858,五粮液,-0.0057759626604433,-0.005792708044378,142.67338384,137.78174725000002,140.38854021,0.3510871417064063,0.05442335791765512,2022-06,0
2022-06-02,147.108745,sz.000858,五粮液,-0.0038730121471745,-0.0038805316804958,144.84513356000002,138.13749476,140.21059423666665,0.3511443327309659,0.05418940084973802,2022-06,0
2022-06-06,149.8732628,sz.000858,五粮液,0.0187923416789395,0.0186179470934785,147.44326031999998,138.82559104,140.16105246,0.3361634810066188,0.10071481173754201,2022-06,0
2022-06-07,150.8958744,sz.000858,五粮液,0.0068231756678616,0.0068000031518125,148.81945288,139.66361258,140.27833503333332,0.3281398520635605,0.12205473259832351,2022-06,0
2022-06-08,154.3710206,sz.000858,五粮液,0.0230300941879164,0.0227689041202968,149.9859234,140.65155938,140.44992579333336,0.3333742159724895,0.1415313961104421,2022-06,0
2022-06-09,152.5337862,sz.000858,五粮液,-0.0119014203110088,-0.0119728091985153,150.9565378,141.45318288,140.6395711366667,0.3388614131448915,0.11559533986303992,2022-06,0
2022-06-10,153.7557204,sz.000858,五粮液,0.0080109084711095,0.0079789914865625,152.28593288,142.29120442,140.71568926,0.3388485703250779,0.11998743048131452,2022-06,0
2022-06-13,149.5006162,sz.000858,五粮液,-0.0276744448202006,-0.0280645972867879,152.21140356,142.96586809,140.7263775733333,0.3567426427905047,0.09952452412265234,2022-06,0
2022-06-14,150.618556,sz.000858,五粮液,0.0074778273723263,0.0074500070256389,152.15593988,143.77269131,140.83513838333332,0.3516245385558524,0.11821682836512011,2022-06,0
2022-06-15,153.6343936,sz.000858,五粮液,0.0200230149597238,0.0198251907276273,152.00861448,144.68827534,141.12588939333332,0.355181507286105,0.13198903780866922,2022-06,0
2022-06-16,153.911712,sz.000858,五粮液,0.0018050541516243,0.0018034269991505,152.28419964,145.68575496,141.31076832666668,0.3502669543020772,0.14384852679858992,2022-06,0
2022-06-17,157.0142116,sz.000858,五粮液,0.0201576576576578,0.0199571816830722,152.93589788,146.88429042,141.49766937333334,0.3490191780502039,0.17086347517949782,2022-06,0
2022-06-20,159.0161038,sz.000858,五粮液,0.0127497516282149,0.0126691578557203,154.83899540000002,147.79510804,141.72284613666667,0.2963763379069937,0.12531463379051633,2022-06,0
2022-06-21,157.4301892,sz.000858,五粮液,-0.0099732955474411,-0.0100233620227946,156.20132204,148.75835617,141.95322262,0.2881175601198202,0.13405248491630703,2022-06,0
2022-06-22,154.3190234,sz.000858,五粮液,-0.0197621931080039,-0.0199600766608444,156.338248,149.68997267,142.15211191,0.2902505891806377,0.13222919916576412,2022-06,0
2022-06-23,156.338248,sz.000858,五粮液,0.0130847419554107,0.0129998762153002,156.82355520000002,150.68441912,142.36096733000002,0.2911205988060689,0.13969345188313442,2022-06,0
2022-06-24,160.3247,sz.000858,五粮液,0.02549889135255,0.0251792174498016,157.48565288,151.8881543,142.70241561,0.2964278938736344,0.1666531244360655,2022-06,0
2022-06-27,167.25766,sz.000858,五粮液,0.043243243243243,0.0423343638265605,159.13396411999997,153.40690585,143.2196433133333,0.3207262600977441,0.20525319251075475,2022-06,0
2022-06-28,173.020683,sz.000858,五粮液,0.0344559585492227,0.0338756446043447,162.25206287999998,154.85719441999998,143.9194389633333,0.2952979889195185,0.1876040545104366,2022-06,0
2022-06-29,168.946752,sz.000858,五粮液,-0.0235459190737328,-0.0238275539121204,165.1776086,155.87759862,144.58051196999998,0.3051870629158829,0.13264641320779552,2022-06,0
2022-06-30,177.68446683,sz.000858,五粮液,0.0517187499999998,0.0504257306629497,169.44685236599997,157.3777862515,145.27498626716667,0.3403910622700755,0.19014112586823861,2022-06,0
2022-07-01,178.625993,sz.000858,五粮液,0.0052988659436439,0.0052848763510559,173.107110966,158.9536486515,146.01245119716663,0.3371508720469097,0.19931300395905704,2022-07,0
2022-07-04,176.90132824,sz.000858,五粮液,-0.0096551724137931,-0.0097020858064505,175.03584461399998,160.3050519235,146.6512643678333,0.3423546554722184,0.17086548986632444,2022-07,0
2022-07-05,174.76309591,sz.000858,五粮液,-0.0120871468364504,-0.0121607904246364,175.38432719600002,161.49841299899998,147.25285152966666,0.350107571871901,0.15195516736201242,2022-07,0
2022-07-06,171.35776294,sz.000858,五粮液,-0.019485423694678,-0.0196777672600901,175.866529384,162.347750116,147.79132792866668,0.3576959659472232,0.10943964947941803,2022-07,0
2022-07-07,168.58598029,sz.000858,五粮液,-0.0161754133716749,-0.016307663442709,174.04683207600002,163.1503598205,148.28158583683333,0.3607578804275212,0.10516565641875192,2022-07,0
2022-07-08,169.5627037,sz.000858,五粮液,0.0057936217965446,0.0057769033124196,172.234174216,163.94070898549998,148.88821707850002,0.3606193211264268,0.10294836974418703,2022-07,0
2022-07-11,166.64133278,sz.000858,五粮液,-0.0172288531395951,-0.0173789968649665,170.182175124,164.7977448145,149.2985445315,0.3497523455129533,0.11339396142479252,2022-07,0
2022-07-12,167.18689,sz.000858,五粮液,0.0032738409546944,0.0032684936051322,168.666933942,165.62616151449998,149.74049672483335,0.3497824373475925,0.10918997500716063,2022-07,0
2022-07-13,169.9146761,sz.000858,五粮液,0.0163157894736842,0.0161841172739826,168.378316574,166.4401756395,150.0943081031667,0.3479781023628915,0.10548274952112102,2022-07,0
2022-07-14,167.30128103,sz.000858,五粮液,-0.0153806317969963,-0.015500140712974,168.12137672199998,167.10965409099998,150.42868382033333,0.3555159675901986,0.08829706357250043,2022-07,0
2022-07-15,167.0988969,sz.000858,五粮液,-0.001209698627255,-0.0012104309032545,167.628615362,167.61388835600002,150.79897324200002,0.3510289594901915,0.06692970728758763,2022-07,0
2022-07-18,164.83747423,sz.000858,五粮液,-0.013533438651922,-0.0136258503452727,167.267843652,167.90495687749998,151.1630594791667,0.3540756495360231,0.04064651700745073,2022-07,0
2022-07-19,166.2189659,sz.000858,五粮液,0.0083809320450543,0.0083460070344965,167.074258832,168.3443957125,151.5371712775,0.351808253039102,0.05900074459994613,2022-07,0
2022-07-20,166.40375141,sz.000858,五粮液,0.0011116993118052,0.0011110818317177,166.372073894,168.948632113,151.96231580766667,0.3415891973344809,0.07987463701975522,2022-07,0
2022-07-21,164.2831177,sz.000858,五粮液,-0.0127439056633706,-0.0128258057915047,165.768441228,169.345875598,152.31095199266665,0.3447611858725531,0.054045989400973916,2022-07,0
2022-07-22,163.58797221,sz.000858,五粮液,-0.0042313872522763,-0.004240364905551,165.06625629,169.5090392085,152.79864986283332,0.334692542215346,0.024315710796147624,2022-07,0
2022-07-25,165.49742248,sz.000858,五粮液,0.011672314560809,0.0116047185896883,165.19824594000002,169.42102733250002,153.26761907083335,0.2989673591613415,-0.007255217886286381,2022-07,0
2022-07-26,168.05802169,sz.000858,五粮液,0.0154721395150998,0.0153536664232489,165.566057098,169.172894267,153.73752273566666,0.2763849634780372,-0.026239036920409277,2022-07,0
2022-07-27,165.5150211,sz.000858,五粮液,-0.0151316822870306,-0.0152473343480783,165.388311036,169.001307722,154.100624304,0.268920299726798,-0.017824800133707075,2022-07,0
2022-07-28,164.65268872,sz.000858,五粮液,-0.0052099946836791,-0.0052236140310613,165.46222524,168.3497188165,154.50308410600002,0.1835929624283375,-0.07475354481738597,2022-07,0
2022-07-29,156.9796904,sz.000858,五粮液,-0.0466011115861477,-0.0477219021300144,164.140568878,167.26740368650002,154.78618236600002,0.2349576263217504,-0.12665352234717758,2022-07,0
2022-08-01,157.13807798,sz.000858,五粮液,0.0010089686098653,0.0010084599431612,162.46869997800002,166.2792411735,155.13662804566667,0.2360045303899798,-0.11598938132351917,2022-08,0
2022-08-02,154.56867946,sz.000858,五粮液,-0.0163512151416731,-0.0164863716000989,159.77083153200002,165.269520351,155.47718197666666,0.2379883073752947,-0.12025344962874188,2022-08,0
2022-08-03,153.62715329,sz.000858,五粮液,-0.0060913127632927,-0.0061099404922884,157.39325797,164.3829898685,155.79409978816668,0.2326200379160918,-0.10685933869735657,2022-08,0
2022-08-04,155.55420218,sz.000858,五粮液,0.0125436737499284,0.012465653636119,155.573560662,163.731400963,156.11164788783333,0.2371752561464886,-0.07814025157575327,2022-08,0
2022-08-05,157.66603658,sz.000858,五粮液,0.013576196402308,0.0134848655366305,155.710829898,163.13656760700002,156.4561603375,0.2429359857821172,-0.07035767696998989,2022-08,0
2022-08-08,156.54852421,sz.000858,五粮液,-0.0070878446255161,-0.0071130827227481,155.592919144,162.6319271785,156.798513361,0.2379608746078322,-0.06021666845591087,2022-08,0
2022-08-09,155.73018838,sz.000858,五粮液,-0.0052273621494015,-0.0052410726074801,155.825220928,162.0590920975,157.15264830733332,0.2368939769447791,-0.06871787156000678,2022-08,0
2022-08-10,153.107994,sz.000858,五粮液,-0.0168380607978302,-0.016981432624675,155.72138907,161.2187579925,157.44906965733333,0.2293420777290066,-0.10187172183152117,2022-08,0
2022-08-11,156.54852421,sz.000858,五粮液,0.0224712643678162,0.0222225052321552,155.920253476,160.6811201515,157.82550973416664,0.2456047900267604,-0.06401982566670868,2022-08,0
2022-08-12,157.2436697,sz.000858,五粮液,0.0044404474172332,0.004430617718698,155.83578010000002,160.18835879149998,158.22884585583333,0.2470271387098838,-0.05836967962222047,2022-08,0
2022-08-15,154.867856,sz.000858,五粮液,-0.0151091214325685,-0.0152244271272306,155.49964645799997,159.68987787999998,158.4633142658333,0.2479866208619678,-0.05994536240286698,2022-08,0
2022-08-16,154.19030913,sz.000858,五粮液,-0.0043749999999999,-0.0043845983178239,155.191670608,159.0884450415,158.73039897466666,0.2443308014751598,-0.07270129444792117,2022-08,0
2022-08-17,155.0438422,sz.000858,五粮液,0.0055355818067681,0.0055203167817513,155.578840248,158.520449581,159.05301812133334,0.2459698381575944,-0.06827741195295828,2022-08,0
2022-08-18,152.60643333,sz.000858,五粮液,-0.0157207718501702,-0.0158456537395847,154.790422072,157.93661536250002,159.32230336016667,0.2476884495863639,-0.07125427813975788,2022-08,0
2022-08-19,152.80881746,sz.000858,五粮液,0.0013261834746007,0.0013253048700047,153.90345162399998,157.39765762500002,159.59828371116663,0.2482743684786289,-0.06569670741288088,2022-08,0
2022-08-22,150.9081665,sz.000858,五粮液,-0.0124380974317632,-0.0125160980265045,153.111513724,156.668194826,159.8320426695,0.2437184687152211,-0.08980711940545308,2022-08,0
2022-08-23,147.828408,sz.000858,五粮液,-0.0204081632653061,-0.0206192872027357,151.83913349799997,155.6567141415,159.89560094283334,0.2379498563002357,-0.12568742218585896,2022-08,0
2022-08-24,147.15966044,sz.000858,五粮液,-0.0045238095238093,-0.0045340729148945,150.26229714599998,154.7389461085,159.87261748350002,0.2356871837647776,-0.11507954942263768,2022-08,0
2022-08-25,149.06911071,sz.000858,五粮液,0.0129753647452761,0.0128919058644906,149.554832622,153.959767208,159.8957574253333,0.2449035988228142,-0.09689418999368248,2022-08,0
2022-08-26,149.6762631,sz.000858,五粮液,0.0040729590933239,0.0040646870489611,148.92832174999998,153.594595843,159.93854939366665,0.1902735437198673,-0.04622011931421087,2022-08,0
2022-08-29,145.49659085,sz.000858,五粮液,-0.0279247501469724,-0.0283220599740144,147.84600662,153.01252148650002,159.86560486116664,0.2102478097517205,-0.07515383807104858,2022-08,0
2022-08-30,144.33508193,sz.000858,五粮液,-0.0079830662231629,-0.0080151015034073,147.147341406,152.50084161,159.75625832000003,0.2056477719594681,-0.06678568915253837,2022-08,0
2022-08-31,147.11566389,sz.000858,五粮液,0.019264768639883,0.0190815523251603,147.13854209599998,152.17526714000002,159.63533570816665,0.2203200202947917,-0.041429607749362676,2022-08,1
2022-09-01,143.92151436,sz.000858,五粮液,-0.0217118248699085,-0.0219509947531131,146.109022826,151.593632749,159.49179784416663,0.2237093230071036,-0.07568510636919958,2022-09,0
2022-09-02,142.40803304,sz.000858,五粮液,-0.0105160185864515,-0.0105717026369516,144.65537681400002,150.830732572,159.3026697215,0.2150922182799627,-0.09977732135795907,2022-09,0
2022-09-05,139.92662762,sz.000858,五粮液,-0.0174246169055857,-0.0175782123861525,143.54138416799998,149.9996377425,159.14310324516666,0.2195142149371888,-0.11011409363802868,2022-09,0
2022-09-06,141.25532343,sz.000858,五粮液,0.0094956609231542,0.0094508605179854,142.925432468,149.27589449500002,158.987049369,0.2258903847046439,-0.09539107056547297,2022-09,0
2022-09-07,139.85623314,sz.000858,五粮液,-0.0099046907120164,-0.0099540684792896,141.47354631800002,148.61330645200002,158.7574133613333,0.22228937787373,-0.08845770047965917,2022-09,0
2022-09-08,139.97062417,sz.000858,五粮液,0.0008179187114634,0.0008175843982357,140.68336828,147.78441145,158.52506189750002,0.1996815996327407,-0.11011104613601198,2022-09,0
2022-09-09,142.07365926,sz.000858,五粮液,0.0150248318350412,0.0149130770566003,140.616493524,147.025910928,158.2760526918333,0.2099447425693927,-0.09952666171820397,2022-09,0
2022-09-13,143.98310953,sz.000858,五粮液,0.0134398612659483,0.0133503474739348,141.427789906,146.4816736045,158.0255027873333,0.2160388870239014,-0.07097767901968717,2022-09,0
2022-09-14,142.9007944,sz.000858,五粮液,-0.0075169589928497,-0.0075453537132266,141.75688409999998,145.917197868,157.78334620733332,0.2164856554942754,-0.07411963801253699,2022-09,0
2022-09-15,144.6606564,sz.000858,五粮液,0.0123152709359606,0.012240054894502,142.71776875199998,145.398038578,157.62237342400002,0.2216014264267764,-0.06733994888334448,2022-09,0
2022-09-16,141.73928548,sz.000858,五粮液,-0.0201946472019464,-0.020401346638826,143.071501014,144.85468118550003,157.379057382,0.2254450659323406,-0.07181382423512067,2022-09,0
2022-09-19,143.44635162,sz.000858,五粮液,0.0120437049913086,0.0119717566830579,143.34603948600002,144.3865578935,157.09775157566668,0.2316692247587034,-0.06109630271841278,2022-09,0
2022-09-20,145.88376049,sz.000858,五粮液,0.0169917801496748,0.0168490345850624,143.726169678,144.135337593,156.7415199171667,0.2392874862369692,-0.03166642513697478,2022-09,0
2022-09-21,143.82472195,sz.000858,五粮液,-0.0141142409071716,-0.0142147940811541,143.91095518799995,143.93515329049998,156.2549205663333,0.2336979614964917,-0.025372502778840275,2022-09,0
2022-09-22,139.8210359,sz.000858,五粮液,-0.0278372591006423,-0.0282320596275493,142.943031088,143.5682220635,155.76949196466666,0.2519446792959449,-0.04868595235567328,2022-09,0
2022-09-23,140.02342003,sz.000858,五粮液,0.0014474512271869,0.0014464046794222,142.599857998,143.1159375295,155.14180785133334,0.2458422310171243,-0.060213865873762484,2022-09,0
2022-09-26,142.64561441,sz.000858,五粮液,0.0187268271224785,0.0185536389313893,142.439710556,142.76440509499997,154.54213487483332,0.2567052452452199,-0.045559997844607875,2022-09,0
2022-09-27,150.31861273,sz.000858,五粮液,0.0537906359879094,0.0523937928054844,143.326681004,143.005506189,154.09908961633334,0.3073121750879365,0.036155388290273933,2022-09,0
2022-09-28,149.2362976,sz.000858,五粮液,-0.0072001404905461,-0.0072261866011635,144.408996134,143.2505669725,153.67364297783334,0.3069937442601451,0.03693831402289074,2022-09,0
2022-09-29,148.27717281,sz.000858,五粮液,-0.0064268867924528,-0.0064476281453516,146.100223516,143.3086424185,153.28896647566668,0.3011504214779983,0.011246658590554933,2022-09,0
2022-09-30,148.91072313,sz.000858,五粮液,0.0042727434573617,0.0042636412075435,147.877684136,143.558102857,152.961045523,0.2895618265801785,0.037231226917825135,2022-09,0
2022-10-10,139.8210359,sz.000858,五粮液,-0.061041186550848,-0.0629836628773241,147.31276843400002,143.42875299999997,152.46535105966666,0.3641431683825984,-0.013293941046571375,2022-10,0
2022-10-11,139.54825729,sz.000858,五粮液,-0.0019509125235996,-0.0019528180321607,145.158697346,143.4098344835,152.01379980149997,0.3588005739105215,0.0021797633354147285,2022-10,0
2022-10-12,137.7971946,sz.000858,五粮液,-0.0125480799545999,-0.0126274719538068,142.870876746,143.236928042,151.52397154483333,0.3596828743107563,-0.019863977542339373,2022-10,0
2022-10-13,135.13100367,sz.000858,五粮液,-0.0193486590038314,-0.0195382944191011,140.241642918,143.00066656849998,150.94424367099998,0.3643185368605148,-0.029307945834154372,2022-10,0
2022-10-14,140.01462072,sz.000858,五粮液,0.036139871068568,0.0355021454081151,138.462422436,143.002866396,150.4894659991667,0.3880562368472682,0.0060140065229502306,2022-10,0
2022-10-17,138.72112215,sz.000858,五粮液,-0.0092383107088989,-0.0092812485546469,138.242439686,142.8352395405,150.01650308666666,0.3853941353140486,-0.01824913602098987,2022-10,0
2022-10-18,139.6450497,sz.000858,五粮液,0.006660323501427,0.0066382415412934,138.26179816799998,142.61833654900002,149.59662934449997,0.3827880570736629,-0.02502867378551117,2022-10,0
2022-10-19,135.9493395,sz.000858,五粮液,-0.0264650283553873,-0.026821531194563,137.89222714800002,142.270763804,149.09213557116666,0.3926826454555653,-0.043976743148048766,2022-10,0
2022-10-20,135.64136365,sz.000858,五粮液,-0.0022653721682849,-0.0022679420056409,137.994299144,141.8197991665,148.5794291085,0.3889276624219083,-0.05855738625229427,2022-10,0
2022-10-21,133.88150165,sz.000858,五粮液,-0.0129743756081738,-0.0130592779891792,136.76767533000003,141.426909975,148.07273550766666,0.3855055591751239,-0.05133711465852167,2022-10,0
2022-10-24,126.03251713,sz.000858,五粮液,-0.0586263555701609,-0.0604151465512062,134.229954326,140.5562182505,147.44681125633332,0.4291304979016057,-0.12200717521999116,2022-10,0
2022-10-25,125.05579372,sz.000858,五粮液,-0.0077497730922293,-0.0077799586389474,131.31210313,139.514819912,146.77278411033333,0.4203695773469517,-0.14674872846189527,2022-10,0
2022-10-26,126.1821054,sz.000858,五粮液,0.0090064734027581,0.0089661570126935,129.35865631,138.6326890845,146.07485217216666,0.4234263419422629,-0.12362801415196556,2022-10,0
2022-10-27,120.6385401,sz.000858,五粮液,-0.0439330543933054,-0.0449273415972512,126.3580916,137.6735642945,145.32691082216667,0.437950270205939,-0.13972380944462864,2022-10,0
2022-10-28,120.9905125,sz.000858,五粮液,0.0029175784099197,0.0029133305383573,123.77989377,136.721918918,144.5992078851667,0.4383566566606179,-0.13825368226189585,2022-10,0
2022-10-31,117.4707885,sz.000858,五粮液,-0.029090909090909,-0.0295224392663217,122.067548044,135.4631776225,143.9407261868333,0.4341025538536766,-0.18607141847528336,2022-10,0
2022-11-01,125.46056198,sz.000858,五粮液,0.0680149812734081,0.065801767849178,122.148501696,134.220275085,143.41276758683335,0.4634663779293491,-0.17184707318978465,2022-11,0
2022-11-02,126.37569022,sz.000858,五粮液,0.0072941506522654,0.0072676769926891,122.18721866,133.07724471600002,142.94288443283332,0.4668869522538118,-0.15735278204697314,2022-11,0
2022-11-03,123.99987652,sz.000858,五粮液,-0.0187996100821612,-0.0189785692091345,122.859485944,131.8633799015,142.44909648666666,0.4684436244000373,-0.16972550533668157,2022-11,0
2022-11-04,131.98965,sz.000858,五粮液,0.0644337212602896,0.062442940623219,125.059313444,131.017326245,142.05635395033332,0.5342327420543118,-0.10956452753375366,2022-11,0
2022-11-07,132.99277134,sz.000858,五粮液,0.0075999999999998,0.0075712654963179,128.163710012,130.67591301700003,141.645132863,0.493560558539539,-0.040923340982905856,2022-11,0
2022-11-08,129.78102319,sz.000858,五粮液,-0.0241497948921528,-0.0244461827211627,129.02780225400002,130.187551312,141.199007846,0.4997550326427598,-0.06312222335145906,2022-11,0
2022-11-09,127.9419674,sz.000858,五粮液,-0.0141704522340498,-0.0142718117719921,129.34105769,129.694789952,140.73587082966668,0.500192408618272,-0.06474459563090895,2022-11,0
2022-11-10,128.25874256,sz.000858,五粮液,0.0024759284731774,0.0024728684122292,130.192830898,129.35117689650002,140.32171663900002,0.4968567811552947,-0.04292000815390015,2022-11,0
2022-11-11,132.00724862,sz.000858,五粮液,0.0292261251372119,0.028807185029842,130.196350622,128.9508082915,139.91269537916668,0.4903544186196679,-0.049833754085256254,2022-11,0
2022-11-14,132.2536293,sz.000858,五粮液,0.0018664178109584,0.0018646782174384,130.048522214,128.627433649,139.49619470583332,0.4899121234383576,-0.03872902556539896,2022-11,0
2022-11-15,135.64136365,sz.000858,五粮液,0.0256154357950764,0.0252928575732304,131.220590306,128.4272493465,139.17575316666668,0.4988622656686698,-0.01977391327174956,2022-11,0
2022-11-16,135.69415951,sz.000858,五粮液,0.0003892312682451,0.0003891555374056,132.771028728,128.414490347,138.8674840063333,0.4896959655740376,0.0070803463518828436,2022-11,0
2022-11-17,134.2774706,sz.000858,五粮液,-0.0104403086699954,-0.0104951910192084,133.97477433600002,128.3462956945,138.521377813,0.4911335954548054,-0.0010945901498276567,2022-11,0
2022-11-18,135.16620091,sz.000858,五粮液,0.0066186107470511,0.0065968039106976,134.606564794,128.4105306575,138.23070727266665,0.4892181892295963,0.01849839620539724,2022-11,0
2022-11-21,131.04812383,sz.000858,五粮液,-0.0304667664865566,-0.0309405258632777,134.3654637,128.66131099249998,137.86802904549998,0.4525955571824628,0.04665798528900154,2022-11,0
2022-11-22,132.19203413,sz.000858,五粮液,0.008728933055798,0.008691056176556,133.67559779599998,129.01812301299998,137.556093506,0.4515051592087366,0.06313669143702885,2022-11,0
2022-11-23,131.78726587,sz.000858,五粮液,-0.0030619716434799,-0.003066669070028,132.89421906799998,129.2983810365,137.28874113716665,0.4514636337785457,0.05106824639079084,2022-11,0
2022-11-24,130.06260111,sz.000858,五粮液,-0.0130867329905854,-0.0131731187803227,132.05124517,129.769584087,137.00379014833334,0.4216292260290802,0.08191456779351083,2022-11,0
2022-11-25,129.68423078,sz.000858,五粮液,-0.0029091401123062,-0.002913379885128,130.954851144,130.204270001,136.68070881616666,0.4223518425405889,0.07608784927128494,2022-11,0
2022-11-28,129.92181215,sz.000858,五粮液,0.0018319989143709,0.0018303228510783,130.729588808,130.82682118350002,136.351467967,0.4042851387823905,0.10701075727656484,2022-11,0
2022-11-29,136.43330155,sz.000858,五粮液,0.0501185235353878,0.0489030373565263,131.577842292,131.375458162,136.20041314533333,0.3711246864891492,0.08911429953854455,2022-11,0
2022-11-30,138.02597666,sz.000858,五粮液,0.0116736536601096,0.0116060422380624,132.82558445,131.95797248399998,136.09526139083334,0.3718937327846774,0.09349380254638875,2022-11,1
2022-12-01,144.82784329,sz.000858,五粮液,0.0492796123932168,0.0481038452714562,135.778632886,132.9993708225,136.0571310475,0.3928245878209637,0.16157302502176674,2022-12,0
2022-12-02,143.48154886,sz.000858,五粮液,-0.0092958259918585,-0.0093393018212118,138.538096502,133.5739657655,136.04979828916666,0.3355407568637273,0.08784347776961864,2022-12,0
2022-12-05,148.27717281,sz.000858,五粮液,0.0334232797743161,0.0328768639776862,142.209168634,134.338185839,136.14761728533333,0.3509802779344369,0.11366675754393493,2022-12,0
2022-12-06,154.3398974,sz.000858,五粮液,0.0408877811405852,0.0400739847256317,145.790487804,135.5661295495,136.38783844833333,0.3535751475875529,0.17870433357667292,2022-12,0
2022-12-07,152.82641608,sz.000858,五粮液,-0.009806157354618,-0.0098545543680463,148.75057568799997,136.8103519835,136.5806899925,0.3501149320525603,0.18306862845610475,2022-12,0
2022-12-08,153.77674156,sz.000858,五粮液,0.0062183325656379,0.0061990785131987,150.54035534200003,138.0862519335,136.8126984661667,0.3494195840245244,0.18681103254856524,2022-12,0
2022-12-09,161.26495437,sz.000858,五粮液,0.0486953536278325,0.0475468712465501,154.09703644400005,139.549137221,137.1676039695,0.3703240869384665,0.20628026103918584,2022-12,0
2022-12-12,156.93569385,sz.000858,五粮液,-0.0268456375838925,-0.0272125635248847,155.82874065200002,140.7832404485,137.415304546,0.392378700079142,0.17756820564433495,2022-12,0
2022-12-13,157.92121657,sz.000858,五粮液,0.0062797869358004,0.0062601512362846,156.545004486,141.8972330945,137.64760633,0.3874110130596727,0.15823255678505893,2022-12,0
2022-12-14,161.97769848,sz.000858,五粮液,0.0256867443026687,0.025362382685925,158.375260966,143.211410043,137.96555473133333,0.3912837061102254,0.18353006981948256,2022-12,0
2022-12-15,160.11224476,sz.000858,五粮液,-0.0115167318557147,-0.0115835630253069,159.642361606,144.503148751,138.223081204,0.3920174327490036,0.18245364663376323,2022-12,0
2022-12-16,160.60500612,sz.000858,五粮液,0.0030775994724114,0.0030728733573984,159.51037195600003,145.7750890115,138.53750988133334,0.3925186153138258,0.17891263535912355,2022-12,0
2022-12-19,158.34358345,sz.000858,五粮液,-0.0140806486960333,-0.014180721534162,159.79194987600002,147.13986199250002,138.7857970785,0.3745969835542738,0.19529875314964684,2022-12,0
2022-12-20,151.79689681,sz.000858,五粮液,-0.0413448180050014,-0.0422238287193868,158.567085924,148.1201051265,138.8843493505,0.4162835463974297,0.14522500208884745,2022-12,0
2022-12-21,153.53916019,sz.000858,五粮液,0.0114775955017101,0.0114122276044857,156.879378266,149.2076998425,139.0462566545,0.4146976567711317,0.15976456923403742,2022-12,0
2022-12-22,157.9476145,sz.000858,五粮液,0.0287122471201788,0.0283077745181949,156.446452214,150.601950512,139.34836629783334,0.413062887628185,0.20156354934480164,2022-12,0
2022-12-23,158.64275999,sz.000858,五粮液,0.0044011142061282,0.0043914576257753,156.05400298799998,152.04987697250002,139.6586886305,0.4108234008137944,0.20887380366323605,2022-12,0
2022-12-26,157.1556766,sz.000858,五粮液,-0.0093737866770203,-0.0094179971117102,155.816421618,153.411570195,139.90052300033332,0.4158339257377471,0.19766801807184484,2022-12,0
2022-12-27,159.31150755,sz.000858,五粮液,0.0137178051511757,0.0136245677692514,157.31934376599995,154.555480495,140.05040458066665,0.3882819873927036,0.16126729968763273,2022-12,0
2022-12-28,158.54596758,sz.000858,五粮液,-0.0048053024026512,-0.0048168849883562,158.32070524399998,155.58148004100002,140.205565747,0.3906486352518916,0.14478834362487195,2022-12,0
2022-12-29,157.28766625,sz.000858,五粮液,-0.0079365079365079,-0.0079681696491768,158.188715594,156.204471189,140.35574063766668,0.3606230630381913,0.08757222329514724,2022-12,0
2022-12-30,158.99473239,sz.000858,五粮液,0.0108531468531467,0.0107946741496222,158.259110074,156.9801303655,140.52380745866668,0.3575691114890663,0.10772119614015245,2022-12,0
2023-01-03,156.8037042,sz.000858,五粮液,-0.0137805080524655,-0.0138763406870304,158.188715594,157.406456935,140.80685193033332,0.3475979891378778,0.06051740831337085,2023-01,0
2023-01-04,157.17327522,sz.000858,五粮液,0.0023569023569023,0.002354129219031,157.761069128,157.548125826,141.10060222916667,0.3175416436420315,0.02198652952968794,2023-01,0
2023-01-05,166.306959,sz.000858,五粮液,0.0581121934833726,0.0564863708039024,159.31326741200002,158.222152972,141.57576496916667,0.3732394515051892,0.08990488036767855,2023-01,0
2023-01-06,167.59165826,sz.000858,五粮液,0.0077248677248678,0.0076951837062576,161.374065814,158.91289880699998,142.11677587900002,0.3733699843549496,0.09141141552690843,2023-01,0
2023-01-09,172.36088428,sz.000858,五粮液,0.0284574188806048,0.0280600280682166,164.047296192,159.46769530249998,142.6558802716667,0.3476750266873539,0.07117348077968073,2023-01,0
2023-01-10,171.79772844,sz.000858,五粮液,-0.0032673065141923,-0.0032726558151699,167.04610104,160.210797032,143.20715704316666,0.3299492025889284,0.09475181184938093,2023-01,0
2023-01-11,170.7946071,sz.000858,五粮液,-0.0058389674247079,-0.005856080843982,169.770367416,160.85446655849998,143.72631633316666,0.3319957857518804,0.08263305748887265,2023-01,0
2023-01-12,170.16985609,sz.000858,五粮液,-0.0036579082946934,-0.0036646148007574,170.542946834,161.264074439,144.29665827633335,0.3229435993893483,0.05328840489151054,2023-01,0
2023-01-13,174.73669798,sz.000858,五粮液,0.0268369615802264,0.0264831662312408,171.971954778,161.9952971,144.94824718183332,0.3292409299837459,0.09164209832745164,2023-01,0
2023-01-16,181.72335012,sz.000858,五粮液,0.0399838855876724,0.0392052184060002,173.844447946,163.05121430000003,145.745611323,0.3522624438291367,0.12854838444271263,2023-01,0
2023-01-17,178.50280266,sz.000858,五粮液,-0.0177222545031958,-0.0178811740635987,175.18546279,164.0591752605,146.62011608183332,0.3552984208740005,0.12490677863555012,2023-01,0
2023-01-18,181.0897998,sz.000858,五粮液,0.0144927536231884,0.0143887374520996,177.24450133,165.52382041,147.55401618316665,0.3082739103893666,0.18074435026373992,2023-01,0
2023-01-19,180.6498343,sz.000858,五粮液,-0.0024295432458697,-0.0024324993750613,179.340496972,166.8793541155,148.46181166483333,0.310756308079723,0.16683721151616013,2023-01,0
2023-01-20,183.65919832,sz.000858,五粮液,0.01665854846566,0.0165213168035851,181.12499704,168.1649333065,149.51215596849997,0.3031285634912551,0.15478351286164133,2023-01,0
2023-01-30,191.4729856,sz.000858,五粮液,0.0425450364124184,0.0416648741533144,183.074924136,169.806444587,150.68686385350003,0.3268667881084947,0.19292743506793153,2023-01,0
2023-01-31,183.905579,sz.000858,五粮液,-0.0395220588235294,-0.0403242630169765,184.155479404,171.14393970700002,151.79411036183333,0.3653835221126263,0.16277916292142244,2023-01,0
2023-02-01,184.83830586,sz.000858,五粮液,0.0050717703349283,0.0050589522298184,184.905180616,172.4202796225,152.78373942649998,0.3649212562526131,0.15413312810517502,2023-02,0
2023-02-02,186.99413681,sz.000858,五粮液,0.0116633342854421,0.0115958418861398,186.174041118,173.842688084,153.79404686966666,0.3621035312505453,0.17060176479326833,2023-02,0
2023-02-03,184.78551,sz.000858,五粮液,-0.0118112088842877,-0.0118815153633005,186.399303454,175.2175802715,154.807140761,0.3646924692760472,0.16672706384548852,2023-02,0
2023-02-06,177.4820827,sz.000858,五粮液,-0.0395238095238094,-0.0403260857573024,183.601122874,176.141947787,155.56534797266667,0.4020125910184519,0.11635010746853244,2023-02,0
2023-02-07,178.77558127,sz.000858,五粮液,0.0072880515617252,0.007261622049353,182.575123328,177.2405416405,156.32839480483335,0.3952901437486141,0.13741866708272313,2023-02,0
2023-02-08,175.59023105,sz.000858,五粮液,-0.0178175911798001,-0.0179782355147762,180.725508366,178.161389432,157.0918816025,0.4047200666252837,0.11724417354602074,2023-02,0
2023-02-09,182.48889009,sz.000858,五粮液,0.0392883988975194,0.0385362471305404,179.82445902199998,178.9704859865,158.00099698066666,0.3770585958134291,0.09842037896016753,2023-02,0
2023-02-10,180.1218757,sz.000858,五粮液,-0.0129707314721057,-0.0130555859580394,178.89173216199998,179.5969968585,158.86538253300003,0.3821395190147229,0.07772477976319403,2023-02,0
2023-02-13,186.8973444,sz.000858,五粮液,0.0376160234489497,0.03692579670054,180.774784502,180.3238198645,159.78021746266668,0.3912248996463112,0.08688338433153893,2023-02,0
2023-02-14,184.11676244,sz.000858,五粮液,-0.0148775894538606,-0.0149893708653734,181.84302073600003,180.9397715645,160.644603015,0.3963578593368762,0.07527310139187063,2023-02,0
2023-02-15,185.665441,sz.000858,五粮液,0.0084113936149874,0.008376214973656,183.858062726,181.6833132595,161.4783376375,0.3950042867380525,0.08952346243156592,2023-02,0
2023-02-16,185.48065549,sz.000858,五粮液,-0.0009952606635069,-0.000995756264263,184.456415806,182.4488532295,162.3081125705,0.3943896608800036,0.09218611006275243,2023-02,0
2023-02-17,183.15763765,sz.000858,五粮液,-0.0125243132975948,-0.0126034035708189,185.063568196,182.869900213,163.12278202133336,0.3896875682487373,0.05282483518493123,2023-02,0
2023-02-20,187.38130645,sz.000858,五粮液,0.0230602930578909,0.022798422728238,185.160360606,183.1527980295,163.99303378033335,0.3724261817836144,0.03590124265514972,2023-02,0
2023-02-21,184.85590448,sz.000858,五粮液,-0.0134773420990843,-0.0135689858147365,185.308189014,183.4704531205,164.8898301245,0.3697710333997446,0.040146155059261224,2023-02,0
2023-02-22,182.5856825,sz.000858,五粮液,-0.0122810357958872,-0.012357070883733,184.692237314,183.5452472555,165.729724264,0.3699938645376136,0.013372365640185619,2023-02,0
2023-02-23,180.4738481,sz.000858,五粮液,-0.0115662650602409,-0.011633674592418,183.690875836,183.5364479455,166.54116730116667,0.3724220526707298,0.004235643825814419,2023-02,0
2023-02-24,176.9541241,sz.000858,五粮液,-0.0195026816187225,-0.0196953682997285,182.450173126,183.2011942345,167.32269268433336,0.3733607430140321,-0.03192558625856808,2023-02,0
2023-02-27,180.21866811,sz.000858,五粮液,0.0184485330681254,0.0182804233196923,181.017645458,182.63847836,168.16493330650002,0.3442376723585854,-0.05602208960286107,2023-02,0
2023-02-28,179.87549502,sz.000858,五粮液,-0.0019042038962941,-0.0019060191973685,180.021563566,182.436974161,168.99749468766666,0.3157330956433699,-0.018404234675625776,2023-02,0
2023-03-01,182.48009078,sz.000858,五粮液,0.0144799921729772,0.0143761582292019,180.000445222,182.319063407,169.76494117483333,0.3198406851973452,-0.008996012837576874,2023-03,0
2023-03-02,181.47696944,sz.000858,五粮液,-0.0054971549811939,-0.0055123199392548,180.20106949,182.0432050385,170.48912438783333,0.3170088134766811,-0.026156502104212873,2023-03,0
2023-03-03,181.05460256,sz.000858,五粮液,-0.0023273855702095,-0.0023300981416227,181.021165182,181.8566596665,171.09290370899998,0.3146196478176895,-0.016672678790134673,2023-03,0
2023-03-06,180.01628398,sz.000858,五粮液,-0.0057348367029549,-0.0057513440203932,180.980688356,181.9833697305,171.70181596100002,0.280522706623228,0.017116294030719827,2023-03,0
2023-03-07,176.38216895,sz.000858,五粮液,-0.0201877016326131,-0.0203942579403453,180.282023142,181.8636991145,172.17023256333334,0.2889929633371415,-0.010359459163618473,2023-03,0
2023-03-08,175.3702483,sz.000858,五粮液,-0.005737091544026,-0.005753611869767,178.860054646,181.852699977,172.52073841166666,0.2825103096800864,0.0017210404721556263,2023-03,0
2023-03-09,174.226338,sz.000858,五粮液,-0.0065228299046662,-0.0065441965242137,177.40992835799997,181.4395723725,172.87740377699998,0.242108418257508,-0.04409018833002998,2023-03,0
2023-03-10,171.79772844,sz.000858,五粮液,-0.013939393939394,-0.0140374596755885,175.558553534,181.02336500949997,173.17775355833334,0.2427034145524116,-0.04505885079731827,2023-03,0
2023-03-13,174.7542966,sz.000858,五粮液,0.0172095881991396,0.0170631805921256,174.506156058,180.4162126195,173.40257592883333,0.2063261982067313,-0.06546528604712837,2023-03,0
2023-03-14,171.83292568,sz.000858,五粮液,-0.0167170191339376,-0.0168583255263676,173.596307404,179.8020207815,173.650863126,0.2077964037660392,-0.06730471572720538,2023-03,0
2023-03-15,169.22832992,sz.000858,五粮液,-0.0151577222449815,-0.0152737747378618,172.367923728,178.98016522749998,173.83931501516665,0.206920071527763,-0.09087383158717427,2023-03,0
2023-03-16,168.2428072,sz.000858,五粮液,-0.0058236272878535,-0.0058406507295418,171.171217568,178.118272813,173.94373349383332,0.2065313116014648,-0.09570219821152087,2023-03,0
2023-03-17,165.8669935,sz.000858,五粮液,-0.0141213389121337,-0.0142219937292353,169.98507058,177.2537406055,174.0396459728333,0.2074010036660654,-0.09729922382605977,2023-03,0
2023-03-20,163.5791729,sz.000858,五粮液,-0.0137931034482758,-0.0138891121606671,167.75004583999998,176.063633928,174.08921541916666,0.181187331237943,-0.13415262033222647,2023-03,0
2023-03-21,169.15793544,sz.000858,五粮液,0.0341043571812802,0.0335356967008151,167.215047792,175.278735476,174.26945461900002,0.2298063749971089,-0.08657092105186197,2023-03,0
2023-03-22,168.74436787,sz.000858,五粮液,-0.0024448605909279,-0.0024478541427891,167.11825538199997,174.5866697445,174.55191247000002,0.2279365715425999,-0.07673474584690267,2023-03,0
2023-03-23,171.21697398,sz.000858,五粮液,0.0146529697032904,0.0145466522618574,167.713088738,174.1238260385,174.84654269983332,0.2350341350025244,-0.050515511083371364,2023-03,0
2023-03-24,169.84428162,sz.000858,五粮液,-0.0080172679617638,-0.0080495790682916,168.508546362,173.7683339145,175.04482048516667,0.2274442547996397,-0.039030097426412676,2023-03,0
2023-03-27,167.54766171,sz.000858,五粮液,-0.0135219148274789,-0.0136141684925015,169.302244124,173.1347835945,175.19323551383332,0.2175064363151605,-0.07100054532201698,2023-03,0
2023-03-28,169.3867175,sz.000858,五粮液,0.0109763142692085,0.0109165117413504,169.34800053600003,172.61034471850002,175.39708619549998,0.2235214091937297,-0.058120027156514376,2023-03,0
2023-03-29,171.83292568,sz.000858,五粮液,0.0144415584415582,0.0143382723568655,169.96571209799998,172.0779864635,175.60577649766668,0.223481797620234,-0.058158460887933375,2023-03,0
2023-03-30,174.56951109,sz.000858,五粮液,0.0159258500614503,0.0158003642699761,170.63621952,171.73261354599998,175.87283555616665,0.2329279525242777,-0.03673545584528917,2023-03,0
2023-03-31,173.346407,sz.000858,五粮液,-0.0070064015323352,-0.0070310616166921,171.336644596,171.347203768,176.14048123533334,0.2336496922296368,-0.04141447180741487,2023-03,0
2023-04-03,171.75373189,sz.000858,五粮液,-0.0091878172588831,-0.0092302855794691,172.17785863199998,170.93407616349998,176.353131227,0.234687075317496,-0.044867452363343066,2023-04,0
2023-04-04,172.59846565,sz.000858,五粮液,0.0049182847481941,0.0049062294970422,172.820208262,170.74489099849998,176.61637725116668,0.2259857598031013,-0.019761465982535874,2023-04,0
2023-04-06,167.66205274,sz.000858,五粮液,-0.0286005607953097,-0.0290175263769282,171.986033674,170.3594812205,176.79119020983333,0.2460411896233006,-0.04262493523381958,2023-04,0
2023-04-07,166.35975486,sz.000858,五粮液,-0.0077673979216962,-0.007797721281395,170.344082428,169.9661520635,176.79207014083337,0.24637525570105,-0.043869503250849574,2023-04,0
2023-04-10,162.47925915,sz.000858,五粮液,-0.0233259282767376,-0.0236022836986661,168.170652858,169.500228599,176.706863489,0.25443178559355,-0.05325603758819318,2023-04,0
2023-04-11,158.85394343,sz.000858,五粮液,-0.0223124830760899,-0.0225651723500055,165.590695166,168.7052109405,176.48174780816666,0.2521565854460551,-0.09277810886342268,2023-04,0
2023-04-12,154.70946842,sz.000858,五粮液,-0.026089846562898,-0.026436224525534,162.01289572000002,167.84903807749998,176.19694347450002,0.2601783856334578,-0.10215093629238307,2023-04,0
2023-04-13,156.52212628,sz.000858,五粮液,0.0117165282675464,0.0116484212194632,159.78491042800002,167.2137278955,175.95906879416668,0.2638717762149505,-0.07527668577985518,2023-04,0
2023-04-14,154.50708429,sz.000858,五粮液,-0.0128738475376659,-0.0129574336712565,157.41437631399998,166.52694175000002,175.6980225975,0.2657815266718364,-0.08232690602966758,2023-04,0
2023-04-17,156.78610558,sz.000858,五粮液,0.0147502705165443,0.0146425433212585,156.2757456,166.072897354,175.3988460575,0.2710726860203181,-0.05345529660098958,2023-04,0
2023-04-18,156.90929592,sz.000858,五粮液,0.0007857223032887,0.0007854137851156,155.886816098,165.739403505,174.9852784875,0.2680633260582494,-0.03887647084942507,2023-04,0
2023-04-19,155.12303599,sz.000858,五粮液,-0.011384028712427,-0.0114493227799613,155.969529612,165.0376585325,174.59561570966667,0.2333080165479779,-0.08436485674313227,2023-04,0
2023-04-20,152.6680285,sz.000858,五粮液,-0.0158261954733678,-0.0159527669107382,155.19871005599998,164.233841564,174.12191952133335,0.2367684792861064,-0.09774619162557217,2023-04,0
2023-04-21,151.348132,sz.000858,五粮液,-0.0086455331412104,-0.0086831225734608,154.566919598,163.240399465,173.63355781633334,0.2254384551139022,-0.12104469447007297,2023-04,0
2023-04-24,147.828408,sz.000858,五粮液,-0.0232558139534883,-0.023530497410194,152.77538008200003,162.139605784,173.0363779776667,0.2335437754187649,-0.13628324046179746,2023-04,0
2023-04-25,149.4122838,sz.000858,五粮液,0.0107142857142858,0.0106572944739881,151.275977658,161.2328368885,172.33536628099998,0.2400655268894863,-0.11204703992003277,2023-04,0
2023-04-26,148.36516591,sz.000858,五粮液,-0.0070082449941107,-0.0070329180873577,149.92440364200002,160.181759309,171.74302606283334,0.2319434625353803,-0.13003159918335197,2023-04,0
2023-04-27,148.85792727,sz.000858,五粮液,0.0033212739457921,0.0033157706973113,149.162383396,159.03300938850003,171.14335308633332,0.221761322774907,-0.14115188367911807,2023-04,0
2023-04-28,148.708339,sz.000858,五粮液,-0.0010049063072649,-0.0010054115641269,148.634424796,157.739950784,170.50525645616665,0.2060771033257315,-0.1580826400478333,2023-04,1
2023-05-04,148.66434245,sz.000858,五粮液,-0.0002958579881656,-0.0002959017627745,148.801611686,156.5058475565,169.903236997,0.2078339950425129,-0.15137209650366365,2023-05,0
2023-05-05,152.85281401,sz.000858,五粮液,0.0281740159810595,0.027784428953533,149.48971772800002,155.5608016625,169.4927491855,0.2432665959016126,-0.11401026326372106,2023-05,0
2023-05-08,150.8201734,sz.000858,五粮液,-0.0132980254447068,-0.0133872359501527,149.98071922599996,154.47188705000002,169.026825721,0.241306067570966,-0.13222657345662198,2023-05,0
2023-05-09,153.78554087,sz.000858,五粮液,0.0196616102683782,0.0194708176145904,150.96624194600005,153.7780614565,168.663414218,0.2437744954841498,-0.08396440239293407,2023-05,0
2023-05-10,152.50964092,sz.000858,五粮液,-0.008296618412771,-0.0083312269065611,151.72650233,153.08555575949998,168.16376006516666,0.2438844781167523,-0.08449362288400886,2023-05,0
2023-05-11,151.84969267,sz.000858,五粮液,-0.0043272559427649,-0.0043366456122212,152.363572374,152.5540774355,167.69255701466668,0.2332407493484065,-0.06549495055003617,2023-05,0
2023-05-12,149.03391347,sz.000858,五粮液,-0.018543199860926,-0.0187172803564576,151.59979226599998,152.0630759375,167.06149983249998,0.2295142040679754,-0.06172566733487227,2023-05,0
2023-05-15,151.73530164,sz.000858,五粮液,0.0181259963393753,0.017963678975904,151.782817914,151.91436759849998,166.5218088191667,0.2243430092659269,-0.017509824432598964,2023-05,0
2023-05-16,150.01943619,sz.000858,五粮液,-0.0113082811412664,-0.011372705901794,151.029596978,151.589233094,165.927708739,0.2220784296036047,-0.04053463384141176,2023-05,0
2023-05-17,149.00751554,sz.000858,五粮液,-0.0067452636518269,-0.0067681157630085,150.329171902,151.3142546565,165.31982307316667,0.2191544592848769,-0.03440604995557276,2023-05,0
2023-05-18,148.40916246,sz.000858,五粮液,-0.0040155899374041,-0.0040236740676357,149.64106585999997,150.8954075005,164.74068182,0.2103972180775947,-0.053171910409521156,2023-05,0
2023-05-19,150.2922148,sz.000858,五粮液,0.0126882485473733,0.0126084272079739,149.892726126,150.56455344449998,164.1225302925,0.2171163468667662,-0.04126938416543656,2023-05,0
2023-05-22,156.28454491,sz.000858,五粮液,0.039871194379391,0.0390968539247658,150.80257478,150.6226288905,163.64634096633333,0.2599395984027907,0.00998583892638144,2023-05,0
2023-05-23,153.107994,sz.000858,五粮液,-0.0203254321265694,-0.0205348360647064,151.420286342,150.6446271655,163.155046158,0.2641440427998472,0.0054866022731798435,2023-05,0
2023-05-24,149.89624585,sz.000858,五粮液,-0.0209770114942526,-0.0212001551075532,151.598032404,150.572032858,162.64541945383334,0.2731407396141921,-0.006844876079862358,2023-05,0
2023-05-25,148.0043942,sz.000858,五粮液,-0.0126210742588788,-0.0127013965681279,151.517078752,150.580832168,162.1629239555,0.2637555037366362,0.003789863614747143,2023-05,0
2023-05-26,149.6762631,sz.000858,五粮液,0.011296076099881,0.0112327518629683,151.39388841199997,150.594031133,161.653883872,0.264071310728374,0.00437165400034234,2023-05,0
2023-05-29,148.05719006,sz.000858,五粮液,-0.0108171663727218,-0.0108760972791485,149.748417442,150.5786323405,161.12357878933335,0.2657943395440283,0.000562732621731241,2023-05,0
2023-05-30,145.33820327,sz.000858,五粮液,-0.0183644359919172,-0.0185351555896685,148.194459296,150.40264614050002,160.50454733083333,0.2732721761668475,-0.021122977315978057,2023-05,0
2023-05-31,141.82727858,sz.000858,五粮液,-0.0241569292244353,-0.0244534936366336,146.580665842,150.05859311950002,159.84371914983333,0.2853068803098499,-0.044275000233148454,2023-05,0
2023-06-01,143.71033092,sz.000858,五粮液,0.0132770815237621,0.0131897135550096,145.721853186,149.810892543,159.2213146225,0.2905370286301455,-0.030702060721220756,2023-06,0
2023-06-02,147.7404149,sz.000858,五粮液,0.0280431055596375,0.0276570976321201,145.334683546,149.5552725875,158.68338347116665,0.2903598007778843,-0.03083297114264276,2023-06,0
2023-06-05,145.3646012,sz.000858,五粮液,-0.0160810005955924,-0.0162117029966173,144.79616577400003,149.2824939775,158.16642400866664,0.2920176029871837,-0.03361594629352836,2023-06,0
2023-06-06,145.73417222,sz.000858,五粮液,0.0025423728813558,0.0025391465186762,144.875359564,148.879925545,157.6724894073333,0.2815584021936914,-0.050735183680550765,2023-06,0
2023-06-07,144.308684,sz.000858,五粮液,-0.009781427363845,-0.0098295797813556,145.371640648,148.469877699,157.1738618406667,0.2820102361466204,-0.05221999263162476,2023-06,0
2023-06-08,145.03022742,sz.000858,五粮液,0.0049999999999998,0.0049875415110389,145.635619948,148.1289044365,156.72773682366667,0.2831983617584528,-0.04289273668886005,2023-06,0
2023-06-09,144.82784329,sz.000858,五粮液,-0.001395461715811,-0.0013964362792607,145.053105626,147.9186009275,156.22896260183333,0.2764907307106241,-0.02574499854374506,2023-06,0
2023-06-12,149.94904171,sz.000858,五粮液,0.0353605929886382,0.0347497650633244,145.969993728,147.829287931,155.86423120233334,0.2984373962403618,-0.008510401894482163,2023-06,0
2023-06-13,152.29845748,sz.000858,五粮液,0.0156680945953875,0.0155466172373826,147.28285078,147.9432389955,155.5820666616667,0.3007435525211209,0.01846597384217174,2023-06,0
2023-06-14,156.34614008,sz.000858,五粮液,0.0265773052923503,0.0262302642294879,149.69034199599997,148.3101702225,155.38378887633334,0.3125047357849505,0.05178854278634894,2023-06,0
2023-06-15,160.147442,sz.000858,五粮液,0.0243133723547952,0.0240225074906234,152.713784912,148.8970841995,155.28846301800002,0.3206363411397843,0.08011750507854824,2023-06,0
2023-06-16,161.97769848,sz.000858,五粮液,0.0114285714285713,0.011363758650315,156.14375594999998,149.4813583835,155.26177177766667,0.3202148322586305,0.07885782795974625,2023-06,0
2023-06-19,156.22294974,sz.000858,五粮液,-0.0355280312907431,-0.0361745100869371,157.398537556,149.478278625,155.04618868266664,0.3198596410689813,0.003458602289612138,2023-06,0
2023-06-20,153.11679331,sz.000858,五粮液,-0.0198828433029176,-0.0200831668126863,157.562204722,149.47871859050002,154.78572910666665,0.3194870924127113,0.003901191113263938,2023-06,0
2023-06-21,150.8201734,sz.000858,五粮液,-0.0149991379805758,-0.0151127626638075,156.457011386,149.52491496800002,154.4457824303333,0.3149047272090561,0.009879064626940739,2023-06,0
2023-06-26,146.64930046,sz.000858,五粮液,-0.0276546091015168,-0.0280441972096186,153.75738307799998,149.457160281,154.059199411,0.3274793802973191,-0.00515447021569726,2023-06,0
2023-06-27,149.56630812,sz.000858,五粮液,0.0198910438089381,0.0196958017953803,151.275105006,149.45166253199997,153.7595101845,0.3328779561404614,0.00344049749335984,2023-06,0
2023-06-28,150.06150117,sz.000858,五粮液,0.0033108596195521,0.0033053907915319,150.042815292,149.5518780875,153.43742324566668,0.3304608134781369,0.01756852348563374,2023-06,0
2023-06-29,147.48649731,sz.000858,五粮液,-0.0171596568068639,-0.0173085899375448,148.916756092,149.6592927895,153.0316494395,0.3295567748823351,0.018773302670687043,2023-06,0
2023-06-30,147.27041307,sz.000858,五粮液,-0.0014651120200233,-0.0014661863461058,148.206804026,149.931449514,152.5766644725,0.3162117059213146,0.04146511987509904,2023-06,0
2023-07-03,150.68274336,sz.000858,五粮液,0.0231705080393715,0.0229061476061239,149.013492606,150.280070136,152.19893674516666,0.3227435800411038,0.05135854639070844,2023-07,0
2023-07-04,151.45704522,sz.000858,五粮液,0.0051386233269599,0.0051254656577332,149.391640026,150.465901652,151.860658634,0.3086998191293902,0.02845406415803084,2023-07,0
2023-07-05,148.90004838,sz.000858,五粮液,-0.016882653667816,-0.0170267902402707,149.159349468,150.642674011,151.46568501283335,0.3093151956281578,0.027652411085807238,2023-07,0
2023-07-06,147.9276693,sz.000858,五粮液,-0.0065304148022735,-0.0065518312507982,149.247583866,150.752348865,151.13677862216667,0.3105381625552731,0.018579623402177937,2023-07,0
2023-07-07,147.35144466,sz.000858,五粮液,-0.0038953134510042,-0.0039029199439867,149.263790184,150.904486898,150.81997345216666,0.3085420621036939,0.024465737315018738,2023-07,0
2023-07-10,148.1977746,sz.000858,五粮液,0.005743614811194,0.0057271831437338,148.766796432,151.062864257,150.58194870966665,0.3086740488799941,0.025209352126212937,2023-07,0
2023-07-11,148.68396414,sz.000858,五粮液,0.0032806804374241,0.0032753107463131,148.212180216,151.2556702995,150.41244905483333,0.3085866818908137,0.02988549427944804,2023-07,0
2023-07-12,148.97207646,sz.000858,五粮液,0.0019377497880586,0.0019358747727543,148.226585832,151.206822037,150.3168258555,0.2815593424228141,-0.003537348921131563,2023-07,0
2023-07-13,155.44560015,sz.000858,五粮液,0.0434546113864375,0.0425369500739642,149.730172002,151.3641791705,150.29888375333334,0.3173057075897768,0.024249167869918434,2023-07,0
2023-07-14,154.85136849,sz.000858,五粮液,-0.0038227628149434,-0.0038300882476001,151.230156768,151.289440591,150.30462182333332,0.3031057932149629,-0.006150900237375264,2023-07,0
2023-07-17,152.75355066,sz.000858,五粮液,-0.0135472992615849,-0.0136399012088123,152.14131198,150.91974602399998,150.23741257466665,0.291903163033324,-0.044011571853755364,2023-07,0
2023-07-18,151.6191084,sz.000858,五粮液,-0.007426617941766,-0.0074543325713624,152.728340832,150.40181651999998,150.14924278266665,0.287871928856923,-0.06286676122409267,2023-07,0
2023-07-19,151.54708032,sz.000858,五粮液,-0.0004750593824227,-0.0004751722588812,153.24334160400002,150.168023049,150.0896435215,0.2612276166254477,-0.02781378931577227,2023-07,0
2023-07-20,151.76316456,sz.000858,五粮液,0.0014258555133079,0.0014248399465885,152.506854486,150.1003416115,150.07456245583333,0.2520089348148058,-0.006505090499546768,2023-07,0
2023-07-21,154.20311577,sz.000858,五粮液,0.016077361177029,0.015949489148344,152.377203942,150.26948872999998,150.12214551866666,0.2521519288118223,0.024571408658058035,2023-07,0
2023-07-24,152.48344536,sz.000858,五粮液,-0.0111519822502482,-0.0112146318176679,152.323182882,150.56119597499998,150.19972947466664,0.233170138104003,0.04107403550932663,2023-07,0
2023-07-25,161.6130045,sz.000858,五粮液,0.0598724610297591,0.0581485811017239,154.321962102,151.163530794,150.40307481966667,0.3056585551059099,0.08105545273014764,2023-07,0
2023-07-26,160.0824078,sz.000858,五粮液,-0.0094707520891363,-0.0095158848485292,156.029027598,151.6645761255,150.5983621845,0.3094142113089021,0.06827384102145923,2023-07,0
2023-07-27,160.67663946,sz.000858,五粮液,0.0037120359955005,0.0037051633922011,157.811722578,152.32408323299998,150.79534072100003,0.2997259499063708,0.08914553382382363,2023-07,0
2023-07-28,163.12559418,sz.000858,五粮液,0.0152415107026786,0.0151265257691365,159.59621825999997,153.11684228849998,151.03562830733333,0.3012106412865878,0.10585215654652552,2023-07,0
2023-07-31,162.963531,sz.000858,五粮液,-0.000993487139861,-0.0009939809753161,161.69223538800003,153.73088167049997,151.27394811649998,0.2943222137601869,0.08168816136729304,2023-07,0
2023-08-01,161.95513788,sz.000858,五粮液,-0.0061878453038674,-0.006207069363319,161.760662064,154.2557863035,151.4256535143333,0.2965219504813972,0.07036169273646573,2023-08,0
2023-08-02,160.24447098,sz.000858,五粮液,-0.0105625972870803,-0.0106187774737905,161.79307469999998,154.82300743349998,151.58272514066667,0.2915620194912195,0.07668174911720144,2023-08,0
2023-08-03,160.8026886,sz.000858,五粮液,0.003483537476121,0.0034774840136826,161.818284528,155.4667583985,151.69967760283333,0.2889961472219088,0.08669570139559593,2023-08,0
2023-08-04,161.41492728,sz.000858,五粮液,0.0038073908174691,0.0038001610502728,161.476151148,156.16993252950002,151.84809904216667,0.2873756118328323,0.09439840566406923,2023-08,0
2023-08-07,159.64123581,sz.000858,五粮液,-0.0109883980365906,-0.0110492164237742,160.81169211,156.74210559,151.9779580945,0.2926736856498259,0.07766639281628464,2023-08,0
2023-08-08,159.25408488,sz.000858,五粮液,-0.0024251311262761,-0.0024280765197064,160.27148151,157.270611627,152.14829428466666,0.293529057199545,0.07196058125258444,2023-08,0
2023-08-09,159.52419018,sz.000858,五粮液,0.001696065128901,0.0016946284346955,160.12742535,157.798217313,152.27810909366664,0.2935484414222332,0.07171889659342684,2023-08,0
2023-08-10,158.74088481,sz.000858,五粮液,-0.0049102607517778,-0.0049223556912174,159.715064592,157.96298154599998,152.42346657066668,0.2539585253031589,0.02335402445521154,2023-08,0
2023-08-11,155.18449836,sz.000858,五粮液,-0.0224037207191879,-0.0226584965450316,158.468978808,157.9796380395,152.52641628433332,0.2670296414077658,0.004773066550967042,2023-08,0
2023-08-14,151.81718562,sz.000858,五粮液,-0.0216987700162449,-0.0219376502531075,156.90416877,157.93281978750002,152.58321667033334,0.2740856994750756,-0.00337840420369296,2023-08,0
2023-08-15,149.9084415,sz.000858,五粮液,-0.0125726485588897,-0.0126523530740309,155.03504009399998,157.84728644249998,152.57682044866667,0.276491144397411,-0.00852443482081666,2023-08,0
2023-08-16,150.0885117,sz.000858,五粮液,0.001201201201201,0.0012004803362496,153.14790439799998,157.7743580115,152.4735532285,0.2765512347972146,-0.006848174237192961,2023-08,0
2023-08-17,151.65512244,sz.000858,五粮液,0.0104379124175166,0.0103838135369788,151.730751924,157.7689559055,152.4493387025,0.2791534294219878,0.00216388266701574,2023-08,0
2023-08-18,147.23439903,sz.000858,五粮液,-0.0291498456423653,-0.0295831435494279,150.140732058,157.42052006850002,152.4049745888333,0.2907603000007389,-0.04306332415237856,2023-08,0
2023-08-21,145.82985147,sz.000858,五粮液,-0.0095395340304531,-0.0095853268459939,148.943265228,157.087840374,152.36873221,0.2901541172648688,-0.04145087593258346,2023-08,0
2023-08-22,145.99191465,sz.000858,五粮液,0.001111316910539,0.0011106998550216,148.159959858,156.3067858815,152.3073264025,0.1764678111133344,-0.10021202005180355,2023-08,0
2023-08-23,144.06516351,sz.000858,五粮液,-0.0131976564909036,-0.0132855194725438,146.95529022,155.505923667,152.24079262666663,0.1782044759110327,-0.10393892445357086,2023-08,0
2023-08-24,146.09095326,sz.000858,五粮液,0.0140616211486781,0.0139636736861355,145.842456384,154.776639357,152.25333845983332,0.1885532023653509,-0.09358933930039326,2023-08,0
2023-08-25,145.45170405,sz.000858,五粮液,-0.0043756933316898,-0.0043852946964116,145.48591738800002,153.8929448505,152.313745551,0.1733058144052348,-0.11320654333476166,2023-08,0
2023-08-28,141.79627899,sz.000858,五粮液,-0.0251315382234602,-0.0254527280840179,144.679202892,152.83458224999998,152.2818446855,0.1854402628699473,-0.13734459441836086,2023-08,0
2023-08-29,143.5159494,sz.000858,五粮液,0.0121277541431203,0.0120548021696255,144.184009842,151.91262282600002,152.21143692716666,0.1973448194838284,-0.11902899497137316,2023-08,0
2023-08-30,142.09339482,sz.000858,五粮液,-0.0099121706398997,-0.0099616232632259,143.789656104,151.00506901800003,152.15691682083337,0.197156664078436,-0.11837856832419257,2023-08,0
2023-08-31,140.37372441,sz.000858,五粮液,-0.0121023951336965,-0.0121762254044287,142.646210334,149.9836208085,152.067576024,0.19504929566357,-0.13396450093401005,2023-08,1
2023-09-01,143.82206874,sz.000858,五粮液,0.0245654544288371,0.0242685758007827,142.32028327199998,149.1039778815,152.05946576966664,0.2219420910782839,-0.11320643732264207,2023-09,0
2023-09-04,151.19594343,sz.000858,五粮液,0.051270815074496,0.0499997324176736,144.20021616000002,148.68171326249998,152.16222770316668,0.2988296754982054,-0.05094722421155546,2023-09,0
2023-09-05,149.20616772,sz.000858,五粮液,-0.0131602453403203,-0.0132476086977154,145.33825982399998,148.17931740449998,152.23519977700002,0.3011916766476378,-0.06168233842559966,2023-09,0
2023-09-06,149.17915719,sz.000858,五粮液,-0.0001810282404054,-0.0001810446279951,146.755412298,147.662065755,152.22236836833332,0.3008700804721921,-0.06355943179490607,2023-09,0
2023-09-07,146.8472481,sz.000858,五粮液,-0.015631601182932,-0.0157550629542377,148.05011703600002,147.0673839195,152.13151487866668,0.3040786054344214,-0.07428077222606026,2023-09,0
2023-09-08,145.78483392,sz.000858,五粮液,-0.0072348252605762,-0.0072611235278674,148.442670072,146.5974006975,151.95549310933333,0.2963827609914766,-0.05911187676744857,2023-09,0
2023-09-11,147.97268685,sz.000858,五粮液,0.0150074110671936,0.0148959140111276,147.798018756,146.40517575899997,151.7525805235,0.2942268187922681,-0.02240569568401007,2023-09,0
2023-09-12,146.73920598,sz.000858,五粮液,-0.0083358685731669,-0.0083708062181545,147.30462640800002,146.246713983,151.4986056485,0.2924183775068387,-0.01816891569828727,2023-09,0
2023-09-13,147.34244115,sz.000858,五粮液,0.0041109338569149,0.0041025070551157,146.9372832,146.1094104555,151.35059717200002,0.2928788452256739,-0.015259183042573368,2023-09,0
2023-09-14,145.856862,sz.000858,五粮液,-0.0100824931255729,-0.0101336657148055,146.73920598,145.81949743349998,151.22959831683332,0.2915248459803513,-0.035779588585662866,2023-09,0
2023-09-15,143.79505821,sz.000858,五粮液,-0.0141358024691358,-0.014236664564166,146.341250838,145.6475303925,151.11251306366665,0.2773627762885597,-0.02076554541243337,2023-09,0
2023-09-18,146.5771428,sz.000858,五粮液,0.0193475674660321,0.0191627829002218,146.062142028,145.684894959,151.111310436,0.2844821959784932,0.00812155608405183,2023-09,0
2023-09-19,144.87547941,sz.000858,五粮液,-0.0116093366093366,-0.0116772510973811,145.689396714,145.629073197,151.03312995750002,0.2876300034121479,-0.00459909743582377,2023-09,0
2023-09-20,143.91210384,sz.000858,五粮液,-0.006649679945311,-0.0066718875708154,145.003329252,145.62142021350002,150.930640002,0.2846381008068939,0.0019488791097688283,2023-09,0
2023-09-21,141.94933866,sz.000858,五粮液,-0.0136386386386385,-0.0137324992684811,144.221824584,145.4143394835,150.8383540245,0.2835951412223469,-0.02575138067754777,2023-09,0
2023-09-22,143.98413192,sz.000858,五粮液,0.014334644171001,0.0142328745603826,144.25963932599998,145.340960877,150.78358267200002,0.2886251624954293,-0.007041043174856968,2023-09,0
2023-09-25,143.0657739,sz.000858,五粮液,-0.0063781890945472,-0.0063986166494742,143.557365546,145.4044356225,150.656633181,0.2746070269693408,0.011712305954056031,2023-09,0
2023-09-26,141.03998415,sz.000858,五粮液,-0.014159848961611,-0.0142610561444695,142.790266494,145.28063736,150.48301549650003,0.275803576028867,-0.014575297150675267,2023-09,0
2023-09-27,140.98596309,sz.000858,五粮液,-0.0003830194701563,-0.0003830928408491,142.205038344,145.22526577349998,150.351114075,0.2736611636852804,-0.005046145980931866,2023-09,0
2023-09-28,140.5447911,sz.000858,五粮液,-0.0031291908806437,-0.0031340970359652,141.924128832,145.233819108,150.228066105,0.270341145010746,0.003927058272120934,2023-09,0
2023-10-09,138.89714877,sz.000858,五粮液,-0.0117232543241511,-0.0117925134975381,140.906732202,144.98757310950003,150.08716117350002,0.2573306517294115,-0.03236165048086727,2023-10,0
2023-10-10,138.12284691,sz.000858,五粮液,-0.0055746418616711,-0.0055902381671661,139.918146804,144.3339182835,149.919245712,0.1648744438864239,-0.08920710741703437,2023-10,0
2023-10-11,138.3839487,sz.000858,五粮液,0.0018903591682419,0.0018885746878681,139.386939714,143.7928073325,149.747578788,0.1629859634444139,-0.07415650290847217,2023-10,0
2023-10-12,140.21166123,sz.000858,五粮液,0.0132075471698114,0.0131210879626972,139.232079342,143.3444325345,149.60157186749998,0.1734230795081685,-0.06076792749825537,2023-10,0
2023-10-13,138.32092413,sz.000858,五粮液,-0.0134848776728954,-0.0135766243646787,138.787305948,142.918116336,149.3161606005,0.1715124333182559,-0.05862120398821877,2023-10,0
2023-10-16,135.17869914,sz.000858,五粮液,-0.0227169172687626,-0.0229789219977123,138.04361602199998,142.387809597,148.988282778,0.1849436576725003,-0.07410329599640517,2023-10,0
2023-10-17,135.42179391,sz.000858,五粮液,0.0017983215665378,0.0017967065222655,137.503405422,141.76026495000002,148.69942016550002,0.1727597582839999,-0.08731238549706095,2023-10,0
2023-10-18,134.36838324,sz.000858,五粮液,-0.0077787381158167,-0.0078091503141648,136.70029233,141.141723813,148.4119080795,0.1726011884419989,-0.08675525503971077,2023-10,0
2023-10-19,129.87563175,sz.000858,五粮液,-0.0334360761190029,-0.0340078429647481,134.63308643399998,140.26838334299998,148.05071727,0.1978373250990456,-0.12430226501562855,2023-10,0
2023-10-20,129.3804387,sz.000858,五粮液,-0.0038128249566723,-0.0038201123032296,132.84498934799998,139.444562178,147.67767183900003,0.1974631832367398,-0.11803259684672796,2023-10,0
2023-10-23,129.42545625,sz.000858,五粮液,0.0003479471120388,0.0003478865924805,131.69434077,138.72608208,147.264710847,0.1961411501771006,-0.10354884726555336,2023-10,0
2023-10-24,129.69556155,sz.000858,五粮液,0.0020869565217391,0.0020847818530777,130.549094298,137.8820030175,146.88491278350003,0.1760574368514383,-0.12080945820984637,2023-10,0
2023-10-25,134.45841834,sz.000858,五粮液,0.0367233599444636,0.036065124077018,130.567101318,137.36114996400002,146.4323363475,0.230847720556705,-0.07247676165604616,2023-10,0
2023-10-26,135.99801855,sz.000858,五粮液,0.0114503816793893,0.0113853222251254,131.791578678,136.96544569949998,146.03092986,0.2365709046832534,-0.054376700031345857,2023-10,0
2023-10-27,137.74469949,sz.000858,五粮液,0.0128434293280368,0.0127616519466063,133.464430836,136.755213741,145.6487308605,0.239021586856863,-0.027894632064670563,2023-10,0
2023-10-30,140.9949666,sz.000858,五粮液,0.0235963134845416,0.0233222237774152,135.778332906,136.605755475,145.2798870675,0.2491515389205214,-0.01863296275112996,2023-10,0
2023-10-31,140.454756,sz.000858,五粮液,-0.0038314176245209,-0.0038387763071656,137.93017179600002,136.47520458,144.90474081750003,0.248576476085278,-0.01608619128110366,2023-10,0
2023-11-01,144.05616,sz.000858,五粮液,0.0256410256410255,0.0253178079842897,139.849720128,136.6260133725,144.6064245195,0.2600954829345111,0.02371468332153284,2023-11,0
2023-11-02,142.1654229,sz.000858,五粮液,-0.0131249999999999,-0.0132118939722304,141.083200998,136.684986363,144.3051070515,0.2650011456092673,0.01097270279168924,2023-11,0
2023-11-03,143.75904417,sz.000858,五粮液,0.0112096263457883,0.0111472640900134,142.286069934,136.8456990165,144.021046311,0.267240163830963,0.025311520018121238,2023-11,0
2023-11-06,143.91210384,sz.000858,五粮液,0.0010646959353666,0.0010641295486333,142.86949738200002,137.09644677,143.72933258700002,0.262815086108134,0.03809947027763894,2023-11,0
2023-11-07,143.43491781,sz.000858,五粮液,-0.0033158158158157,-0.0033213253154398,143.46552974399998,137.362050315,143.459227287,0.26208375058276,0.04035829632349434,2023-11,0
2023-11-08,142.82267913,sz.000858,五粮液,-0.0042684075073754,-0.0042775431644394,143.21883357,137.5839868365,143.1853705245,0.2630335608541969,0.034199529647877036,2023-11,0
2023-11-09,142.75065105,sz.000858,五粮液,-0.0005043182248,-0.0005044454360076,143.3358792,137.7109363275,142.90581153899998,0.2595644222506118,0.02048766425326564,2023-11,0
2023-11-10,141.2650719,sz.000858,五粮液,-0.0104068117313148,-0.0104613412453692,142.83708474600002,137.858143716,142.6145479905,0.2575041560040334,0.023565730194846236,2023-11,0
2023-11-13,139.44636288,sz.000858,五粮液,-0.012874442319949,-0.01295803621072,141.943936554,138.071526903,142.35224573249997,0.2475688530826359,0.03340820514365984,2023-11,0
2023-11-14,140.3647209,sz.000858,五粮液,0.0065857438016529,0.006564152535464,141.32989717200002,138.3186732525,142.16137132050002,0.2481841360819554,0.03819562737877494,2023-11,0
2023-11-15,141.58019475,sz.000858,五粮液,0.0086593970493906,0.0086221195168191,141.08140029600003,138.679263828,142.02256720800003,0.2465267278279885,0.05463376254398224,2023-11,0
2023-11-16,140.78788587,sz.000858,五粮液,-0.0055961844197138,-0.005611901725131,140.68884726000002,139.224876534,141.86755677749997,0.2093601075189355,0.08247365424327134,2023-11,0
2023-11-17,139.554405,sz.000858,五粮液,-0.008761271343608,-0.0087998769361722,140.34671387999998,139.733574849,141.66587815350002,0.2125605102192008,0.07752520785633564,2023-11,0
2023-11-20,139.0141944,sz.000858,五粮液,-0.0038709677419354,-0.0038784793285707,140.260280184,140.2130117565,141.52887474300002,0.2140119213995848,0.07330629300236144,2023-11,0
2023-11-21,139.8245103,sz.000858,五粮液,0.0058290155440412,0.0058120925639653,140.152238064,140.719459194,141.4287857235,0.2140580943303078,0.07704835202466354,2023-11,0
2023-11-22,138.21288201,sz.000858,五粮液,-0.0115260785576304,-0.0115930186695312,139.47877551599998,140.9071823775,141.2991351795,0.1818870969094305,0.02879891352256954,2023-11,0
2023-11-23,137.81672757,sz.000858,五粮液,-0.0028662627841832,-0.0028703783814941,138.884543856,140.9981178285,141.1949945805,0.1785044815474306,0.014482269058997039,2023-11,0
2023-11-24,137.96078373,sz.000858,五粮液,0.0010452734043246,0.0010447274864689,138.565819602,141.00892204049998,141.059491755,0.1726987116782054,0.0026841131352848386,2023-11,0
2023-11-27,134.37738675,sz.000858,五粮液,-0.0259740259740259,-0.0263173083173734,137.638458072,140.678043048,140.8749198,0.1730174548254974,-0.04688622632328266,2023-11,0
2023-11-28,133.92721125,sz.000858,五粮液,-0.0033500837520937,-0.0033557078469723,136.458998262,140.3516658105,140.743768671,0.1729710133999945,-0.04640489245085547,2023-11,0
2023-11-29,133.5220533,sz.000858,五粮液,-0.0030252100840335,-0.0030297952818526,135.52083252,139.8249604755,140.57720373600003,0.1378805324673603,-0.07507112817591446,2023-11,0
2023-11-30,134.28735165,sz.000858,五粮液,0.0057316250842884,0.0057152618168709,134.814957336,139.431056913,140.4471030165,0.1371265339606091,-0.05621450309162616,2023-11,1
2023-12-01,132.54067071,sz.000858,五粮液,-0.0130070398927254,-0.0130923721908358,133.73093473199998,138.87013824000002,140.31655212150002,0.1310974411476303,-0.08043116933013987,2023-12,0
2023-12-04,131.31619335,sz.000858,五粮液,-0.0092385028191019,-0.0092814424561913,133.118696052,138.24034271550002,140.108120865,0.130896906444786,-0.09073436808460836,2023-12,0
2023-12-05,128.45307717,sz.000858,五粮液,-0.0218032224888583,-0.0220444251870073,132.02386923600002,137.4912506835,139.72907309399997,0.1443667104057403,-0.10922177475765096,2023-12,0
2023-12-06,129.7405791,sz.000858,五粮液,0.0100231303006939,0.0099732318787533,131.267574396,136.837145682,139.40464661699997,0.1544908417840979,-0.09493023694958166,2023-12,0
2023-12-07,128.31802452,sz.000858,五粮液,-0.0109646079111728,-0.0110251622678411,130.07370897,136.1155143555,139.0569610725,0.1551418342904431,-0.10539052663595447,2023-12,0
2023-12-08,128.68716843,sz.000858,五粮液,0.0028767892225654,0.0028726591833886,129.303008514,135.486619182,138.754293078,0.1564676014184676,-0.09210692568207426,2023-12,0
2023-12-11,125.3288592,sz.000858,五粮液,-0.0260966906877493,-0.0264432520207046,128.105541684,134.780743998,138.41336016600002,0.1720035569203752,-0.10532917404987456,2023-12,0
2023-12-12,125.4188943,sz.000858,五粮液,0.0007183908045977,0.0007181328854408,127.49870511000002,134.033452668,138.0374636235,0.1678520808853953,-0.11119652704692977,2023-12,0
2023-12-13,120.44895678,sz.000858,五粮液,-0.039626704953338,-0.040433221095498,125.640380646,132.97689076950002,137.5992928035,0.1983408559206895,-0.15948262904965838,2023-12,0
2023-12-14,119.43156015,sz.000858,五粮液,-0.0084467035431305,-0.0084825791065134,123.863087772,131.9090744835,137.1341114535,0.1981455787373429,-0.16233314817307506,2023-12,0
2023-12-15,120.3769287,sz.000858,五粮液,0.0079155672823219,0.0078844035241488,122.20103982599998,130.95020066850003,136.70944589849998,0.2061086673425108,-0.14565630954714515,2023-12,0
2023-12-18,120.647034,sz.000858,五粮液,0.0022438294689604,0.0022413158430139,121.264674786,130.0318426485,136.323645495,0.2085792852147328,-0.13954151233624937,2023-12,0
2023-12-19,120.04379883,sz.000858,五粮液,-0.005,-0.0050125418235442,120.189655692,129.04280707499998,135.8814230955,0.2032345695214266,-0.15037052788029057,2023-12,0
2023-12-20,118.96337763,sz.000858,五粮液,-0.0090002250056251,-0.0090409717012415,119.892539862,128.080331856,135.4495547325,0.2027712136410326,-0.14784467432828524,2023-12,0
2023-12-21,120.7370691,sz.000858,五粮液,0.0149095587678802,0.0147995038615074,120.153641652,127.22634893250002,135.0633041535,0.2173283891063813,-0.13006885277622185,2023-12,0
2023-12-22,120.12483042,sz.000858,五粮液,-0.0050708426547353,-0.0050837430062635,120.103221996,126.334551267,134.6995623495,0.2155881874202714,-0.13618496883528175,2023-12,0
2023-12-25,121.14222705,sz.000858,五粮液,0.0084694948283616,0.0084338298915455,120.202260606,125.672793282,134.318863935,0.2095620878326878,-0.10174144803289425,2023-12,0
2023-12-26,120.93514632,sz.000858,五粮液,-0.0017094017094017,-0.0017108644036294,120.380530104,125.0231900355,133.950020142,0.2098232154155897,-0.10010076599020226,2023-12,0
2023-12-27,120.49397433,sz.000858,五粮液,-0.0036480047647409,-0.0036546749610022,120.686649444,124.371786087,133.607586645,0.2097569099696533,-0.10072356067090965,2023-12,0
2023-12-28,126.1391751,sz.000858,五粮液,0.0468504819547186,0.0457861155346782,121.767070644,123.9643772595,133.36014017850002,0.2775722019291357,-0.059604703800479455,2023-12,0
2023-12-29,126.32824881,sz.000858,五粮液,0.0014989293361884,0.0014978070629432,123.007754322,123.65375616449998,133.123197807,0.2753896249018535,-0.04509873457156565,2023-12,1
2024-01-02,122.447736,sz.000858,五粮液,-0.030717696529114,-0.0311993746698524,123.268856112,123.210333297,132.8490409275,0.2926286243501585,-0.06657792828157774,2024-01,0
2024-01-03,121.43934288,sz.000858,五粮液,-0.0082352941176471,-0.0082693914825067,123.369695424,122.8596465825,132.570982527,0.2851350330408331,-0.05300999991036655,2024-01,0
2024-01-04,119.13444432,sz.000858,五粮液,-0.018979833926453,-0.019162262978164,123.097789422,122.3293398435,132.250157454,0.2866189108268701,-0.08201296413751345,2024-01,0
2024-01-05,118.16206524,sz.000858,五粮液,-0.0081620314389359,-0.0081955231824802,121.50236745,121.8215418795,131.8826641875,0.2859004813478997,-0.07921038766527655,2024-01,0
2024-01-08,115.3349631,sz.000858,五粮液,-0.0239256324291374,-0.0242164991902123,119.303710308,121.153931613,131.499564837,0.2931372151573916,-0.10601280931697935,2024-01,0
2024-01-09,115.07386131,sz.000858,五粮液,-0.002263856362217,-0.0022664227590655,117.82893537,120.6411817185,131.1644842065,0.282734983026799,-0.08217997499144704,2024-01,0
2024-01-10,115.9652088,sz.000858,五粮液,0.0077458727799077,0.0077160275266303,116.734108554,120.16849744350002,130.840207788,0.2854141151514255,-0.07515249301613705,2024-01,0
2024-01-11,116.70349662,sz.000858,五粮液,0.0063664596273291,0.0063462793293166,116.247919014,119.9812244355,130.545793011,0.2536800513864201,-0.029159328435469953,2024-01,0
2024-01-12,115.92019125,sz.000858,五粮液,-0.0067119271717327,-0.0067345534557243,115.799544216,119.8056559905,130.31320233600002,0.2531202979514378,-0.02742455206407215,2024-01,0
2024-01-15,115.85716668,sz.000858,五粮液,-0.0005436893203882,-0.0005438371730198,115.903984932,119.5796678895,130.087814469,0.2507740775443857,-0.03588380866678226,2024-01,0
2024-01-16,115.61407191,sz.000858,五粮液,-0.0020982281628846,-0.0021004325276429,116.012027052,119.328019785,129.85762473000003,0.2503199899460175,-0.040225866298627254,2024-01,0
2024-01-17,112.66992414,sz.000858,五粮液,-0.0254653064403084,-0.0257951592729651,115.35297012,118.9593260505,129.5738641065,0.2637419507605886,-0.06069117273893565,2024-01,0
2024-01-18,115.1548929,sz.000858,五粮液,0.0220552980661656,0.0218155980145793,115.043249376,118.768901814,129.2521386825,0.2771234057970251,-0.029635649667144954,2024-01,0
2024-01-19,116.04624039,sz.000858,五粮液,0.0077404222048476,0.0077106188318912,115.068459204,118.5343603785,128.9196090465,0.2726312968516186,-0.03680478623017756,2024-01,0
2024-01-22,114.344577,sz.000858,五粮液,-0.0146636666925284,-0.0147722409580969,114.765941268,118.2453477075,128.529607005,0.2762415091087854,-0.04639761026797065,2024-01,0
2024-01-23,114.68671038,sz.000858,五粮液,0.0029921259842518,0.0029876584846282,114.580468962,117.92257187399998,128.091136068,0.2740798335234994,-0.05187497911208046,2024-01,0
2024-01-24,115.28994555,sz.000858,五粮液,0.0052598524101115,0.0052460677023145,115.104473244,117.6403118355,127.6717225605,0.2754908919558705,-0.04490572499256726,2024-01,0
2024-01-25,118.04501961,sz.000858,五粮液,0.0238969152674737,0.0236158528657762,115.682498586,117.5178640995,127.238203554,0.2905687851211962,-0.017360804960352652,2024-01,0
2024-01-26,117.945981,sz.000858,五粮液,-0.0008389901609334,-0.0008393423101588,116.062446708,117.1082043945,126.834546189,0.2296106448144375,-0.06505027707600466,2024-01,0
2024-01-29,118.64825478,sz.000858,五粮液,0.0059541984732824,0.0059365422845223,116.923182264,116.724204693,126.4160330325,0.2313713150179461,-0.060595007938910664,2024-01,0
2024-01-30,114.98382621,sz.000858,五粮液,-0.0308848080133555,-0.0313717969775031,116.98260543,116.3510092035,125.933895072,0.2316371599103489,-0.06076211942315216,2024-01,0
2024-01-31,113.7143313,sz.000858,五粮液,-0.0110406389476157,-0.0111020391517253,116.66748258,115.9647586245,125.4385519635,0.2326836618758689,-0.06356746425312076,2024-01,1
2024-02-01,113.8944015,sz.000858,五粮液,0.0015835312747427,0.0015822788111295,115.837358958,115.7027564835,124.956414003,0.2255003187164479,-0.043004099051925065,2024-02,0
2024-02-02,111.48146082,sz.000858,五粮液,-0.0211857707509881,-0.0214134100764888,114.544454922,115.3687262625,124.4352608325,0.2346582504173431,-0.05602783836397726,2024-02,0
2024-02-05,113.95742607,sz.000858,五粮液,0.0222096591826845,0.0219666167132709,113.60628918,115.299849411,123.980133402,0.2367093663131238,-0.009892546752155364,2024-02,0
2024-02-06,119.73767949,sz.000858,五粮液,0.0507229201232519,0.0494784226207148,114.557059836,115.53304032,123.6516553455,0.2981951304064001,0.04309422973331353,2024-02,0
2024-02-07,120.52998837,sz.000858,五粮液,0.0066170388751032,0.0065952423727343,115.92019125,115.7612792985,123.32107647,0.2979412205587901,0.04196539582850903,2024-02,0
2024-02-08,120.27789009,sz.000858,五粮液,-0.0020915813849257,-0.0020937717960856,117.196888968,115.93999897199998,122.966038059,0.2978468424510636,0.033507354816254234,2024-02,0
2024-02-19,122.58278865,sz.000858,五粮液,0.0191631110113033,0.0189818111180479,119.417154534,116.273128842,122.662619772,0.3023109003479584,0.059382392999290226,2024-02,0
2024-02-20,120.98916738,sz.000858,五粮液,-0.0130003672420124,-0.0130856116277646,120.823502796,116.52972887699998,122.353199145,0.3074211188747465,0.04692571507766603,2024-02,0
2024-02-21,126.96749802,sz.000858,五粮液,0.0494121148980502,0.0482301167988905,122.269466502,117.0974001825,122.152420872,0.3490940068767059,0.09843605813860083,2024-02,0
2024-02-22,127.0395261,sz.000858,五粮液,0.0005672954190896,0.0005671345678739,123.571374048,117.8158802805,121.939337802,0.3307896782791125,0.12446865999799883,2024-02,0
2024-02-23,127.58874021,sz.000858,五粮液,0.0043231750531538,0.0043138569780107,125.033544072,118.437572646,121.762268772,0.3254793470663466,0.10673653698498703,2024-02,0
2024-02-26,125.83305576,sz.000858,五粮液,-0.0137604967892174,-0.0138560500109779,125.683597494,118.9269134145,121.5625409085,0.332251089256074,0.08523561799092202,2024-02,0
2024-02-27,125.83305576,sz.000858,五粮液,0.0,0.0,126.65237517,119.50133735250002,121.360412109,0.3251747045812647,0.09989928468345043,2024-02,0
2024-02-28,125.62597503,sz.000858,五粮液,-0.0016456783056667,-0.0016470339216856,126.384070572,120.04830058500002,121.214555247,0.3259693262794266,0.09526148039353192,2024-02,0
2024-02-29,128.07492975,sz.000858,五粮液,0.01949401562388,0.0193064411023248,126.591151302,120.687549795,121.117017222,0.3301461477655231,0.10949564360730044,2024-02,0
2024-03-01,128.38104909,sz.000858,五粮液,0.002390158172232,0.0023873062875875,126.749613078,121.204351269,121.0313338185,0.3229779482873378,0.08798888651205873,2024-03,0
2024-03-04,126.34625583,sz.000858,五粮液,-0.0158496388246019,-0.0159765875309834,126.852253092,121.6243650105,120.8989822215,0.3305141553922255,0.07297823784839023,2024-03,0
2024-03-05,127.48069809,sz.000858,五粮液,0.0089788356017956,0.008938765533835,127.181781558,122.065987176,120.81464934449998,0.3309680286496236,0.07600287497690343,2024-03,0
2024-03-06,125.20281006,sz.000858,五粮液,-0.0178684935376791,-0.0180300626260076,127.097148564,122.5769363685,120.712759623,0.3157510757162721,0.08901918945257983,2024-03,0
2024-03-07,124.47352575,sz.000858,五粮液,-0.0058248238170575,-0.0058418542684277,126.376867764,123.11489609100002,120.646433766,0.3128868169574305,0.09423500458313802,2024-03,0
2024-03-08,124.62658542,sz.000858,五粮液,0.0012296564195297,0.001228901011273,125.62597503,123.651505287,120.561200538,0.31293625975663,0.09388112972792503,2024-03,0
2024-03-11,127.09354716,sz.000858,五粮液,0.01979482733709,0.019601457393352,125.775433296,124.432109604,120.540792582,0.3015901613734675,0.1348617278160031,2024-03,0
2024-03-12,133.53105681,sz.000858,五粮液,0.0506517427033152,0.0494106789468017,126.98550504,125.410791141,120.621524055,0.3358844885577829,0.16330381133663383,2024-03,0
2024-03-13,133.03586376,sz.000858,五粮液,-0.0037084485199917,-0.0037153418628864,128.55211578,126.0757003545,120.749974131,0.2978284421696504,0.10887244269339023,2024-03,0
2024-03-14,134.65649556,sz.000858,五粮液,0.0121819166215484,0.0121083142179284,130.588709742,126.782025714,120.903934152,0.2987728079904972,0.11443732043983544,2024-03,0
2024-03-15,137.29452399,sz.000858,五粮液,0.0195907996790585,0.0194013700180078,133.122297456,127.632857409,121.18469360550002,0.3011558415195192,0.13611970150381963,2024-03,0
2024-03-18,138.2038785,sz.000858,五粮液,0.0066233851400092,0.006601546900331,135.344363724,128.4139119015,121.497565578,0.2975999662305178,0.12357997563252553,2024-03,0
2024-03-19,141.68823687,sz.000858,五粮液,0.0252117263843647,0.0248991535855211,136.975799736,129.448865376,121.8527540475,0.2958430365713226,0.16179206925890263,2024-03,0
2024-03-20,141.31008945,sz.000858,五粮液,-0.0026688695431149,-0.0026724373248104,138.63064487399998,130.1659949475,122.197138305,0.2541888466980697,0.10971108481773754,2024-03,0
2024-03-21,141.00397011,sz.000858,五粮液,-0.002166294998407,-0.0021686448096199,139.900139784,130.86421714800002,122.546474493,0.2550740219714321,0.10697749440024094,2024-03,0
2024-03-22,138.14085393,sz.000858,五粮液,-0.0203052167805377,-0.0205142015212282,140.069405772,131.391822834,122.866099098,0.2708790756248836,0.08234910256654944,2024-03,0
2024-03-25,136.60125372,sz.000858,五粮液,-0.0111451476243238,-0.0112077201364161,139.748880816,131.930232732,123.130502175,0.2687403300812563,0.08496445173144304,2024-03,0
2024-03-26,139.75248222,sz.000858,五粮液,0.0230688109675718,0.0228067486052945,139.361729886,132.626204055,123.457629705,0.2762735786559095,0.10803326269901484,2024-03,0
2024-03-27,137.44758366,sz.000858,五粮液,-0.0164927200103078,-0.0166302390556683,138.589228728,133.21728448649998,123.7293856485,0.2861469427826315,0.09318622099437374,2024-03,0
2024-03-28,137.8437381,sz.000858,五粮液,0.0028822219310886,0.0028780762933137,137.957182326,133.705724904,124.0111955115,0.2807492764932384,0.07657442730158234,2024-03,0
2024-03-29,138.21288201,sz.000858,五粮液,0.0026779882429783,0.0026744088214719,137.971587942,134.19731655,124.3065106395,0.2807315738928252,0.07686225737232863,2024-03,0
2024-04-01,141.60720528,sz.000858,五粮液,0.0245586606735717,0.0242619449137462,138.972778254,134.9603640225,124.5643111425,0.2797776815156217,0.11727055687050225,2024-04,0
2024-04-02,140.0045805,sz.000858,五粮液,-0.0113173957273651,-0.0113819247795675,139.02319791,135.586558143,124.792250004,0.2859872807438363,0.09697432554134154,2024-04,0
2024-04-03,139.1942646,sz.000858,五粮液,-0.0057877813504824,-0.0058045954659673,139.37253409800002,136.28613087,125.071358814,0.2763109301868475,0.10905503772853824,2024-04,0
2024-04-08,132.61269879,sz.000858,五粮液,-0.0472833117723157,-0.0484377036518699,138.326326236,136.69308952199998,125.2575814125,0.3322756390462171,0.06759654977328003,2024-04,0
2024-04-09,131.88341448,sz.000858,五粮液,-0.005499355013918,-0.0055145321351963,137.06043272999997,137.05593097499997,125.4700642485,0.3337085852669855,0.06086753833983234,2024-04,0
2024-04-10,128.85823512,sz.000858,五粮液,-0.0229382850901147,-0.0232054611657916,134.510638698,137.14416537300002,125.6483337465,0.3396790798396346,0.018134425912627643,2024-04,0
2024-04-11,128.15596134,sz.000858,五粮液,-0.0054499720514252,-0.0054648773293385,132.140914866,136.8754105995,125.8620170505,0.2846225735184003,-0.037967288842112756,2024-04,0
2024-04-12,126.49031199,sz.000858,五粮液,-0.0129970493185331,-0.013082250007565,129.600124344,136.548133011,126.0522912285,0.2873031575893709,-0.04725588964065416,2024-04,0
2024-04-15,132.63970932,sz.000858,五粮液,0.0486155598263222,0.0474707797133045,129.60552645,136.447293699,126.3301995705,0.3366381078167541,-0.010822246435880353,2024-04,0
2024-04-16,130.52388447,sz.000858,五粮液,-0.0159516698343741,-0.0160802671140584,129.333620448,136.108761723,126.560539368,0.3320569200108946,-0.046364715949312955,2024-04,0
2024-04-17,130.8210003,sz.000858,五粮液,0.0022763330344208,0.002273746113431,129.726173484,135.739617813,126.8088861855,0.3308607393761315,-0.05071176805490136,2024-04,0
2024-04-18,130.53288798,sz.000858,五粮液,-0.0022023399862354,-0.0022047687035055,130.201558812,135.1818503685,127.0534815405,0.3142617285518474,-0.07812583442550146,2024-04,0
2024-04-19,128.6601579,sz.000858,五粮液,-0.0143468064560629,-0.0144507169369099,130.635527994,134.549353791,127.270916307,0.3163786173992123,-0.08980377133844945,2024-04,0
2024-04-22,130.15474056,sz.000858,五粮液,0.0116165150454863,0.0115495613481513,130.138534242,134.0068923135,127.562329914,0.3214632660918327,-0.07602096129455616,2024-04,0
2024-04-23,132.37860753,sz.000858,五粮液,0.017086330935252,0.0169420013055929,130.509478854,133.7187799935,127.84939182450002,0.3233963781691864,-0.03862941357876645,2024-04,0
2024-04-24,134.13429198,sz.000858,五粮液,0.0132625994694959,0.0131754211585643,131.17213719,133.59543190649998,128.150859351,0.32577007936756,-0.01422166648494675,2024-04,0
2024-04-25,134.13429198,sz.000858,五粮液,0.0,0.0,131.89241799,133.3145223945,128.480687934,0.3134961610097797,-0.03729047745251855,2024-04,0
2024-04-26,137.07843975,sz.000858,五粮液,0.021949254933548,0.021711837841876,133.57607435999998,133.296065199,128.8538834235,0.3193481130159623,0.0011514974913372465,2024-04,0
2024-04-29,136.62826425,sz.000858,五粮液,-0.0032840722495894,-0.0032894766503987,134.870779098,133.2352915065,129.2095220685,0.3193748338888408,-0.005014796689340753,2024-04,0
2024-04-30,135.43980093,sz.000858,五粮液,-0.0086985172981879,-0.0087365702298753,135.48301777800003,133.0966374525,129.4994350905,0.3205420656699422,-0.016391302230506954,2024-04,1
2024-05-06,139.56340851,sz.000858,五粮液,0.0304460546433555,0.0299917712574704,136.56884108399998,132.994447614,129.859725549,0.327333605428297,-0.01050390826072315,2024-05,0
2024-05-07,140.40073494,sz.000858,五粮液,0.0059996129281982,0.005981686914251,137.822129676,133.014255336,130.222266885,0.3255277181189859,0.006813100394840146,2024-05,0
2024-05-08,139.554405,sz.000858,五粮液,-0.0060279594715916,-0.0060462009622072,138.317322726,133.032262356,130.63177653149998,0.3255887998977975,0.006572922273730944,2024-05,0
2024-05-09,139.41034884,sz.000858,五粮液,-0.001032258064516,-0.0010327912097991,138.87373964399998,133.3721448585,131.06004349050002,0.2730344241658799,0.052823975981530644,2024-05,0
2024-05-10,139.04120493,sz.000858,五粮液,-0.0026478946008784,-0.0026514064745378,139.594020444,133.73003438100002,131.479156881,0.2720928223328982,0.055675436394570246,2024-05,0
2024-05-13,136.0430361,sz.000858,五粮液,-0.0215631677782813,-0.0217990499562156,138.889945962,134.08927443,131.888516469,0.2704072330410819,0.05705055370640364,2024-05,0
2024-05-14,136.25912034,sz.000858,五粮液,0.0015883520847121,0.0015870919876817,138.061623042,134.49443237999998,132.2602113735,0.2686897228214792,0.06408887784254094,2024-05,0
2024-05-15,136.28613087,sz.000858,五粮液,0.0001982291529005,0.0001982095080981,137.40796821600003,134.984223324,132.5360188965,0.262139542613088,0.07728415631397455,2024-05,0
2024-05-16,138.69907155,sz.000858,五粮液,0.0177049613529762,0.0175500542682032,137.265712758,135.2871914355,132.8388369495,0.2099104194676561,0.046373557840628535,2024-05,0
2024-05-17,140.82389991,sz.000858,五粮液,0.0153197013956505,0.015203539643473,137.622251754,135.8021922075,133.1812704465,0.2030477608138552,0.07764492907065314,2024-05,0
2024-05-20,141.6252123,sz.000858,五粮液,0.0056901732625791,0.0056740453780819,138.738686994,136.3424028075,133.498644174,0.2030512530135082,0.08105876929881144,2024-05,0
2024-05-21,140.94094554,sz.000858,五粮液,-0.0048315321042592,-0.0048432416875399,139.675052034,136.8628056855,133.83117381,0.2043359274986085,0.07842957718078765,2024-05,0
2024-05-22,139.66244712,sz.000858,五粮液,-0.0090711639197649,-0.0091125574422957,140.350315284,137.4129201465,134.042756295,0.1988651159265362,0.08370521971708564,2024-05,0
2024-05-23,138.2939136,sz.000858,五粮液,-0.0097988653945332,-0.0098471902208245,140.26928369399997,137.8198787985,134.23032942,0.2027423159568123,0.06228983927706614,2024-05,0
2024-05-24,136.08805365,sz.000858,五粮液,-0.0159505208333332,-0.0160790994881046,139.322114442,138.0053511045,134.37198464399998,0.2064275782147925,0.029252987508480932,2024-05,0
2024-05-27,136.47520458,sz.000858,五粮液,0.0028448561032086,0.0028408171584158,138.292112898,138.1223967345,134.54935379100002,0.2017894091695561,0.018835244142193633,2024-05,0
2024-05-28,135.07966053,sz.000858,五粮液,-0.0102256234331704,-0.0102782642849608,137.119855896,138.169665162,134.7034638705,0.205649982731904,0.008609620709023231,2024-05,0
2024-05-29,134.34137271,sz.000858,五粮液,-0.0054655735519563,-0.0054805644465918,136.055641014,138.03281181,134.8487204985,0.1900341304630518,-0.01880520777648107,2024-05,0
2024-05-30,131.68533726,sz.000858,五粮液,-0.0197707928423027,-0.019968849809525,134.733925746,137.78566546049998,134.908893957,0.2014021479840699,-0.03529192836919437,2024-05,0
2024-05-31,132.0814917,sz.000858,五粮液,0.0030083413099957,0.0030038253061307,133.932613356,137.61774999899998,134.9705680005,0.2003407182716657,-0.023585069761010765,2024-05,1
2024-06-03,131.43323898,sz.000858,五粮液,-0.0049079754601225,-0.0049200591254496,132.924220236,137.2112415225,135.05535105299998,0.1619464061030263,-0.05893909986448877,2024-06,0
2024-06-04,133.05387078,sz.000858,五粮液,0.0123304562268804,0.0122550553370153,132.519062286,136.8438983145,135.1482372645,0.168029978263806,-0.05260825656580656,2024-06,0
2024-06-05,131.23516176,sz.000858,五粮液,-0.013668967383949,-0.0137632478488533,131.89782009599998,136.4279361525,135.2487764595,0.172216044072768,-0.060249264478163964,2024-06,0
2024-06-06,130.4608599,sz.000858,五粮液,-0.0059001097694841,-0.0059175841850115,131.652924624,135.9804617055,135.348565362,0.172340473701811,-0.06511711618313207,2024-06,0
2024-06-07,128.15596134,sz.000858,五粮液,-0.0176673567977915,-0.0178252874555115,130.86781855200002,135.436199526,135.407388294,0.1797258521402141,-0.08013657838004518,2024-06,0
2024-06-11,124.68060648,sz.000858,五粮液,-0.0271181677673177,-0.0274926510031713,129.517292052,134.868078045,135.367172616,0.1878222144690259,-0.08569157836908156,2024-06,0
2024-06-12,124.1584029,sz.000858,五粮液,-0.0041883304448295,-0.0041971260686976,127.738198476,134.263042173,135.2109617175,0.1865414530105299,-0.09146826089862317,2024-06,0
2024-06-13,121.15123056,sz.000858,五粮液,-0.0242204496011602,-0.0245185885746181,125.72141223600002,133.5062971575,135.0128844975,0.1980403173389733,-0.11588693965268387,2024-06,0
2024-06-14,122.15962368,sz.000858,五粮液,0.008323424494649,0.0082889758189548,124.061164992,132.679324764,134.8046032995,0.1856904745683781,-0.12526847651101106,2024-06,0
2024-06-17,122.20464123,sz.000858,五粮液,0.0003685141509432,0.0003684462662807,122.87090097,131.74836183,134.55310525349998,0.1695218733176453,-0.14021966375571837,2024-06,0
2024-06-18,120.54799539,sz.000858,五粮液,-0.0135563250570985,-0.0136490510005854,122.044378752,130.6945009845,134.25884053500002,0.1640750520890362,-0.15946616207539596,2024-06,0
2024-06-19,120.84511122,sz.000858,五粮液,0.0024647098364329,0.0024616774208051,121.381720416,129.6897092685,133.91145510750002,0.1679269260318185,-0.15216992013470387,2024-06,0
2024-06-20,119.0264022,sz.000858,五粮液,-0.0150499180450007,-0.0151643173125073,120.956754744,128.6579070225,133.54006032,0.1699465110577298,-0.15814867425993967,2024-06,0
2024-06-21,117.2257002,sz.000858,五粮液,-0.0151285930408472,-0.015244197643117,119.969970048,127.60449635250002,133.14375582149998,0.1717764217856676,-0.16347840190625365,2024-06,0
2024-06-24,117.97299153,sz.000858,五粮液,0.0063748079877112,0.0063545748420251,119.12364010800002,126.69874324650002,132.8076247815,0.1765838728806196,-0.14115307308520927,2024-06,0
2024-06-25,118.40516001,sz.000858,五粮液,0.0036632832175838,0.0036565897373796,118.695073032,125.795241018,132.504356553,0.1772153661292184,-0.14033464597083406,2024-06,0
2024-06-26,118.2160863,sz.000858,五粮液,-0.001596836742453,-0.001598113045123,118.169268048,124.9520623065,132.145416621,0.1777890554788765,-0.13170585928011666,2024-06,0
2024-06-27,116.73050715,sz.000858,五粮液,-0.0125666412795125,-0.0126462693240771,117.710089038,124.0715190285,131.8001320125,0.1789787394314304,-0.1388069270076729,2024-06,0
2024-06-28,115.28094204,sz.000858,五粮液,-0.012418048592364,-0.012495796883011,117.321137406,123.2512992675,131.4240854115,0.1738163259567166,-0.13145418275773416,2024-06,1
2024-07-01,115.5150333,sz.000858,五粮液,0.0020306154326772,0.0020285565199283,116.82954576,122.4229763475,131.045787933,0.1731348350573947,-0.13243190863505266,2024-07,0
2024-07-02,118.45017756,sz.000858,五粮液,0.0254091971940764,0.0250917496992655,116.83854927,121.7738232765,130.659837471,0.2072071893569181,-0.10211473598085376,2024-07,0
2024-07-03,117.945981,sz.000858,五粮液,-0.004256612952265,-0.0042656981197046,116.78452821,121.0184287875,130.292194146,0.1967985029631874,-0.11870180515999916,2024-07,0
2024-07-04,117.57683709,sz.000858,五粮液,-0.0031297709923664,-0.0031346789688357,116.953794198,120.335512554,129.9319036875,0.1948513843928575,-0.10816260876841656,2024-07,0
2024-07-05,116.10026145,sz.000858,五粮液,-0.012558388850601,-0.0126379119049619,117.11765808,119.6174826315,129.6566963985,0.1965007556504125,-0.11482088784953347,2024-07,0
2024-07-08,113.36319441,sz.000858,五粮液,-0.0235750290810391,-0.0238573663137445,116.687290302,118.877844285,129.348026064,0.2022900202719593,-0.12072856013278106,2024-07,0
2024-07-09,114.40760157,sz.000858,五粮液,0.0092129298705423,0.0091707497028337,115.87877510399998,118.3641940395,129.1071821715,0.1929650142931236,-0.08439746249492107,2024-07,0
2024-07-10,113.93041554,sz.000858,五粮液,-0.0041709294089871,-0.0041796519977047,115.075662012,117.8527946715,128.8700897415,0.1929650619050382,-0.08438006145907866,2024-07,0
2024-07-11,117.47779848,sz.000858,五粮液,0.0311363995574522,0.0306614945940203,115.05585429,117.6691230675,128.71988118299998,0.2155836802994959,-0.029023212300466263,2024-07,0
2024-07-12,118.9625528,sz.000858,五粮液,0.0126385950299601,0.0125593946110075,115.62831256,117.5092695235,128.49192857433334,0.2187002457891445,-0.02470804176515516,2024-07,0
2024-07-15,119.05593,sz.000858,五粮液,0.0007849293563579,0.0007846214604179,116.766859678,117.351833962,128.30079599983333,0.2187457409077799,-0.024291626559740466,2024-07,0
2024-07-16,119.03725456,sz.000858,五粮液,-0.000156862745098,-0.0001568750493452,117.692790276,117.2762969205,128.10440023750002,0.2138346191440886,-0.010892164247739962,2024-07,0
2024-07-17,122.10002672,sz.000858,五粮液,0.0257295262001884,0.0254040923068743,119.326712512,117.3390426955,127.96385254983332,0.2332426966942283,0.012372652116015539,2024-07,0
2024-07-18,122.4175092,sz.000858,五粮液,0.0026001835423676,0.0025968089136442,120.314654656,117.5085980455,127.85980840483334,0.2258129569801386,0.03002275370338384,2024-07,0
2024-07-19,124.58386024,sz.000858,五粮液,0.0176964149504195,0.0175416565117151,121.438916144,117.8765060475,127.7669603995,0.2238030525543025,0.06284776169465053,2024-07,0
2024-07-22,122.52956184,sz.000858,五粮液,-0.0164892819667217,-0.0166267433646379,122.133642512,118.104334563,127.602809638,0.2339106725076919,0.039983671740217636,2024-07,0
2024-07-23,118.4022896,sz.000858,五粮液,-0.0336838896509678,-0.0342642619136058,122.00664952000002,118.1041910425,127.34060959833332,0.2657822987162356,0.002636498871666032,2024-07,0
2024-07-24,117.71129832,sz.000858,五粮液,-0.0058359621451105,-0.0058530579181615,121.12890384,118.0789516435,127.06689303733332,0.2665727664938001,-0.0016026265309914654,2024-07,0
2024-07-25,117.44984216,sz.000858,五粮液,-0.0022211645248293,-0.0022236349696066,120.135370432,118.114918394,126.73974974416666,0.2626460804715639,0.008742850223691735,2024-07,0
2024-07-26,117.8420264,sz.000858,五粮液,0.0033391636190172,0.0033336009917553,118.787003664,118.242972612,126.42664578,0.2583373596165253,0.024500062435072932,2024-07,0
2024-07-29,115.8811052,sz.000858,五粮液,-0.0166402535657685,-0.0167802578965512,117.457312336,118.261276207,126.10066751783332,0.2659540811374121,0.005829193436627234,2024-07,0
2024-07-30,115.12474988,sz.000858,五粮液,-0.0065269943593875,-0.0065483883301,116.80180439199998,118.095004823,125.69335654066668,0.249607873681117,-0.026106998116836665,2024-07,0
2024-07-31,118.45831592,sz.000858,五粮液,0.0289561197177388,0.0285448123252898,116.951207912,118.120621569,125.32764955700002,0.2712984939428635,0.007105734553167136,2024-07,0
2024-08-01,115.787728,sz.000858,五粮液,-0.0225445372851963,-0.0228025506007142,116.61878508,118.0311661145,124.93153827366667,0.2831025308553176,-0.012309031739662763,2024-08,0
2024-08-02,115.5075964,sz.000858,五粮液,-0.0024193548387096,-0.0024222862065946,116.15189908,118.001532862,124.53315906633334,0.2796967207313857,-0.0021699977277713635,2024-08,0
2024-08-05,117.655272,sz.000858,五粮液,0.0185933710590138,0.0184226275530358,116.50673244,118.2161367415,124.17672685083332,0.2727384060168709,0.03999840241228154,2024-08,0
2024-08-06,117.5618948,sz.000858,五粮液,-0.0007936507936506,-0.0007939659011764,116.994161424,118.373851403,123.86870782916668,0.2715387488681324,0.029991821748088638,2024-08,0
2024-08-07,118.589044,sz.000858,五粮液,0.0087370929308974,0.0086991454082896,117.02030704,118.606782826,123.57420655683332,0.2718291149258932,0.042899844087973135,2024-08,0
2024-08-08,119.8496362,sz.000858,五粮液,0.0106299212598426,0.0105738208585582,117.83268868,118.725374712,123.300264979,0.2518320089936716,0.022393365790363533,2024-08,0
2024-08-09,119.59751776,sz.000858,五粮液,-0.002103622906116,-0.0021058386286901,118.650672952,118.75712296,122.98190574916666,0.24830062951548,0.007651147854287435,2024-08,0
2024-08-12,119.25202212,sz.000858,五粮液,-0.00288881948782,-0.0028930001802885,118.970022976,118.766927566,122.62237445266666,0.2485639677907822,0.003977399010109534,2024-08,0
2024-08-13,117.2817632,sz.000858,五粮液,-0.0165218072194817,-0.0166598144740724,118.913996656,118.679152998,122.216650301,0.255563874565353,-0.012387545464274166,2024-08,0
2024-08-14,116.09587276,sz.000858,五粮液,-0.0101114649681528,-0.010162933069252,118.415362408,118.37894529999998,121.80256575466666,0.2375876285520666,-0.048228536632615365,2024-08,0
2024-08-15,116.6748114,sz.000858,五粮液,0.0049867288667255,0.0049743363161151,117.780397448,118.09181041,121.41943849266666,0.2384049329755229,-0.04584199130825747,2024-08,0
2024-08-16,116.73083772,sz.000858,五粮液,0.0004801920768306,0.0004800768215103,117.20706144,117.699159284,121.06005389466668,0.22681075141515,-0.06305821418184637,2024-08,0
2024-08-19,115.7410394,sz.000858,五粮液,-0.0084793216542675,-0.0085154756212721,116.504864896,117.359733162,120.7209369905,0.2223013365566925,-0.05504825386939217,2024-08,0
2024-08-20,114.9940218,sz.000858,五粮液,-0.0064542154094393,-0.0064751339146526,116.04731661600002,117.189319772,120.3629172775,0.1908358524123271,-0.027818579627863667,2024-08,0
2024-08-21,114.1069384,sz.000858,五粮液,-0.0077141697117336,-0.0077440778290519,115.649529744,117.009101776,120.01337190866666,0.1915312800720233,-0.029696787194486766,2024-08,0
2024-08-22,112.97707428,sz.000858,五粮液,-0.0099018003273323,-0.0099511491841085,114.90998232,116.78546338200002,119.65730026816668,0.1938492988717745,-0.03737742299698977,2024-08,0
2024-08-23,113.08912692,sz.000858,五粮液,0.0009918175055789,0.0009913259795726,114.18164016,116.547818408,119.34736342916668,0.193190815754673,-0.03972476911042806,2024-08,0
2024-08-26,110.29714864,sz.000858,五粮液,-0.0246882998926595,-0.0249981666572371,113.092862008,116.26862058,118.98429104483333,0.2031433464396829,-0.047772815437319066,2024-08,0
2024-08-27,109.9049644,sz.000858,五粮液,-0.0035557060616322,-0.0035620426094908,112.075050528,116.007631306,118.6254864685,0.2026136347772119,-0.044801527139563764,2024-08,0
2024-08-28,106.450008,sz.000858,五粮液,-0.0314358538657604,-0.0319405658717355,110.543664448,115.40721591,118.1820887555,0.1924352099092437,-0.10519350072306297,2024-08,0
2024-08-29,110.91343816,sz.000858,五粮液,0.0419298245614034,0.0410745941932186,110.130937224,115.163501418,117.84339336216668,0.24463659098853,-0.04071913887646326,2024-08,0
2024-08-30,114.88196916,sz.000858,五粮液,0.0357804344165684,0.0351551854843634,110.489505672,115.132220056,117.58374518316668,0.2790067845380819,-0.002519349621185267,2024-08,1
2024-09-02,111.118868,sz.000858,五粮液,-0.0327562383158578,-0.0333047349605481,110.653849544,114.805399856,117.2997936275,0.2925240745148372,-0.05386895899605687,2024-09,0
2024-09-03,112.35144704,sz.000858,五粮液,0.0110924369747897,0.0110313670900001,111.143146072,114.54487746799998,117.09430763683332,0.2965627176122307,-0.04198287122761657,2024-09,0
2024-09-04,111.22158292,sz.000858,五粮液,-0.0100565159574467,-0.01010742430872,112.097461056,114.176504414,116.8786939705,0.2949535982644171,-0.060776480115960665,2024-09,0
2024-09-05,111.6324426,sz.000858,五粮液,0.0036940643103013,0.0036872580115241,112.241261944,113.765644734,116.7200475045,0.2917001012041622,-0.06771233706550196,2024-09,0
2024-09-06,109.74622316,sz.000858,五粮液,-0.01689669594312,-0.0170410737595709,111.214112744,113.273080004,116.51315749583334,0.2955388441479342,-0.08250541010250596,2024-09,0
2024-09-09,108.52298184,sz.000858,五粮液,-0.0111460903599081,-0.0112086734978032,110.694935512,112.73662799,116.28512983933334,0.2965324302052003,-0.09076268097459406,2024-09,0
2024-09-10,108.71907396,sz.000858,五粮液,0.0018069179143005,0.0018052874019651,109.96846089599998,112.308493528,116.08798114883332,0.2938332330265893,-0.07243395584081186,2024-09,0
2024-09-11,108.32688972,sz.000858,五粮液,-0.0036073177016233,-0.0036138397616093,109.389522256,111.920044376,115.87934412383332,0.2928332493615844,-0.06592980857428236,2024-09,0
2024-09-12,105.85239392,sz.000858,五粮液,-0.0228428583742781,-0.0231077989048904,108.23351252,111.378923502,115.65977731916664,0.298990010049768,-0.09375939581528597,2024-09,0
2024-09-13,101.9679024,sz.000858,五粮液,-0.036697247706422,-0.0373875320716203,106.677848368,110.640776736,115.40548068916668,0.3189255825066998,-0.13093683559853855,2024-09,0
2024-09-18,100.55790668,sz.000858,五粮液,-0.0138278388278387,-0.013924333970015,105.084833336,109.8816201,115.115229275,0.3199189650290827,-0.13628535277210976,2024-09,0
2024-09-19,103.5553148,sz.000858,五粮液,0.0298077815953199,0.0293721650155318,104.052081504,109.30968475,114.86773185483337,0.3453442137749568,-0.10002335576735057,2024-09,0
2024-09-20,102.97637616,sz.000858,五粮液,-0.0055906221821461,-0.0056063082007254,102.981978792,108.753156638,114.61373668583332,0.3452051882624424,-0.09789980823776306,2024-09,0
2024-09-23,104.85325788,sz.000858,五粮液,0.0182263329706202,0.0180622244288513,102.782151584,108.346965818,114.41578253133332,0.3541184545790304,-0.06977167493981055,2024-09,0
2024-09-24,112.38879792,sz.000858,五粮液,0.0718674859738177,0.0694024411773971,104.86633068800002,108.311949368,114.36758012933336,0.443979380471284,0.0011039935284282432,2024-09,0
2024-09-25,114.0135612,sz.000858,五粮液,0.0144566301096709,0.0143531293548144,107.557461592,108.49776999600002,114.34255559433332,0.4367288235627102,0.040248923530758644,2024-09,0
2024-09-26,125.41491732,sz.000858,五粮液,0.1,0.0953101798043249,111.929382096,109.273267642,114.45863459033332,0.5572757877501571,0.14380462959239085,2024-09,0
2024-09-27,137.95547528,sz.000858,五粮液,0.0999925545380091,0.0953034111796079,118.92520192000002,110.848541006,114.79212616166666,0.6273267998195045,0.27523303799616033,2024-09,0
2024-09-30,151.74728772,sz.000858,五粮液,0.0999729254095032,0.0952855662373255,128.304007888,112.890233484,115.36163367216668,0.6923568539030132,0.33327613884426016,2024-09,0
2024-10-08,153.1852966,sz.000858,五粮液,0.0094763399175434,0.0094317210691933,136.463307624,114.80539985599998,115.97971759133334,0.6890118870502167,0.3069720443452352,2024-10,0
2024-10-09,137.89944896,sz.000858,五粮液,-0.0997866504114598,-0.1051234886525685,141.240485176,116.14442890399998,116.38865516716668,0.7854195744353729,0.23994163224963316,2024-10,0
2024-10-10,141.91466856,sz.000858,五粮液,0.0291170097508124,0.0287011624870967,144.540435424,117.62258998,116.84710628366666,0.7877467410579037,0.25796620502565587,2024-10,0
2024-10-11,139.7389798,sz.000858,五粮液,-0.0153309646006052,-0.0154496989429308,144.89713632800002,119.048459824,117.27724902133332,0.7900044975633148,0.25269175638249736,2024-10,0
2024-10-14,139.84169472,sz.000858,五粮液,0.0007350484463748,0.0007347784305739,142.516017728,120.45892243,117.64998062533331,0.7905183025209943,0.24973274051857086,2024-10,0
2024-10-15,134.463168,sz.000858,五粮液,-0.0384615384615384,-0.0392207131532812,138.771592008,121.694769672,117.908324212,0.8047279293773824,0.22816789800015247,2024-10,0
2024-10-16,132.2688038,sz.000858,五粮液,-0.0163194444444444,-0.016454073299475,137.645462976,122.88206077,118.12853877533333,0.8068577409568104,0.22299454391561616,2024-10,0
2024-10-17,128.8138474,sz.000858,五粮液,-0.0261207200847159,-0.0264679256132306,135.025298744,123.886799442,118.29148198933332,0.8171708124106782,0.19506690591659975,2024-10,0
2024-10-18,133.529396,sz.000858,五粮液,0.0366074664733599,0.0359533295966122,133.783381984,125.146924756,118.48197147733336,0.820909697991918,0.23528169009158295,2024-10,0
2024-10-21,133.53873372,sz.000858,五粮液,6.993006993027961e-05,6.992762493692443e-05,132.522789784,126.531241746,118.66732521933334,0.8120799603651202,0.2581944785357913,2024-10,0
2024-10-22,135.80779968,sz.000858,五粮液,0.016991818753933,0.0168490725443244,132.79171612,128.22323661,118.85439087666668,0.7906608917235214,0.31188354499614634,2024-10,0
2024-10-23,138.69315516,sz.000858,五粮液,0.0212458745874588,0.0210233276122727,134.076586392,130.12999903399998,119.12378409866666,0.7831163260067997,0.34695725841144387,2024-10,0
2024-10-24,136.76024712,sz.000858,五粮液,-0.0139365784689962,-0.0140346044085177,135.665866336,131.79024565,119.42975005733334,0.789255313889586,0.3032128983471277,2024-10,0
2024-10-25,138.30097092,sz.000858,五粮液,0.0112658746415403,0.0112028873059575,136.62018132,133.55647538800002,119.77291126733331,0.7856369364527398,0.3200693951708141,2024-10,0
2024-10-28,143.77287484,sz.000858,五粮液,0.0395651880359191,0.038802537302946,138.667009544,135.502456236,120.21162847866668,0.7900765766455867,0.34140825023611304,2024-10,0
2024-10-29,140.8128176,sz.000858,五粮液,-0.0205884263168149,-0.0208033226679716,139.66801312799998,136.92365722,120.59447499866668,0.7730047693227733,0.24895233794548044,2024-10,0
2024-10-30,138.9452736,sz.000858,五粮液,-0.0132625994694959,-0.0133513331748641,139.71843681599998,138.17024284,120.97887780533333,0.7782932928399169,0.2212331083663136,2024-10,0
2024-10-31,137.10574276,sz.000858,五粮液,-0.013239247311828,-0.0133276674241453,139.787535944,138.75478411199998,121.34522768666666,0.7072178379384313,0.10799386105448562,2024-10,0
2024-11-01,138.12355424,sz.000858,五粮液,0.0074235510454268,0.0073961321040233,139.752052608,138.76318806,121.67298165866666,0.6130681635900771,0.015424857561903317,2024-11,0
2024-11-04,138.7585192,sz.000858,五粮液,0.0045970795024337,0.0045865452047893,138.74918148,138.113749634,122.05582817866669,0.4893790622383372,-0.07995098834516619,2024-11,0
2024-11-05,142.6803616,sz.000858,五粮液,0.0282637954239568,0.0278717444487612,139.12269028,137.588502884,122.50870759866666,0.5006537162512915,-0.06116353283875278,2024-11,0
2024-11-06,141.233015,sz.000858,五粮液,-0.0101439790575916,-0.0101957798214693,139.58023856,137.75518118600002,122.901669982,0.3491356170166017,0.028479138515115417,2024-11,0
2024-11-07,151.49516928,sz.000858,五粮液,0.0726611570247934,0.0701426234918675,142.45812386400002,138.23420622199998,123.46722455666666,0.4216322403734206,0.0720232857890964,2024-11,0
2024-11-08,146.10730484,sz.000858,五粮液,-0.0355645956607494,-0.0362124220888523,144.054873984,138.55262247399995,123.92586223733332,0.439424061642411,0.0517896547289522,2024-11,0
2024-11-11,144.56658104,sz.000858,五粮液,-0.0105451524253852,-0.0106011465373986,145.216486352,138.78886679,124.337811318,0.4418728943295086,0.04050945385719221,2024-11,0
2024-11-12,144.0810196,sz.000858,五粮液,-0.0033587391809843,-0.0033643924074522,145.496617952,139.26975937,124.745869682,0.4160265134297224,0.07561225313774632,2024-11,0
2024-11-13,143.74486168,sz.000858,五粮液,-0.0023331173039531,-0.0023358432629435,145.998987288,139.843562264,125.15408367466668,0.4099824411849254,0.08959858027823761,2024-11,0
2024-11-14,143.32466428,sz.000858,五粮液,-0.002923216837729,-0.0029274977808546,144.364886288,140.56910310799998,125.588132026,0.3950139637531495,0.11279608352522451,2024-11,0
2024-11-15,141.27036588,sz.000858,五粮液,-0.0143331813147435,-0.014436893568573,143.397498496,140.956151602,126.00770691133334,0.3832581302133584,0.06185543573712111,2024-11,0
2024-11-18,139.44017276,sz.000858,五粮液,-0.0129552515037346,-0.0130399026875664,142.37221684000002,141.25122355399998,126.38712960066668,0.3873872405362984,0.04883025416345623,2024-11,0
2024-11-19,138.6184534,sz.000858,五粮液,-0.005892988682783,-0.0059104208594084,141.2797036,141.39175624,126.75192319533332,0.3844930660356128,0.025945446726740234,2024-11,0
2024-11-20,139.6922912,sz.000858,五粮液,0.0077467160660156,0.0077168643306081,140.46918950399998,141.441713042,127.15111072533334,0.3781371806472691,0.012446288205297033,2024-11,0
2024-11-21,139.598914,sz.000858,五粮液,-0.0006684491978609,-0.0006686727096356,139.72403944799998,141.583646386,127.561192262,0.3742750369213987,0.02571441747643233,2024-11,0
2024-11-22,135.29422508,sz.000858,五粮液,-0.0308361204013378,-0.0313215589981103,138.528811288,141.43330909399998,127.91431370666668,0.3889348817240218,-0.01638757756644577,2024-11,0
2024-11-25,134.2764136,sz.000858,五粮液,-0.0075229484436467,-0.0075513885456844,137.496059456,140.958486032,128.26930269533332,0.3588382434809162,-0.06347571404601157,2024-11,0
2024-11-26,135.2101856,sz.000858,五粮液,0.0069541029207229,0.0069300346646694,136.81440589599998,140.678354432,128.63798700666666,0.3544008496968104,-0.03593318480847377,2024-11,0
2024-11-27,137.3111726,sz.000858,五粮液,0.0155386740331491,0.0154191850483879,136.33818217599998,140.596649382,129.08822073933334,0.3567799709207435,-0.007131911305828766,2024-11,0
2024-11-28,134.463168,sz.000858,五粮液,-0.0207412444746684,-0.0209593654240033,135.31103297599998,140.464520644,129.49752413266663,0.3613374147753525,-0.014633908468669167,2024-11,0
2024-11-29,137.04971644,sz.000858,五粮液,0.0192361111111112,0.0190534360471068,135.66213124799998,140.410828754,130.00751927333334,0.3672577885583964,-0.0028213484029847684,2024-11,0
2024-12-02,137.6379928,sz.000858,五粮液,0.0042924303331743,0.0042832441321288,136.334447088,140.354802434,130.45292851733333,0.3672072475712727,-0.003125997572244167,2024-12,0
2024-12-03,137.25514628,sz.000858,五粮液,-0.0027815468113976,-0.00278542250134,136.743439224,140.083541668,130.82581480266666,0.3515405157282615,-0.034171339807598566,2024-12,0
2024-12-04,136.07859356,sz.000858,五粮液,-0.0085720117014762,-0.0086089627082909,136.49692341600002,139.825820596,131.24181022866665,0.3510842146445385,-0.032599372451483165,2024-12,0
2024-12-05,135.42495316,sz.000858,五粮液,-0.0048034035545185,-0.0048149769734465,136.689280448,139.02230979,131.626368664,0.2149711694928911,-0.11006393303079506,2024-12,0
2024-12-06,136.74157168,sz.000858,五粮液,0.0097221264565952,0.0096751706798768,136.627651496,138.554023132,132.05170181,0.189581981388106,-0.06477721091345046,2024-12,0
2024-12-09,136.10660672,sz.000858,五粮液,-0.0046435400163888,-0.0046543547403871,136.32137428,138.131024416,132.45960454533332,0.187713579157292,-0.05887559850445406,2024-12,0
2024-12-10,139.2254052,sz.000858,五粮液,0.0229143798024149,0.0226557882590445,136.715426064,137.888243696,132.950924246,0.208913087387576,-0.03260247952105487,2024-12,0
2024-12-11,139.5055368,sz.000858,五粮液,0.0020120724346075,0.0020100509280241,137.400814712,137.676277452,133.46730016200002,0.2092881894500751,-0.02825728978249427,2024-12,0
2024-12-12,141.76526504,sz.000858,五粮液,0.0161981258366801,0.0160683358899052,138.668877088,137.59830749,134.01807001333333,0.2182712797691023,-0.009135947108085168,2024-12,0
2024-12-13,138.23560688,sz.000858,五粮液,-0.0248979054143063,-0.0252131010706668,138.96768412800003,137.44656953999998,134.51654863266666,0.2300813827861229,-0.019700671207647964,2024-12,0
2024-12-16,135.01409348,sz.000858,五粮液,-0.0233045122939745,-0.0235803564779202,138.74918148,137.225265576,135.00257695866668,0.2399440570812019,-0.030049931997887868,2024-12,0
2024-12-17,135.29422508,sz.000858,五粮液,0.0020748322843902,0.0020726827925958,137.962945456,137.05905416,135.55801566999995,0.2396771064002497,-0.022082111030714665,2024-12,0
2024-12-18,135.5836944,sz.000858,五粮液,0.0021395541445237,0.002137268558065,137.17857697600002,136.85362432,136.14177879866665,0.2377494793594664,-0.027689272952206564,2024-12,0
2024-12-19,134.0429706,sz.000858,五粮液,-0.0113636363636365,-0.0114286958236229,135.634118088,136.57582715,136.64990639533332,0.2403392506320167,-0.03838446011798217,2024-12,0
2024-12-20,133.72548812,sz.000858,五粮液,-0.0023685127133402,-0.0023713220764617,134.732094336,136.497390302,137.16239159466667,0.2147969432558223,-0.009916852429984566,2024-12,0
2024-12-23,133.0158214,sz.000858,五粮液,-0.0053068919768172,-0.0053210235466938,134.33243992,136.43436069199998,137.63176765333336,0.2139778590692288,-0.007700795963155065,2024-12,0
2024-12-24,133.97760656,sz.000858,五粮液,0.0072306072306072,0.0072045917201644,134.069116216,136.37273174,137.99158113066667,0.2141058557692629,-0.007424291653270765,2024-12,0
2024-12-25,133.60409776,sz.000858,五粮液,-0.0027878449958181,-0.0027917382732647,133.67319688799998,136.187377998,138.31809007333334,0.2057639804590567,-0.025750810682237966,2024-12,0
2024-12-26,133.05317228,sz.000858,五粮液,-0.004123567235113,-0.0041320925831194,133.47523722399998,136.11687821200002,138.44539432266666,0.1929843664603517,-0.009133133442682566,2024-12,0
2024-12-27,133.08118544,sz.000858,五粮液,0.0002105410906028,0.0002105189299378,133.346376688,135.918451662,138.36415615866665,0.1785085564324225,-0.02815870346319097,2024-12,0
2024-12-30,131.85794412,sz.000858,五粮液,-0.0091916923940499,-0.0092341966564746,133.11480123200002,135.629449228,138.03266709866665,0.1792130752917758,-0.041642826190415164,2024-12,0
2024-12-31,130.76543088,sz.000858,五粮液,-0.0082855321861059,-0.0083200479946958,132.472366096,135.304963458,137.65900267,0.1805578645462664,-0.047146811565123466,2024-12,1
