date,close,code,name,ret,log_ret,ma5,ma20,ma60,vol20
2020-01-02,956.41279,sh.600519,贵州茅台,,,,,,
2020-01-03,912.87484848,sh.600519,贵州茅台,-0.04552212389380528,-0.04659081460125749,,,,
2020-01-06,912.39241017,sh.600519,贵州茅台,-0.0005284824210057826,-0.0005286221170605463,,,,
2020-01-07,926.39158499,sh.600519,贵州茅台,0.015343370532194145,0.015226851375361863,,,,
2020-01-08,920.98319762,sh.600519,贵州茅台,-0.005838122299068882,-0.005855230755060694,925.8109662520001,,,
2020-01-09,933.3065341,sh.600519,贵州茅台,0.013380631168783408,0.013291901156263533,921.189715072,,,
2020-01-10,941.6010875,sh.600519,贵州茅台,0.008887276684501622,0.008848017275762413,926.9349628760001,,,
2020-01-13,951.56301541,sh.600519,贵州茅台,0.010579775280898929,0.01052420108972396,934.769083924,,,
2020-01-14,937.2845342,sh.600519,贵州茅台,-0.015005292323018504,-0.015119010741252395,936.9476737660001,,,
2020-01-15,941.28792579,sh.600519,贵州茅台,0.0042712660285353365,0.004262170063451671,941.0086193999999,,,
2020-01-16,936.945981,sh.600519,贵州茅台,-0.004612770089827745,-0.004623441743681686,941.7365087800001,,,
2020-01-17,937.3691725,sh.600519,贵州茅台,0.00045167118337863243,0.00045156921065395714,940.8901257800001,,,
2020-01-20,923.403853,sh.600519,贵州茅台,-0.014898419864559753,-0.015010516086219818,935.258293298,,,
2020-01-21,910.1156399,sh.600519,贵州茅台,-0.014390467461044887,-0.01449501443659018,929.824514438,,,
2020-01-22,910.29338033,sh.600519,贵州茅台,0.00019529433646425787,0.0001952752690078008,923.6256053459999,,,
2020-01-23,891.0720224,sh.600519,贵州茅台,-0.021115563779044333,-0.021341686094435614,914.4508136259999,,,
2020-02-03,849.70082136,sh.600519,贵州茅台,-0.046428571428571486,-0.047540944769000136,896.917143398,,,
2020-02-04,878.55401783,sh.600519,贵州茅台,0.033956888995139156,0.03339308178874356,887.947176364,,,
2020-02-05,888.69368617,sh.600519,贵州茅台,0.011541314630880262,0.011475221705897366,883.6627856179999,,,
2020-02-06,906.476193,sh.600519,贵州茅台,0.02000971437823207,0.019812151151055182,882.8993481519999,918.3361347875,,
2020-02-07,910.708108,sh.600519,贵州茅台,0.00466853408029877,0.00465767027398094,886.8265652719999,916.0509006875002,,0.31779110957026796
2020-02-10,902.65900567,sh.600519,贵州茅台,-0.008838289962825208,-0.008877579319356385,897.418202134,915.5401085469999,,0.2753945297219404
2020-02-11,929.328534,sh.600519,贵州茅台,0.029545518476497667,0.02911746066710267,907.5731053679999,916.3869147385,,0.29521251938097054
2020-02-12,928.71067441,sh.600519,贵州茅台,-0.0006648451730418836,-0.0006650662806009026,915.5765030160001,916.5028692095,,0.2903872669951818
2020-02-13,923.403853,sh.600519,贵州茅台,-0.005714181559689058,-0.00573056995580422,918.962035016,916.6239019785,,0.29035293727261
2020-02-14,920.864704,sh.600519,贵州茅台,-0.002749770852429001,-0.0027535584171829186,920.9933542160001,916.0018104735,,0.2863257171482014
2020-02-17,925.79065306,sh.600519,贵州茅台,0.005349264705882373,0.005335008208023645,925.6196836940001,915.2112887515001,,0.2850573245573441
2020-02-18,917.479172,sh.600519,贵州茅台,-0.008977711140772726,-0.009018253624320065,923.249811294,913.507096581,,0.2832476384027822
2020-02-19,928.0589595,sh.600519,贵州茅台,0.011531365313653286,0.011465385858351515,923.119468312,913.045817846,,0.2823390189660287
2020-02-20,946.256194,sh.600519,贵州茅台,0.019607843137254832,0.019418085857101516,927.689936512,913.2942312565001,,0.2907857677062748
2020-02-21,941.92271304,sh.600519,贵州茅台,-0.004579606440071604,-0.004590124963729436,931.90153832,913.5430678585001,,0.2907781736030917
2020-02-24,920.17066994,sh.600519,贵州茅台,-0.023093235568974135,-0.02336406196291036,930.777541696,912.6831427305,,0.30252315136570085
2020-02-25,909.70091223,sh.600519,贵州茅台,-0.01137806067072622,-0.011443286033782425,929.221889742,911.9979956919999,,0.3005917626506907
2020-02-26,908.7614271,sh.600519,贵州茅台,-0.00103274067044401,-0.0010332743145324778,925.362383262,911.930285052,,0.29615670588540277
2020-02-27,920.34841037,sh.600519,贵州茅台,0.012750302691627136,0.012669701981513936,920.1808265359999,912.433036554,,0.2995487022775826
2020-02-28,894.626831,sh.600519,贵州茅台,-0.027947654475395156,-0.028345622551366006,910.721650128,912.610776984,,0.3070418820890191
2020-03-02,919.18040183,sh.600519,贵州茅台,0.02744560075685909,0.0270757226843796,910.5235965060001,916.0847560075001,,0.26704990117749416
2020-03-03,942.024279,sh.600519,贵州茅台,0.02485244150606336,0.024548642720927532,916.9882698600001,919.2582690660001,,0.2552303564017517
2020-03-04,955.49869636,sh.600519,贵州茅台,0.014303683737646011,0.01420235119608301,926.3357237119999,922.5985195755,,0.25655290169949585
2020-03-05,991.114493,sh.600519,贵州茅台,0.03727456329943668,0.03659666112608956,940.488940238,926.8304345755001,,0.27752409793039357
2020-03-06,977.9955565,sh.600519,贵州茅台,-0.013236549957301502,-0.013324933883281976,957.162685338,930.1948070004998,,0.28466632637850997
2020-03-09,942.87912583,sh.600519,贵州茅台,-0.03590653396797927,-0.036567032606813876,961.9024301380001,932.2058130085001,,0.31509624486694543
2020-03-10,978.418748,sh.600519,贵州茅台,0.037692659850450116,0.03699965212470114,969.1813239380001,934.6603237085001,,0.3255690399993378
2020-03-11,980.55163316,sh.600519,贵州茅台,0.002179930795847662,0.002177558194156329,974.191911298,937.252371646,,0.32532674588868826
2020-03-12,963.6070455,sh.600519,贵州茅台,-0.017280668439042968,-0.01743172192268494,968.690421798,939.2625312710001,,0.33192143221832626
2020-03-13,941.20328749,sh.600519,贵州茅台,-0.023249890206411994,-0.023524432639911438,961.3319679960001,940.2794604455,,0.3438531198938941
2020-03-16,903.090661,sh.600519,贵州茅台,-0.04049351186568706,-0.04133620156212953,953.37427503,939.1444608424999,,0.3739105551726671
2020-03-17,884.5548733,sh.600519,贵州茅台,-0.02052483598875343,-0.020738397701295274,934.6015000900001,937.4982459075,,0.37939400550747
2020-03-18,853.14560017,sh.600519,贵州茅台,-0.03550856377380163,-0.03615432565327462,909.120293492,933.752577941,,0.3943251847216684
2020-03-19,842.997468,sh.600519,贵州茅台,-0.011894959275389527,-0.011966270362585123,884.998377992,928.589641641,,0.3851588036699996
2020-03-20,876.24339224,sh.600519,贵州茅台,0.03943775100401603,0.03867994292881639,872.0063989419999,925.3056756010001,,0.4169089622212959
2020-03-23,862.464277,sh.600519,贵州茅台,-0.015725214434742285,-0.015850167290689835,863.8811221420001,922.4203559539999,,0.413067527118262
2020-03-24,893.780448,sh.600519,贵州茅台,0.036310107948969605,0.035666431043481994,865.7262370820001,921.6243327425002,,0.43424631735481367
2020-03-25,914.1782783,sh.600519,贵州茅台,0.022821969696969813,0.02256544415822179,877.9327727080001,921.8951753025,,0.4420636640856742
2020-03-26,901.33018436,sh.600519,贵州茅台,-0.014054254235718933,-0.014153950473246009,889.59931598,920.9442640020001,,0.4425835979199492
2020-03-27,910.2849165,sh.600519,贵州茅台,0.009935018592945877,0.0098859907566022,896.407620832,921.7271682769999,,0.4319221033095504
2020-03-30,907.322576,sh.600519,贵州茅台,-0.0032543003254300595,-0.00325960707703747,905.379280632,921.1342769855,,0.42080182882194284
2020-03-31,940.331513,sh.600519,贵州茅台,0.03638059701492535,0.03573444800888268,914.6894936320001,921.0496386855,,0.43179302094322486
2020-04-01,933.560449,sh.600519,贵州茅台,-0.007200720072007227,-0.007226770386127551,918.565927772,919.9527263174999,,0.429256535981969
2020-04-02,969.108535,sh.600519,贵州茅台,0.0380779691749773,0.03737089673483752,932.1215979000001,918.8524284175,921.3396659268333,0.43021046659472806
2020-04-03,964.69887957,sh.600519,贵州茅台,-0.004550218340611312,-0.0045606020949575535,943.0043905140001,918.1875945710001,921.4777674196666,0.42797234834530096
2020-04-07,981.76196085,sh.600519,贵州茅台,0.01768746874424232,0.017532865829771677,957.892267484,920.1317363219999,922.6258859591668,0.4108392112245198
2020-04-08,981.60114808,sh.600519,贵州茅台,-0.00016380016380013185,-0.00016381358051208874,966.1461944999999,920.290856326,923.7793649243334,0.38903021003987637
2020-04-09,980.5347055,sh.600519,贵州茅台,-0.0010864316755191394,-0.0010870222702111959,975.5410458,920.2900099430001,924.6817502661667,0.3890099515345147
2020-04-10,986.036195,sh.600519,贵州茅台,0.005610703495899871,0.005595022127370044,978.9265778000001,921.4114674179998,925.7659668891666,0.3837527156564307
2020-04-13,983.7509609,sh.600519,贵州茅台,-0.0023175965665236387,-0.0023202863501387,982.7369940660001,923.5388510884999,926.6067073358334,0.372940416344229
2020-04-14,1003.0484933,sh.600519,贵州茅台,0.019616278069345183,0.019426358544740584,986.9943005560001,928.5367427035001,927.6308307658333,0.34073275966177113
2020-04-15,1006.8572168,sh.600519,贵州茅台,0.003797147920006738,0.0037899569515423685,992.0455142999999,934.6518598785,928.552400789,0.32676435718102376
2020-04-16,1013.2050893,sh.600519,贵州茅台,0.006304640215198498,0.006284849111378977,998.57959106,942.6548343349999,929.817743374,0.28634408559382657
2020-04-17,1037.665558,sh.600519,贵州茅台,0.024141675716314204,0.023854872238832307,1008.90546366,952.388238835,931.4240372441667,0.2803317343264818
2020-04-20,1038.7658559,sh.600519,贵州茅台,0.0010603588907014405,0.0010597971073058362,1019.90844266,960.5143620179999,933.1210351591667,0.26033546679662234
2020-04-21,1015.6596,sh.600519,贵州茅台,-0.02224395013444136,-0.022495077827370796,1022.4306640000001,968.174128168,934.4258756175,0.26931074422025786
2020-04-22,1053.3236435,sh.600519,贵州茅台,0.03708333333333336,0.03641228603155504,1031.72394934,976.1512879429999,936.5912054591666,0.27038754697423717
2020-04-23,1059.89157558,sh.600519,贵州茅台,0.006235435918039656,0.006216076024068254,1041.0612465959998,983.4369528069999,939.0874710538334,0.26499563703535794
2020-04-24,1058.45272448,sh.600519,贵州茅台,-0.0013575455576320117,-0.0013584678574063405,1045.218679892,991.2930798129998,941.5567934563334,0.2549051646273459
2020-04-27,1079.984708,sh.600519,贵州茅台,0.02034288638689863,0.020138733930426613,1053.4624503119999,999.7780693880001,944.7053382163334,0.2585031858978365
2020-04-28,1082.63388679,sh.600519,贵州茅台,0.0024529780564261916,0.002449974416659074,1066.85730767,1008.5436349275,948.5875559735,0.25577974535707143
2020-04-29,1079.0536867,sh.600519,贵州茅台,-0.0033069351825066873,-0.0033124151773176623,1072.00331631,1015.4797436124998,951.9292171213333,0.237565684369669
2020-04-30,1071.2669631,sh.600519,贵州茅台,-0.0072162522550788255,-0.007242415345673885,1074.278393814,1022.3650693175001,954.9721050701667,0.23757801260836484
2020-05-06,1100.2979,sh.600519,贵州茅台,0.027099628663980413,0.02673893565122543,1082.647428918,1028.9245375675,958.2024668534999,0.2211650826318613
2020-05-07,1110.454496,sh.600519,贵州茅台,0.009230769230769154,0.00918842605440617,1088.7413865180001,1036.212318389,961.5315733201666,0.2174447846853529
2020-05-08,1112.66355563,sh.600519,贵州茅台,0.00198932926829265,0.001987353173125777,1094.747320286,1042.757398128,965.0316491528333,0.21447311432833138
2020-05-11,1119.77317283,sh.600519,贵州茅台,0.006389727751956897,0.006369399988216803,1102.891217512,1049.6659993655,968.2057264666666,0.21308480849345235
2020-05-12,1128.228539,sh.600519,贵州茅台,0.007550963333610383,0.007522597513331654,1114.2835326919999,1057.0506910405,971.5310242098334,0.21109981286002666
2020-05-13,1130.72536885,sh.600519,贵州茅台,0.0022130532633157785,0.0022106080678433284,1120.369026462,1064.285149733,974.9863828073334,0.21176614651914807
2020-05-14,1122.80322397,sh.600519,贵州茅台,-0.007006250233915878,-0.007030909250747306,1122.838772056,1071.2377628865001,978.3520248068332,0.2151161049890651
2020-05-15,1111.300879,sh.600519,贵州茅台,-0.01024431060086406,-0.010297144693008686,1122.56623673,1076.6503821715,981.4438619058333,0.2174715094660837
2020-05-18,1139.40925843,sh.600519,贵州茅台,0.025293221629855367,0.024978641562970236,1126.4934538499997,1083.277984253,985.1426966796666,0.2286950520106312
2020-05-19,1139.32462013,sh.600519,贵州茅台,-7.42826156393539e-05,-7.42853747294828e-05,1128.712670076,1089.5839607945,988.6637910235,0.229811774837997
2020-05-20,1143.463433,sh.600519,贵州茅台,0.003632689750465934,0.0036261074691618742,1131.2602829060002,1094.8738545444999,991.9505783401667,0.21962173890115536
2020-05-21,1156.2438163,sh.600519,贵州茅台,0.011176905995558872,0.011114905933242634,1137.9484013719998,1100.7477525645002,995.5225967278333,0.22017668010997277
2020-05-22,1124.1659006,sh.600519,贵州茅台,-0.027743210599516788,-0.028135322786828076,1140.521405692,1106.1730675944998,998.9225172388334,0.23000094988088127
2020-05-25,1153.5353907,sh.600519,贵州茅台,0.026125583496461546,0.025790140326854172,1143.3466321459998,1111.1836549545,1002.9864252133334,0.21246673139028893
2020-05-26,1149.388114,sh.600519,贵州茅台,-0.0035952747817155073,-0.0036017533148259184,1145.35933092,1115.6584818755,1006.9968699950001,0.21434449534712124
2020-05-27,1132.460454,sh.600519,贵州茅台,-0.014727540500736436,-0.014837067430467737,1143.15873512,1119.3588683515,1010.5320707221667,0.22393830495176556
2020-05-28,1137.538752,sh.600519,贵州茅台,0.004484304932735439,0.004474280394921107,1139.41772226,1122.2365705514999,1014.5806027388334,0.21499569104043462
2020-05-29,1156.6670078,sh.600519,贵州茅台,0.016815476190476186,0.016675661263583056,1145.9179437,1125.938226602,1018.5387128383334,0.2207564663046578
2020-06-01,1201.4406685,sh.600519,贵州茅台,0.03870920532708899,0.037978793566347833,1155.49899926,1132.0575756920002,1022.8623193299999,0.2519859499844437
2020-06-02,1194.00096193,sh.600519,贵州茅台,-0.006192321239873233,-0.006211573178314803,1164.421568846,1138.1942756335,1026.8373570895,0.2513256866398777
2020-06-03,1184.3437319,sh.600519,贵州茅台,-0.008088125837344307,-0.00812101217304342,1174.798224426,1142.3965672285,1030.0578444045,0.2421923765058084
2020-06-04,1191.69880017,sh.600519,贵州茅台,0.006210247981133454,0.006191043858371524,1185.63023406,1146.4587824369999,1033.6195651323333,0.24152998174064058
2020-06-05,1206.095775,sh.600519,贵州茅台,0.012081051712015123,0.012008658282711844,1195.5159875,1151.1303934055,1038.0065092851667,0.24326215444198326
2020-06-08,1190.0991363,sh.600519,贵州茅台,-0.013263157894736755,-0.013351899105980681,1193.24768106,1154.646691579,1041.5345157568333,0.2507503263706307
2020-06-09,1198.94383865,sh.600519,贵州茅台,0.007431903847521459,0.007404423321216522,1194.236256404,1158.1824565615,1045.1743858483335,0.2507230786861221
2020-06-10,1204.96162178,sh.600519,贵州茅台,0.005019236878331057,0.005006682500317883,1198.35983438,1161.894269208,1049.1969621196668,0.2507800802471172
2020-06-11,1185.32553618,sh.600519,贵州茅台,-0.016296025736482145,-0.01643026635415405,1197.0851815820001,1165.0203848185,1053.2656662645,0.25791139758951354
2020-06-12,1198.79148971,sh.600519,贵州茅台,0.011360552961169779,0.011296506491790845,1195.6243245239998,1169.3949153540002,1058.1940134096667,0.2547592603295585
2020-06-15,1170.547689,sh.600519,贵州茅台,-0.02356022790654977,-0.023842207891183444,1191.7140350640002,1170.9518368825,1062.960560338,0.2593723700223429
2020-06-16,1188.22016604,sh.600519,贵州茅台,0.015097613882863348,0.01498477918275225,1189.569300542,1173.396614178,1068.5451364358335,0.26372470311346524
2020-06-17,1189.168115,sh.600519,贵州茅台,0.000797788984813419,0.0007974709203355903,1186.4105991860001,1175.681848278,1074.3146472191665,0.2637172653932618
2020-06-18,1195.939179,sh.600519,贵州茅台,0.005693950177936058,0.005677800916681415,1188.53332775,1177.666616413,1079.6429103318333,0.2619241949394257
2020-06-19,1218.65609872,sh.600519,贵州茅台,0.01899504600141544,0.018816892601110972,1192.506249552,1182.391126319,1085.5794406938332,0.24388249220659433
2020-06-22,1217.945137,sh.600519,贵州茅台,-0.0005833981553506895,-0.0005835683982706798,1201.9857391520002,1185.611613634,1090.9821855105,0.2300024890244337
2020-06-23,1247.9917335,sh.600519,贵州茅台,0.02466990965948579,0.024370521367963152,1213.940052644,1190.5417946090001,1096.5457430971667,0.24115953272589655
2020-06-24,1250.15838267,sh.600519,贵州茅台,0.0017361085909788354,0.0017346032964436903,1226.1381061779998,1196.4266910425,1102.3595464023335,0.2308523862289998
2020-06-29,1252.86418639,sh.600519,贵州茅台,0.002164368737200384,0.002162029865364498,1237.5231076559999,1202.192962762,1108.0692009005,0.23107535100254553
2020-06-30,1252.61586896,sh.600519,贵州茅台,-0.00019819979906643415,-0.00019821944324229982,1244.3150617039998,1206.99040582,1113.8240891164999,0.22734013764995006
2020-07-01,1279.49409009,sh.600519,贵州茅台,0.021457672536366657,0.021230697839797967,1256.624852322,1210.8930768995,1119.4767987346668,0.19897420377072456
2020-07-02,1322.076248,sh.600519,贵州茅台,0.033280464708519863,0.0327386583288071,1271.441755222,1217.296841203,1125.9520620513333,0.22217212392296018
2020-07-03,1320.18389793,sh.600519,贵州茅台,-0.0014313471502590547,-0.0014323725061349342,1285.446858274,1224.0888495044999,1131.8033181001665,0.21811079304821623
2020-07-06,1370.0272,sh.600519,贵州茅台,0.03775481745244158,0.03705955014928601,1308.879460996,1233.005269496,1138.5587901073332,0.24632624345843632
2020-07-07,1445.378696,sh.600519,贵州茅台,0.05499999999999994,0.05354076692802976,1347.4320264040002,1244.969415546,1146.2857356931665,0.2992411425212481
2020-07-08,1439.67595778,sh.600519,贵州茅台,-0.003945497630331696,-0.003953301640005006,1379.468399942,1257.44825662,1153.9203158548335,0.2916730765832992
2020-07-09,1460.791502,sh.600519,贵州茅台,0.014666872851416102,0.014560354535727037,1407.211450742,1270.5406397875,1161.9245957965,0.29204995081728125
2020-07-10,1467.51319795,sh.600519,贵州茅台,0.004601406799531027,0.004590852690711544,1436.6773107459999,1283.668218596,1169.9492125123331,0.2921498050787879
2020-07-13,1525.85923133,sh.600519,贵州茅台,0.039758438603145096,0.038988415600394906,1467.843717012,1300.6949033535,1178.9843503528332,0.2928278428510517
2020-07-14,1508.742454,sh.600519,贵州茅台,-0.011217795834993494,-0.011281189846606003,1480.5164686120002,1316.1924515679998,1187.4125830311668,0.3050785637444984
2020-07-15,1500.63360551,sh.600519,贵州茅台,-0.005374574347332461,-0.005389069331615269,1492.707998158,1332.6967473935,1195.6421895096669,0.28321846573816106
2020-07-16,1382.014938,sh.600519,贵州茅台,-0.0790457224698008,-0.08234488833461531,1476.952685358,1342.3864859915,1201.7890203213333,0.431003703497995
2020-07-17,1411.17082935,sh.600519,贵州茅台,0.021096654275092996,0.020877200985105603,1465.684211638,1353.486621709,1208.0141081771665,0.4325629702217693
2020-07-20,1401.67482832,sh.600519,贵州茅台,-0.006729164770486462,-0.006751907684369949,1440.847331036,1363.773404175,1214.0625910508331,0.4360385652624994
2020-07-21,1428.253356,sh.600519,贵州茅台,0.018961978301241356,0.018784440788062264,1424.7495114360001,1374.253267039,1220.9391536508333,0.4360278564902428
2020-07-22,1436.88452736,sh.600519,贵州茅台,0.006043165467625844,0.0060249787765335175,1411.999695806,1385.2002365570002,1227.3318350485,0.4348638756709685
2020-07-23,1435.103492,sh.600519,贵州茅台,-0.0012395118230358326,-0.0012402806531972724,1422.617406606,1394.555824482,1233.5853669888336,0.43192978014529626
2020-07-24,1366.0027451,sh.600519,贵州茅台,-0.0481503579952266,-0.04934819573507634,1413.583789756,1400.3480426035,1238.711200665833,0.4747334370438718
2020-07-27,1389.33602085,sh.600519,贵州茅台,0.01708142669090451,0.016937179437456366,1411.1160282619999,1407.1716343265,1243.8670558800002,0.47655419983046726
2020-07-28,1429.96589,sh.600519,贵州茅台,0.029244091091183533,0.02882464066639243,1411.458535062,1416.0391353785,1249.6559226001666,0.4832011502884488
2020-07-29,1431.678424,sh.600519,贵州茅台,0.0011976047904191933,0.0011968882338461726,1410.41731439,1423.6483520739998,1255.5330015551665,0.4805560133833714
2020-07-30,1438.52856,sh.600519,贵州茅台,0.004784688995215225,0.0047732787526575905,1411.1023279899998,1429.470967674,1261.6540281701668,0.4696840605122049
2020-07-31,1436.97015406,sh.600519,贵州茅台,-0.001083333333333325,-0.0010839205630375323,1425.2958097819999,1435.3102804804998,1267.2652324045,0.46962588965720936
2020-08-03,1428.253356,sh.600519,贵州茅台,-0.006066095412887718,-0.006084568915574947,1433.079276812,1438.2215882804999,1272.5618800711666,0.4541873779312143
2020-08-04,1429.95732733,sh.600519,贵州茅台,0.0011930455635491555,0.001192334450228336,1433.077564278,1437.4505198470001,1277.8501095995,0.40963717511869363
2020-08-05,1428.253356,sh.600519,贵州茅台,-0.001191623901939609,-0.0011923344502284177,1432.3925506780001,1436.879389758,1282.9914459856666,0.40942078067862236
2020-08-06,1402.53109532,sh.600519,贵州茅台,-0.018009592326138968,-0.018173738828270888,1425.193057742,1433.966369424,1287.5631552576667,0.4102466848717563
2020-08-07,1396.571477,sh.600519,贵州茅台,-0.004249188014359362,-0.004258241469407225,1417.1133223299998,1430.4192833764998,1291.9939237268334,0.4096440270420124
2020-08-10,1399.13171533,sh.600519,贵州茅台,0.0018332311465358853,0.0018315528291669718,1411.288994196,1424.0829075765,1296.5993985828334,0.37917110247889363
2020-08-11,1406.42711017,sh.600519,贵州茅台,0.005214230197247316,0.00520068317011222,1406.5829507639999,1418.967140385,1301.5181691023333,0.3795350348270924
2020-08-12,1393.10359565,sh.600519,贵州茅台,-0.009473306098593093,-0.009518463280973088,1399.552998694,1413.5906398920001,1305.746408056,0.3801214122471588
2020-08-13,1399.996545,sh.600519,贵州茅台,0.0049479086634500735,0.004935707992033868,1399.04608863,1414.489720242,1310.0909401371669,0.25477062530851446
2020-08-14,1422.259487,sh.600519,贵州茅台,0.01590214067278284,0.01577702628194107,1404.18369063,1415.0441531245,1314.7375410371667,0.24989449972438307
2020-08-17,1447.09123,sh.600519,贵州茅台,0.017459361830222786,0.01730869830382431,1413.775593564,1417.3149732084999,1319.5849979321667,0.255292151506596
2020-08-18,1459.935235,sh.600519,贵州茅台,0.008875739644970349,0.008836581800497944,1424.47721853,1418.8990671585,1325.1811535054999,0.24868213124685717
2020-08-19,1444.522429,sh.600519,贵州茅台,-0.010557184750732973,-0.010613307171648698,1434.7609852,1419.2809622405,1330.0309374771668,0.25137470223156494
2020-08-20,1424.828288,sh.600519,贵州茅台,-0.01363366923532916,-0.013727461164814575,1439.7273338,1418.7672020405003,1334.6216070438336,0.2562403223751706
2020-08-21,1435.103492,sh.600519,贵州茅台,0.007211538461538547,0.007185659660874533,1442.2961348000001,1422.2222393855,1339.6656576771668,0.18414661380241845
2020-08-24,1452.52852545,sh.600519,贵州茅台,0.012142004773269655,0.012068881943417287,1443.38359389,1425.3818646155,1344.9154872346667,0.17975350818433922
2020-08-25,1478.773109,sh.600519,贵州茅台,0.018068205264243797,0.017906915161232908,1447.1511686899998,1427.8222255654998,1350.2839222546668,0.16091465486378267
2020-08-26,1478.773109,sh.600519,贵州茅台,0.0,0.0,1454.0013046899999,1430.1769598155001,1354.9061295963331,0.16102315508562975
2020-08-27,1482.198177,sh.600519,贵州茅台,0.0023161551823971394,0.0023134770295305702,1465.47528249,1432.3604406655,1359.7094165141668,0.16062745362893024
2020-08-28,1504.461119,sh.600519,贵州茅台,0.015020219526285405,0.014908533010887959,1479.34680789,1435.7349889125,1365.0447062991668,0.16717038014863395
2020-08-31,1529.7209955,sh.600519,贵州茅台,0.016789982925441205,0.016650589276367405,1494.7853019,1440.8083708875,1370.6784095546668,0.17153865888965444
2020-09-01,1542.97600866,sh.600519,贵州茅台,0.008664987405541558,0.008627661864092534,1507.625881832,1446.459304954,1376.2930801156667,0.1722588699619396
2020-09-02,1536.999265,sh.600519,贵州茅台,-0.003873516909177699,-0.0038810384051777926,1519.271113032,1451.8966004039999,1382.0747489273333,0.17356147946275
2020-09-03,1535.286731,sh.600519,贵州茅台,-0.0011142061281337323,-0.0011148273172463972,1529.888823832,1458.534382188,1387.6804637998332,0.15484224466896607
2020-09-04,1515.59259,sh.600519,贵州茅台,-0.012827663134411527,-0.012910648037257976,1532.1151180319998,1464.485437838,1392.8576466035,0.16404833630867033
2020-09-07,1475.7761745,sh.600519,贵州茅台,-0.02627118644067794,-0.026622439610954736,1521.3261538319998,1468.3176607965001,1397.6984905755,0.1964433156303072
2020-09-08,1465.4153438,sh.600519,贵州茅台,-0.0070205976211197285,-0.007045357972965532,1505.81402086,1471.267072478,1402.142221477,0.19918354875927752
2020-09-09,1445.378696,sh.600519,贵州茅台,-0.01367301624401085,-0.01376735282805212,1487.48990706,1473.8808274955,1406.7227382603335,0.2029510053151074
2020-09-10,1460.6202486,sh.600519,贵州茅台,0.01054502369668242,0.010489812729106632,1472.55661058,1476.9120126755001,1411.2627396363334,0.2050199837404931
2020-09-11,1483.910711,sh.600519,贵州茅台,0.01594559737366641,0.01581980183059707,1466.22023478,1479.9945738755,1416.1751162363332,0.20505855557956246
2020-09-14,1512.167522,sh.600519,贵州茅台,0.019042123485285556,0.018863091448299167,1473.4985042800001,1483.2483884755,1421.4455886196665,0.20669082086322638
2020-09-15,1507.02992,sh.600519,贵州茅台,-0.003397508493771295,-0.003403293131707918,1481.82141952,1485.6031227255,1426.2518189743334,0.20608870261406226
2020-09-16,1477.1462017,sh.600519,贵州茅台,-0.019829545454545516,-0.020028789232498966,1488.17492066,1487.2343113604998,1430.5718367193333,0.21578460941529864
2020-09-17,1430.41114884,sh.600519,贵州茅台,-0.031638745579966376,-0.03215006461122237,1482.133100708,1487.5134544025,1433.6121603083334,0.2402808575465151
2020-09-18,1451.372565,sh.600519,贵州茅台,0.014654119675310717,0.014547785626074481,1475.625471508,1488.3269080525001,1436.9657300138335,0.24453292129249227
2020-09-21,1427.2258356,sh.600519,贵州茅台,-0.016637168141592884,-0.016777120266252207,1458.637134228,1487.06177356,1439.8717575006667,0.24795126454514765
2020-09-22,1426.27537923,sh.600519,贵州茅台,-0.0006659467242620121,-0.0006661685652767888,1442.486226074,1484.4368870715,1442.7660826718336,0.23779083169540333
2020-09-23,1412.82342466,sh.600519,贵州茅台,-0.009431526874748575,-0.00947628537397893,1429.621670666,1481.1394028544998,1444.9882382479998,0.2392495520330767
2020-09-24,1395.13294844,sh.600519,贵州茅台,-0.012521363895319881,-0.012600416765260053,1422.566030586,1476.7861414265,1446.205849922,0.2413473291549909
2020-09-25,1400.09073437,sh.600519,贵州茅台,0.0035536297351042023,0.0035473305119505675,1412.30966446,1471.567622195,1447.5376305293332,0.23334703275295784
2020-09-28,1422.259487,sh.600519,贵州茅台,0.015833797114567227,0.015709750257561824,1411.31639474,1466.1945467700002,1448.4081686460001,0.23226728796972254
2020-09-29,1414.8099641,sh.600519,贵州茅台,-0.005237808549066969,-0.005251573956349913,1409.023311714,1459.786244542,1447.898689781,0.22778273257719017
2020-09-30,1428.6814895,sh.600519,贵州茅台,0.00980451491859835,0.00975676253448363,1412.194924682,1454.370355767,1447.715448643,0.23317591065385007
2020-10-09,1452.228832,sh.600519,贵州茅台,0.016481869943062666,0.016347518160419718,1423.614101394,1450.2174608169998,1447.5727374763335,0.24373457693977593
2020-10-12,1498.98957287,sh.600519,贵州茅台,0.032199292452830264,0.03169176125737614,1443.393869094,1449.3873099605,1448.097343725,0.2698394524782381
2020-10-13,1489.048313,sh.600519,贵州茅台,-0.006631973997635154,-0.006654063254941463,1456.751634294,1450.0509168855,1447.4838284195,0.2533816745244886
2020-10-14,1480.485643,sh.600519,贵州茅台,-0.005750431282346202,-0.005767028670992556,1469.886770074,1450.8044318455,1447.0128815694998,0.252916774090698
2020-10-15,1477.060575,sh.600519,贵州茅台,-0.0023134759976864983,-0.002316156217830344,1479.5625871739999,1452.3885257955,1446.6199977276665,0.24755247839734576
2020-10-16,1465.929104,sh.600519,贵州茅台,-0.007536231884057942,-0.007564772763772692,1482.302641574,1452.6539685655,1448.0185671610002,0.24681882484885376
2020-10-19,1454.797633,sh.600519,贵州茅台,-0.007593457943925297,-0.007622435029755451,1473.4642536,1451.1983146655,1448.7456805551667,0.24110050362863897
2020-10-20,1484.766978,sh.600519,贵州茅台,0.020600353148911177,0.02039103566855519,1472.6079866,1449.8282874655001,1450.1305497165001,0.24286527597208024
2020-10-21,1484.19327911,sh.600519,贵州茅台,-0.0003863898500576779,-0.0003864645178503293,1473.349513822,1448.6864554210001,1451.0628817683332,0.24267373441722964
2020-10-22,1492.0452475,sh.600519,贵州茅台,0.005290394789220665,0.005276449812042026,1476.346448322,1449.431407711,1451.982227104,0.23251396896204596
2020-10-23,1468.78047311,sh.600519,贵州茅台,-0.01559253945480632,-0.015715381719885856,1476.916722144,1451.3498739245001,1452.5435101225,0.20876571341748948
2020-10-26,1406.846681,sh.600519,贵州茅台,-0.04216681338284767,-0.04308164287752508,1467.326531744,1449.1235797245,1453.2242423875,0.253565496398147
2020-10-27,1391.433875,sh.600519,贵州茅台,-0.010955569080949523,-0.01101602327343026,1448.6599111439998,1447.3339816945002,1453.2592066233333,0.24982205312484965
2020-10-28,1425.52186427,sh.600519,贵州茅台,0.02449846153846158,0.024203187025081372,1436.925628176,1447.2963059465,1453.1851395278331,0.2659205661893948
2020-10-29,1435.103492,sh.600519,贵州茅台,0.006721487737339382,0.006698999253109144,1425.537277076,1448.4103093135,1453.2422239945001,0.2644128759744015
2020-10-30,1429.98301534,sh.600519,贵州茅台,-0.0035680190930786893,-0.0035743996550355863,1417.777785522,1450.1528126585,1453.0997982501665,0.26025586526505634
2020-11-02,1433.39952067,sh.600519,贵州茅台,0.002389192943796914,0.0023863433602363364,1423.088353456,1451.8182519735,1453.0402876936669,0.2601586467924891
2020-11-03,1451.372565,sh.600519,贵州茅台,0.012538754248779815,0.012460795067321378,1435.076091456,1453.2739058734999,1453.4256078436667,0.25797164706219816
2020-11-04,1455.29426786,sh.600519,贵州茅台,0.002702064896755285,0.0026984208821687872,1441.030572174,1455.2981210615,1453.8478901858332,0.25690565808104004
2020-11-05,1474.4061473,sh.600519,贵州茅台,0.013132656303322054,0.013047170595420932,1448.891103234,1457.5843539515,1454.6171033741666,0.2585923484961676
2020-11-06,1456.18478554,sh.600519,贵州茅台,-0.01235844125675134,-0.012435441854504707,1454.131457274,1457.7821516285,1455.5113315445,0.2569902169361785
2020-11-09,1492.10518619,sh.600519,贵州茅台,0.024667474215286367,0.024368144556591254,1465.872590378,1457.4379322945,1457.103560031,0.24571883392790486
2020-11-10,1494.185915,sh.600519,贵州茅台,0.001394492043361284,0.0013935206423009519,1474.435260378,1457.6948123944999,1458.6877966921666,0.24454463218768363
2020-11-11,1482.49787045,sh.600519,贵州茅台,-0.00782234957020067,-0.007853104636171676,1479.8759808959999,1457.7954237669999,1459.9556426968334,0.2453322539375461
2020-11-12,1485.44342893,sh.600519,贵州茅台,0.001986888843965806,0.0019849175910018092,1482.083437222,1458.2145664635,1461.4946399181667,0.2452269370889425
2020-11-13,1459.935235,sh.600519,贵州茅台,-0.017172107286760996,-0.017321257873740555,1482.833527114,1457.9148730135,1462.4936180848333,0.25166239415759417
2020-11-16,1481.38472335,sh.600519,贵州茅台,0.014692082111437132,0.014585199090664622,1480.689434546,1459.244227531,1463.4790386906668,0.25525056071343855
2020-11-17,1469.1829186,sh.600519,贵州茅台,-0.008236756163116699,-0.008270865669416776,1475.688835266,1458.4650245609998,1463.8472335006666,0.24629301466579226
2020-11-18,1450.21660455,sh.600519,贵州茅台,-0.012909430003496869,-0.012993480844223951,1469.232582086,1456.7661908329999,1463.6852563265,0.25025521440091814
2020-11-19,1472.94193073,sh.600519,贵州茅台,0.01567029787736529,0.015548786528315095,1466.732282446,1455.8110249944998,1464.1589146886665,0.2563743386917388
2020-11-20,1472.74498932,sh.600519,贵州茅台,-0.00013370616036589844,-0.0001337150998314083,1469.29423331,1456.009250805,1464.9575263773331,0.25011580580528064
2020-11-23,1532.89774607,sh.600519,贵州茅台,0.0408439731156538,0.04003189666616072,1479.5968378540001,1462.3118040585,1466.5874306118335,0.2365872657878543
2020-11-24,1510.0268545,sh.600519,贵州茅台,-0.014920037314058221,-0.015032460713178791,1487.765625034,1468.2414530335002,1467.545736096,0.24038891522097275
2020-11-25,1478.67035696,sh.600519,贵州茅台,-0.020765523107456718,-0.02098415859907046,1493.456375516,1470.898877668,1467.544023562,0.24338651595461952
2020-11-26,1485.10092213,sh.600519,贵州茅台,0.004348883535625125,0.004339454469012637,1495.8881737959998,1473.3987491745,1467.6494871141667,0.24291389753462506
2020-11-27,1488.1064193,sh.600519,贵州茅台,0.0020237662809401424,0.0020217212246393763,1498.960459792,1476.3049193725,1467.7479578191665,0.24207713857039412
2020-11-30,1467.56457397,sh.600519,贵州茅台,-0.013804016341561587,-0.0139001777430543,1485.893825372,1478.0131720375,1467.133015402,0.248561142919817
2020-12-01,1487.335779,sh.600519,贵州茅台,0.013472119306147778,0.013382177213471012,1481.355610272,1479.8113327375,1466.426595127,0.24914258106594306
2020-12-02,1488.20060867,sh.600519,贵州茅台,0.0005814622913069556,0.0005812933076107746,1483.261660614,1481.4566497780002,1465.5136717938333,0.2491025962411065
2020-12-03,1497.610983,sh.600519,贵州茅台,0.0063233238013589155,0.006303415469886355,1485.7636727880001,1482.616891563,1464.8572004271666,0.24594149914441
2020-12-04,1535.38092037,sh.600519,贵州茅台,0.025220125786163505,0.02490734639796686,1495.218573002,1486.5766983045,1464.8587702500001,0.25508795405148343
2020-12-07,1551.8983108,sh.600519,贵州茅台,0.010757845307872937,0.010700391376414209,1512.0853203679999,1489.566354535,1465.4638655966667,0.2437811958194348
2020-12-08,1584.09395,sh.600519,贵州茅台,0.020745972191569262,0.02053370527938744,1531.436954568,1494.061756285,1467.269161855,0.25258083547291565
2020-12-09,1575.53128,sh.600519,贵州茅台,-0.005405405405405461,-0.005420067469339256,1548.903088834,1498.7134267625001,1469.1044274583332,0.2513442649592914
2020-12-10,1569.4517843,sh.600519,贵州茅台,-0.0038586956521737825,-0.003866159625228994,1563.271249094,1502.913844531,1471.1723122633332,0.25256152832754014
2020-12-11,1558.40594,sh.600519,贵州茅台,-0.007038027170058414,-0.00706291090696118,1567.87625302,1507.837379781,1472.8020737866666,0.24432074791432104
2020-12-14,1566.112343,sh.600519,贵州茅台,0.0049450549450549275,0.004932868320024645,1570.71905946,1512.0737607635,1474.1721009866667,0.2407592618159102
2020-12-15,1554.98943467,sh.600519,贵州茅台,-0.007102241662110376,-0.00712758263685882,1564.8981563940001,1516.364086567,1474.8857995311666,0.24009642588075158
2020-12-16,1575.53128,sh.600519,贵州茅台,0.013210279679076509,0.013123784849024349,1564.8981563940001,1522.6298203395,1476.0274888645001,0.23506232406298333
2020-12-17,1597.37465117,sh.600519,贵州茅台,0.013864130434782629,0.013768902536979231,1570.4827297680001,1528.8514563615001,1478.0312963556669,0.23398401541976485
2020-12-18,1579.812615,sh.600519,贵州茅台,-0.010994312547239149,-0.01105519666538301,1574.764064768,1534.2048376455,1480.5213207916665,0.23973585554609184
2020-12-21,1577.6719475,sh.600519,贵州茅台,-0.0013550135501355642,-0.0013559324111359554,1577.0759856680002,1536.443547717,1482.6263104999998,0.19556483454350107
2020-12-22,1610.638227,sh.600519,贵州茅台,0.020895522388059584,0.020680205237538603,1588.2057441339998,1541.474116342,1485.6831836899999,0.19696830168271048
2020-12-23,1576.94412055,sh.600519,贵州茅台,-0.02091972355130245,-0.02114164139789157,1588.488312244,1546.3878045215001,1488.1943293786667,0.19721881679613354
2020-12-24,1567.25974078,sh.600519,贵州茅台,-0.0061412320473488435,-0.006160166975206497,1582.4653301659998,1550.4957454540001,1490.7682679806667,0.1999717312058468
2020-12-25,1566.96861,sh.600519,贵州茅台,-0.00018575783734164908,-0.00018577509246559877,1579.896529166,1554.438854989,1493.6321956733334,0.20023487445427807
2020-12-28,1603.788091,sh.600519,贵州茅台,0.023497267759562845,0.023225456608621894,1585.1197578659999,1561.2500308405,1497.0271516171667,0.20330844294853478
2020-12-29,1598.650489,sh.600519,贵州茅台,-0.0032034169781098853,-0.0032085589023658004,1582.7222102659998,1566.8157663405,1499.9670016505002,0.2021896544596504
2020-12-30,1655.164111,sh.600519,贵州茅台,0.03535083020889118,0.034740335666608196,1598.3662083559998,1575.163941457,1503.9729040988334,0.23074700680088245
2020-12-31,1710.821466,sh.600519,贵州茅台,0.033626487325400856,0.033073480000167854,1627.0785534000001,1585.824465607,1508.6752370405002,0.25156265059804306
2021-01-04,1709.965199,sh.600519,贵州茅台,-0.0005005005005005447,-0.0005006257926836564,1655.6778712,1594.5536795385,1512.9708431571667,0.24299930300557152
2021-01-05,1763.43907315,sh.600519,贵州茅台,0.03127190786179268,0.03079290242829629,1687.60806763,1605.130717656,1517.3783348285,0.2592432384155292
2021-01-06,1798.1607,sh.600519,贵州茅台,0.019689722984291835,0.019498387867402763,1727.5101098300001,1615.834055156,1522.5302079451665,0.25850135335386787
2021-01-07,1832.41138,sh.600519,贵州茅台,0.019047619047619202,0.018868484304382954,1762.95956363,1628.678060156,1528.3956368951667,0.25815916080538653
2021-01-08,1789.59803,sh.600519,贵州茅台,-0.02336448598130836,-0.023641763057040424,1778.71487643,1639.685372441,1533.6045944785,0.2782505982182491
2021-01-11,1797.92950791,sh.600519,贵州茅台,0.004655502392344468,0.004644699058071573,1796.3077382119998,1651.6615508365,1539.1379345436665,0.27363431930907367
2021-01-12,1850.3073603,sh.600519,贵州茅台,0.029132317012187325,0.028716036546498673,1813.6813956419999,1665.8713017014998,1545.7297633320002,0.28412476287825744
2021-01-13,1852.961788,sh.600519,贵州茅台,0.0014345874404184666,0.0014335594029453434,1824.641613242,1680.769919368,1551.8663434986668,0.27947562021998923
2021-01-14,1827.273778,sh.600519,贵州茅台,-0.013863216266173817,-0.01396020810467353,1823.6140928420002,1693.357044268,1557.5843518135002,0.29031526891049747
2021-01-15,1782.747894,sh.600519,贵州茅台,-0.024367385192127444,-0.024669182686784467,1822.244065642,1702.6257064095,1562.4293959218335,0.31039311377361245
2021-01-18,1766.478821,sh.600519,贵州茅台,-0.009125840537944407,-0.009167736103662495,1815.9539282599999,1711.9590167095,1567.3910350533333,0.30912969657315564
2021-01-19,1720.59147247,sh.600519,贵州茅台,-0.025976732913233103,-0.026320087445487833,1790.0107506940003,1719.104992958,1572.6201149111666,0.3284187729473693
2021-01-20,1747.32412821,sh.600519,贵州茅台,0.015536898890719186,0.015417437065739194,1768.883218736,1725.9392880185,1578.5516191313332,0.3254181003793218
2021-01-21,1772.47269,sh.600519,贵州茅台,0.014392614045662278,0.014290023567911557,1757.923001136,1735.715716491,1584.3341328935,0.313056152306319
2021-01-22,1780.99254665,sh.600519,贵州茅台,0.004806763285024163,0.004795247685482,1757.5719316660002,1746.4023567845002,1590.098950471,0.3097987493551385
2021-01-25,1862.380725,sh.600519,贵州茅台,0.045698213899372675,0.044684809577887806,1776.7523124659997,1761.1729625345001,1597.3055789653333,0.33801210034581175
2021-01-26,1834.02972463,sh.600519,贵州茅台,-0.015222988505747215,-0.015340047708629146,1799.4399628979997,1772.685044216,1603.9827490313332,0.3437099074201351
2021-01-27,1788.741763,sh.600519,贵州茅台,-0.024693144839370795,-0.025003134257589585,1807.723489856,1782.189607916,1609.6055689979999,0.3601995451969677
2021-01-28,1787.885496,sh.600519,贵州茅台,-0.00047869794159882684,-0.00047881255403642374,1810.8060510560001,1788.8256771660003,1615.1487561336667,0.34337419175637696
2021-01-29,1812.01510006,sh.600519,贵州茅台,0.013496168582375345,0.013405906520310585,1817.010561738,1793.8853588690004,1620.775572013,0.32747070545127627
2021-02-01,1806.14110844,sh.600519,贵州茅台,-0.0032416902153881155,-0.003246955875954074,1805.7626384259997,1798.6941543409998,1626.6081773946669,0.3280121653715217
2021-02-02,1836.692715,sh.600519,贵州茅台,0.0169154040164603,0.016773931715231373,1806.2952365,1802.3568364335001,1632.3513028748334,0.3152776380927343
2021-02-03,1875.14766597,sh.600519,贵州茅台,0.020937062937062878,0.020720894713558903,1823.5764170939997,1806.206184732,1638.700665391,0.31622381461282884
2021-02-04,1987.26726695,sh.600519,贵州茅台,0.05979241156029258,0.05807305079451377,1863.4527712840002,1813.9489790795,1647.113488666,0.3728691587335435
2021-02-05,1980.545571,sh.600519,贵州茅台,-0.0033823814550703046,-0.0033881146387507175,1897.158865472,1823.4963561295,1655.3651910338333,0.3597033470832487
2021-02-08,2028.3252696,sh.600519,贵州茅台,0.024124513618676957,0.023838114555942255,1941.5956977039998,1835.0161442139997,1664.8383582771667,0.3658115277815582
2021-02-09,2103.35994681,sh.600519,贵州茅台,0.03699341438703141,0.036325578587910905,1994.9291440660004,1847.6687735394996,1675.2046120015,0.3733078251706392
2021-02-10,2227.150467,sh.600519,贵州茅台,0.05885370232410447,0.0571869100733591,2065.329704272,1866.3782074895,1687.8374044748334,0.4158095485531885
2021-02-18,2115.835757,sh.600519,贵州茅台,-0.04998077662437528,-0.05127305946004151,2091.043402282,1880.8063064394998,1698.9310570156667,0.46018990975954965
2021-02-19,2106.41682,sh.600519,贵州茅台,-0.004451639012545527,-0.004461577062201583,2116.2176520820003,1896.9897527394999,1709.4889718368333,0.4469932808889995
2021-02-22,1959.15602134,sh.600519,贵州茅台,-0.06991056910569104,-0.07247453520618329,2102.3838024300003,1906.6236127565,1717.5958223705,0.5245756703301987
2021-02-23,1975.407969,sh.600519,贵州茅台,0.008295382033373766,0.008261164453528402,2076.7934068679997,1919.3644375829997,1724.9709927526667,0.5110500048224665
2021-02-24,1874.368463,sh.600519,贵州茅台,-0.051148677936714404,-0.052503160650890786,2006.2370060679998,1925.7166543225,1731.043352894333,0.5503206781343023
2021-02-25,1840.97405,sh.600519,贵州茅台,-0.01781635449977159,-0.017976976401154462,1951.264664668,1929.1417223224998,1737.0817477783335,0.5541856183418987
2021-02-26,1817.66646226,sh.600519,贵州茅台,-0.012660465116279163,-0.012741291731100283,1893.51459312,1930.9754181029998,1742.6245067804998,0.5566754924220103
2021-03-01,1847.824186,sh.600519,贵州茅台,0.016591450833341348,0.016455316427471837,1871.2482260520003,1930.247591153,1748.619802892167,0.535274640531381
2021-03-02,1762.197486,sh.600519,贵州茅台,-0.046339202965709037,-0.0474472294240851,1828.606129452,1926.6559792215,1753.530351426,0.5580392819806655
2021-03-03,1832.41138,sh.600519,贵州茅台,0.03984450923226435,0.039071191621902264,1820.2147128519998,1928.8394600715,1759.2816114426666,0.5692279949088731
2021-03-04,1740.790811,sh.600519,贵州茅台,-0.04999999999999993,-0.05129329438755046,1800.178065052,1926.4847258215,1763.4914481481667,0.5982825861954574
2021-03-05,1764.00420937,sh.600519,贵州茅台,0.013334972946384527,0.01324684478790687,1789.4456144740002,1924.0841812869999,1767.9313352543334,0.5982322906787099
2021-03-08,1678.28332,sh.600519,贵州茅台,-0.04859449252709802,-0.04981490619169067,1755.5374412739998,1917.691291865,1770.3130419148333,0.6220140352374709
2021-03-09,1658.58061633,sh.600519,贵州茅台,-0.011739795918367268,-0.011809251453505625,1734.81406734,1908.7856869314996,1772.0910803403335,0.6181930811128978
2021-03-10,1686.85455267,sh.600519,贵州茅台,0.017047067873349864,0.016903397090225373,1705.7027018740002,1899.3710312665,1773.8037570515,0.6162326847233782
2021-03-11,1753.634816,sh.600519,贵州茅台,0.03958863152978931,0.038825088298115915,1708.271502874,1887.689408719,1776.7721493181666,0.5919449849808043
2021-03-12,1734.796942,sh.600519,贵州茅台,-0.0107421875,-0.010800301350769714,1702.4300494,1875.401977269,1779.5279019465002,0.5921610944625554
2021-03-15,1691.51264515,sh.600519,贵州茅台,-0.024950641658440187,-0.025267185325576938,1705.0759144299998,1858.5613460465,1781.7463470323335,0.5846952919125379
2021-03-16,1721.5248035,sh.600519,贵州茅台,0.01774279278139157,0.01758722685427704,1717.6647518639998,1839.4695888810002,1784.3365547073333,0.5686504958204616
2021-03-17,1738.53026612,sh.600519,贵州茅台,0.009878139766227312,0.009829669877120648,1727.9998945539999,1815.038578837,1787.3955685648334,0.5147593794791809
2021-03-18,1772.2158099,sh.600519,贵州茅台,0.01937587422920073,0.01919055200572334,1731.716093334,1797.8575814820001,1790.6736440631664,0.5053163009042655
2021-03-19,1721.09667,sh.600519,贵州茅台,-0.028844760110161016,-0.02926894716705139,1728.9760389340001,1778.5915739819998,1792.7356777103332,0.5102259832378183
2021-03-22,1703.96276733,sh.600519,贵州茅台,-0.009955223880596997,-0.010005108472837464,1731.4660633699998,1765.8319112815002,1794.8048469158334,0.4578534608572247
2021-03-23,1709.108932,sh.600519,贵州茅台,0.003020115678973312,0.003015564291125382,1728.9828890700003,1752.5169594315,1796.9954633241666,0.4559631726815537
2021-03-24,1703.115063,sh.600519,贵州茅台,-0.003507014028056199,-0.003513178017437172,1721.899848446,1743.9542894315,1798.5367439241668,0.42482734087291685
2021-03-25,1687.702257,sh.600519,贵州茅台,-0.009049773755656187,-0.009090971701252075,1704.997137866,1736.2906997815,1800.382712865,0.4222974749942143
2021-03-26,1723.665471,sh.600519,贵州茅台,0.021308980213089912,0.02108511848707139,1705.510898066,1731.5906502185,1802.9894750353335,0.4301964426639418
2021-03-29,1741.7327047,sh.600519,贵州茅台,0.010481867858917138,0.010427313968650032,1713.06488554,1726.2860761535,1805.9022099469998,0.4271741310301676
2021-03-30,1760.52776535,sh.600519,贵州茅台,0.010791013224521917,0.010733205737058488,1723.34865221,1726.202590121,1808.5145378528332,0.39664244023750483
2021-03-31,1720.240403,sh.600519,贵州茅台,-0.02288368473529334,-0.023149580530565414,1726.7737202100002,1720.594041271,1810.5410364195,0.37553074371035194
2021-04-01,1750.6378815,sh.600519,贵州茅台,0.017670482827277345,0.017516174989762674,1739.3608451100001,1721.086394796,1812.1322659278335,0.33785879211102604
2021-04-02,1851.249254,sh.600519,贵州茅台,0.05747126436781613,0.05588045839445663,1764.8776017100001,1725.4486470275,1814.4727290611665,0.3920739439326151
2021-04-06,1820.44933001,sh.600519,贵州茅台,-0.016637372802960182,-0.016777328390234488,1780.6209267719998,1732.5569475280001,1816.3141312446667,0.3508598534945066
2021-04-07,1764.766287,sh.600519,贵州茅台,-0.030587526986919356,-0.031065088918460104,1781.468631102,1737.8662310615,1816.3362514755,0.3682384242623381
2021-04-08,1772.47269,sh.600519,贵州茅台,0.004366812227074357,0.004357305368955847,1791.9150885020001,1742.1471379280003,1815.9081179755,0.3647218008147473
2021-04-09,1729.65934,sh.600519,贵州茅台,-0.024154589371980784,-0.024451095864164423,1787.719380202,1740.9483641279999,1814.1955839754999,0.34912715758567053
2021-04-12,1720.14621363,sh.600519,贵州茅台,-0.00550000000000006,-0.005515180688110223,1761.498772128,1740.2158277095,1813.0380537026665,0.3475719573715459
2021-04-13,1730.515607,sh.600519,贵州茅台,0.006028204630417866,0.006010107696480801,1743.512027526,1742.165975802,1811.9144886875001,0.33549646881691464
2021-04-14,1752.778549,sh.600519,贵州茅台,0.0128649183572489,0.012782868257668532,1741.114479926,1743.7286630770002,1810.2890084991666,0.3327712198709172
2021-04-15,1725.8917652,sh.600519,贵州茅台,-0.015339521250610666,-0.01545838885484652,1731.798294966,1743.096738031,1808.1711747858333,0.3359792244339085
2021-04-16,1759.61155966,sh.600519,贵州茅台,0.01953760666798976,0.019349197716434986,1737.7887388980002,1742.466525519,1807.0434711468333,0.3361043814313219
2021-04-19,1787.885496,sh.600519,贵州茅台,0.016068282902996778,0.015940554479651557,1751.336595372,1745.8059668189999,1807.129097846833,0.32278704317821155
2021-04-20,1793.7081116,sh.600519,贵州茅台,0.0032567049808427395,0.0032514134028031067,1763.975096292,1750.2932340325,1807.5829193568331,0.319634228295956
2021-04-21,1781.03536,sh.600519,贵州茅台,-0.007065113614664775,-0.007090189709968849,1769.6264584920002,1753.8895554324997,1808.5903174823331,0.3215246687216137
2021-04-22,1760.0568185,sh.600519,贵州茅台,-0.011778846153846168,-0.01184876635743057,1776.459469152,1756.7366432075,1808.8025289871666,0.3248150081945605
2021-04-23,1805.81572698,sh.600519,贵州茅台,0.025998540501094514,0.025666324234012914,1785.700302616,1762.6423167065,1809.3582462701665,0.33295025129758143
2021-04-26,1779.16869794,sh.600519,贵州茅台,-0.014756228247365999,-0.014866184416338352,1783.9569430039999,1765.4174780535002,1809.3278487916666,0.3321114671786649
2021-04-27,1793.39985548,sh.600519,贵州茅台,0.007998767939475071,0.007966947366163091,1783.8952917800002,1768.0008355925002,1808.178167633,0.3313658281366413
2021-04-28,1748.497214,sh.600519,贵州茅台,-0.025037718912931384,-0.02535649479715998,1777.3876625799999,1767.3993080250002,1806.7526257891666,0.3425009022762544
2021-04-29,1735.10519812,sh.600519,贵州茅台,-0.007659157688540641,-0.0076886396713706125,1772.3973385040001,1768.142547781,1805.8586830411666,0.3332204105551116
2021-04-30,1718.33949026,sh.600519,贵州茅台,-0.009662646321482837,-0.009709632608012667,1754.90209116,1766.527628219,1804.6995829455,0.3287847652214024
2021-05-06,1677.427053,sh.600519,贵州茅台,-0.023809286518701733,-0.024097308500686945,1734.553762172,1757.8365181689999,1802.4564488278334,0.2566258005359485
2021-05-07,1629.476101,sh.600519,贵州茅台,-0.02858601327207755,-0.029002550648391218,1701.769011276,1748.2878567184998,1799.5120320371666,0.26722591284898084
2021-05-10,1608.95138101,sh.600519,贵州茅台,-0.012595901208617977,-0.012675902070809004,1673.8598446780002,1740.497111419,1795.7163431373333,0.25191890209665807
2021-05-11,1677.427053,sh.600519,贵州茅台,0.042559192774995536,0.04167845271920019,1662.324215654,1735.7448295689999,1792.4209995878334,0.301357533893294
2021-05-12,1698.833728,sh.600519,贵州茅台,0.012761613067891808,0.012680869900277376,1658.423063202,1734.203548969,1787.6137739386666,0.29472426126838086
2021-05-13,1688.1303905,sh.600519,贵州茅台,-0.006300403225806495,-0.006320334527136278,1660.563730702,1732.6027578125002,1782.740187597,0.29490950132227817
2021-05-14,1720.96822995,sh.600519,贵州茅台,0.019452193761095637,0.019265418085044866,1678.862156492,1732.12538896,1777.6175702695,0.30276232723152324
2021-05-17,1762.16323532,sh.600519,贵州茅台,0.023937109734557316,0.02365510845641304,1709.504527354,1732.5946232759998,1771.9309584113332,0.31147860923226667
2021-05-18,1763.31919577,sh.600519,贵州茅台,0.0006559894264224209,0.0006557743594079504,1726.6829559080002,1734.4659948044998,1764.2004372241668,0.30584903305669364
2021-05-19,1754.491083,sh.600519,贵州茅台,-0.005006531313886842,-0.005019105979647947,1737.8144269079999,1734.2099709714998,1758.1780259908332,0.2987085561903758
2021-05-20,1762.95100096,sh.600519,贵州茅台,0.004821864324060732,0.004810276371707295,1752.7785489999999,1732.9632462195,1752.4535956735,0.29331435130766553
2021-05-21,1748.5828407,sh.600519,贵州茅台,-0.008150062169723471,-0.008183455488591536,1758.30147115,1730.7069826744998,1748.9440426628332,0.29414911882786493
2021-05-24,1773.57727443,sh.600519,贵州茅台,0.014294109005435596,0.014192911441938802,1760.5842789720002,1730.334078396,1745.5801977533333,0.29815870742103506
2021-05-25,1879.0779315,sh.600519,贵州茅台,0.059484668974407295,0.05778262856433452,1783.7360261180002,1736.2851340460002,1745.658688895,0.3615286117970763
2021-05-26,1900.91274,sh.600519,贵州茅台,0.011619958988380086,0.011552965738036483,1813.0203575179999,1741.0399846970001,1746.6576670616666,0.3531775056970151
2021-05-27,1922.319415,sh.600519,贵州茅台,0.011261261261261257,0.011198325310029535,1844.8940403259999,1748.1975205499998,1748.4018829406668,0.3480607312278781
2021-05-28,1909.47541,sh.600519,贵州茅台,-0.006681514476614692,-0.006703935722190218,1877.072554186,1754.001298276,1749.4294033406666,0.3497774046415296
2021-05-31,1899.200206,sh.600519,贵州茅台,-0.0053811659192825045,-0.005395696543852092,1902.1971405,1761.5364478759998,1751.7127820073333,0.3352632705153238
2021-06-01,1918.85153365,sh.600519,贵州茅台,0.010347159603246059,0.010293994173615439,1910.15186093,1770.7237646524998,1753.1534512348333,0.33279166529526033
2021-06-02,1902.625274,sh.600519,贵州茅台,-0.008456235078872831,-0.008492191884352619,1910.4943677300002,1779.9380538394998,1755.8506922848333,0.33210144098643957
2021-06-03,1902.81365274,sh.600519,贵州茅台,9.90099009900991e-05,9.900499983335809e-05,1906.5932152780001,1791.2073838265,1758.1641830076667,0.3146828556167747
2021-06-04,1927.8851505,sh.600519,贵州茅台,0.013176013176013246,0.013089964542217742,1910.2751633779997,1806.1278363015,1762.3242135159999,0.2865745325390889
2021-06-07,1944.582357,sh.600519,贵州茅台,0.008660892738174608,0.00862360236393219,1919.3515935780001,1822.9093851009998,1767.0909091938333,0.27544426041891157
2021-06-08,1876.080997,sh.600519,贵州茅台,-0.03522677234698368,-0.035862202510091916,1910.7974862479998,1832.8420823009997,1770.244683266,0.2902064898684652
2021-06-09,1883.3592665,sh.600519,贵州茅台,0.0038795070743953275,0.003872001193308,1906.944284748,1842.068359226,1772.406757441,0.2890781718046242
2021-06-10,1916.73655416,sh.600519,贵州茅台,0.017722209593089344,0.01756700229794331,1909.728865032,1853.498667409,1775.4390843103333,0.28884219299610986
2021-06-11,1865.64310227,sh.600519,贵州茅台,-0.026656481183660263,-0.027018207905336853,1897.280455386,1860.732411025,1778.341258595667,0.30725716375474793
2021-06-15,1877.793531,sh.600519,贵州茅台,0.006512729425695696,0.006491613236507393,1883.9226901859997,1866.5139258090003,1780.9457373873336,0.2985282603895692
2021-06-16,1847.824186,sh.600519,贵州茅台,-0.015959872321021473,-0.01608860259980827,1878.271327986,1870.7391753205,1782.7673027186668,0.3062428887127645
2021-06-17,1846.89085497,sh.600519,贵州茅台,-0.0005050973123262859,-0.0005052249169440542,1870.9776456800003,1875.359163919,1784.0118868031668,0.30519098513791826
2021-06-18,1790.40292098,sh.600519,贵州茅台,-0.03058542081032578,-0.0310629162887857,1845.710919044,1876.73175992,1785.1669909861666,0.3270862799702181
2021-06-21,1782.43963788,sh.600519,贵州茅台,-0.004447760337455975,-0.0044576810510323925,1829.070226166,1878.424599779,1786.4749388286666,0.32597884394020205
2021-06-22,1776.72833699,sh.600519,贵州茅台,-0.003204204377317943,-0.003209348832360008,1808.857187364,1878.5821529070004,1787.6019289118335,0.3225256820486265
2021-06-23,1745.072146,sh.600519,贵州茅台,-0.01781712506686839,-0.01797776094628775,1788.3067793639998,1871.881863632,1788.3012136285,0.24066562976669095
2021-06-24,1770.80296935,sh.600519,贵州茅台,0.014744847890088453,0.014637199503077706,1773.0892022399998,1865.3763750995,1789.6862255009999,0.24352230517275486
2021-06-25,1808.176268,sh.600519,贵州茅台,0.02110528347697449,0.020885651865228696,1776.643871644,1859.6692177495,1791.0947387843332,0.25369136350342025
2021-06-28,1817.69253029,sh.600519,贵州茅台,0.005262906309751347,0.005249105618325794,1783.694450126,1855.0800737640002,1792.3607358775,0.2548911072386134
2021-06-29,1782.246398,sh.600519,贵州茅台,-0.01950062053913193,-0.019693266226234088,1784.798062328,1849.2323833639998,1792.7227130883334,0.26195753141019806
2021-06-30,1777.6654543,sh.600519,贵州茅台,-0.0025703200775946122,-0.0025736290214913612,1791.316723988,1842.1730793965003,1793.6797972766667,0.2571696094915063
2021-07-01,1819.412545,sh.600519,贵州茅台,0.02348422229785574,0.023212710561067825,1801.038639118,1838.0124429465002,1794.8260416683333,0.27377174031142715
2021-07-02,1739.894277,sh.600519,贵州茅台,-0.04370546318289781,-0.044689320476690254,1787.382240918,1829.8664741594998,1792.970125385,0.31077832452461746
2021-07-05,1723.472026,sh.600519,贵州茅台,-0.00943864878291123,-0.009483475118007997,1768.53814006,1819.6458179344997,1791.3538369848332,0.3042278804431809
2021-07-06,1739.8078441,sh.600519,贵州茅台,0.009478435305917854,0.009433796785202576,1760.0504292800001,1809.4070922895,1790.9378629364999,0.30474287632797614
2021-07-07,1732.115316,sh.600519,贵州茅台,-0.004421481444681907,-0.004431285102230804,1750.9404016199999,1802.2088082395003,1790.2652400365,0.28359977694901545
2021-07-08,1715.693065,sh.600519,贵州茅台,-0.00948103792415167,-0.009526269083464602,1730.19650562,1793.8254981645,1790.0324687865,0.2827459884321298
2021-07-09,1704.55186419,sh.600519,贵州茅台,-0.006493702770780763,-0.006514878581345481,1723.128023058,1783.216263666,1789.7725629625,0.27029609587014974
2021-07-12,1694.949169,sh.600519,贵州茅台,-0.005633559994117965,-0.005649488343598923,1717.423451658,1774.6815670025,1789.1797889958332,0.25874244835447574
2021-07-13,1713.8779741,sh.600519,贵州茅台,0.011167771545130156,0.011105872408413537,1712.237477658,1766.4857891574998,1788.5314460808333,0.2619163253670868
2021-07-14,1695.813498,sh.600519,贵州茅台,-0.010540118008976807,-0.010596058479451359,1704.977114058,1758.8852547575,1788.0301416275,0.25944574898550893
2021-07-15,1726.92069871,sh.600519,贵州茅台,0.018343527013251704,0.018177314065660272,1707.2226408,1752.8867469445,1787.4852939449997,0.2713179482730236
2021-07-16,1690.5410911,sh.600519,贵州茅台,-0.0210661715023599,-0.021291229647496693,1704.4204861819999,1747.8936554504999,1785.8628871966669,0.260467407111038
2021-07-19,1707.049775,sh.600519,贵州茅台,0.009765325425635352,0.009717952791750258,1706.840607382,1744.1241623064998,1784.4185815866667,0.2640899447046555
2021-07-20,1711.37142,sh.600519,贵州茅台,0.0025316455696202667,0.0025284463533586906,1706.3392965619998,1740.8563164569998,1783.25751592,0.2645350159457202
2021-07-21,1701.863801,sh.600519,贵州茅台,-0.005555555555555536,-0.00557104504945536,1707.5493571619998,1738.695899207,1782.287632295,0.25815446206282144
2021-07-22,1676.80690329,sh.600519,贵州茅台,-0.014723209751142718,-0.01483267195586158,1697.5265980779998,1733.996095904,1780.1374852335,0.2553020339281284
2021-07-23,1642.2251,sh.600519,贵州茅台,-0.020623605032963677,-0.020839241528732066,1687.863399858,1725.698537504,1777.8550919344998,0.24673937365516913
2021-07-26,1559.34459219,sh.600519,贵州茅台,-0.05046842105263172,-0.051786490781143835,1658.3223632959998,1712.781140599,1773.954170879667,0.2920749365660295
2021-07-27,1480.50050081,sh.600519,贵州茅台,-0.05056232713082909,-0.0518853929389161,1612.148179458,1697.6938457394997,1769.4875589931667,0.32768152627630676
2021-07-28,1528.9115681,sh.600519,贵州茅台,0.032699122535597924,0.03217588201498996,1577.557732878,1685.2561514295,1766.0509984928333,0.35928837170646033
2021-07-29,1512.39424091,sh.600519,贵州茅台,-0.010803324099723066,-0.010862103732478236,1544.675200402,1669.905236225,1762.6185776703335,0.3404946745303979
2021-07-30,1451.19974771,sh.600519,贵州茅台,-0.04046199829693842,-0.04130335858332591,1506.470129944,1655.4705097604997,1758.8481225821665,0.3362754790205158
2021-08-02,1516.897395,sh.600519,贵州茅台,0.04527126427197303,0.04427643476630848,1497.980690506,1645.1417782105,1756.9718108155,0.38715527464629823
2021-08-03,1511.9707197,sh.600519,贵州茅台,-0.003247863247863192,-0.0032531490037461257,1504.274734284,1633.7499219904998,1755.3554664603332,0.382985668513718
2021-08-04,1490.103196,sh.600519,贵州茅台,-0.014462928028354138,-0.014568535672581534,1496.513059864,1621.6493159904999,1752.233402177,0.38384571302500986
2021-08-05,1468.494971,sh.600519,贵州茅台,-0.014501160092807441,-0.0146073295517064,1487.733205882,1609.2894112905,1748.3944228936666,0.3846511782111875
2021-08-06,1444.293759,sh.600519,贵州茅台,-0.01648028251912903,-0.016617593076538442,1486.35200814,1596.2765060309998,1744.3304790353334,0.38594686279479007
2021-08-09,1464.0004602,sh.600519,贵州茅台,0.013644524236983813,0.013552275892104901,1475.77262118,1584.729070591,1740.0476828728335,0.3934860505142934
2021-08-10,1554.927871,sh.600519,贵州茅台,0.062108867634903975,0.06025642946303466,1484.36405144,1576.781565436,1736.5937601341668,0.460524631890614
2021-08-11,1513.0079145,sh.600519,贵州茅台,-0.02695942190105627,-0.027329493555812868,1488.94499514,1567.641286261,1732.4219054463333,0.46704329327081584
2021-08-12,1460.71601,sh.600519,贵州茅台,-0.03456155384175941,-0.035172932477601115,1487.38920294,1554.3310518254998,1727.5256542296668,0.46930462849531274
2021-08-13,1469.39387316,sh.600519,贵州茅台,0.005940828402366982,0.005923251262140849,1492.409225772,1543.2736909285,1722.6330354329998,0.4690641476253117
2021-08-16,1468.6678368,sh.600519,贵州茅台,-0.0004941060210348347,-0.0004942281316402264,1493.342701092,1531.3545940185,1717.967785368,0.46572646714341215
2021-08-17,1413.177915,sh.600519,贵州茅台,-0.03778248587570621,-0.038514747716265924,1464.9927098920002,1516.4449187685,1711.9611293775001,0.47654445929611483
2021-08-18,1400.21298,sh.600519,贵州茅台,-0.00917431192660545,-0.009216655104923952,1442.433722992,1501.3623777185,1703.9800468525,0.47636044228363245
2021-08-19,1400.18705013,sh.600519,贵州茅台,-1.8518518518528815e-05,-1.851868998840979e-05,1430.327931018,1487.5313850605,1695.634618688,0.4769920171853452
2021-08-20,1337.981292,sh.600519,贵州茅台,-0.044426748643493386,-0.04544385538676892,1404.045414786,1472.3191946605,1685.8956499713333,0.49222532665706964
2021-08-23,1357.16075251,sh.600519,贵州茅台,0.014334625322997452,0.014232855978740069,1381.743997928,1462.2100026765002,1676.6904056798332,0.4745334318955446
2021-08-24,1404.69020422,sh.600519,贵州茅台,0.035021239467835086,0.034421947731736374,1380.046455772,1458.419487847,1668.4485723168334,0.46629730476429837
2021-08-25,1439.12507158,sh.600519,贵州茅台,0.024514207656997966,0.024218556494263698,1387.828874088,1453.930163021,1660.4531312823335,0.45901666139681757
2021-08-26,1378.604755,sh.600519,贵州茅台,-0.042053548906319405,-0.04296339913546759,1383.512415062,1447.2406887255001,1651.7194559656666,0.4793526744213031
2021-08-27,1379.49501387,sh.600519,贵州茅台,0.0006457680250784303,0.0006455596066291435,1391.815159436,1443.6554520334998,1642.9974786511666,0.45991102075161766
2021-08-30,1370.825794,sh.600519,贵州茅台,-0.006284343026133565,-0.006304172630780706,1394.548167734,1436.3518719835,1633.7131560428336,0.42447389428432003
2021-08-31,1346.624582,sh.600519,贵州茅台,-0.01765447667087028,-0.017812175764099887,1382.93504329,1428.0845650985,1623.7471931261666,0.4268884519010952
2021-09-01,1401.95028129,sh.600519,贵州茅台,0.041084724005134854,0.04026317345377322,1375.5000852320002,1423.676919363,1615.845014531,0.4558563526313434
2021-09-02,1399.1757852,sh.600519,贵州茅台,-0.001979026023267383,-0.0019809868827561777,1379.6142912720002,1420.210960073,1607.7752898426666,0.4537023104299757
2021-09-03,1433.24763438,sh.600519,贵州茅台,0.024351371386211795,0.024059603878929057,1390.364815374,1419.6586538420001,1599.7171411796664,0.45956512989927845
2021-09-06,1444.00853043,sh.600519,贵州茅台,0.007508050801461996,0.007480005676711629,1405.00136266,1418.6590573535,1592.6898983156666,0.45766324516369433
2021-09-07,1442.565101,sh.600519,贵州茅台,-0.0009995989632902713,-0.0010000988955162333,1424.18946646,1413.0409188535,1585.4360911489998,0.3939199153171822
2021-09-08,1411.5356899,sh.600519,贵州茅台,-0.021509886159376768,-0.02174459557913738,1426.106548182,1407.9673076235,1578.1646162139998,0.3900622582745737
2021-09-09,1412.38273232,sh.600519,贵州茅台,0.0006000857265322512,0.0005999057470911204,1428.747937606,1405.5506437395,1570.9228141698334,0.3720936836485415
2021-09-10,1437.01610882,sh.600519,贵州茅台,0.01744100656026637,0.017290657843227773,1429.501632494,1403.9317555225,1565.0330339671668,0.3773131618708354
2021-09-13,1429.600166,sh.600519,贵州茅台,-0.005160653923420244,-0.005174016089379947,1426.619959608,1401.9783719825,1559.1523761024998,0.3776192804891943
2021-09-14,1432.193153,sh.600519,贵州茅台,0.0018137847642079041,0.0018121418429262117,1424.5455700080001,1402.9291338825,1553.4101230359997,0.35184967126844663
2021-09-15,1396.53093846,sh.600519,贵州茅台,-0.02490042245021118,-0.025215682378990804,1421.54461972,1402.7450318055,1547.6011029103333,0.3621021715533593
2021-09-16,1415.83140503,sh.600519,贵州茅台,0.013820292868902184,0.013725663495061801,1422.234354262,1403.5272495505,1541.6849101716666,0.3653512305583335
2021-09-17,1457.258694,sh.600519,贵州茅台,0.029260043832070703,0.02884014001916695,1426.2828712980001,1409.4911196505,1535.8362839383335,0.3368650296348515
2021-09-22,1415.50296001,sh.600519,贵州茅台,-0.02865361803084232,-0.029072147249064515,1423.4634301,1412.4082300255,1529.1331244336666,0.35431585602421806
2021-09-23,1413.177915,sh.600519,贵州茅台,-0.0016425575047780416,-0.001643907981382546,1419.6603825,1412.8326155645,1522.9819830503334,0.3327099599002074
2021-09-24,1464.173326,sh.600519,贵州茅台,0.036085626911315005,0.03544979188064595,1433.1888600080001,1414.0850282855,1517.7571142453332,0.3460506219423004
2021-09-27,1603.330295,sh.600519,贵州茅台,0.0950413223140496,0.09079209982953583,1470.688638002,1425.3213052855,1514.155743412,0.4468515247703277
2021-09-28,1574.85929774,sh.600519,贵州茅台,-0.0177574123989217,-0.017916966918615104,1494.20875875,1435.089519479,1511.4051604243332,0.45552835068915115
2021-09-29,1573.07878,sh.600519,贵州茅台,-0.0011305884548259426,-0.0011312280520793293,1525.723922748,1445.202168779,1508.8986063243333,0.45389588151932875
2021-09-30,1581.72207,sh.600519,贵州茅台,0.005494505494505475,0.0054794657646255705,1559.4327537479999,1456.957043179,1506.2638434226667,0.4443666853243463
2021-10-08,1590.0196284,sh.600519,贵州茅台,0.0052459016393442415,0.0052321898303021065,1584.602014228,1466.3605105345,1503.8955819626667,0.4273282922664018
2021-10-11,1613.80596248,sh.600519,贵州茅台,0.014959773863883363,0.014848980047196963,1586.697147724,1477.0920193985,1502.1974635873335,0.42702351547796125
2021-10-12,1617.15091571,sh.600519,贵州茅台,0.0020727109130638244,0.0020705658114049215,1595.1554713179999,1486.287183465,1500.7407811126666,0.4226586723163053
2021-10-13,1668.0685371,sh.600519,贵州茅台,0.031486004735460815,0.031000485560693403,1614.153422738,1497.4901837985,1500.292770581,0.43197510224109603
2021-10-14,1651.732719,sh.600519,贵州茅台,-0.00979325353645255,-0.009841522844791208,1628.1555525380002,1507.9485646985,1499.2570163293335,0.435405258023411
2021-10-15,1656.89276313,sh.600519,贵州茅台,0.0031240188383045986,0.0031191492306483774,1641.5301794840002,1520.21641836,1498.6083374148332,0.42249675242727286
2021-10-18,1555.7922,sh.600519,贵州茅台,-0.061018169298424074,-0.0629591495866653,1629.9274269880002,1527.386891744,1495.7561957696669,0.48892106393016993
2021-10-19,1566.31972722,sh.600519,贵州茅台,0.0067666666666665876,0.006743875533345478,1619.76118929,1533.8520726640002,1493.6858397049998,0.48686624044370935
2021-10-20,1591.229689,sh.600519,贵州茅台,0.01590349744506625,0.015778361815476323,1604.39341967,1541.933548814,1491.7555049383334,0.4869173767436832
2021-10-21,1593.822676,sh.600519,贵州茅台,0.0016295491580662347,0.0016282228834612474,1592.81141107,1550.015024964,1489.796359205,0.48693786459908434
2021-10-22,1643.089429,sh.600519,贵州茅台,0.03091106290672463,0.03044293837189014,1590.050744244,1562.3429494910001,1488.8167863383335,0.48052658907739
2021-10-25,1618.91414687,sh.600519,贵州茅台,-0.01471330878485011,-0.014822623087722264,1602.675133618,1572.497086583,1487.8519070646666,0.48703771924812117
2021-10-26,1608.55948545,sh.600519,贵州茅台,-0.006396053453495143,-0.0064165958437167134,1611.123085264,1580.0621261555,1487.2908134888335,0.482001519043149
2021-10-27,1572.214451,sh.600519,贵州茅台,-0.022594771768625233,-0.02285394503886796,1607.3200376640002,1587.8977007050003,1487.5053111356667,0.47677881133810246
2021-10-28,1577.82394621,sh.600519,贵州茅台,0.0035678944474986096,0.0035615446113190217,1604.120291706,1596.1300022655,1489.127368559,0.47607511410045633
2021-10-29,1578.33390032,sh.600519,贵州茅台,0.00032320089400661445,0.00032314867584867167,1591.16918597,1601.8380309815,1489.951074096,0.46278377079819694
2021-11-01,1558.385187,sh.600519,贵州茅台,-0.012639095767983943,-0.012719648601972685,1579.063393996,1599.5907755815,1490.7175898641667,0.31727820991749783
2021-11-02,1559.80268656,sh.600519,贵州茅台,0.0009095951192457097,0.0009091816882894246,1569.312034218,1598.8379450225,1492.5276388450002,0.31124130752138673
2021-11-03,1525.540685,sh.600519,贵州茅台,-0.02196559978721524,-0.022210435524209607,1559.977281018,1596.4610402725,1492.6716936783334,0.3206288272362934
2021-11-04,1559.4223818,sh.600519,贵州茅台,0.022209631728045354,0.02196658985514127,1556.296968136,1595.3460558625,1493.4625547133335,0.3306840491034499
2021-11-05,1573.02692026,sh.600519,贵州茅台,0.008724088238554417,0.008686253271910976,1555.235572124,1594.4964204555001,1494.844616784333,0.33171457430693085
2021-11-08,1573.1652129,sh.600519,贵州茅台,8.791498620830396e-05,8.791112191238864e-05,1558.191577304,1592.4643829765,1496.5891208159999,0.32678878461618305
2021-11-09,1547.15755329,sh.600519,贵州茅台,-0.016532058678094597,-0.01667023820498733,1555.66255065,1588.9647148555,1498.3035173874998,0.33106065088737924
2021-11-10,1516.02442271,sh.600519,贵州茅台,-0.020122792610097084,-0.020328013749774238,1553.759298192,1581.362509136,1499.1705834293332,0.3119586101647379
2021-11-11,1529.5165984,sh.600519,贵州茅台,0.008899708664245498,0.008860339666415444,1547.778141512,1575.251703106,1498.7470622193334,0.31485929941611246
2021-11-12,1533.12949362,sh.600519,贵州茅台,0.0023621157323687747,0.00235933032244696,1539.798656184,1569.0635396305001,1499.0824218713335,0.31465355911275106
2021-11-15,1522.20437506,sh.600519,贵州茅台,-0.007126024647926998,-0.007151536030307085,1529.606488616,1567.3841483835,1500.1072279556668,0.2316024533792152
2021-11-16,1562.706832,sh.600519,贵州茅台,0.02660776542466814,0.026259935331966203,1532.716344358,1567.2035036225,1501.6624439363334,0.2503641585555173
2021-11-17,1551.470555,sh.600519,贵州茅台,-0.007190265486725633,-0.0072162400297425275,1539.8055708160002,1565.2155469225,1503.0424892396668,0.24425626698593894
2021-11-18,1548.877568,sh.600519,贵州茅台,-0.0016713091922005985,-0.0016727073875035087,1543.677764736,1562.9682915224998,1505.304150123,0.2440385735925745
2021-11-19,1580.34778689,sh.600519,贵州茅台,0.020318080357142776,0.02011442217050046,1553.12142339,1559.831209417,1508.3063969045,0.22784362452439397
2021-11-22,1602.69933483,sh.600519,贵州茅台,0.014143436100218176,0.014044350885210706,1569.2204153440002,1559.020468815,1511.6816016495,0.22925149766045294
2021-11-23,1639.13944547,sh.600519,贵州茅台,0.022736710403555183,0.02248208375962417,1584.506938038,1560.5494668160002,1516.7009042073335,0.2421150596622776
2021-11-24,1677.662589,sh.600519,贵州茅台,0.023502053859093097,0.023230132818799116,1609.745344838,1565.821873716,1522.042601482167,0.23765181012867964
2021-11-25,1690.65345387,sh.600519,贵州茅台,0.007743431221020058,0.007713604731448163,1638.100522012,1571.463349099,1526.8086556429998,0.2381625416639222
2021-11-26,1677.67123229,sh.600519,贵州茅台,-0.0076788188320220385,-0.007708452761206001,1657.565211092,1576.4302156975,1530.7844249881666,0.24128103851342428
2021-11-29,1715.693065,sh.600519,贵州茅台,0.022663458714792695,0.022410457982038185,1680.1639571259998,1584.2956095975,1536.4025634881666,0.2431439556942787
2021-11-30,1668.82050333,sh.600519,贵州茅台,-0.027319899244332424,-0.02770002705665706,1686.1001686980003,1589.7465004360001,1541.2246549791666,0.26864725279921003
2021-12-01,1670.73931371,sh.600519,贵州茅台,0.0011498003387249156,0.0011491398245732304,1684.7155136400002,1597.0064318715,1546.2232136409998,0.25154948477633515
2021-12-02,1671.612286,sh.600519,贵州茅台,0.0005225065830656295,0.0005223701240327155,1680.907280066,1602.6159270815,1551.6396753743334,0.24313824528185357
2021-12-03,1704.35306852,sh.600519,贵州茅台,0.019586349534643333,0.019397005370809885,1686.2436473120001,1609.1822344944999,1556.6797218281667,0.24916238070505095
2021-12-06,1700.3944417,sh.600519,贵州茅台,-0.0023226565511086372,-0.002325358101829507,1683.183922652,1615.5436959345,1561.7000327698333,0.24982761420174499
2021-12-07,1690.51516123,sh.600519,贵州茅台,-0.0058099933919584235,-0.005826937063854109,1687.522854232,1622.7115763315,1565.987824884,0.24087100303828476
2021-12-08,1765.824147,sh.600519,贵州茅台,0.04454795052840921,0.043584208599256165,1706.5398208899999,1635.201562546,1571.3514184935002,0.2615164050935552
2021-12-09,1803.46567495,sh.600519,贵州茅台,0.021316691140479627,0.021092668502228733,1732.91049868,1648.8990163735002,1577.3664280593334,0.2658970889476005
2021-12-10,1806.44761,sh.600519,贵州茅台,0.001653447077712089,0.0016520816390059136,1753.329406976,1662.5649221925,1583.9482933943334,0.2661224692491665
2021-12-13,1830.8216878,sh.600519,贵州茅台,0.013492822966507223,0.013402605450712207,1779.4148561959998,1677.9957878295002,1590.9222759856666,0.2601984085151084
2021-12-14,1858.30735,sh.600519,贵州茅台,0.01501274667170227,0.014901170712139516,1812.9732939500002,1692.7758137295,1597.943796672,0.25318853836833694
2021-12-15,1845.342415,sh.600519,贵州茅台,-0.006976744186046546,-0.007001195458983588,1828.87694755,1707.4694067295,1604.8728341553333,0.2530105339959055
2021-12-16,1831.50450771,sh.600519,贵州茅台,-0.007498829039812582,-0.007527086612734482,1834.484714102,1721.6007537149999,1611.5280234005002,0.25703234028969846
2021-12-17,1772.4794803,sh.600519,贵州茅台,-0.03222761787455353,-0.03275836178826639,1827.6910881620001,1731.2073383855,1617.7938324311665,0.29058017550718807
2021-12-20,1779.61883784,sh.600519,贵州茅台,0.004027892914614473,0.0040198026710953575,1817.4505181700001,1740.0533135359997,1623.8569563113333,0.28899369478860076
2021-12-21,1761.6753678,sh.600519,贵州茅台,-0.010082760228464882,-0.010133935538226276,1798.12412173,1746.1801096525,1628.9305675413334,0.2863587454605399
2021-12-22,1770.145792,sh.600519,贵州茅台,0.004808164066333109,0.004796641764805239,1783.0847971300002,1750.8042698025001,1634.8412814078333,0.2767984481257996
2021-12-23,1832.37748,sh.600519,贵州茅台,0.03515625,0.034552381506659735,1783.259391588,1757.890471109,1641.8279408244998,0.29943008747589284
2021-12-24,1896.41561561,sh.600519,贵州茅台,0.034948113207547093,0.03435129329405216,1808.0466186499998,1768.827690275,1649.0319789846667,0.3148337641618124
2021-12-27,1842.59384878,sh.600519,贵州茅台,-0.02838078656755194,-0.0287913070059544,1820.641620838,1775.172729464,1653.019704881,0.3314170423451316
2021-12-28,1848.09098122,sh.600519,贵州茅台,0.0029833663254872356,0.002978924919539181,1837.924743522,1784.1362533585002,1657.5735662723334,0.3104970029030933
2021-12-29,1764.095489,sh.600519,贵州茅台,-0.04544986857982025,-0.04651511606385032,1836.714682922,1788.804062123,1660.757178089,0.3590181401171219
2021-12-30,1793.482675,sh.600519,贵州茅台,0.0166585007349338,0.016521269854953825,1828.935721922,1794.8975815730003,1664.2865215056668,0.3621174993069927
2021-12-31,1771.87445,sh.600519,贵州茅台,-0.012048192771084265,-0.012121360532344737,1804.0274888,1798.2736506469998,1667.3174351989999,0.36120355896753015
2022-01-04,1772.93757467,sh.600519,贵州茅台,0.0005999999999999339,0.0005998200719675495,1790.0962339780003,1801.9008072954998,1669.9696287355,0.36086805366770014
2022-01-05,1749.401896,sh.600519,贵州茅台,-0.01327496185215693,-0.013363861797065245,1770.358416934,1804.8451440340002,1672.1738117403333,0.36406189213647633
2022-01-06,1713.29023038,sh.600519,贵州茅台,-0.02064229249011862,-0.02085832268643681,1760.19736521,1802.2184482030002,1672.9275066283335,0.3353331887745124
2022-01-07,1678.526918,sh.600519,贵州茅台,-0.02029038149145901,-0.020499058869649114,1737.2062138100002,1795.9715103555002,1673.3740766116666,0.33061059646603547
2022-01-10,1699.270814,sh.600519,贵州茅台,0.012358393408856916,0.012282651855841707,1722.6854866099998,1790.6126705555002,1674.0803774595001,0.3349262730549372
2022-01-11,1677.27364095,sh.600519,贵州茅台,-0.012945066124109839,-0.013029583675091218,1703.552699866,1782.935268213,1676.105068142,0.33094924952397564
2022-01-12,1700.135143,sh.600519,贵州茅台,0.013630156398958926,0.013538101357038325,1693.699349266,1775.0266578630003,1678.3353250716668,0.3299215253399266
2022-01-13,1622.68262131,sh.600519,贵州茅台,-0.04555668530757495,-0.04662702501574714,1675.5778274519998,1763.8936681784999,1678.8595406101667,0.3611243383453235
2022-01-14,1613.702243,sh.600519,贵州茅台,-0.005534278972403217,-0.005549649831589318,1662.6128924519999,1753.003554943,1679.1908667268333,0.36109516307818523
2022-01-17,1609.04350969,sh.600519,贵州茅台,-0.0028869844670593725,-0.0028911598448193914,1644.56743159,1744.8317564124998,1678.6234347383331,0.34766780144698306
2022-01-18,1635.54383683,sh.600519,贵州茅台,0.016469615010662686,0.016335461864447256,1636.221470766,1737.6280063620002,1678.9005962376666,0.3544989824443424
2022-01-19,1652.597048,sh.600519,贵州茅台,0.01042663044914316,0.010372648049996139,1626.713851766,1732.1740903720001,1679.6345556135,0.3572759738889949
2022-01-20,1702.31325208,sh.600519,贵州茅台,0.030083682008368084,0.029640043609693613,1642.63997792,1728.782463376,1681.8028689648334,0.37536148850679535
2022-01-21,1715.68442171,sh.600519,贵州茅台,0.007854705715098165,0.007824018104185548,1663.0364136619999,1722.9478104614998,1684.1005435564998,0.35157840248478633
2022-01-24,1685.6144158,sh.600519,贵州茅台,-0.017526536657615388,-0.017681944924207153,1678.350594884,1712.4077504709999,1685.8885521478333,0.32467064432676307
2022-01-25,1679.391247,sh.600519,贵州茅台,-0.003691929032919705,-0.003698761023578549,1687.120076918,1704.247620382,1687.9053198145,0.3134009524525009
2022-01-26,1689.763195,sh.600519,贵州茅台,0.006176016469377155,0.006157023042025963,1694.5533063179998,1696.331231071,1690.0713282885001,0.31460640903055626
2022-01-27,1698.406485,sh.600519,贵州茅台,0.005115089514066584,0.005102051883895552,1693.771952902,1693.046780871,1692.9524249551666,0.27562860297771835
2022-01-28,1630.988823,sh.600519,贵州茅台,-0.03969465648854964,-0.04050397893481142,1676.83283316,1684.9220882710001,1694.1451989751665,0.2974307441802017
2022-02-07,1614.53199884,sh.600519,贵州茅台,-0.010090090090090098,-0.01014134008526103,1662.6163497679997,1677.054965713,1694.8369502848334,0.2968583389779683
2022-02-08,1589.501031,sh.600519,贵州茅台,-0.015503543973104272,-0.015624980678968026,1644.6383065679997,1667.8831385295002,1695.1092139198336,0.2987075478933765
2022-02-09,1638.75049742,sh.600519,贵州茅台,0.030984230560087145,0.030513909631803348,1634.435767052,1662.3505686004999,1696.6357629886668,0.3232911590599082
2022-02-10,1618.888217,sh.600519,贵州茅台,-0.01212038101667745,-0.012194431792035847,1618.532113452,1657.6304679314999,1698.3501595601667,0.31852532382140963
2022-02-11,1598.98272013,sh.600519,贵州茅台,-0.012295782167645486,-0.012372000719418479,1612.130892878,1653.653258038,1699.5079282556665,0.3138789743028932
2022-02-14,1615.14567243,sh.600519,贵州茅台,0.010108272026033038,0.010057525133431213,1612.253627596,1649.4470009595,1700.8748645691667,0.3125901809652262
2022-02-15,1634.11769398,sh.600519,贵州茅台,0.011746322250584473,0.011677869729508846,1621.176960192,1647.289203611,1702.7400865511665,0.3137751555153326
2022-02-16,1635.78584895,sh.600519,贵州茅台,0.0010208291459943286,0.0010203084542497504,1620.584030498,1644.0717389084998,1703.958070167,0.3090730317774066
2022-02-17,1630.98017971,sh.600519,贵州茅台,-0.0029378351958997406,-0.002942159104415828,1623.00242304,1644.4866168285,1705.2832305788331,0.2624560849352004
2022-02-18,1648.275403,sh.600519,贵州茅台,0.010604189741334258,0.010548359662975107,1632.860959614,1646.2152748285,1706.9398611621666,0.26387646340971666
2022-02-21,1622.33688971,sh.600519,贵州茅台,-0.015736759307813375,-0.01586189667860841,1634.29920307,1646.8799438294998,1707.6396795425,0.2703731516237394
2022-02-22,1562.59446923,sh.600519,贵州茅台,-0.0368249164886334,-0.03752007320967597,1619.99455812,1643.2324754494998,1706.9712651158334,0.2939103086410985
2022-02-23,1579.13772629,sh.600519,贵州茅台,0.01058704442244185,0.010531394104641965,1608.664933588,1639.559509364,1705.9712364628333,0.2940016348979814
2022-02-24,1524.77143219,sh.600519,贵州茅台,-0.0344278356440304,-0.035034436917592636,1587.4231840839998,1630.6824183695,1703.423050516,0.28946201980594144
2022-02-25,1554.97973074,sh.600519,贵州茅台,0.019811689747238015,0.019617992357333688,1568.764049632,1622.647183821,1701.1618217971668,0.29962039520210193
2022-02-28,1547.4946416,sh.600519,贵州茅台,-0.004813624892999635,-0.004825247698856922,1553.79560001,1615.741195111,1698.9922119523333,0.2957956458849533
2022-03-01,1606.33815992,sh.600519,贵州茅台,0.03802502234137628,0.0373198907550486,1562.544338148,1612.088540757,1697.169630201,0.331471811067899
2022-03-02,1594.58328552,sh.600519,贵州茅台,-0.00731780810124405,-0.007344714603723123,1565.6334499939999,1607.329545283,1695.9323432375,0.33050945892243283
2022-03-03,1555.7922,sh.600519,贵州茅台,-0.024326785481982416,-0.02462756982473002,1571.837603556,1600.198831033,1694.016558009,0.33773417341792045
2022-03-04,1538.9377845,sh.600519,贵州茅台,-0.010833333333333472,-0.010892441166423782,1568.629214308,1595.596279108,1691.805316317333,0.31201791129617196
2022-03-07,1475.409603,sh.600519,贵州茅台,-0.04128053917438912,-0.04215677992339171,1554.2122065879998,1588.640159316,1687.9895918920001,0.3401664652701074
2022-03-08,1515.3416028,sh.600519,贵州茅台,0.02706502636203867,0.0267052457502135,1536.0128951640002,1584.932187906,1684.9053779103333,0.3547789783196326
2022-03-09,1537.79687022,sh.600519,贵州茅台,0.014818617385352617,0.014709894441234408,1524.6556121039998,1579.884506546,1682.3600730601668,0.3390475053633528
2022-03-10,1550.97788747,sh.600519,贵州茅台,0.008571364336379617,0.008534838760693352,1523.692749598,1576.4889900695,1678.7793020679999,0.3395850538044325
2022-03-11,1529.00664429,sh.600519,贵州茅台,-0.014166058302636508,-0.014267354691524905,1521.706521556,1572.9901862775,1674.2049848903334,0.34040674173028385
2022-03-14,1469.3593,sh.600519,贵州茅台,-0.039010520008366134,-0.039791817010749346,1520.496460956,1565.700867656,1668.5868463903332,0.36121994007412794
2022-03-15,1385.519387,sh.600519,贵州茅台,-0.05705882352941183,-0.05875137743475456,1494.532017796,1553.270952307,1661.165141377,0.40066266881472284
2022-03-16,1447.70785855,sh.600519,贵州茅台,0.04488459139114154,0.04390644045780274,1476.514215462,1543.8670527870001,1654.3218165194999,0.44177660318613216
2022-03-17,1486.77552935,sh.600519,贵州茅台,0.02698588017552761,0.0266281822399584,1463.673743838,1536.656820269,1648.3457017586666,0.45678885584740553
2022-03-18,1476.09242291,sh.600519,贵州茅台,-0.007185419876173493,-0.007211359337542669,1453.090899562,1528.0476712645,1642.4221670119998,0.4534833258448698
2022-03-21,1473.0759147,sh.600519,贵州茅台,-0.0020435767863730137,-0.0020456677385804977,1453.834222502,1520.5846225139999,1637.4321075853334,0.45182996365800987
2022-03-22,1465.037655,sh.600519,贵州茅台,-0.005456785777151918,-0.005471728416640268,1469.737876102,1515.7067818025,1632.1890878713336,0.43541993375966437
2022-03-23,1514.46863051,sh.600519,贵州茅台,0.03374041297935082,0.033183693290366606,1483.090030494,1512.4733270135,1628.0689755831665,0.4523307009719487
2022-03-24,1487.44970597,sh.600519,贵州茅台,-0.01784053099264349,-0.018001591747317323,1483.2248658180001,1510.6072407025,1623.3573741493335,0.4400795009394336
2022-03-25,1460.71601,sh.600519,贵州茅台,-0.017972840266599954,-0.01813631344048088,1480.1495832360001,1505.8940546654999,1617.163016316,0.4369532239810127
2022-03-28,1435.4776032,sh.600519,贵州茅台,-0.017278106508875846,-0.017429114945549763,1472.629920936,1500.2932027455001,1609.4807161091667,0.4399595906367043
2022-03-29,1440.836443,sh.600519,贵州茅台,0.003733140655105993,0.003726189779224521,1467.789678536,1492.0181168995,1602.7847593461665,0.413175506079356
2022-03-30,1495.3756029,sh.600519,贵州茅台,0.0378524295140974,0.03715360653868284,1463.971073014,1487.0577327685,1596.9061697075,0.4401856017663963
2022-03-31,1485.781551,sh.600519,贵州茅台,-0.006415814114791085,-0.0064364839066274075,1463.63744202,1483.5572003185002,1592.2676040741667,0.4331245700776152
2022-04-01,1538.51426329,sh.600519,贵州茅台,0.035491564863292524,0.03487625586502881,1479.197092678,1483.536024258,1588.0181305456667,0.4513464795133137
2022-04-06,1525.540685,sh.600519,贵州茅台,-0.008432536895860099,-0.008468291880480965,1497.209709038,1486.042578358,1583.9125677956667,0.42545953779420786
2022-04-07,1525.540685,sh.600519,贵州茅台,0.0,0.0,1514.150557438,1486.552532468,1579.7892863011666,0.4150428511563709
2022-04-08,1541.962936,sh.600519,贵州茅台,0.01076487252124636,0.010707343772557448,1523.468024058,1486.760835757,1576.3319703011666,0.4134552266077479
2022-04-11,1486.64588,sh.600519,贵州茅台,-0.03587443946188329,-0.03653374333245584,1523.640889858,1483.5442353835,1572.5545644615,0.43159043652720613
2022-04-12,1540.234278,sh.600519,贵州茅台,0.03604651162790695,0.03541203822325587,1523.9848928,1484.1056170690001,1570.2496871281667,0.4489096854343027
2022-04-13,1528.998001,sh.600519,贵州茅台,-0.007295173961840651,-0.007321913870969365,1524.676356,1487.087552119,1567.4118069115,0.42514297223995406
2022-04-14,1563.571161,sh.600519,贵州茅台,0.022611644997173608,0.02235979123550992,1532.2824512,1495.990140819,1565.5167655789999,0.3677071999869567
2022-04-15,1560.96953071,sh.600519,贵州茅台,-0.0016639027086787772,-0.0016652885322544946,1536.083770142,1501.653224427,1563.1973387075002,0.338949223538426
2022-04-18,1547.85765978,sh.600519,贵州茅台,-0.008399825026716767,-0.00843530236560767,1548.3261260980003,1504.7073309485,1561.9502560153335,0.3302680296637577
2022-04-19,1547.4082087,sh.600519,贵州茅台,-0.0002903697747400624,-0.0002904119402056858,1549.7609122380002,1508.2731202379998,1560.8453554436667,0.3285664486602345
2022-04-20,1553.199213,sh.600519,贵州茅台,0.003742389543651914,0.0037354042263316994,1554.601154638,1512.279285153,1559.9146171655002,0.32813195429955966
2022-04-21,1538.48833342,sh.600519,贵州茅台,-0.009471341124095867,-0.009516479515608358,1549.5845891220001,1515.951819074,1558.297025442,0.3297856633585775
2022-04-22,1532.455317,sh.600519,贵州茅台,-0.003921392375195176,-0.003929101193742896,1543.8817463799999,1516.8511533985,1556.2946632586668,0.309148425953411
2022-04-25,1476.273932,sh.600519,贵州茅台,-0.036661026508742145,-0.03734993172569261,1529.5650008239998,1516.2923647,1552.5273412573333,0.33064566821050106
2022-04-26,1497.43270592,sh.600519,贵州茅台,0.014332552693208322,0.014230812637366391,1519.5699002679999,1518.128199496,1548.8898126608333,0.3274474730546974
2022-04-27,1551.40140868,sh.600519,贵州茅台,0.036040820096047366,0.03540654469817856,1519.210339404,1523.92438977,1546.6529292088335,0.3414138433182217
2022-04-28,1586.043715,sh.600519,贵州茅台,0.022329686002718674,0.022084028804610387,1528.72141572,1531.18475337,1545.0971370088334,0.3474697533113687
2022-04-29,1580.32185702,sh.600519,贵州茅台,-0.0036076294277930243,-0.0036141526163943247,1538.294723724,1535.432066076,1543.2731147091665,0.3260468609345702
2022-05-05,1587.772373,sh.600519,贵州茅台,0.004714556055086971,0.0047034773428491754,1560.594411924,1540.5316071759999,1541.4292128425,0.3241873714721742
2022-05-06,1549.741897,sh.600519,贵州茅台,-0.0239520958083832,-0.02424361160999274,1571.05625014,1541.0929888614999,1540.0750974091668,0.3149781144209586
2022-05-09,1514.304408,sh.600519,贵州茅台,-0.02286670384829903,-0.023132202108796223,1563.636850004,1540.5311750115,1538.4046375618334,0.3244624746804157
2022-05-10,1526.56923651,sh.600519,贵州茅台,0.008099315068493151,0.008066691649389062,1551.741954306,1540.5826025869999,1537.3557743203332,0.32579010340190895
2022-05-11,1528.133672,sh.600519,贵州茅台,0.001024804805824786,0.0010242800518627528,1541.304317302,1539.8911393869998,1535.5121605633333,0.32344037806382664
2022-05-12,1523.52679843,sh.600519,贵州茅台,-0.003014705882352864,-0.0030192592618341167,1528.455202388,1541.7351853085,1533.9228035871668,0.2952446551176627
2022-05-13,1536.98440096,sh.600519,贵州茅台,0.00883319055750631,0.008794406155801683,1525.90370318,1541.5726914564998,1532.8894982676668,0.2673630281368885
2022-05-16,1519.490382,sh.600519,贵州茅台,-0.011382040669425941,-0.011447311846434117,1526.94089798,1541.0973105065,1531.2952434271667,0.26923498323790973
2022-05-17,1528.133672,sh.600519,贵州茅台,0.005688282138794021,0.005672164952466374,1527.253785078,1539.3254360565,1529.5288430608334,0.2566453149978614
2022-05-18,1522.083369,sh.600519,贵州茅台,-0.0039592760180995334,-0.003967134701382591,1526.043724478,1537.381127971,1527.6338017283333,0.25685079754008466
2022-05-19,1517.761724,sh.600519,贵州茅台,-0.0028392958546280544,-0.0028433343011441733,1524.890709592,1535.8763311819998,1525.7468274665,0.25552007146214817
2022-05-20,1555.80084329,sh.600519,贵州茅台,0.02506264236902056,0.024753725229317663,1528.653998058,1536.2959629115,1524.2055848046666,0.27160859337728666
2022-05-23,1539.369949,sh.600519,贵州茅台,-0.010561052438597729,-0.01061721613471809,1532.6299114580002,1535.6044997115,1522.8228024595,0.27401557858740716
2022-05-24,1521.21904,sh.600519,贵州茅台,-0.01179112857944975,-0.011861195257464189,1531.246985058,1534.7410350405,1522.1332119723334,0.27516606762408047
2022-05-25,1517.33820279,sh.600519,贵州茅台,-0.0025511363636363527,-0.002554396057137924,1530.297951816,1533.98517933,1521.1032199139997,0.2749778353149838
2022-05-26,1506.3525812,sh.600519,贵州茅台,-0.007240061292729694,-0.007266397731772427,1528.016123256,1535.48911179,1520.7962390641665,0.24121241097762688
2022-05-27,1517.03568764,sh.600519,贵州茅台,0.007092035804452612,0.0070670055922893785,1520.263092126,1536.4692608760001,1520.1638383458333,0.23728874233876185
2022-05-30,1537.13133689,sh.600519,贵州茅台,0.013246655575559929,0.013159685830539909,1519.815369704,1535.7557572865,1519.9911166006668,0.2037591415432336
2022-05-31,1559.27544587,sh.600519,贵州茅台,0.014406126821149279,0.014303344529932096,1527.4266508780001,1534.41734383,1519.2067380331669,0.1937392256190841
2022-06-01,1545.63633425,sh.600519,贵州茅台,-0.008747082919907223,-0.008785563207555427,1533.08627717,1532.6830676915001,1518.3909555120001,0.19558428753730164
2022-06-02,1543.691594,sh.600519,贵州茅台,-0.0012582133370613313,-0.0012590055520488082,1540.55407973,1530.4790287415,1518.1892787453335,0.19440030494013313
2022-06-06,1545.420252,sh.600519,贵州茅台,0.0011198208286673506,0.0011191942970150324,1546.230992602,1530.2629464915,1518.2973198703335,0.17512944695830737
2022-06-07,1571.2636891,sh.600519,贵州茅台,0.016722595078299873,0.01658431199055671,1553.057463044,1533.1109105465,1519.894887972,0.16275995487600448
2022-06-08,1612.4921824,sh.600519,贵州茅台,0.026239067055393583,0.025900728432157172,1563.70081035,1537.407057841,1521.5140642986667,0.18336029904490303
2022-06-09,1601.601637,sh.600519,贵州茅台,-0.006753859348199054,-0.006776769870813544,1574.8938709,1541.080456091,1522.5774770783332,0.18641520581044493
2022-06-10,1642.7436974,sh.600519,贵州茅台,0.025688073394495303,0.025363678491854977,1594.70429158,1547.0413010395,1524.1069072438333,0.20247614894979735
2022-06-13,1604.194624,sh.600519,贵州茅台,-0.023466273808271043,-0.023745991431068952,1606.45916598,1550.4018121914999,1525.360040239,0.22332205292032958
2022-06-14,1617.159559,sh.600519,贵州茅台,0.0080818965517242,0.008049412927943794,1615.63833996,1555.2852710414998,1527.8233778889999,0.21820909084237772
2022-06-15,1620.7033079,sh.600519,贵州茅台,0.0021913415285943483,0.0021889440415832646,1617.28056506,1559.9137528365002,1531.743109904,0.21803510309630844
2022-06-16,1622.345533,sh.600519,贵州茅台,0.0010132792917709743,0.001012766270835821,1621.4293442599999,1564.9268610365002,1534.6537378115,0.21662963922440343
2022-06-17,1686.305879,sh.600519,贵州茅台,0.039424613745338455,0.03866730403660253,1630.14178058,1573.3540687865,1537.979243639,0.25014298863514606
2022-06-20,1678.54420458,sh.600519,贵州茅台,-0.004602767811378805,-0.004613393163697815,1645.011696696,1579.491236851,1541.3534400001668,0.2412135827321282
2022-06-21,1681.75950846,sh.600519,贵州茅台,0.001915531250965552,0.0019136989604788374,1657.9316865879998,1586.610714824,1544.8314998961666,0.2352768011903799
2022-06-22,1673.340944,sh.600519,贵州茅台,-0.005005807559077757,-0.005018378583369848,1668.459213808,1594.216810024,1548.3032213795,0.23020963721362517
2022-06-23,1691.5782859,sh.600519,贵州茅台,0.010898760330578572,0.010839796874401187,1682.3057643880002,1602.9288141795,1551.2550489693335,0.22940371034156473
2022-06-24,1736.44560429,sh.600519,贵州茅台,0.026523938480404574,0.02617827769241906,1692.3337094460003,1614.433465334,1555.404980608,0.23566177734508525
2022-06-27,1737.77667095,sh.600519,贵州茅台,0.0007665467070845366,0.0007662530602105798,1704.18020272,1625.4705144995,1560.0226582905002,0.23678019301544098
2022-06-28,1759.773844,sh.600519,贵州茅台,0.012658227848101333,0.012578782206860185,1719.783069828,1636.602639855,1565.4275956371666,0.23658079846693308
2022-06-29,1754.58787,sh.600519,贵州茅台,-0.0029469548133594925,-0.0029513056345803093,1736.0324550280002,1646.3682610615,1570.6567860871667,0.2372873697271595
2022-06-30,1786.624475,sh.600519,贵州茅台,0.018258763523766985,0.01809407396529555,1755.0416928480001,1658.417668099,1575.5109339555,0.23433693015695498
2022-07-01,1772.68967775,sh.600519,贵州茅台,-0.007799511002445025,-0.007830086273589587,1762.2905075400001,1669.8675722864998,1580.292736068,0.23864338557429401
2022-07-04,1763.03579,sh.600519,贵州茅台,-0.005445898326803311,-0.005460781289758433,1767.34233135,1680.7483491865,1584.0347615131666,0.24192153104830869
2022-07-05,1776.14935155,sh.600519,贵州茅台,0.007438057482656024,0.007410531541848807,1770.6174328600002,1690.9926323089999,1588.2115726223333,0.23905694343669903
2022-07-06,1749.05731,sh.600519,贵州茅台,-0.015253245188169284,-0.015370772580237268,1769.51132086,1697.820888689,1591.9368497056666,0.23841988501128825
2022-07-07,1738.57345,sh.600519,贵州茅台,-0.005994005994005902,-0.0060120421566277225,1759.90111586,1704.6694793390002,1595.2136916056666,0.2379725779486256
2022-07-08,1746.436345,sh.600519,贵州茅台,0.004522613065326642,0.004512416781861993,1754.65044931,1709.8541117190002,1599.5435326890001,0.22410003785174354
2022-07-11,1715.508958,sh.600519,贵州茅台,-0.017708854427213705,-0.017867532316502736,1745.1450829100002,1715.4198284190002,1602.4647773556667,0.2158059360834775
2022-07-12,1702.23813855,sh.600519,贵州茅台,-0.007735791403544412,-0.007765867848338923,1730.36284031,1719.6737573965002,1605.3521129815,0.21858615398519052
2022-07-13,1711.39404295,sh.600519,贵州茅台,0.00537874472005373,0.005364330934951675,1722.8301869000002,1724.208294149,1607.8158276806666,0.21878901919699054
2022-07-14,1706.248215,sh.600519,贵州茅台,-0.0030068048741889175,-0.003011334393831167,1716.3651399000003,1728.403428249,1610.2371390854998,0.2196916695984015
2022-07-15,1703.1904225,sh.600519,贵州茅台,-0.0017921146953404632,-0.0017937224540268775,1707.7159554000002,1729.2476554239997,1612.8260184641665,0.17153369592796006
2022-07-18,1705.0775173,sh.600519,贵州茅台,0.0011079764042061235,0.0011073630513618311,1705.6296672600001,1730.5743210599999,1615.4538402741666,0.17045126775018243
2022-07-19,1697.5990305,sh.600519,贵州茅台,-0.00438600985827442,-0.004395656617032805,1704.7018456500002,1731.3662971620001,1617.8605038991666,0.17138852187133483
2022-07-20,1703.7146155,sh.600519,贵州茅台,0.00360249086511244,0.003596017437214037,1703.16596016,1732.884980737,1620.6142752671667,0.17042600882795708
2022-07-21,1694.017045,sh.600519,贵州茅台,-0.0056920157940618665,-0.005708277051543317,1700.7197261600002,1733.0069186919998,1623.3069707338334,0.16774016922325288
2022-07-22,1701.006285,sh.600519,贵州茅台,0.00412583806085598,0.00411735012954775,1700.2828986599998,1731.2349527275,1627.0525099505,0.13701500903753855
2022-07-25,1698.95319575,sh.600519,贵州茅台,-0.0012069851052901592,-0.0012077140984606595,1699.0580343499998,1729.2937789675002,1630.4111847810002,0.13685746064251064
2022-07-26,1703.81071755,sh.600519,贵州茅台,0.0028591263209316597,0.0028550467933453946,1700.30037176,1726.4956226450001,1632.9513399288332,0.12792667027705984
2022-07-27,1677.068138,sh.600519,贵州茅台,-0.015695745586372656,-0.015820228082993965,1694.97107626,1722.619636045,1634.4684136454998,0.13738320689560363
2022-07-28,1658.19719,sh.600519,贵州茅台,-0.01125234423838295,-0.011316130814217234,1687.80710526,1716.198271795,1635.7663358618333,0.11753907607959231
2022-07-29,1658.5815982,sh.600519,贵州茅台,0.00023182297154900056,0.00023179610475607796,1679.3221679000003,1710.4928678174997,1636.9464896151665,0.11727787079623067
2022-08-01,1651.4700465,sh.600519,贵州茅台,-0.004287730979119608,-0.0042969496585096596,1669.82553805,1704.9145806425,1638.6419587735,0.1170680363285637
2022-08-02,1642.4539269,sh.600519,贵州茅台,-0.005459450880812677,-0.005474408146584152,1657.55417992,1698.22980941,1640.7777840884999,0.11022073000596329
2022-08-03,1646.839675,sh.600519,贵州茅台,0.002670241172778365,0.0026666824125756118,1651.50848732,1693.1189276600003,1642.7822913966668,0.1038751396739679
2022-08-04,1673.93171655,sh.600519,贵州茅台,0.016450928381962937,0.01631707784175536,1654.6553926299998,1689.8868409875001,1645.2122588058332,0.12388167744490734
2022-08-05,1680.8772738,sh.600519,贵州茅台,0.004149247655283794,0.004140663264880031,1659.11452775,1686.6088874275,1647.8347667286664,0.12363323313378735
2022-08-08,1670.01774215,sh.600519,贵州茅台,-0.006460633277199146,-0.006481593494661667,1662.8240668799997,1684.3343266349998,1650.0519890818332,0.1102594698400525
2022-08-09,1668.68105,sh.600519,贵州茅台,-0.0008004059575315026,-0.0008007264534092136,1668.0694915,1682.6564722075,1652.5385002151666,0.10762380516151823
2022-08-10,1638.97678,sh.600519,贵州茅台,-0.017801047120418856,-0.01796139147450558,1666.4969125,1679.0356090599998,1654.3858853485,0.12019673364189822
2022-08-11,1665.9727195,sh.600519,贵州茅台,0.016471215351812507,0.016337036274411302,1664.90511309,1677.0218342849998,1656.7840411901668,0.13702448376326848
2022-08-12,1684.40684,sh.600519,贵州茅台,0.01106507944831936,0.01100430932990987,1665.6110263300002,1676.0826551599998,1659.5614597901667,0.14367467067730236
2022-08-15,1677.32149795,sh.600519,贵州茅台,-0.004206431535269672,-0.004215303456560542,1667.07177749,1674.6948541925,1661.5868040345001,0.14411599157551716
2022-08-16,1675.5305052,sh.600519,贵州茅台,-0.0010677695076279914,-0.00106833997961325,1668.4416685300002,1673.5914279274998,1663.8561466378333,0.1434951253339905
2022-08-17,1675.67029,sh.600519,贵州茅台,8.34271889207372e-05,8.342370906635322e-05,1675.78037053,1672.1892116525,1666.4303341378334,0.14266454426799124
2022-08-18,1656.0130525,sh.600519,贵州茅台,-0.011730969760166854,-0.011800320486994014,1673.7884371300001,1670.2890120275,1668.7415816330001,0.14696173532273862
2022-08-19,1655.58496155,sh.600519,贵州茅台,-0.0002585069902401038,-0.00025854040893153965,1668.0240614400002,1668.0179458549999,1671.2287879721666,0.14571542911850813
2022-08-22,1654.6850969,sh.600519,贵州茅台,-0.000543532751805964,-0.0005436805192788404,1663.4967812299997,1665.8045409125,1673.5229447931667,0.14574082017275328
2022-08-23,1633.74358655,sh.600519,贵州茅台,-0.01265588865774725,-0.01273665660026232,1655.1393974999999,1662.3011843625002,1675.1331489541667,0.1502340216266414
2022-08-24,1619.931101,sh.600519,贵州茅台,-0.008454500243314178,-0.008490442255034812,1643.9915597,1659.4443325125,1676.1440765396665,0.14356452489338248
2022-08-25,1646.839675,sh.600519,贵州茅台,0.016610937331463793,0.016474484709229197,1642.1568842000001,1658.8764567624999,1677.8307988855,0.15273319637962487
2022-08-26,1658.19719,sh.600519,贵州茅台,0.006896551724137945,0.0068728792877620504,1642.67932989,1658.8572363525,1679.7392254855,0.1548582312652325
2022-08-29,1641.4404871,sh.600519,贵州茅台,-0.010105374077976959,-0.010156779981079575,1640.03040793,1658.3557583825,1681.3395627371667,0.1583489166947664
2022-08-30,1633.73485,sh.600519,贵州茅台,-0.004694435869322167,-0.004705489340161366,1640.02866062,1657.9198045375,1682.3807487521665,0.15803856186228527
2022-08-31,1680.91222,sh.600519,贵州茅台,0.02887700534759352,0.02846792137701943,1652.2248844199999,1659.6234317875,1683.5210827121668,0.1887812838090374
2022-09-01,1643.24895295,sh.600519,贵州茅台,-0.022406444906444833,-0.022661283166779587,1651.5067400100002,1658.0892936075002,1684.2152046446668,0.19705626175420096
2022-09-02,1638.103125,sh.600519,贵州茅台,-0.0031314962597494,-0.0031364096543609727,1647.4879270099998,1655.9505861675,1684.1378617713335,0.19629890918356607
2022-09-05,1603.156925,sh.600519,贵州茅台,-0.021333333333333426,-0.02156417791584064,1639.83121459,1652.6075453099998,1684.120566788,0.2083016615234912
2022-09-06,1611.893475,sh.600519,贵州茅台,0.005449591280654031,0.005434795985956995,1635.46293959,1649.76816656,1684.0327987213334,0.20993785020466438
2022-09-07,1588.31352655,sh.600519,贵州茅台,-0.014628726287262972,-0.014736781202276483,1616.9432009,1647.2350038875,1683.4929690321667,0.2069814547037343
2022-09-08,1585.683825,sh.600519,贵州茅台,-0.0016556564595353596,-0.0016570285733999578,1605.43017531,1643.2205591625,1682.8819405655001,0.19582107761050432
2022-09-09,1611.71000745,sh.600519,贵州茅台,0.01641322314049587,0.016279982159347707,1600.1515518,1639.585717535,1681.6386760396667,0.20153350877006393
2022-09-13,1641.597745,sh.600519,贵州茅台,0.018544116132459543,0.018374270555166477,1607.8397158,1637.7995298875,1681.022901713333,0.2142020414126032
2022-09-14,1632.861195,sh.600519,贵州茅台,-0.0053219797764768595,-0.0053361919579024905,1612.0332598,1635.6660643774999,1680.2079298223332,0.21475422167386904
2022-09-15,1642.4714,sh.600519,贵州茅台,0.005885500267522659,0.0058682483684319746,1622.86483449,1634.0061198775,1679.6934374223333,0.21619765480934633
2022-09-16,1624.124645,sh.600519,贵州茅台,-0.01117021276595731,-0.011233068102550736,1630.55299849,1632.4116995025001,1678.569210074,0.21583433627220333
2022-09-19,1635.1676442,sh.600519,贵州茅台,0.006799354491662246,0.00677634313029045,1635.24452584,1631.390833635,1676.8812440725,0.21755285217313308
2022-09-20,1640.72409,sh.600519,贵州茅台,0.003398089376162039,0.0033923289164737693,1635.06979484,1630.6927832899999,1675.2637010566666,0.21799935612886273
2022-09-21,1614.51444,sh.600519,贵州茅台,-0.015974440894568676,-0.016103407566578735,1631.40044384,1629.7313259625,1672.8427109900001,0.22078756151208798
2022-09-22,1590.75976055,sh.600519,贵州茅台,-0.014713203463203373,-0.01482251619331067,1621.05811595,1628.27275894,1670.1122424991665,0.2248583928237712
2022-09-23,1602.65894165,sh.600519,贵州茅台,0.007480187389129034,0.0074523495228873676,1616.76497528,1626.0637222725,1667.0461502766666,0.21769608982509148
2022-09-26,1627.619265,sh.600519,贵州茅台,0.01557432008852877,0.015454285070382313,1615.25529944,1624.5348260225,1664.6283100641667,0.22409857248766663
2022-09-27,1649.46064,sh.600519,贵州茅台,0.013419216317767102,0.0133299761038576,1617.00260944,1624.9358336675,1662.7353908974999,0.22673468858147275
2022-09-28,1645.092365,sh.600519,贵州茅台,-0.0026483050847457834,-0.002651818048293607,1623.11819444,1625.5037094175,1660.5511077883334,0.22624785354932545
2022-09-29,1642.77717925,sh.600519,贵州茅台,-0.0014073287307487803,-0.0014083199479150543,1633.52167818,1623.59695738,1658.7797722758332,0.19975484261673757
2022-09-30,1635.9189875,sh.600519,贵州茅台,-0.0041747546999229,-0.004183493317862802,1640.17368735,1623.2304591074999,1657.0688645675,0.18377190084285416
2022-10-10,1560.34783,sh.600519,贵州茅台,-0.04619492656875834,-0.047295953954930185,1626.7194003500001,1619.3426943575,1653.9673893174997,0.24603437806191406
2022-10-11,1555.09716345,sh.600519,贵州茅台,-0.0033650615901456016,-0.003370736143622534,1607.84670504,1616.9397062799999,1651.2938594083332,0.2356591140847681
2022-10-12,1537.6328,sh.600519,贵州茅台,-0.011230400170787358,-0.011293937260624262,1586.3547920400001,1613.22667253,1648.5504370991666,0.23665104600804823
2022-10-13,1485.20476345,sh.600519,贵州茅台,-0.03409659090909101,-0.0346914403581324,1554.84030888,1608.071234375,1644.7806157741666,0.25917628238080426
2022-10-14,1518.07166455,sh.600519,贵州茅台,0.022129541938481934,0.021888237113447482,1531.2708442899998,1604.6906263525,1641.6443399333334,0.2743881146209015
2022-10-17,1501.3761175,sh.600519,贵州茅台,-0.010997864883374286,-0.011058788497624126,1519.47650179,1599.173931855,1638.2807681833333,0.26710255129241584
2022-10-18,1490.30690865,sh.600519,贵州茅台,-0.007372708757637514,-0.007400021503603131,1506.51845083,1591.6093900375,1634.7012580391668,0.25439859235040213
2022-10-19,1439.78344,sh.600519,贵州茅台,-0.033901385249409444,-0.03448936431686854,1486.9485788299999,1581.9555022875,1630.4043315308334,0.2747404733737441
2022-10-20,1435.8519925,sh.600519,贵州茅台,-0.0027305825242717185,-0.0027343173651427845,1477.07802464,1571.6245319124998,1625.9399544808332,0.2714258288744471
2022-10-21,1418.81572,sh.600519,贵州茅台,-0.01186492242166104,-0.011935872382650786,1457.22683573,1561.3590856625,1621.353265730833,0.2715935200928541
2022-10-24,1311.6007784,sh.600519,贵州茅台,-0.07556650246305419,-0.07857416417988372,1419.27176791,1545.1807423725,1614.8631739541665,0.3605293218047487
2022-10-25,1292.79098625,sh.600519,贵州茅台,-0.01434109559842267,-0.014444922970905104,1379.76858343,1527.7840871849999,1608.0938037958333,0.3568008169365841
2022-10-26,1279.1008124,sh.600519,贵州茅台,-0.010589626626119286,-0.010646095733807563,1347.63205791,1511.013405805,1601.0153053766667,0.35643676544268627
2022-10-27,1223.990655,sh.600519,贵州茅台,-0.04308507731817923,-0.04404079150001976,1305.25979041,1492.6749505275,1593.4640139933333,0.3738130668511038
2022-10-28,1188.1708,sh.600519,贵州茅台,-0.029264810849393252,-0.02970156760690927,1259.13080641,1471.950543445,1585.6302408266667,0.3701781614195737
2022-10-31,1179.43425,sh.600519,贵州茅台,-0.007352941176470673,-0.007380107297622646,1232.6975007300002,1449.5412926949998,1577.64445169,0.35399539698477234
2022-11-01,1277.29234655,sh.600519,贵州茅台,0.08297037037037036,0.07970760879913678,1229.5977727900001,1430.9328780225,1571.4081566908333,0.4899441629801812
2022-11-02,1285.9852138,sh.600519,贵州茅台,0.006805699003426868,0.006782644774948752,1230.9746530700002,1412.9775204625,1565.4670114725002,0.4935386769287166
2022-11-03,1257.6263725,sh.600519,贵州茅台,-0.022052229680154523,-0.022299014954330218,1237.7017965700002,1393.719980125,1558.9801230975,0.49322350841543305
2022-11-04,1324.95896335,sh.600519,贵州茅台,0.05353942341090656,0.05215537492967761,1265.05942924,1378.1719789175,1553.1639105441668,0.5463194947996599
2022-11-07,1316.69418705,sh.600519,贵州茅台,-0.00623776020889244,-0.00625729631852035,1292.51141665,1365.98929677,1547.094192431667,0.5292844378616306
2022-11-08,1297.2728364,sh.600519,贵州茅台,-0.014750084599000735,-0.014859948772544783,1296.5075146200002,1353.0980804175001,1540.8817773358335,0.5295248060891147
2022-11-09,1275.4489345,sh.600519,贵州茅台,-0.016822908248477986,-0.01696602068490881,1294.4002587599998,1339.9888871425,1534.3279087441667,0.5302789156394936
2022-11-10,1288.641125,sh.600519,贵州茅台,0.010343174190013071,0.010290049567986024,1300.6032092599999,1330.1607052200002,1528.4889811608332,0.5255801873058097
2022-11-11,1335.07588825,sh.600519,贵州茅台,0.03603389830508452,0.03539986367369484,1302.62659424,1321.010916405,1522.9740339733332,0.5378206426549228
2022-11-14,1339.313115,sh.600519,贵州茅台,0.003173772208225678,0.0031687464241989182,1307.15037983,1312.90776628,1517.22247189,0.5383779792124098
2022-11-15,1387.36414,sh.600519,贵州茅台,0.035877364644487875,0.03524876293526685,1325.16864055,1307.7606278475,1512.3898492575,0.5575605643229928
2022-11-16,1384.96158875,sh.600519,贵州茅台,-0.0017317380352644962,-0.0017332392269400418,1347.0711714000001,1305.019535285,1507.5470339833334,0.5454686527754261
2022-11-17,1369.017385,sh.600519,贵州茅台,-0.011512379750827861,-0.01157916022412009,1363.1464234,1301.67780491,1502.4361522333334,0.546645988421792
2022-11-18,1369.13096015,sh.600519,贵州茅台,8.296107211225312e-05,8.295763103282589e-05,1369.95743778,1299.1935669175,1497.6547840275,0.5453782080149939
2022-11-21,1327.9381269,sh.600519,贵州茅台,-0.03008684665598893,-0.030548744128034298,1367.68244016,1300.0104343425,1492.19400345,0.4835409803557842
2022-11-22,1345.38501725,sh.600519,贵州茅台,0.01313833076750992,0.013052771489106019,1359.2866156100001,1302.6401358925,1487.0390021224998,0.48177526743167987
2022-11-23,1353.291595,sh.600519,贵州茅台,0.0058768141822787,0.005859613068743117,1352.95261686,1306.3496750225,1482.364802263333,0.4794158687612972
2022-11-24,1327.94686345,sh.600519,贵州茅台,-0.018728211749515777,-0.01890580554555631,1344.73851255,1311.547485445,1477.4983983041668,0.455389274580058
2022-11-25,1329.71164655,sh.600519,贵州茅台,0.001328956111553481,0.0013280738309685406,1336.8546498299997,1318.6245277725,1472.2129311633335,0.4379492623223494
2022-11-28,1319.1142114,sh.600519,贵州茅台,-0.007969724246227106,-0.008001652249909817,1335.08986673,1325.6085258425,1466.5615481866666,0.4382039839647675
2022-11-29,1396.974345,sh.600519,贵州茅台,0.059024558243039316,0.05734825638158339,1345.40773228,1331.5926257649999,1462.487112485,0.3877287226315968
2022-11-30,1396.974345,sh.600519,贵州茅台,0.0,0.0,1354.14428228,1337.142082325,1458.5411040683334,0.38800651309393946
2022-12-01,1424.756574,sh.600519,贵州茅台,0.019887429643527188,0.01969225811114409,1373.50622439,1345.4985924,1454.2718433016666,0.37848919664929126
2022-12-02,1427.4474314,sh.600519,贵州茅台,0.0018886436104978976,0.001886862365559449,1393.05338136,1350.6230158025,1450.6751512758335,0.3353377999973133
2022-12-05,1454.5482095,sh.600519,贵州茅台,0.01898548240996889,0.018807507240148694,1420.14018098,1357.515716925,1447.6159026841667,0.3371311830133958
2022-12-06,1474.72964,sh.600519,贵州茅台,0.013874707189621027,0.013779334605095938,1435.69123998,1366.388557105,1445.4754479341666,0.32989665480706154
2022-12-07,1471.23502,sh.600519,贵州茅台,-0.0023696682464454666,-0.0023724803536303565,1450.54337498,1376.17786138,1443.1311403508334,0.320110954467226
2022-12-08,1473.8734581,sh.600519,贵州茅台,0.0017933491686461522,0.0017917430379745165,1460.3667518,1385.4394780349999,1441.2238058766668,0.3204911412968002
2022-12-09,1511.42315,sh.600519,贵州茅台,0.025476876385579272,0.025157749651578118,1477.16189552,1394.2568411225,1439.9861279600002,0.30978730566852763
2022-12-12,1519.3035181,sh.600519,贵州茅台,0.005213872832369848,0.005200327658888586,1490.11295724,1403.2563612775,1438.4460198041666,0.30959004427333997
2022-12-13,1528.89625,sh.600519,贵州茅台,0.0063139009327091156,0.006294051766846317,1500.94627924,1410.3329667775001,1436.5676615541668,0.2895208968321924
2022-12-14,1547.12942985,sh.600519,贵州茅台,0.011925714285714317,0.01185516331499199,1516.12516121,1418.4413588325,1435.1387988016666,0.28935266251167496
2022-12-15,1561.21274845,sh.600519,贵州茅台,0.009102870340567115,0.009061688940317938,1533.5930192800001,1428.051127005,1433.7844879425,0.2822469285667354
2022-12-16,1561.10790985,sh.600519,贵州茅台,-6.715202659224317e-05,-6.715428139052431e-05,1543.52997125,1437.64997449,1432.7342090233333,0.28229437229889737
2022-12-19,1548.990315,sh.600519,贵州茅台,-0.007762176319485947,-0.0077924588172711305,1549.4673306299999,1448.7025838949999,1431.2979202033334,0.2533119226932579
2022-12-20,1498.318325,sh.600519,贵州茅台,-0.03271291596164694,-0.03325994647416761,1543.35174563,1456.3492492825,1428.9244907866666,0.2902074872009185
2022-12-21,1519.286045,sh.600519,贵州茅台,0.013994169096209985,0.013897154754242812,1537.78306866,1464.6489717825002,1427.33735087,0.2917534774030066
2022-12-22,1544.62204,sh.600519,贵州茅台,0.016676250718803853,0.016538728843305657,1534.4649269699999,1475.48273061,1426.5683888608335,0.2787972808710615
2022-12-23,1547.243005,sh.600519,贵州茅台,0.0016968325791855143,0.0016953945852447895,1531.6919460000001,1486.3592985325,1425.6447899166667,0.2786882891590791
2022-12-26,1521.9594293,sh.600519,贵州茅台,-0.016341050254093714,-0.016476037794766207,1526.2857688600002,1496.5015594275,1423.883792655,0.2864272830069243
2022-12-27,1533.328939,sh.600519,贵州茅台,0.007470310627944343,0.00744254604513991,1533.28789166,1503.3192891275,1421.9482643049998,0.21174252748727754
2022-12-28,1533.328939,sh.600519,贵州茅台,0.0,0.0,1536.09647046,1510.1370188275,1420.0855405383334,0.21174252748727754
2022-12-29,1520.941977,sh.600519,贵州茅台,-0.008078476630121179,-0.008111284332756825,1531.36045786,1514.9462889775,1418.0549538341668,0.20847440912046986
2022-12-30,1528.020241,sh.600519,贵州茅台,0.0046538685282140335,0.004643072763829302,1527.51590506,1519.9749294575,1416.2566413925001,0.20844767550191787
2023-01-03,1530.68343783,sh.600519,贵州茅台,0.0017429067747538607,0.0017413896752606507,1529.2607067659999,1523.781690874,1415.7622348563334,0.20027533273019152
2023-01-04,1526.25952283,sh.600519,贵州茅台,-0.002890156704296598,-0.0028943412718331124,1527.846823532,1526.3581850155,1415.2816075126668,0.19659865675149285
2023-01-05,1593.494183,sh.600519,贵州茅台,0.044051918539602664,0.04310921862584979,1539.879872332,1532.4711431655,1416.2126305626666,0.24633100547371606
2023-01-06,1595.94503191,sh.600519,贵州茅台,0.0015380344253190792,0.0015368528617408321,1554.880483314,1538.574721856,1418.0583017036668,0.24636455889374648
2023-01-09,1629.0624596,sh.600519,贵州茅台,0.020750982664087037,0.02053861390538942,1575.0889270339999,1544.456687336,1419.9081482878332,0.24144797225089187
2023-01-10,1640.78583435,sh.600519,贵州茅台,0.007196393656311084,0.007170623177959351,1597.109406338,1550.5308031485,1422.2316435686666,0.24169740463402575
2023-01-11,1632.38039585,sh.600519,贵州茅台,-0.005122812693790557,-0.005135979284639812,1618.333580942,1555.705010441,1424.599535022,0.24362374125762837
2023-01-12,1622.692022,sh.600519,贵州茅台,-0.005935120192959165,-0.00595280301999572,1624.1731487419997,1559.4831400485,1427.6480113886669,0.24357459073804544
2023-01-13,1669.585521,sh.600519,贵州茅台,0.02889858233369691,0.028488892552140127,1638.9012465600001,1564.901778676,1431.5435701970002,0.2602581196079184
2023-01-16,1692.5014007,sh.600519,贵州茅台,0.013725490196078383,0.013632148790057627,1651.58903478,1571.4714532184998,1436.1049982086668,0.26235577245873376
2023-01-17,1688.165964,sh.600519,贵州茅台,-0.002561555753045064,-0.0025648421503760045,1661.0650607100001,1578.4302356684998,1442.3810846353335,0.25985418597065224
2023-01-18,1674.894219,sh.600519,贵州茅台,-0.00786163522012584,-0.007892700798909042,1669.5678253400001,1587.2590303685,1448.7494718478333,0.2254232218080524
2023-01-19,1663.57784443,sh.600519,贵州茅台,-0.006756471209720116,-0.0067793994958865985,1677.7449898260002,1594.47362034,1455.1574223816667,0.22729881673035215
2023-01-20,1645.70522783,sh.600519,贵州茅台,-0.01074348078140197,-0.010801608676555772,1672.968931192,1599.5277797315,1462.1859985955002,0.22887863907132822
2023-01-30,1670.470304,sh.600519,贵州茅台,0.015048306191902228,0.014936203668565564,1668.5627118520001,1605.6891446815,1470.2243236621666,0.23253764687160822
2023-01-31,1633.09707008,sh.600519,贵州茅台,-0.022372881355932073,-0.02262695092902568,1657.548933068,1611.2460267205,1477.7853706635,0.24036864380145007
2023-02-01,1632.39809151,sh.600519,贵州茅台,-0.00042800797503472765,-0.0004280995965921785,1649.04970757,1616.199484346,1483.7037997461666,0.24033338403459803
2023-02-02,1624.55891413,sh.600519,贵州茅台,-0.004802246106982877,-0.004813813940065248,1641.24592151,1620.7609831025,1489.3466947516667,0.24179288138059343
2023-02-03,1608.535494,sh.600519,贵州茅台,-0.0098632434875906,-0.009912207502338764,1633.811974744,1625.1406589525,1495.19518011,0.24295792213916573
2023-02-06,1588.185485,sh.600519,贵州茅台,-0.0126512651265126,-0.012731973815044845,1617.355010944,1628.1489211525,1499.5822888041666,0.2490038496911191
2023-02-07,1589.955051,sh.600519,贵州茅台,0.0011142061281337323,0.0011135858611798202,1608.726607128,1631.112501811,1504.1366365366666,0.24902407250040645
2023-02-08,1578.452872,sh.600519,贵州茅台,-0.0072342793544796224,-0.007260573643604287,1597.937563226,1633.7221692695,1508.8229704633334,0.25063161998153044
2023-02-09,1608.535494,sh.600519,贵州茅台,0.01905829596412545,0.018878961597469348,1594.7328792,1634.4742348195,1514.3744131216667,0.20657769699257117
2023-02-10,1601.45723,sh.600519,贵州茅台,-0.004400440044004417,-0.004410150477552729,1593.3172264,1634.749844724,1519.588014871667,0.20727524609092027
2023-02-13,1642.46692205,sh.600519,贵州茅台,0.025607734806629923,0.02528534889396348,1604.1735138099998,1635.4200678465,1524.7111987683334,0.214245269196098
2023-02-14,1631.35404757,sh.600519,贵州茅台,-0.006765965469873736,-0.006788958385781959,1612.453313124,1634.9484785074999,1529.5785476445,0.21418605706641586
2023-02-15,1628.885503,sh.600519,贵州茅台,-0.0015131875105082182,-0.0015143335349750379,1622.539839324,1634.773733865,1533.6039036944999,0.21346826886058834
2023-02-16,1647.30668506,sh.600519,贵州茅台,0.011309071156979877,0.011245601684018825,1630.294077536,1636.004467018,1537.9763219663332,0.2158948624771632
2023-02-17,1610.99519074,sh.600519,贵州茅台,-0.022042947223684384,-0.022289523228188335,1632.201669684,1633.074950505,1542.009285395333,0.2034533133874543
2023-02-20,1658.968125,sh.600519,贵州茅台,0.029778446599808994,0.0293436787156029,1635.501910274,1631.39828672,1546.8399048095002,0.22629996326412005
2023-02-21,1651.889861,sh.600519,贵州茅台,-0.004266666666666641,-0.00427579486278855,1639.60907296,1629.58448157,1552.2391003778332,0.22654640787196653
2023-02-22,1624.461588,sh.600519,贵州茅台,-0.016604177825388478,-0.016743572361287,1638.72428996,1627.06285002,1556.890376557,0.2321207807564382
2023-02-23,1608.535494,sh.600519,贵州茅台,-0.009803921568627416,-0.009852296443011594,1630.970051748,1624.3107324984999,1561.1444415403334,0.23329795960415806
2023-02-24,1581.992004,sh.600519,贵州茅台,-0.01650165016501648,-0.01663931900396467,1625.1694143999998,1621.1250713069999,1565.3785272161665,0.23716143466705605
2023-02-27,1601.81999103,sh.600519,贵州茅台,0.012533557046979782,0.012455662211797103,1613.739787606,1617.6925556585,1569.9136662908334,0.23494015296248213
2023-02-28,1604.76631842,sh.600519,贵州茅台,0.0018393623543837556,0.0018376727989342645,1604.31507909,1616.2760180755,1574.6745347411668,0.2224721497188426
2023-03-01,1626.70008899,sh.600519,贵州茅台,0.013667890656874793,0.01357532751426274,1604.7627792879998,1615.9911179495,1578.503297141,0.22831933394078607
2023-03-02,1617.383324,sh.600519,贵州茅台,-0.005727401782946284,-0.0057438662443584625,1606.532345288,1615.632338443,1582.1767801243332,0.2285967259964421
2023-03-03,1608.57088532,sh.600519,贵州茅台,-0.005448577680525202,-0.005463475318496048,1611.848121552,1615.634108009,1585.2403519796667,0.22663061812962004
2023-03-06,1598.92675062,sh.600519,贵州茅台,-0.0059954676464764045,-0.006013512624164109,1611.26947347,1616.17117129,1588.0983406333332,0.22286495171531837
2023-03-07,1582.2574389,sh.600519,贵州茅台,-0.010425312925395946,-0.010480037177444649,1606.7676975660002,1615.786290685,1590.22682779,0.22613542907722753
2023-03-08,1566.43751886,sh.600519,贵州茅台,-0.009998322429122575,-0.01004864133889933,1594.71518354,1615.185523028,1591.7552924376666,0.22749318652538358
2023-03-09,1566.08360566,sh.600519,贵州茅台,-0.00022593508884882763,-0.00022596061602607662,1584.455239872,1613.062928611,1593.3361021986666,0.21574059401824022
2023-03-10,1548.37025,sh.600519,贵州茅台,-0.011310606659811873,-0.011375058021505322,1572.415112808,1610.4085796109998,1594.577715397,0.21845659996699565
2023-03-13,1558.987646,sh.600519,贵州茅台,0.006857142857142895,0.006833739578565117,1564.427291884,1606.2346158085,1595.3704569969998,0.19652784062739667
2023-03-14,1562.526778,sh.600519,贵州茅台,0.002270147559591207,0.002267574667780339,1560.4811597040002,1602.79325233,1596.090844662,0.19656346436426145
2023-03-15,1549.18425036,sh.600519,贵州茅台,-0.008539071347678284,-0.008575738099973884,1557.030506004,1598.808189698,1596.4289780013335,0.197872314461928
2023-03-16,1550.13096817,sh.600519,贵州茅台,0.0006111073035888204,0.0006109206535588304,1553.8399785059999,1593.9494038535,1596.47900364,0.19156238928301147
2023-03-17,1541.291986,sh.600519,贵州茅台,-0.005702087340681228,-0.005718406305042287,1552.424325706,1590.4642436165,1596.1469909325,0.17830246587180912
2023-03-20,1530.3206768,sh.600519,贵州茅台,-0.007118254879448838,-0.007143710527504202,1546.690931866,1584.0318712065,1595.6338703816666,0.13302616272492157
2023-03-21,1570.489825,sh.600519,贵州茅台,0.026248843663274846,0.025910255024572438,1548.283541266,1579.9618694065,1595.9921955483333,0.17090539524363418
2023-03-22,1569.02993305,sh.600519,贵州茅台,-0.0009295774647888333,-0.0009300097898608825,1552.2526778039999,1577.1902866589999,1597.1707223491665,0.16256376911439874
2023-03-23,1570.36595538,sh.600519,贵州茅台,0.0008514957566188031,0.0008511334397666204,1556.2996752459999,1575.281809728,1598.0220541888334,0.15988347529939687
2023-03-24,1573.69273946,sh.600519,贵州茅台,0.0021184769502946565,0.0021162361421756875,1562.7798259380002,1574.866846501,1598.5065658464998,0.1494984177909458
2023-03-27,1564.11053957,sh.600519,贵州茅台,-0.006088990340826106,-0.006107603839250651,1569.537798492,1572.981373928,1598.7876914226665,0.14289433530697837
2023-03-28,1576.5063494,sh.600519,贵州茅台,0.007925149480424887,0.007893910424196422,1570.741103372,1571.568375477,1599.6968067576668,0.146179350146428
2023-03-29,1583.76157,sh.600519,贵州茅台,0.0046020877764056944,0.004591530548257089,1573.687430762,1569.4214495275,1600.537350607667,0.13752517355470348
2023-03-30,1592.6094,sh.600519,贵州茅台,0.005586592178770999,0.0055710450494554295,1578.1361196859998,1568.1827533275,1601.5253582910002,0.13855571691758212
2023-03-31,1610.30506,sh.600519,贵州茅台,0.011111111111111072,0.011049836186584935,1585.4585837939999,1568.2694620615,1603.0147430076665,0.1434664548000026
2023-04-03,1594.44090081,sh.600519,贵州茅台,-0.009851648351648312,-0.009900496930063452,1591.524656042,1568.0451695709999,1604.1217540045,0.14626250236172478
2023-04-04,1605.51838397,sh.600519,贵州茅台,0.0069475658548225905,0.006923542723179173,1597.3270629559997,1569.2082168245,1605.3690031068334,0.14295974145393794
2023-04-06,1589.91965968,sh.600519,贵州茅台,-0.009715693352217336,-0.0097631986492307,1598.558680892,1570.3823238655,1606.4300053876666,0.1426806781300185
2023-04-07,1584.63750517,sh.600519,贵州茅台,-0.0033222776244323793,-0.003327808642521995,1596.9643019259997,1571.310018841,1606.2823940905,0.14339245072554532
2023-04-10,1567.5700411,sh.600519,贵州茅台,-0.01077057940021997,-0.010829001965812286,1588.4172981460001,1572.270008396,1605.809477577,0.1428077581463161
2023-04-11,1544.3887265,sh.600519,贵州茅台,-0.014788056668736171,-0.014898490061300878,1578.406863284,1571.5400624210001,1604.398248692,0.15078471224517248
2023-04-12,1498.9108803,sh.600519,贵州茅台,-0.029447149813807028,-0.02988942119819012,1557.08536255,1568.359267536,1602.0336661244999,0.18204852129577911
2023-04-13,1524.481109,sh.600519,贵州茅台,0.017059205477834904,0.016915331181028986,1543.997652414,1567.1241104679998,1600.2353446769998,0.19226823832255233
2023-04-14,1516.00488786,sh.600519,贵州茅台,-0.005560069645966337,-0.0055755843685510375,1530.271128952,1565.4178064525,1598.4572257746665,0.19294246388795291
2023-04-17,1551.024599,sh.600519,贵州茅台,0.02309999883274383,0.022837232761855876,1526.9620405320002,1565.9044371025,1596.481210408,0.21004530800962753
2023-04-18,1555.448514,sh.600519,贵州茅台,0.0028522532800911993,0.0028481933238877354,1529.173998032,1567.1608289625,1594.1969956296666,0.20828760976189034
2023-04-19,1556.333297,sh.600519,贵州茅台,0.0005688282138793799,0.0005686664924358343,1540.658481372,1566.4530025625,1591.999784513,0.18553436737699233
2023-04-20,1541.18581204,sh.600519,贵州茅台,-0.009732802728823153,-0.009780476035425794,1543.9994219799999,1565.060796512,1589.7713110636666,0.18848350140103856
2023-04-21,1526.66652301,sh.600519,贵州茅台,-0.009420855627253255,-0.009465512580067795,1546.13174901,1562.8758248934998,1587.4894557066666,0.19078267877632157
2023-04-24,1508.555015,sh.600519,贵州茅台,-0.011863434310651622,-0.011934366404447347,1537.63783221,1559.6189386705,1585.2036188261666,0.19385057463321437
2023-04-25,1531.01080754,sh.600519,贵州茅台,0.014885630498533864,0.014775926833170782,1532.7502909179998,1557.963952069,1582.8792938851668,0.20216006460249197
2023-04-26,1542.98192153,sh.600519,贵州茅台,0.007819091760191244,0.007788681081939949,1530.080015824,1556.2877306755001,1581.3773747426667,0.2020983608825051
2023-04-27,1555.37773136,sh.600519,贵州茅台,0.008033671462403635,0.00800157331984309,1532.9183996880001,1554.8685387435,1580.0937020735,0.20371988793722615
2023-04-28,1557.67816716,sh.600519,贵州茅台,0.001479020660780872,0.001477927986982094,1539.120728518,1553.1219771015,1578.9790229573334,0.202523420368121
2023-05-04,1548.2817717,sh.600519,贵州茅台,-0.006032308636084727,-0.00605057651185128,1547.066079858,1550.0208126865,1577.9747942523334,0.1979830198311133
2023-05-05,1548.37025,sh.600519,贵州茅台,5.714612263552077e-05,5.7144489858058936e-05,1550.53796835,1547.7172801460001,1577.3112070023333,0.19580908138483216
2023-05-08,1522.28684716,sh.600519,贵州茅台,-0.01684571428571424,-0.01698921721983536,1546.3989534759999,1543.5557033055,1576.183403605,0.20052548085557953
2023-05-09,1523.596326,sh.600519,贵州茅台,0.0008602050542860784,0.0008598352899519413,1540.042672404,1540.2395366215,1575.2691278383334,0.19904408455619035
2023-05-10,1526.250675,sh.600519,贵州茅台,0.0017421602787455193,0.0017406444777838966,1533.757173972,1537.320195113,1573.897714188333,0.19942732581349212
2023-05-11,1519.23434581,sh.600519,贵州茅台,-0.004597101449275387,-0.004607700616248233,1527.947688794,1534.9034103485,1572.5273327851667,0.1969326773223786
2023-05-12,1509.7937112,sh.600519,贵州茅台,-0.006214073974852519,-0.006233461692071118,1520.232381034,1533.1736595835,1570.3161126043333,0.19153232286181265
2023-05-15,1518.5530629,sh.600519,贵州茅台,0.005801687763713037,0.00578492278545191,1519.485624182,1534.1557687135,1568.4360961931668,0.16062351585278206
2023-05-16,1507.04203607,sh.600519,贵州茅台,-0.007580259861329597,-0.007609136049674131,1516.174766196,1533.283815067,1566.4053717443335,0.15085386486520183
2023-05-17,1505.015883,sh.600519,贵州茅台,-0.0013444569039916532,-0.001345361497056831,1511.927807796,1532.7343648239998,1564.0338583766668,0.14972836920132793
2023-05-18,1496.168053,sh.600519,贵州茅台,-0.005878894767783582,-0.005896243497281389,1507.314549234,1529.9915375240003,1562.1200727476669,0.12245624548928088
2023-05-19,1503.6887085,sh.600519,贵州茅台,0.0050266114725014965,0.005014020237590416,1506.093548694,1527.403547249,1559.5320824726666,0.12378098881849355
2023-05-22,1544.831118,sh.600519,贵州茅台,0.027360988526037078,0.026993367263376825,1511.349159714,1526.828438299,1557.7477700893332,0.1610948771980305
2023-05-23,1525.85252265,sh.600519,贵州茅台,-0.01228522336769755,-0.012361310531688563,1515.1112570300002,1526.0617738295,1556.1042856668332,0.16331198632575142
2023-05-24,1513.7752347,sh.600519,贵州茅台,-0.0079151082891189,-0.007946599037256046,1516.86312737,1525.417209414,1554.5249480118334,0.16229926522222798
2023-05-25,1505.015883,sh.600519,贵州茅台,-0.005786428195686533,-0.00580323443474115,1518.63269337,1525.2402528139999,1553.2420126618335,0.157969457621808
2023-05-26,1495.77874848,sh.600519,贵州茅台,-0.006137566137566108,-0.0061564784199107225,1517.050701366,1523.4786498610001,1551.4746586193332,0.1489381875901215
2023-05-29,1494.398487,sh.600519,贵州茅台,-0.0009227711527541871,-0.000923197168151007,1506.9641751660001,1521.0494781345,1549.6351947623332,0.14516257523696385
2023-05-30,1476.07463107,sh.600519,贵州茅台,-0.012261693309650656,-0.01233748808989366,1497.00859685,1517.0843231200001,1547.1247704636667,0.14525101143323904
2023-05-31,1441.2230287,sh.600519,贵州茅台,-0.023611002883191734,-0.023894209354346996,1482.4981556500002,1511.2615661969999,1544.188765542,0.16227263788042906
2023-06-01,1447.43420536,sh.600519,贵州茅台,0.004309656823623387,0.00430039684799985,1470.981820122,1506.21918788,1541.5031542093334,0.16454601967078458
2023-06-02,1478.1184798,sh.600519,贵州茅台,0.021199080639640044,0.02097750611024675,1467.449766386,1502.70659937,1539.4896830290002,0.1860008748714028
2023-06-05,1473.163695,sh.600519,贵州茅台,-0.0033520890697952277,-0.0033577199072616463,1463.202807986,1500.250441762,1537.671453964,0.17795393593170322
2023-06-06,1474.92441317,sh.600519,贵州茅台,0.0011951951951951756,0.0011944815180169545,1462.972764406,1497.8168461205,1536.1462355358333,0.17801880508395435
2023-06-07,1460.6882547,sh.600519,贵州茅台,-0.009652127487267403,-0.009699011198738302,1466.865809606,1494.5387251055,1534.3896463531669,0.17979906105991159
2023-06-08,1475.818044,sh.600519,贵州茅台,0.010357986552789411,0.010304710184869285,1472.542577334,1492.3679100149998,1533.1804429198335,0.18484573988409003
2023-06-09,1474.048478,sh.600519,贵州茅台,-0.0011990407673861947,-0.0011997601919041712,1471.728576974,1490.580648355,1531.7647901198334,0.18396295250826192
2023-06-12,1500.591968,sh.600519,贵州茅台,0.01800720288115243,0.01784699362506035,1477.2142315739998,1489.68259361,1530.7325432865,0.19484589682714787
2023-06-13,1503.246317,sh.600519,贵州茅台,0.001768867924528461,0.0017673053200838013,1482.87861234,1489.4928076565,1529.966911063833,0.1931739605298561
2023-06-14,1527.91406704,sh.600519,贵州茅台,0.01640965273690398,0.016276469405104074,1496.3237748079998,1490.6377168585,1529.5966293783335,0.20169537399119838
2023-06-15,1552.794165,sh.600519,贵州茅台,0.01628370239970356,0.016152544822930052,1511.718999008,1493.4690224585,1529.7883323616666,0.20718305000186224
2023-06-16,1590.56555127,sh.600519,贵州茅台,0.024324786324786407,0.02403365047352936,1535.022413662,1497.812864597,1530.7924136028334,0.22180503449737252
2023-06-19,1543.061552,sh.600519,贵州茅台,-0.029866105947076615,-0.030321181904570622,1543.5163304619998,1497.724386297,1530.3352757195,0.23094695161796466
2023-06-20,1542.58376918,sh.600519,贵州茅台,-0.0003096330275228487,-0.0003096809737261227,1551.383820898,1498.5609486235,1529.8945063216668,0.2263340983001353
2023-06-21,1535.83287489,sh.600519,贵州茅台,-0.004376355064067972,-0.0043859593372742815,1552.967582468,1499.663830633,1529.3189549801666,0.22490362932518945
2023-06-26,1512.094147,sh.600519,贵州茅台,-0.015456582729875712,-0.015577281042333618,1544.8275788679998,1500.017743833,1528.2923117725002,0.23120184077629902
2023-06-27,1513.90795215,sh.600519,贵州茅台,0.0011995318899942209,0.0011988130264257535,1529.496059044,1500.9242040165,1527.4556019821669,0.22994074805413373
2023-06-28,1529.24124154,sh.600519,贵州茅台,0.01012828380234354,0.01007733645330207,1526.731996952,1502.6663417435,1526.6678501845001,0.23223935981866756
2023-06-29,1516.26147493,sh.600519,贵州茅台,-0.008487716821532154,-0.008523942618470432,1521.4675381020002,1504.6756839365003,1525.5428485999998,0.22969856809371375
2023-06-30,1519.136906,sh.600519,贵州茅台,0.0018963952573765042,0.0018945993700068171,1518.1283443240002,1508.5713778015001,1524.3183070333332,0.2097782530595849
2023-07-03,1548.8728206,sh.600519,贵州茅台,0.019574216439976366,0.019385105283225255,1525.484079044,1513.6433085634999,1523.2944363766665,0.21814413529822346
2023-07-04,1554.7121996,sh.600519,贵州茅台,0.0037700829418247928,0.003762993990832987,1533.644928534,1517.4729945535,1522.6322913565002,0.20790238142235196
2023-07-05,1541.03906908,sh.600519,贵州茅台,-0.008794637697908336,-0.008833538772544421,1536.004494042,1520.8667632575,1521.5576361083333,0.2108494669355122
2023-07-06,1529.89933068,sh.600519,贵州茅台,-0.007228719001037609,-0.007254972787576499,1538.7320651920002,1523.615509133,1520.5572972916666,0.21355828737038338
2023-07-07,1518.26549098,sh.600519,贵州茅台,-0.007604317138192984,-0.0076333773736640435,1538.5577821880001,1526.494370947,1519.4510970551667,0.21220628867945582
2023-07-10,1528.0307294,sh.600519,贵州茅台,0.00643183848807416,0.006411242481192541,1534.389363948,1529.105005217,1518.792108526833,0.21061184898345592
2023-07-11,1536.20586,sh.600519,贵州茅台,0.005350108765947548,0.005335847776659624,1530.688096028,1532.2128743170001,1518.6557274185,0.2106482355174693
2023-07-12,1539.6196508,sh.600519,贵州茅台,0.0022222222222221255,0.00221975673831281,1530.404212372,1534.164258457,1519.3342069268333,0.2021704991497618
2023-07-13,1561.7194544,sh.600519,贵州茅台,0.014354066985645897,0.014252022707201413,1536.768237116,1537.087915327,1519.9548460168335,0.20737524283407657
2023-07-14,1574.835598,sh.600519,贵州茅台,0.008398527381500154,0.00836345597901454,1548.0822585199999,1539.433991875,1520.9353578525,0.20186406181117736
2023-07-17,1554.14622902,sh.600519,贵州茅台,-0.013137478608100328,-0.013224538620229804,1553.305358444,1539.501595076,1520.9873850195,0.2004710065850179
2023-07-18,1547.7049448,sh.600519,贵州茅台,-0.0041445805418590664,-0.004153193121049067,1555.605175404,1537.3585647525001,1520.8583255328333,0.17922444550501196
2023-07-19,1547.884618,sh.600519,贵州茅台,0.0001160900859067393,0.00011608334797418279,1557.258168844,1537.5997180525,1520.7175142161664,0.14398626958539326
2023-07-20,1548.782984,sh.600519,贵州茅台,0.0005803830528148257,0.0005802146957087529,1554.670874764,1537.9096787935,1520.8441337488332,0.14397955153232306
2023-07-21,1591.2756958,sh.600519,贵州茅台,0.02743619489559168,0.02706656803491278,1557.958894324,1540.6818198390001,1521.9209532953332,0.17200743142906494
2023-07-24,1591.1409409,sh.600519,贵州茅台,-8.468356574264924e-05,-8.468715159824613e-05,1565.3578367,1544.634159534,1523.2973853936667,0.15973422590885822
2023-07-25,1642.7071493,sh.600519,贵州茅台,0.032408322276487045,0.03189424992677727,1584.3582775999998,1551.0741193914998,1525.1589910896664,0.1913867736913479
2023-07-26,1642.7071493,sh.600519,贵州茅台,0.0,0.0,1603.32278386,1556.7474147794999,1526.8210782191668,0.19057216447348965
2023-07-27,1651.22365898,sh.600519,贵州茅台,0.00518443575510652,0.005171042837925804,1623.8109188560002,1563.495523982,1528.4185103461666,0.18512160960845694
2023-07-28,1704.200302,sh.600519,贵州茅台,0.03208326305881837,0.03157934506335824,1646.395840096,1572.748693782,1530.8605459268333,0.20927942724244022
2023-07-31,1689.44913228,sh.600519,贵州茅台,-0.008655772272008422,-0.008693451052342774,1666.0574783719999,1579.777509366,1533.2133352698331,0.2087075608438282
2023-08-01,1697.013374,sh.600519,贵州茅台,0.0044773420965873445,0.004467348618838254,1676.9187233119999,1586.892568086,1535.6907206698334,0.20869280753912725
2023-08-02,1688.92808,sh.600519,贵州茅台,-0.004764425622022395,-0.004775811677514824,1686.1629094520001,1594.2870186320001,1538.4680745505,0.20576517189433158
2023-08-03,1687.55358002,sh.600519,贵州茅台,-0.0008138297872339884,-0.0008141611264766437,1693.4288936599999,1602.169731099,1541.200695450833,0.20207148670862893
2023-08-04,1701.02907002,sh.600519,贵州茅台,0.00798522201578944,0.007953508843086193,1692.794647264,1611.307910051,1544.113668701167,0.1966879885778705
2023-08-07,1696.05212238,sh.600519,贵州茅台,-0.002925845141459993,-0.0029301337936869,1694.1152452840001,1619.7089796999999,1547.0606316439998,0.1990616811527784
2023-08-08,1697.91174,sh.600519,贵州茅台,0.0010964389569529942,0.0010958383067705792,1694.294918484,1627.7942737,1550.1959321240001,0.19962031981287284
2023-08-09,1698.16328248,sh.600519,贵州茅台,0.00014814814814800847,0.00014813717529483383,1696.14195898,1635.721455284,1553.1894357836666,0.20015068413913364
2023-08-10,1684.43625,sh.600519,贵州茅台,-0.008083458535243393,-0.008116306824471783,1695.5184929759998,1641.8572950639998,1556.146006015833,0.20206085701429605
2023-08-11,1647.603244,sh.600519,贵州茅台,-0.0218666666666667,-0.022109285588101067,1684.8333277719998,1645.495677364,1558.5224620325,0.2207498813256661
2023-08-14,1619.753898,sh.600519,贵州茅台,-0.01690294438386042,-0.017047429613092892,1669.5736828959998,1648.776060813,1560.5822261158332,0.22462481541714097
2023-08-15,1628.71959068,sh.600519,贵州茅台,0.005535219079312315,0.005519956051084195,1655.735253032,1652.826793107,1562.6660741521666,0.22364512115763074
2023-08-16,1635.02612,sh.600519,贵州茅台,0.0038720780152015077,0.0038646008164396417,1643.1078205360002,1657.183868207,1564.1693241855,0.2234785586377737
2023-08-17,1642.2579663,sh.600519,贵州茅台,0.004423076923076863,0.004413323866779951,1634.672163796,1661.8576173220001,1566.109414913,0.22338051553011995
2023-08-18,1619.38556794,sh.600519,贵州茅台,-0.013927408987719048,-0.014025305373137903,1629.0286285839998,1663.263110929,1567.8695871336665,0.2113648641728534
2023-08-21,1608.973506,sh.600519,贵州茅台,-0.006429637355139017,-0.006450396503771279,1626.872550184,1664.1547391840002,1569.6022141836665,0.2129743982547439
2023-08-22,1606.278408,sh.600519,贵州茅台,-0.0016750418760469454,-0.0016764463272523713,1622.384313648,1662.3333021189999,1571.4438751756668,0.17684808162056181
2023-08-23,1593.701284,sh.600519,贵州茅台,-0.007829977628635243,-0.007860792863934547,1614.119346448,1659.8830088540003,1573.0989217923334,0.178401669890353
2023-08-24,1631.7021658,sh.600519,贵州茅台,0.023844419391206406,0.02356458088587305,1612.008186348,1658.9069341949998,1575.6927140378332,0.19874621226625178
2023-08-25,1639.49998268,sh.600519,贵州茅台,0.004778946209326618,0.004767563297035268,1616.031069296,1655.6719182289999,1578.9973299375001,0.15899477693197842
2023-08-28,1648.47465902,sh.600519,贵州茅台,0.005474032592138078,0.005459104528753046,1623.9312998999999,1653.6231945660002,1582.3480041651667,0.15892591570644135
2023-08-29,1663.17192678,sh.600519,贵州茅台,0.00891567709553831,0.008876167111687037,1635.310003656,1651.9311222049996,1585.4322282815,0.16177643048638957
2023-08-30,1667.367296,sh.600519,贵州茅台,0.002522510843555592,0.002519334653272665,1650.0432060560001,1650.853083005,1588.6689549648333,0.16156969294867862
2023-08-31,1659.282002,sh.600519,贵州茅台,-0.004849137931034475,-0.004860933146905915,1655.5591732959997,1649.439504104,1591.7415814453334,0.16227625707825113
2023-09-01,1662.9203843,sh.600519,贵州茅台,0.0021927449918788255,0.0021903444351444746,1660.2432536200001,1647.534069818,1595.1121169386665,0.15939662502539192
2023-09-04,1676.350956,sh.600519,贵州茅台,0.008076497123254311,0.008044056772904744,1665.818513016,1646.549011499,1598.4543321386666,0.16246565041820715
2023-09-05,1669.7928842,sh.600519,贵州茅台,-0.003912111468381663,-0.003919783792981978,1667.1427045,1645.143068709,1601.7167389086667,0.16277136897679892
2023-09-06,1671.859126,sh.600519,贵州茅台,0.001237424006025778,0.0012366590279435635,1668.0410705,1643.827860885,1604.571191542,0.16290003528947958
2023-09-07,1651.196708,sh.600519,贵州茅台,-0.012358946802794257,-0.01243595372661846,1666.4240116999997,1642.1658837849998,1607.037031392,0.16613459333427177
2023-09-08,1633.678571,sh.600519,贵州茅台,-0.010609357997823698,-0.01066603848858861,1660.57564904,1641.4696501350002,1608.7997731246664,0.15149135786126758
2023-09-11,1636.97557422,sh.600519,贵州茅台,0.0020181468243058998,0.002016113101777764,1652.7005726839998,1642.330733946,1610.2027966116666,0.13844890814646155
2023-09-12,1634.99018536,sh.600519,贵州茅台,-0.0012128396362579563,-0.0012135757214786758,1645.7400329159998,1642.6442636800002,1610.9432071798333,0.13730322304318604
2023-09-13,1634.94526706,sh.600519,贵州茅台,-2.747313127748896e-05,-2.747350867087219e-05,1638.3572611280001,1642.6402210330002,1612.4746024308333,0.13662644258865483
2023-09-14,1633.84926054,sh.600519,贵州茅台,-0.0006703628201395473,-0.0006705876137626656,1634.8877716359998,1642.2197857449999,1613.9956939535,0.13564832092751775
2023-09-15,1600.87922834,sh.600519,贵州茅台,-0.020179359868916613,-0.020385744342178366,1628.3279031040001,1641.2944687650001,1615.0797998443334,0.1454849402831791
2023-09-18,1643.2910872,sh.600519,贵州茅台,0.026492853495249546,0.02614799544116919,1629.5910056999999,1643.0103478249998,1617.2664155143332,0.1722636306695833
2023-09-19,1641.26078004,sh.600519,贵州茅台,-0.0012355127924774667,-0.0012362766676575156,1630.845124636,1644.759466427,1619.3889626458333,0.172176377150456
2023-09-20,1638.619584,sh.600519,贵州茅台,-0.0016092482511741446,-0.0016105444819658383,1631.579988024,1647.005381427,1621.2119350201667,0.1692726129031922
2023-09-21,1615.61243074,sh.600519,贵州茅台,-0.014040570175438583,-0.014140071448585015,1627.932622064,1646.200894674,1622.8677842836667,0.15564965137064643
2023-09-22,1661.078734,sh.600519,贵州茅台,0.028141837977301964,0.02775313220143322,1639.972523196,1647.2798322400001,1625.233481417,0.1853230328375744
2023-09-25,1646.14789108,sh.600519,贵州茅台,-0.008988642509464628,-0.009029284081559926,1640.5438839720002,1647.1634938430002,1626.8547325916668,0.1874984656916751
2023-09-26,1631.432656,sh.600519,贵州茅台,-0.00893919383533981,-0.008979388144326349,1638.578259164,1645.576530304,1628.1334068649999,0.18694266763231562
2023-09-27,1629.635924,sh.600519,贵州茅台,-0.0011013215859031478,-0.0011019284861567551,1636.781527164,1643.6899617039999,1629.6100211136666,0.18650540884817357
2023-09-28,1615.7561693,sh.600519,贵州茅台,-0.008517089305402403,-0.008553566980610241,1636.8102748759998,1641.513670069,1631.040968424,0.18793785316964143
2023-10-09,1596.396382,sh.600519,贵州茅台,-0.011981874287620653,-0.012054235539820386,1623.8738044759998,1638.1874699539999,1632.343149941,0.1911888946995879
2023-10-10,1590.10782,sh.600519,贵州茅台,-0.003939223410241999,-0.003947002586776525,1612.66579026,1633.8753131540002,1633.3777681176666,0.18753647403654797
2023-10-11,1597.743931,sh.600519,贵州茅台,0.0048022598870056665,0.0047907658206350805,1605.92804526,1630.2728654940001,1634.4034026343334,0.18925356964269013
2023-10-12,1604.481676,sh.600519,贵州茅台,0.004217036828788379,0.004208170047934541,1600.89719566,1626.903992994,1635.4844363876666,0.1902508891781523
2023-10-13,1573.038866,sh.600519,贵州茅台,-0.019596864501679745,-0.01979142915059252,1592.3537350000001,1622.996100894,1635.6730932476667,0.19709606392369344
2023-10-16,1554.0833434,sh.600519,贵州茅台,-0.012050256996002262,-0.01212344993292014,1583.89112728,1619.016339514,1635.3272223376666,0.1979614856364718
2023-10-17,1550.579716,sh.600519,贵州茅台,-0.0022544655760449173,-0.0022570107095584934,1575.98550648,1614.6965466030001,1635.267780454,0.1972705261073378
2023-10-18,1552.376448,sh.600519,贵州茅台,0.0011587485515642815,0.0011580777206276467,1566.91200988,1610.565859735,1635.3456388406667,0.19767641541340497
2023-10-19,1464.33658,sh.600519,贵州茅台,-0.05671296296296302,-0.05838465556319297,1538.88299068,1602.035425382,1633.9531715406667,0.2753562308390172
2023-10-20,1477.81207,sh.600519,贵州茅台,0.009202453987730008,0.009160369398664195,1519.83763148,1594.233565855,1632.770322974,0.2797763576544283
2023-10-23,1476.89573668,sh.600519,贵州茅台,-0.0006200607902735467,-0.0006202531074683744,1504.4001101360002,1588.034391272,1630.863990322,0.27412611485278443
2023-10-24,1475.9704197,sh.600519,贵州茅台,-0.0006265283032640401,-0.0006267246541386391,1489.478250876,1579.668357897,1628.9444816353332,0.25012676097941844
2023-10-25,1507.008965,sh.600519,贵州茅台,0.02102924617304236,0.02081118340797157,1480.404754276,1572.9557671449998,1626.6828452303334,0.2667795264886891
2023-10-26,1502.27457618,sh.600519,贵州茅台,-0.003141579731743671,-0.003146524853060385,1487.9923535120001,1566.1385167539997,1624.342302345,0.26664356724386495
2023-10-27,1506.29925586,sh.600519,贵州茅台,0.002679057306710142,0.002675475029341697,1493.689790684,1560.67285801,1621.9268956263334,0.26505805084423345
2023-10-30,1510.153246,sh.600519,贵州茅台,0.00255858198495873,0.0025553143864974637,1500.341292548,1553.12658361,1618.6927780263331,0.23900437831604704
2023-10-31,1513.36939628,sh.600519,贵州茅台,0.002129684711481339,0.0021274201476308868,1507.821087864,1546.4876588700001,1615.7581157596665,0.23957977053108645
2023-11-01,1599.98086234,sh.600519,贵州茅台,0.05723088247515684,0.055653114894518824,1526.4154673320002,1544.915069187,1614.140907232,0.32256374268045157
2023-11-02,1598.642297,sh.600519,贵州茅台,-0.0008366133442634371,-0.0008369635005178888,1545.689011496,1543.365387837,1612.636144182,0.3225615781055005
2023-11-03,1627.15643384,sh.600519,贵州茅台,0.017836470918797476,0.01767926762040447,1569.860447092,1543.935401064,1611.6295250790001,0.3276835942569751
2023-11-06,1627.839192,sh.600519,贵州茅台,0.0004196020405908829,0.0004195140322727681,1593.397636292,1545.507541564,1610.4096937786667,0.32433075671316963
2023-11-07,1609.12622822,sh.600519,贵州茅台,-0.011495584988962415,-0.011562170007097148,1612.54900268,1546.4584619749999,1608.960928876,0.3270089354599674
2023-11-08,1615.56751244,sh.600519,贵州茅台,0.0040029701256720784,0.003994979557663784,1615.6663327,1547.3496410470002,1607.5885250833333,0.3268913606075007
2023-11-09,1611.76742426,sh.600519,贵州茅台,-0.002352169222727518,-0.00235493991836974,1618.2913581520002,1547.71392846,1606.1485941130002,0.3268006795578983
2023-11-10,1595.35427744,sh.600519,贵州茅台,-0.010183322092848335,-0.01023552683145204,1611.930926872,1548.829699032,1604.6638945703335,0.3208034942983563
2023-11-13,1584.717624,sh.600519,贵州茅台,-0.0066672673213803435,-0.006689592836932798,1603.306613272,1550.3614130619999,1603.6158009036665,0.3184823271659606
2023-11-14,1585.85854882,sh.600519,贵州茅台,0.0007199546485261443,0.0007196956055035394,1598.653077392,1552.1253547029999,1603.0508784173333,0.3182333176460213
2023-11-15,1592.74003238,sh.600519,贵州茅台,0.004339279543639218,0.004329892017097495,1594.0875813799998,1554.143533922,1602.451219112333,0.31841260577909314
2023-11-16,1581.1690783,sh.600519,贵州茅台,-0.007264810229394292,-0.0072913274697616135,1587.967912188,1559.985158837,1601.5536017506668,0.23636935685479182
2023-11-17,1575.21291172,sh.600519,贵州茅台,-0.0037669384392488015,-0.0037740512197406415,1583.939639044,1564.855200923,1600.4361841743334,0.23702778536590816
2023-11-20,1583.370075,sh.600519,贵州茅台,0.005178451255261285,0.005165089186588605,1583.670129244,1570.1789178390002,1599.8359259586666,0.23664938404210023
2023-11-21,1608.07514,sh.600519,贵州茅台,0.015602836879432536,0.015482364148376875,1588.11344748,1576.784153854,1599.820953192,0.23980547346469192
2023-11-22,1600.44801266,sh.600519,贵州茅台,-0.004743016759776508,-0.004754300557400585,1589.655043536,1581.456106237,1599.7237799363331,0.23346921589156225
2023-11-23,1604.481676,sh.600519,贵州茅台,0.002520333874073355,0.002517163159044526,1594.317563076,1586.5664612280002,1599.9034531363334,0.2323198752074345
2023-11-24,1596.396382,sh.600519,贵州茅台,-0.005039193729003522,-0.005051933281793186,1598.554257132,1591.071317535,1599.3150234063332,0.23424301409871265
2023-11-27,1583.819258,sh.600519,贵州茅台,-0.007878446820483886,-0.00790964575678103,1598.6440937319999,1594.7546181349999,1598.3870113283333,0.23741770909994278
2023-11-28,1589.24538864,sh.600519,贵州茅台,0.003425978445831035,0.003420123151272896,1594.87814346,1598.548417753,1597.3998568220002,0.23743637508723886
2023-11-29,1594.33912386,sh.600519,贵州茅台,0.0032051282051281937,0.0032000027306708497,1593.6563657000002,1598.266330829,1596.25264344,0.12162575058525167
2023-11-30,1609.422689,sh.600519,贵州茅台,0.009460700621509943,0.009416228465194533,1594.6445683,1598.8053504289999,1595.28689999,0.1262576291015265
2023-12-01,1581.37570248,sh.600519,贵州茅台,-0.017426737370918266,-0.017580370457336816,1591.640432396,1596.516313861,1593.9884616646668,0.12356020960060311
2023-12-04,1572.77833986,sh.600519,贵州茅台,-0.005436635080782626,-0.005451467364184574,1589.4322487680001,1593.763271254,1592.4860942573334,0.1241653431162435
2023-12-05,1535.307494,sh.600519,贵州茅台,-0.02382461972571137,-0.02411301580789638,1578.64466984,1590.0723345430001,1590.1353698906667,0.14331496023768994
2023-12-06,1529.917298,sh.600519,贵州茅台,-0.003510825043885224,-0.00351700245290252,1565.7603046680001,1585.789823821,1587.8041101206666,0.14139660838270773
2023-12-07,1527.2222,sh.600519,贵州茅台,-0.0017615971814446407,-0.0017631506183809632,1549.3202068679998,1581.562562608,1585.3934946873335,0.14143041926749678
2023-12-08,1531.64216072,sh.600519,贵州茅台,0.002894117647058936,0.0028899377513792973,1539.3734985160002,1578.376956772,1583.4009188993334,0.13980345835170765
2023-12-11,1525.425468,sh.600519,贵州茅台,-0.004058841470567565,-0.004067100924394039,1529.9029241439998,1575.412348972,1581.5967005160003,0.13895217289143538
2023-12-12,1536.19687634,sh.600519,贵州茅台,0.007061248527679753,0.007036434655097311,1530.080800612,1572.929265348,1579.9170555513333,0.14230158666081094
2023-12-13,1491.28756,sh.600519,贵州茅台,-0.029234089088240323,-0.029669920175800932,1522.354853012,1567.8566417289999,1577.5220117953331,0.1708981726103289
2023-12-14,1469.6369394,sh.600519,贵州茅台,-0.01451807228915658,-0.014624490750463294,1510.837800892,1562.2800347839998,1574.766873001,0.1750582907235285
2023-12-15,1477.81207,sh.600519,贵州茅台,0.005562687205819428,0.005547272599346691,1500.0717827479998,1557.4099926980002,1572.1662531586667,0.17804203391036855
2023-12-18,1493.084292,sh.600519,贵州茅台,0.010334346504559333,0.010281312215921296,1493.6035475479998,1552.895703548,1570.3696708863333,0.18212548698756423
2023-12-19,1504.76305,sh.600519,贵州茅台,0.007821901323706415,0.007791468843773345,1487.31678228,1547.730099048,1568.0608702663333,0.17355147168870477
2023-12-20,1499.22026586,sh.600519,贵州茅台,-0.0036834929858226007,-0.003690293751629408,1488.903323452,1542.6687117079998,1565.6935283633331,0.17347190259884634
2023-12-21,1517.58578,sh.600519,贵州茅台,0.012250043944987077,0.012175619343308184,1498.4930915720001,1538.323916908,1563.6762982966668,0.18100497187710066
2023-12-22,1518.1764571,sh.600519,贵州茅台,0.00038922155688614346,0.00038914582982507023,1506.565968992,1534.412920663,1562.0523654026665,0.18110721839844313
2023-12-25,1519.403248,sh.600519,贵州茅台,0.0008080687157692168,0.0008077424040208923,1511.829760192,1531.192120163,1559.6911073026668,0.18027452753194503
2023-12-26,1517.58578,sh.600519,贵州茅台,-0.0011961722488037507,-0.001196888233846064,1514.3943061920002,1527.609139731,1557.548405451333,0.17916847682967155
2023-12-27,1514.91410204,sh.600519,贵州茅台,-0.0017604790419162297,-0.0017620305062924749,1517.533073428,1523.63788864,1555.606429552,0.1780291471340454
2023-12-28,1567.55706266,sh.600519,贵州茅台,0.03474979904742481,0.03415965744269922,1527.5273299599999,1521.544607323,1554.571781863,0.2185643854248282
2023-12-29,1568.474884,sh.600519,贵州茅台,0.0005855106406413846,0.000585339296165646,1537.58701534,1520.8995663990002,1553.7837604413332,0.21004318533662056
2024-01-02,1531.22587734,sh.600519,贵州茅台,-0.02374855156431055,-0.02403509415642064,1539.951541208,1518.821943273,1552.6975853636663,0.2254452010363594
2024-01-03,1539.395396,sh.600519,贵州茅台,0.005335279909318036,0.005321097725047073,1544.3134644079998,1519.026338373,1551.852378297,0.20993223891738208
2024-01-04,1516.677046,sh.600519,贵州茅台,-0.014757969303423768,-0.014867951550164545,1544.6660532,1518.364325773,1550.501263547,0.2162806168553551
2024-01-05,1511.55178624,sh.600519,贵州茅台,-0.0033792690233673817,-0.0033849916487644245,1533.464997916,1517.5808050849998,1548.952432051,0.216497129538513
2024-01-08,1493.94960866,sh.600519,贵州茅台,-0.011645103886110064,-0.011713439140506219,1518.559942848,1515.696177482,1547.634277762,0.21966691863124008
2024-01-09,1491.232494,sh.600519,贵州茅台,-0.0018187458561182979,-0.0018204017824736058,1510.56126618,1513.9865287819998,1546.5867636053333,0.21941782971102836
2024-01-10,1491.686861,sh.600519,贵州茅台,0.00030469226081653034,0.0003046458515564185,1501.01955918,1511.761028015,1545.605216022,0.21740983332531494
2024-01-11,1496.29414238,sh.600519,贵州茅台,0.0030886384404509304,0.003083878395596099,1496.9429784560002,1512.011357134,1544.6705109283332,0.1911774991869404
2024-01-12,1493.10448604,sh.600519,贵州茅台,-0.0021317040878918725,-0.0021339794031586755,1493.2535184160001,1513.184734466,1545.1499760289998,0.18339642578760135
2024-01-15,1490.32376,sh.600519,贵州茅台,-0.0018623787323651664,-0.0018641151158405732,1492.5283486839999,1513.810318966,1545.3585041956665,0.18276150716661055
2024-01-16,1489.80578162,sh.600519,贵州茅台,-0.00034756097560972865,-0.0003476213889242246,1492.243006208,1513.6463934469998,1545.573671611333,0.17902069076393415
2024-01-17,1433.073518,sh.600519,贵州茅台,-0.038080308399870755,-0.03882431246628154,1480.520337608,1510.061916847,1544.8587232496668,0.22138635440145413
2024-01-18,1463.85233858,sh.600519,贵州茅台,0.02147748890298029,0.02125009773754146,1474.0319768479999,1508.293520483,1544.1394461426667,0.23684452961528682
2024-01-19,1485.78009,sh.600519,贵州茅台,0.014979483136441818,0.014868398630773891,1472.56709764,1506.703235983,1543.8645380396665,0.23907075429947303
2024-01-22,1492.141228,sh.600519,贵州茅台,0.004281345565749328,0.0042722066810198574,1472.93059124,1505.401474528,1543.6285709086667,0.2397582457966787
2024-01-23,1471.240346,sh.600519,贵州茅台,-0.014007308160779441,-0.014106336334738304,1469.2175041159999,1502.993329428,1542.9800225753336,0.24420283378630736
2024-01-24,1477.601484,sh.600519,贵州茅台,0.004323656578134605,0.004314336430120725,1478.123097316,1500.994114628,1542.3838907040001,0.24507738721159578
2024-01-25,1488.506292,sh.600519,贵州茅台,0.007380073800737907,0.007352974305258733,1483.053888,1499.673724126,1540.5259811983333,0.24695094278807425
2024-01-26,1487.88835288,sh.600519,贵州茅台,-0.0004151404151404581,-0.00041522660977867697,1483.4755405760002,1495.690288637,1538.6800821296667,0.208419714136787
2024-01-29,1499.4111,sh.600519,贵州茅台,0.007744362739110278,0.007714529091390219,1484.929514976,1492.2370994369999,1536.5509932323332,0.2113636829098035
2024-01-30,1465.787942,sh.600519,贵州茅台,-0.022424242424242458,-0.02267948876941747,1483.839034176,1488.96520267,1533.8501390656666,0.2096150231143394
2024-01-31,1458.43628394,sh.600519,贵州茅台,-0.005015499070055718,-0.00502811889969617,1480.005994164,1484.9172470669998,1531.3386399943333,0.2079604197567195
2024-02-01,1463.08900202,sh.600519,贵州茅台,0.00319021004293063,0.003185132119766356,1474.9225361679999,1482.237844868,1528.7973314873334,0.2037776690534174
2024-02-02,1450.339464,sh.600519,贵州茅台,-0.008714123339316648,-0.008752313335525008,1467.412758392,1479.1772287560002,1526.106865483,0.20522927365667393
2024-02-05,1481.24550734,sh.600519,贵州茅台,0.021309523809523778,0.021085650741560217,1463.7796398599999,1478.54202369,1524.2050526480002,0.2176186646926232
2024-02-06,1523.038184,sh.600519,贵州茅台,0.02821455083097657,0.027823852290714098,1475.2296882599999,1480.13230819,1523.1770619813333,0.23988018854145154
2024-02-07,1554.83478666,sh.600519,贵州茅台,0.020877088305489178,0.020662148297726245,1494.5093888039999,1483.289704473,1522.6599992786666,0.24981144477210365
2024-02-08,1550.300204,sh.600519,贵州茅台,-0.002916440189597913,-0.0029207012881303264,1511.9516292,1485.9900075540002,1521.952668805667,0.25043466718927015
2024-02-19,1540.69488562,sh.600519,贵州茅台,-0.006195779601406826,-0.006215053094625486,1530.022713524,1488.369527533,1521.2780989276664,0.25171319530168645
2024-02-20,1517.58578,sh.600519,贵州茅台,-0.014999144759736294,-0.015112769546197998,1537.2907680559997,1489.7326285329998,1520.3176467323333,0.2584025018680494
2024-02-21,1560.89604244,sh.600519,贵州茅台,0.02853892215568843,0.028139273007549107,1544.862339744,1493.287141574,1519.943079523,0.27609366880646385
2024-02-22,1561.55033092,sh.600519,贵州茅台,0.0004191749240245457,0.0004190870947591068,1546.205448596,1499.71098222,1519.1676660383334,0.23126605554247887
2024-02-23,1557.65186206,sh.600519,贵州茅台,-0.002496537436422752,-0.0024996589824618242,1547.6757802079999,1504.400958394,1518.4543968616667,0.22330946734554147
2024-02-26,1540.28595532,sh.600519,贵州茅台,-0.011148772818230013,-0.011211386195739822,1547.5939941479999,1507.12625166,1517.3844681836665,0.2242929560165256
2024-02-27,1535.306093,sh.600519,贵州茅台,-0.0032330764964779712,-0.00323831418056305,1551.138056748,1509.28449491,1516.3662967003334,0.22481902961103029
2024-02-28,1528.0816577,sh.600519,贵州茅台,-0.004705534181710491,-0.004716640060769688,1544.5751798000001,1512.126560495,1515.4373366953332,0.2186370540278692
2024-02-29,1540.30413,sh.600519,贵州茅台,0.007998572745383736,0.007966753720975774,1540.325939616,1515.261692795,1514.6216490513332,0.21954530106937706
2024-03-01,1531.27131404,sh.600519,贵州茅台,-0.005864306784660656,-0.005881569353443854,1535.049830012,1517.399943897,1513.5705188876666,0.2204088642327747
2024-03-04,1523.3108042,sh.600519,贵州茅台,-0.005198627942031853,-0.005212187823874628,1531.654799788,1519.171066463,1512.1353208076664,0.22161323448351347
2024-03-05,1540.3950034,sh.600519,贵州茅台,0.011215176281095252,0.011152752487208437,1532.6725818680002,1521.220261633,1511.452309156333,0.2232943880489185
2024-03-06,1527.1729237,sh.600519,贵州茅台,-0.008583564391481335,-0.008620615352205875,1532.490835068,1524.289510718,1510.692218887,0.2085943089527871
2024-03-07,1529.97182442,sh.600519,贵州茅台,0.0018327333313499228,0.0018310559247978922,1530.424373952,1527.866287742,1510.6032910606666,0.20689038274086557
2024-03-08,1518.88526962,sh.600519,贵州茅台,-0.007246247691001129,-0.007272629266009079,1527.947165068,1530.6561011219999,1510.419423921,0.209710688942719
2024-03-11,1539.84067566,sh.600519,贵州茅台,0.013796569404641579,0.013702263152814611,1531.2531393599998,1535.131161705,1510.6297318486666,0.20974382465395247
2024-03-12,1585.74083,sh.600519,贵州茅台,0.029808378922271617,0.029372745052689362,1540.32230468,1540.355927838,1511.5313763366664,0.221386856140879
2024-03-13,1569.7925483,sh.600519,贵州茅台,-0.010057306590257942,-0.010108222973633443,1548.8462296,1542.693646053,1512.2708276749997,0.2058714443175965
2024-03-14,1559.96004642,sh.600519,贵州茅台,-0.006263567686474181,-0.006283266124634346,1554.8438739999997,1542.9499090410002,1512.6668805096667,0.19437158131543478
2024-03-15,1560.74155766,sh.600519,贵州茅台,0.0005009815743637347,0.0005008561249916092,1563.215131608,1543.471976724,1513.8244471373334,0.1940148917093199
2024-03-18,1552.35394284,sh.600519,贵州茅台,-0.005374121537825571,-0.005388614075403092,1565.7177850439998,1544.054929585,1515.2030638613332,0.19366568457736918
2024-03-19,1552.13584668,sh.600519,贵州茅台,-0.0001404938358329222,-0.00014050370601635315,1558.99678838,1545.782432919,1516.4417934726666,0.18493296142680385
2024-03-20,1553.5716464,sh.600519,贵州茅台,0.0009250477160689385,0.000924620123106048,1555.752608,1545.4162131169999,1517.449916046,0.15419156002662726
2024-03-21,1553.026406,sh.600519,贵州茅台,-0.0003509592887225299,-0.00035102088934699607,1554.365879916,1544.9900168709999,1518.254305312667,0.15417538631611735
2024-03-22,1546.0745909,sh.600519,贵州茅台,-0.004476301930953719,-0.0044863505688130315,1551.4324865639999,1544.4111533129999,1519.03521073,0.15472072213091423
2024-03-25,1534.86081334,sh.600519,贵州茅台,-0.007253063743497767,-0.007279495093390474,1547.933860664,1544.139896214,1519.3231279523332,0.15169557874432207
2024-03-26,1553.28993886,sh.600519,贵州茅台,0.01200703370613554,0.011935521143626034,1548.1646790999998,1545.0390885069999,1519.9083526483334,0.15711455615851316
2024-03-27,1545.756534,sh.600519,贵州茅台,-0.00484996694533979,-0.004861766201151477,1546.60165662,1545.922832322,1520.3475740816668,0.15718041481000772
2024-03-28,1546.33812376,sh.600519,贵州茅台,0.0003762492651380178,0.00037617850113263963,1545.264000172,1546.2245320099998,1520.826779811,0.15474531790068283
2024-03-29,1547.4831286,sh.600519,贵州茅台,0.0007404621424038638,0.0007401881355644816,1545.545707712,1547.035122738,1521.3695969203334,0.15305637941112482
2024-04-01,1564.23109622,sh.600519,贵州茅台,0.010822714193434724,0.010764567780643238,1551.419764288,1549.081137339,1521.3141641463333,0.1555914345869995
2024-04-02,1557.56098866,sh.600519,贵州茅台,-0.004264144585872542,-0.004273261978214336,1552.273974248,1549.939436602,1521.1322658906668,0.15226904481319944
2024-04-03,1558.57877074,sh.600519,贵州茅台,0.0006534460527773955,0.0006532326498652503,1554.838421596,1551.509728954,1521.5881474473333,0.1483621874894537
2024-04-08,1514.55060844,sh.600519,贵州茅台,-0.028248916979085936,-0.02865559474472548,1548.480918532,1550.7386681550001,1521.1740676546665,0.18109677687684012
2024-04-09,1510.51582948,sh.600519,贵州茅台,-0.0026640106560424925,-0.0026675654471680996,1541.0874587080002,1550.320196148,1521.0713807126667,0.17953795569850942
2024-04-10,1497.57545732,sh.600519,贵州茅台,-0.008566856372802745,-0.008603762819513581,1527.756330928,1548.206935231,1520.8384418973333,0.17384802729404542
2024-04-11,1497.593632,sh.600519,贵州茅台,1.2136069612589395e-05,1.2135995971092386e-05,1515.762859596,1543.7995753310001,1520.8991756196667,0.1295968601601644
2024-04-12,1484.89861802,sh.600519,贵州茅台,-0.008476941747572853,-0.008513075364887717,1501.026829052,1539.554878817,1520.79361102,0.12854403332591124
2024-04-15,1520.29380732,sh.600519,贵州茅台,0.02383677166269904,0.02355711123821421,1502.175468828,1537.571566862,1521.2703934586666,0.15852381304866237
2024-04-16,1517.58578,sh.600519,贵州茅台,-0.0017812526150939867,-0.0017828409319426421,1503.589458932,1535.4137779789999,1521.6252540856667,0.15839841308578462
2024-04-17,1514.859578,sh.600519,贵州茅台,-0.00179640718562879,-0.0017980226600068368,1507.046283068,1533.5390597370001,1521.9878389516668,0.15770155811154477
2024-04-18,1518.29459252,sh.600519,贵州茅台,0.0022675464907018217,0.002264979486959238,1511.186475172,1531.846997029,1522.4540194936667,0.15814205821865776
2024-04-19,1496.35775376,sh.600519,贵州茅台,-0.01444834149319485,-0.01455373518700825,1513.4783023200002,1528.9863023970001,1522.5632190293334,0.1648623752479427
2024-04-22,1522.18397404,sh.600519,贵州茅台,0.0172593888160133,0.01711213746239124,1513.856335664,1527.4441807990002,1524.0483932966667,0.17825496945945124
2024-04-23,1537.83237352,sh.600519,贵州茅台,0.01028022876792467,0.010227746595530475,1517.905654368,1527.03206993,1525.281393879,0.1820310409646814
2024-04-24,1539.0319024,sh.600519,贵州茅台,0.0007800127638453169,0.0007797087119887158,1522.740119248,1527.240624383,1526.168924085667,0.1801290090107297
2024-04-25,1538.52301136,sh.600519,贵州茅台,-0.0003306565895134783,-0.0003307112684572069,1526.785803016,1526.502278008,1526.9419538083334,0.17464045832640498
2024-04-26,1553.41716162,sh.600519,贵州茅台,0.009680810849123311,0.009634252043269505,1538.197684588,1526.885309389,1528.311567402,0.17734753386234564
2024-04-29,1548.482736,sh.600519,贵州茅台,-0.0031764974289675285,-0.0031815532062068087,1543.45743698,1526.9925400010002,1529.4929216019998,0.1777768893048021
2024-04-30,1549.39147,sh.600519,贵州茅台,0.0005868544600939885,0.0005866823283562153,1545.7692562759999,1527.087957071,1530.5076745686667,0.17777071771457634
2024-05-06,1599.5535868,sh.600519,贵州茅台,0.03237536656891482,0.03186232822209406,1557.873593156,1528.8540816,1532.3687618006666,0.20874260521776813
2024-05-07,1608.45918,sh.600519,贵州茅台,0.005567549142142969,0.005552107628163502,1571.860826884,1531.398991167,1534.1862298006668,0.20824662668069002
2024-05-08,1602.97951398,sh.600519,贵州茅台,-0.003406779661016879,-0.0034125959484765413,1581.773297356,1533.619028329,1536.4727560003334,0.20901212611679168
2024-05-09,1595.736904,sh.600519,贵州茅台,-0.004518217430001692,-0.004528455424336293,1591.224130956,1537.678343107,1538.761099668,0.1790614169407784
2024-05-10,1580.27025132,sh.600519,贵州茅台,-0.00969248291571767,-0.009739760769479189,1597.3998872200002,1541.166064199,1540.7141204896666,0.18352287657652425
2024-05-13,1550.300204,sh.600519,贵州茅台,-0.01896514048465192,-0.019147285373958482,1587.54921066,1543.802301533,1542.380132823,0.1950554653625212
2024-05-14,1546.64709332,sh.600519,贵州茅台,-0.002356389214536847,-0.0023591698686631466,1575.186793324,1546.254974599,1543.470159256,0.19552446725065756
2024-05-15,1544.8478,sh.600519,贵州茅台,-0.0011633509206924186,-0.0011640281386537995,1563.560450528,1549.252433698,1543.833652856,0.19217822943591473
2024-05-16,1548.937103,sh.600519,贵州茅台,0.0026470588235294468,0.002643561533650373,1554.200490328,1550.684598482,1543.735358128333,0.17419493622516422
2024-05-17,1558.47881,sh.600519,贵州茅台,0.006160164271047375,0.006141268022082649,1549.8422020639998,1552.729249982,1543.8716682283332,0.17479882226436572
2024-05-20,1553.026406,sh.600519,贵州茅台,-0.003498542274052552,-0.003504676484449474,1550.3874424640003,1554.6375913819998,1544.077193568,0.17531369937988647
2024-05-21,1549.39147,sh.600519,贵州茅台,-0.002340550029256816,-0.0023432933979736655,1550.9363177999999,1556.192435256,1544.6072884013333,0.17573979813671356
2024-05-22,1542.76679914,sh.600519,贵州茅台,-0.0042756598240468735,-0.004284826596176532,1550.5201176280002,1558.5128875249998,1544.3051343463333,0.16733288435660215
2024-05-23,1537.58701534,sh.600519,贵州茅台,-0.0033574638778118837,-0.00336311280725233,1548.250100096,1559.28303959,1543.9057457533333,0.157421265569481
2024-05-24,1524.01961672,sh.600519,贵州茅台,-0.008823824918292589,-0.008862985395039585,1541.3582614399998,1558.59240175,1543.345208331,0.15636184481429555
2024-05-27,1517.69482808,sh.600519,贵州茅台,-0.0041500703603882805,-0.004158705802462224,1534.2919458560002,1557.525548034,1542.9686895436669,0.15684468634115098
2024-05-28,1512.71496576,sh.600519,贵州茅台,-0.0032812013508011217,-0.0032865962964545355,1526.9566450080001,1556.235145754,1542.5921707563332,0.15711398902603446
2024-05-29,1521.220716,sh.600519,贵州茅台,0.005622837370242273,0.0056070882291886556,1522.64742838,1554.625323473,1542.4778217280002,0.15415630837448493
2024-05-30,1498.502366,sh.600519,贵州茅台,-0.014934289127837563,-0.015046928489821776,1514.8304985119998,1552.126304973,1541.7811256613336,0.16181523376666043
2024-05-31,1498.0025623,sh.600519,贵州茅台,-0.00033353547604608735,-0.00033359111137422565,1509.627087628,1549.556859588,1541.2266464656668,0.16168392494751832
2024-06-03,1489.76943226,sh.600519,贵州茅台,-0.005496072067699864,-0.005511231040505168,1504.042008464,1544.067651861,1540.6676236,0.10022720406311095
2024-06-04,1502.3190488,sh.600519,贵州茅台,0.00842386497416725,0.008388582229857913,1501.9628250720002,1538.7606453009998,1540.0330243566668,0.10410366763988381
2024-06-05,1493.958696,sh.600519,贵州茅台,-0.005564964916525583,-0.005580507021452126,1496.5104210719999,1533.3096044019999,1539.479453895,0.1043905877699868
2024-06-06,1490.15110054,sh.600519,贵州茅台,-0.002548661800486518,-0.002551915167971079,1494.84016798,1528.030314229,1538.8157751636668,0.1043686177803869
2024-06-07,1471.40391812,sh.600519,贵州茅台,-0.012580725815795724,-0.012660533209947603,1489.520439144,1522.586997569,1538.0244193053334,0.10714610000996994
2024-06-11,1425.803646,sh.600519,贵州茅台,-0.030990995442137348,-0.03148137450517381,1476.7272818919998,1516.362169669,1536.1238021443335,0.13499220407529824
2024-06-12,1428.23905312,sh.600519,贵州茅台,0.0017080943275973315,0.0017066371935270039,1461.911282756,1510.4417676589999,1533.4987725296667,0.1364682281346526
2024-06-13,1413.09045734,sh.600519,贵州茅台,-0.010606484780616987,-0.010663134465735762,1445.737635024,1503.853900526,1530.8870710136666,0.13802863502078483
2024-06-14,1413.08137,sh.600519,贵州茅台,-6.430826811398838e-06,-6.430847489254227e-06,1430.3236889160003,1497.061113876,1528.4390930733332,0.13654237234357106
2024-06-17,1400.813461,sh.600519,贵州茅台,-0.008681672025723564,-0.008719577287129552,1416.205597492,1489.177846426,1525.7736247956666,0.13116872910548358
2024-06-18,1382.638781,sh.600519,贵州茅台,-0.012974375608173716,-0.013059277989179139,1407.572624492,1480.658465176,1522.945038765,0.13374363445296034
2024-06-19,1392.266059,sh.600519,贵州茅台,0.006962974084262941,0.00693884452446089,1400.378025668,1472.802194626,1520.2805423036666,0.1407897131061524
2024-06-20,1391.4312559,sh.600519,贵州茅台,-0.0005996002664890865,-0.0005997800986173944,1396.0461853800002,1465.235417464,1517.5782024619998,0.14174397783143125
2024-06-21,1364.439289,sh.600519,贵州茅台,-0.019398706752883244,-0.019589330933407225,1386.31776918,1456.578031147,1514.435083845333,0.15029174043524615
2024-06-24,1369.58724145,sh.600519,贵州茅台,0.003772943575798715,0.0037658438764256123,1380.07252527,1448.8564123835,1511.4936280211666,0.1536691716326538
2024-06-25,1378.95558735,sh.600519,贵州茅台,0.006840269547255584,0.006816981042964122,1379.33588654,1441.919450347,1508.895207588,0.1595818964231232
2024-06-26,1381.33941398,sh.600519,贵州茅台,0.0017287189318264673,0.0017272264170985823,1377.150557536,1435.3506727580002,1506.0293655066666,0.1611695193960395
2024-06-27,1382.51741391,sh.600519,贵州茅台,0.0008527954231074553,0.0008524319996931582,1375.367789138,1428.4155076535,1503.3087135051667,0.1580620687167159
2024-06-28,1361.09080101,sh.600519,贵州茅台,-0.01549825896181789,-0.015619612455376686,1374.69809154,1421.544929404,1500.2212581259998,0.15855728067309866
2024-07-01,1336.03743242,sh.600519,贵州茅台,-0.018406831176442484,-0.018578344835855548,1367.988129734,1413.44667291,1496.6971631896668,0.16473922869234445
2024-07-02,1382.7122013,sh.600519,贵州茅台,0.03493522542662353,0.03433884062999793,1368.739452524,1408.093811362,1493.6718482743333,0.21887126408567492
2024-07-03,1391.3385,sh.600519,贵州茅台,0.006238679814852155,0.006219299813916921,1370.739269728,1402.544783922,1490.9014734633336,0.21740745003122247
2024-07-04,1378.11150866,sh.600519,贵州茅台,-0.009506666666666663,-0.00955214347361939,1369.858088678,1396.7524245549998,1487.893685762,0.21829449772302145
2024-07-05,1347.743227,sh.600519,贵州茅台,-0.022036157066512407,-0.02228258004639924,1367.188573876,1389.632030878,1485.113562738,0.22741879822686872
2024-07-08,1317.13378,sh.600519,贵州茅台,-0.0227116311080523,-0.022973512974976483,1363.407843392,1381.918523972,1481.89052858,0.23467696225750548
2024-07-09,1333.85766877,sh.600519,贵州茅台,0.01269718309859158,0.012617249776832847,1353.636936886,1377.3212251105,1479.1618987708332,0.22245720108448302
2024-07-10,1333.44954281,sh.600519,贵州茅台,-0.00030597414518473975,-0.0003060209648241435,1342.059145448,1372.581749595,1476.426163951,0.2219780527591301
2024-07-11,1356.17473831,sh.600519,贵州茅台,0.017042411257730095,0.016898818515224075,1337.6717913779999,1369.7359636434999,1474.2807659558334,0.23145958645083448
2024-07-12,1371.69280038,sh.600519,贵州茅台,0.011442524058026482,0.011377553527790381,1342.461706054,1367.6665351625002,1471.8040825068335,0.23625457896289642
2024-07-15,1368.0567691,sh.600519,贵州茅台,-0.002650762094102088,-0.0026542815848728286,1352.6463038739998,1366.0287005675,1469.3119323251667,0.2347476417341693
2024-07-16,1369.077084,sh.600519,贵州茅台,0.0007458132754762925,0.0007455352949611398,1359.69018692,1365.3506157175002,1466.8822240918332,0.23054058792486146
2024-07-17,1392.6370826,sh.600519,贵州茅台,0.017208672086720833,0.01706227997848415,1371.5276948780001,1365.3691668975,1464.7879322598335,0.23763582040854506
2024-07-18,1389.02887809,sh.600519,贵州茅台,-0.002590915145863848,-0.0025942773752667347,1378.098522834,1365.249048007,1462.9991176653334,0.23782079927089714
2024-07-19,1415.10256158,sh.600519,贵州茅台,0.018771160125808706,0.018597156032868364,1386.7804750740002,1367.7822116359998,1461.2144274576667,0.23506305201886127
2024-07-22,1390.410941,sh.600519,贵州茅台,-0.017448643830049293,-0.017602665693905905,1391.2513094540002,1368.8233966135,1458.7574035823334,0.24472597950351957
2024-07-23,1349.598345,sh.600519,贵州茅台,-0.029352901934623032,-0.029792318497004765,1387.3555616540002,1367.355534496,1455.6001776256667,0.2658227228756773
2024-07-24,1335.70351118,sh.600519,贵州茅台,-0.0102955326460481,-0.01034889824310741,1375.96884737,1365.0737393559998,1452.2198526226666,0.26764065898855455
2024-07-25,1326.86387391,sh.600519,贵州茅台,-0.006617963639394042,-0.006639959459495063,1363.535846534,1362.291062356,1448.4439644941665,0.268066932852932
2024-07-26,1319.16513421,sh.600519,贵州茅台,-0.0058022076351460505,-0.0058191058381581616,1344.3483610600001,1360.194779016,1444.6220044643335,0.26372589924702594
2024-07-29,1296.74603318,sh.600519,贵州茅台,-0.016994916291072082,-0.01714098722176354,1325.6153794959998,1358.230209054,1440.411247184,0.26256564871191584
2024-07-30,1280.02214441,sh.600519,贵州茅台,-0.012896811204417657,-0.012980697094885077,1311.700139378,1353.0957062095,1435.0857231441666,0.22740839189670378
2024-07-31,1318.32105552,sh.600519,贵州茅台,0.029920506670338298,0.029481621273207272,1308.223648246,1349.4448339855,1430.2500877361667,0.2550644161267561
2024-08-01,1285.74518344,sh.600519,贵州茅台,-0.024710120454801476,-0.025020539818799724,1299.999910152,1344.8265177245,1424.9628488938333,0.266022798923211
2024-08-02,1285.08661655,sh.600519,贵州茅台,-0.0005122063831014545,-0.0005123376056014806,1293.18420662,1341.693687202,1419.785344103,0.2567581936493988
2024-08-05,1307.86746559,sh.600519,贵州茅台,0.01772709228048641,0.017571799948656187,1295.4084931020002,1341.2303714815,1415.2452976741667,0.25413338333368857
2024-08-06,1302.9421273,sh.600519,贵州茅台,-0.003765930738079848,-0.003773039708781826,1299.9924896799998,1339.684594408,1411.1226630625,0.24970565867956507
2024-08-07,1312.9597645,sh.600519,贵州茅台,0.007688474407346657,0.007659068715090034,1298.9202314759998,1338.6601054925,1407.2278742488334,0.2516284902559583
2024-08-08,1327.04938571,sh.600519,贵州茅台,0.010731190392087697,0.010674019810389311,1307.18107193,1337.2038378625,1403.5979006773334,0.24669019937900577
2024-08-09,1332.7167712,sh.600519,贵州茅台,0.004270666601430051,0.0042615731855916205,1316.7071028599998,1335.2550364035,1399.9942284806668,0.24319275053241
2024-08-12,1332.0674799,sh.600519,贵州茅台,-0.00048719376391981317,-0.00048731248136211195,1321.547105722,1333.4555719435,1396.2207063123335,0.2431580218193867
2024-08-13,1319.92573259,sh.600519,贵州茅台,-0.009114964138987602,-0.009156759594525983,1324.94382678,1330.998004373,1392.3356950888333,0.24461527310540318
2024-08-14,1310.9191347,sh.600519,贵州茅台,-0.006823564135178262,-0.006846951097942015,1324.53570082,1326.9121069779999,1388.3611561671667,0.23462955370524655
2024-08-15,1323.52466151,sh.600519,贵州茅台,0.00961579282530245,0.009569855338273299,1323.83075598,1323.636896149,1384.70712054,0.23881685471875252
2024-08-16,1327.5224408,sh.600519,贵州茅台,0.0030205551934625596,0.003016002482130808,1322.7918899000001,1319.25789011,1381.2060442976667,0.22661337537265114
2024-08-19,1322.17970096,sh.600519,贵州茅台,-0.004024594745667964,-0.004032715222175748,1320.8143341119999,1315.8463281079999,1377.8420457016666,0.22025461443419628
2024-08-20,1319.65674048,sh.600519,贵州茅台,-0.0019081827365584614,-0.0019100056365565067,1320.7605356899999,1314.349247882,1374.5414109083333,0.1959492835024781
2024-08-21,1314.88908722,sh.600519,贵州茅台,-0.003612798020692809,-0.0036193399366288236,1321.5545261940001,1313.308526684,1371.2443129326668,0.19318308980733206
2024-08-22,1307.90456795,sh.600519,贵州茅台,-0.005311869524118551,-0.00532602766275266,1318.430507482,1312.360561386,1367.6890437984998,0.19270880136818352
2024-08-23,1312.48670941,sh.600519,贵州茅台,0.0035034218644729442,0.0034972991781609107,1315.4233612040002,1312.0266401459999,1364.5887828553334,0.19223910604547637
2024-08-26,1309.713308,sh.600519,贵州茅台,-0.002113089138439106,-0.0021153248613690547,1312.9300826120002,1312.675003887,1361.450628617,0.18196211151013983
2024-08-27,1302.35776513,sh.600519,贵州茅台,-0.005616147308782016,-0.005631977160419883,1309.470287542,1313.791784923,1358.3271008314998,0.17657645263580346
2024-08-28,1288.379451,sh.600519,贵州茅台,-0.010733083108391939,-0.01079109813842379,1304.168360298,1312.294704697,1354.7614408681666,0.1439921638712096
2024-08-29,1310.9191347,sh.600519,贵州茅台,0.0174946004319656,0.017343331619761506,1304.771273648,1313.55340226,1351.7107815131667,0.1294405525623647
2024-08-30,1338.64387321,sh.600519,贵州茅台,0.021149083704804283,0.020928545863684873,1310.002706408,1316.231265093,1349.1856610576667,0.14763877210101242
2024-09-02,1293.944805,sh.600519,贵州茅台,-0.03339130675794588,-0.033961525982324,1306.849005808,1315.5351320635002,1346.2280091723333,0.183060174544565
2024-09-03,1307.85819,sh.600519,贵州茅台,0.01075268817204278,0.01069528911674773,1307.949090782,1315.7809351985002,1344.2622515723333,0.18681058749102022
2024-09-04,1298.5826,sh.600519,贵州茅台,-0.007092198581560294,-0.0071174677688639896,1309.989720582,1315.0620769735,1342.1013106870003,0.18637650319334084
2024-09-05,1303.10908792,sh.600519,贵州茅台,0.003485714285714314,0.003479653264249233,1308.4277112260002,1313.865062084,1340.2682878633334,0.18232400884234862
2024-09-06,1296.727482,sh.600519,贵州茅台,-0.004897215420534229,-0.004909246073843712,1300.044432984,1312.065597624,1338.3290563966666,0.18181460853845569
2024-09-09,1275.393625,sh.600519,贵州茅台,-0.01645207439198859,-0.016588912693083935,1296.334196984,1309.231904879,1336.2387257966666,0.18952989957829217
2024-09-10,1278.176302,sh.600519,贵州茅台,0.0021818181818182847,0.0021794414729323142,1290.397819384,1307.1444333494999,1334.49768448,0.18822454598303048
2024-09-11,1280.03142,sh.600519,贵州茅台,0.0014513788098693414,0.0014503265776464615,1286.687583384,1305.6000476145,1332.6271071633334,0.18743317788842503
2024-09-12,1238.34691854,sh.600519,贵州茅台,-0.03256521739130447,-0.033107264506619105,1273.735149508,1301.341160466,1330.0757015406668,0.2133817790575471
2024-09-13,1209.65751867,sh.600519,贵州茅台,-0.023167498089973426,-0.023440082875541283,1256.321156842,1295.4479143595001,1327.4960053685,0.22322236743050874
2024-09-18,1175.1244971,sh.600519,贵州茅台,-0.028547767477168584,-0.028963180161082368,1236.267331262,1288.0951541665,1324.2549596293331,0.23888961413899307
2024-09-19,1169.651899,sh.600519,贵州茅台,-0.004657036861630881,-0.0046679146430881535,1214.562450662,1280.5949120925,1320.7665648235002,0.23849926881372635
2024-09-20,1172.36037128,sh.600519,贵州茅台,0.0023156225218081694,0.0023129455996740806,1193.028240918,1273.4684762954998,1317.2835807785,0.24017809267142387
2024-09-23,1170.15278086,sh.600519,贵州茅台,-0.0018830305715552553,-0.00188480570238908,1179.389413382,1266.5808869409998,1313.7441702276667,0.24054275332225852
2024-09-24,1273.1674834,sh.600519,贵州茅台,0.08803525849358729,0.08437355461232979,1192.0914063280002,1264.6149256405001,1312.2787816008336,0.4098141981574913
2024-09-25,1297.655041,sh.600519,贵州茅台,0.019233571324493548,0.019050944190946776,1216.597515108,1264.0120122905,1311.6390750771666,0.41614813797815375
2024-09-26,1418.237711,sh.600519,贵州茅台,0.09292351679771271,0.08885623126358118,1266.314677508,1269.8060095839999,1312.2311669055002,0.5303069559306884
2024-09-27,1511.1791228,sh.600519,贵州茅台,0.06553302812295625,0.06347516984519527,1334.078427812,1280.9459931739998,1314.228510618833,0.5684417380114991
2024-09-30,1621.373132,sh.600519,贵州茅台,0.07291922415909657,0.07038318044122334,1424.32249804,1296.468693039,1318.2828710078334,0.6123037523627242
2024-10-08,1598.184157,sh.600519,贵州茅台,-0.014302059496567487,-0.014405319687551129,1489.3258327600001,1309.4457072285,1322.4568865078334,0.6176988074253354
2024-10-09,1479.59573885,sh.600519,贵州茅台,-0.07420197330237943,-0.07709918184368632,1525.71397233,1318.7282539209998,1325.164585822,0.6701276623085016
2024-10-10,1521.19676,sh.600519,贵州茅台,0.028116478074162288,0.027728466134000936,1546.3057821300001,1329.395182421,1328.2869040091668,0.6740501720742141
2024-10-11,1488.72291941,sh.600519,贵州茅台,-0.021347560975609747,-0.021578715803132704,1541.814541452,1338.9021983915002,1330.8747936191664,0.68027238960704
2024-10-14,1485.94024241,sh.600519,贵州茅台,-0.0018691705244269219,-0.001870919603542869,1514.727963534,1348.0437561160002,1333.0375520208333,0.6809784748707566
2024-10-15,1441.65857575,sh.600519,贵州茅台,-0.029800435708088213,-0.030253492262121744,1483.422847284,1355.2903108035002,1334.2036482770002,0.6926011239027
2024-10-16,1412.2085775,sh.600519,贵州茅台,-0.020427859096026957,-0.020639393565394754,1469.945415014,1362.1310584285,1334.9395117503334,0.6944666980309355
2024-10-17,1386.3296814,sh.600519,贵州茅台,-0.0183251231527094,-0.01849510808786239,1442.971999294,1367.5387273985002,1335.2270550403334,0.699755741080493
2024-10-18,1429.368419,sh.600519,贵州茅台,0.03104509567777325,0.030572943823925947,1431.101099212,1375.0055773485,1335.8392439803333,0.7056412383652728
2024-10-21,1418.0521992,sh.600519,贵州茅台,-0.007916937053861095,-0.007948442394052435,1417.52349057,1383.9908413814999,1336.3229659988333,0.6928740171787796
2024-10-22,1431.223537,sh.600519,贵州茅台,0.009288330716902271,0.009245459437097682,1415.43648282,1395.069142298,1336.5916489224999,0.6832174707388194
2024-10-23,1453.9487325,sh.600519,贵州茅台,0.015878159429682404,0.015753420143914888,1423.7845138199998,1409.0103540679997,1337.6506121141667,0.6686139408658279
2024-10-24,1439.7570798,sh.600519,贵州茅台,-0.009760765550239303,-0.009808714087037382,1434.4699935,1422.515613108,1339.1532576941668,0.6704953157449944
2024-10-25,1445.92534715,sh.600519,贵州茅台,0.004284241721427717,0.004275090485956795,1437.78137913,1436.1938619015002,1340.9902882936667,0.6701828559348969
2024-10-28,1451.629835,sh.600519,贵州茅台,0.00394521602463338,0.003937454068258251,1444.49690629,1450.2677146085002,1343.0697209785,0.6689723082095262
2024-10-29,1420.66791558,sh.600519,贵州茅台,-0.021329073482428074,-0.02155982521662289,1442.385782006,1457.6427362175,1344.761434001333,0.6137321280680017
2024-10-30,1421.020388,sh.600519,贵州茅台,0.0002481033154437817,0.00024807254290595517,1435.800113106,1463.8110035675,1346.8326732483333,0.6120800609191978
2024-10-31,1417.11536461,sh.600519,贵州茅台,-0.0027480417754569553,-0.0027518245740385055,1431.271770068,1463.754886248,1349.1175602516666,0.5171640791403095
2024-11-01,1422.64361625,sh.600519,贵州茅台,0.003901059700613274,0.003893470298623023,1426.6154238880001,1459.3281109205,1350.8562695971666,0.4570954596551211
2024-11-04,1436.0468438,sh.600519,贵州茅台,0.009421352893235646,0.009377248745491961,1423.498825648,1450.0617965105,1353.3612972698331,0.36401009407232626
2024-11-05,1462.75126741,sh.600519,贵州茅台,0.018595788657796097,0.018425001018230042,1431.915496014,1443.2901520310002,1356.3223747841666,0.3724462552302994
2024-11-06,1457.195189,sh.600519,贵州茅台,-0.0037983753860202363,-0.003805607533222013,1439.150456214,1442.1701245385,1358.8111701743333,0.2652264605792473
2024-11-07,1529.67464926,sh.600519,贵州茅台,0.04973901973265438,0.04854158063953907,1461.6623131439999,1442.5940190014999,1362.5900455403332,0.3045061687894596
2024-11-08,1493.34216323,sh.600519,贵州茅台,-0.02375177365172143,-0.024038394630630698,1475.80202254,1442.8249811925,1365.5964188525,0.3068990854202283
2024-11-11,1482.24855759,sh.600519,贵州茅台,-0.007428709851736381,-0.007456440135611717,1485.042365298,1442.6403969515,1368.1830717171665,0.3080599858000135
2024-11-12,1462.9460548,sh.600519,贵州茅台,-0.01302244666804342,-0.013107982125445663,1485.081322776,1443.704770904,1370.3535597771665,0.29182420247015517
2024-11-13,1464.1518815,sh.600519,贵州茅台,0.0008242454983515834,0.0008239059945743054,1486.472661276,1446.301936104,1372.5549664705,0.2807728596464244
2024-11-14,1459.7923542,sh.600519,贵州茅台,-0.0029775102945833742,-0.0029819518971632634,1472.496202264,1449.975069744,1374.8860768306668,0.27119214649491996
2024-11-15,1446.064481,sh.600519,贵州茅台,-0.009403990341847912,-0.009448487043106626,1463.040665818,1450.809872844,1377.138499269,0.2525282980059889
2024-11-18,1446.064481,sh.600519,贵州茅台,0.0,0.0,1455.8038505,1452.210486934,1379.1808295938333,0.2505010803827399
2024-11-19,1430.22177328,sh.600519,贵州茅台,-0.01095574085952522,-0.01101619695479911,1449.258994196,1452.1603987479998,1380.8924851351665,0.25202154638742813
2024-11-20,1432.90241879,sh.600519,贵州茅台,0.0018742866037149142,0.0018725323202564408,1443.009101654,1451.1080830625,1382.7378637656666,0.24519052669710417
2024-11-21,1433.19923767,sh.600519,贵州茅台,0.00020714521526921104,0.00020712376366145404,1437.690478348,1450.7801909559998,1384.6302387188332,0.24280164984341257
2024-11-22,1398.59201138,sh.600519,贵州茅台,-0.024146835541346,-0.024443150138596142,1428.195984424,1448.4135241674999,1386.0252874548335,0.25654810690823543
2024-11-25,1390.01209063,sh.600519,贵州茅台,-0.006134684511413746,-0.006153579002570189,1416.98550635,1445.332636949,1387.3937461661667,0.2561843303443052
2024-11-26,1399.686531,sh.600519,贵州茅台,0.00695996850330638,0.00693585972212014,1410.878457894,1444.28356772,1388.847076526,0.24747211207051106
2024-11-27,1409.00849895,sh.600519,贵州茅台,0.006660039761431369,0.006637959678554758,1406.0996739260002,1443.6829732675,1390.5019963751668,0.24881679419276437
2024-11-28,1408.034562,sh.600519,贵州茅台,-0.0006912214871136468,-0.0006914604908284525,1401.066738792,1443.228933137,1392.263276323,0.2486564736693793
2024-11-29,1415.21386866,sh.600519,贵州茅台,0.00509881422924896,0.005085859293855584,1404.3911102480001,1442.8574457575,1394.377183284,0.24895505806414275
2024-12-02,1414.527475,sh.600519,贵州茅台,-0.0004850105522564707,-0.0004851282079187339,1409.294187122,1441.7814773175,1396.1039889556666,0.24637551182673695
2024-12-03,1416.14142766,sh.600519,贵州茅台,0.0011409836065574552,0.0011403331794663243,1412.585166454,1439.45098533,1397.3956148631664,0.2358653992934618
2024-12-04,1409.88968,sh.600519,贵州茅台,-0.004414635104864062,-0.004424408380656276,1412.761402664,1437.0857098800002,1399.3280294465,0.23595466732644693
2024-12-05,1401.541649,sh.600519,贵州茅台,-0.005921052631578938,-0.005938651567582494,1411.462820064,1430.679059867,1400.8894204298335,0.1378068506889716
2024-12-06,1410.82651459,sh.600519,贵州茅台,0.006624751819986674,0.006602904586899701,1410.58534925,1426.553277435,1402.7601523396665,0.12233666300333065
2024-12-09,1408.7766092,sh.600519,贵州茅台,-0.0014529819001848354,-0.0014540385019921902,1409.4351760900001,1422.8796800155,1404.5212776943333,0.12117755427343115
2024-12-10,1434.55347381,sh.600519,贵州茅台,0.018297340005267282,0.018131958000444953,1413.11758532,1421.460050966,1406.8183775578334,0.1353168115719114
2024-12-11,1424.3596004,sh.600519,贵州茅台,-0.00710595568314798,-0.007131323231449495,1416.0115694,1419.470436911,1409.3011438145002,0.1368608557389905
2024-12-12,1452.3718822,sh.600519,贵州茅台,0.01966657983849962,0.019475691347171184,1426.17761604,1419.0994133110003,1412.2044034844998,0.15559177400041288
2024-12-13,1408.962121,sh.600519,贵州茅台,-0.0298888746966407,-0.030344651878040963,1425.8047373220002,1417.2442953109999,1414.3532485011667,0.185721664433939
2024-12-16,1416.5681048,sh.600519,贵州茅台,0.0053982883475969246,0.005383769815764825,1427.363036442,1415.7694765009999,1417.3236016055,0.1871799455179421
2024-12-17,1445.136922,sh.600519,贵州茅台,0.020167627029858526,0.019966954019155676,1429.47972608,1416.5152339370002,1421.2482583276667,0.19746384993553456
2024-12-18,1457.6589685,sh.600519,贵州茅台,0.008664955070603275,0.008627629806928654,1436.1395997,1417.7530614225002,1425.9571661843333,0.1995090146521437
2024-12-19,1438.65328459,sh.600519,贵州茅台,-0.013038498250079411,-0.013124245628612108,1433.395880178,1418.0257637685002,1430.4405226108333,0.2055948825096072
2024-12-20,1433.819886,sh.600519,贵州茅台,-0.0033596688248465068,-0.0033653251847034172,1438.367433178,1419.7871574995,1434.7981811895002,0.1850680777448647
2024-12-23,1438.01206635,sh.600519,贵州茅台,0.00292378449408659,0.0029195185493152906,1442.6562254879998,1422.1871562855,1439.2625026143332,0.1830174563475542
2024-12-24,1449.66538566,sh.600519,贵州茅台,0.008103770185725168,0.008071110963360563,1443.56191822,1424.6860990185,1442.2041343186668,0.18349271511412427
2024-12-25,1441.35639,sh.600519,贵州茅台,-0.005731664522166446,-0.005748153547825983,1440.30140252,1426.303493571,1444.5991568020002,0.18442675928289473
2024-12-26,1439.27443077,sh.600519,贵州茅台,-0.0014444444444443594,-0.001445488659982922,1440.425631756,1427.8654870095002,1444.9497687981666,0.18454853686312953
2024-12-27,1440.38606511,sh.600519,贵州茅台,0.0007723574575038139,0.0007720593429735111,1441.7388675779998,1429.1240968319999,1443.7698845033335,0.18396257060742222
2024-12-30,1436.646075,sh.600519,贵州茅台,-0.0025965192253607494,-0.0025998960279597005,1441.465669308,1430.230026832,1440.69110022,0.18433271331139478
2024-12-31,1435.704012,sh.600519,贵州茅台,-0.0006557377049181135,-0.0006559527949204954,1438.673394576,1431.208156049,1437.9830978033335,0.18440416006858856
2020-01-02,13.24875328,sz.000001,平安银行,,,,,,
2020-01-03,13.49220992,sz.000001,平安银行,0.018375815056312916,0.018209019998232316,,,,
2020-01-06,13.40582208,sz.000001,平安银行,-0.006402793946449381,-0.00642337974976009,,,,
2020-01-07,13.4686496,sz.000001,平安银行,0.004686584651435233,0.004675636805599644,,,,
2020-01-08,13.08383104,sz.000001,平安银行,-0.028571428571428692,-0.028987536873252413,13.339853184,,,
2020-01-09,13.18592576,sz.000001,平安银行,0.007803121248499467,0.007772834350752887,13.327287680000001,,,
2020-01-10,13.10739136,sz.000001,平安银行,-0.005955926146515855,-0.005973733415705816,13.250323968,,,
2020-01-13,13.34299456,sz.000001,平安银行,0.017974835230677,0.017815198010096896,13.237758464,,,
2020-01-14,13.16236544,sz.000001,平安银行,-0.01353737492642726,-0.013629840629903621,13.176501632,,,
2020-01-15,12.97388288,sz.000001,平安银行,-0.014319809069212486,-0.014423326961105052,13.154512,,,
2020-01-16,12.82466752,sz.000001,平安银行,-0.01150121065375298,-0.011567861110458216,13.082260352,,,
2020-01-17,12.87178816,sz.000001,平安银行,0.003674219228413822,0.0036674857733644335,13.035139712,,,
2020-01-20,12.9189088,sz.000001,平安银行,0.0036607687614400586,0.0036540844556427372,12.95032256,,,
2020-01-21,12.565504,sz.000001,平安银行,-0.027355623100303927,-0.027736754971599636,12.830950272,,,
2020-01-22,12.63618496,sz.000001,平安银行,0.005624999999999991,0.0056092387645105945,12.763410688,,,
2020-01-23,12.20424576,sz.000001,平安银行,-0.03418272218769425,-0.034780616064790486,12.639326336,,,
2020-02-03,10.98696256,sz.000001,平安银行,-0.09974259974259969,-0.10507455626211151,12.262361215999999,,,
2020-02-04,11.4660224,sz.000001,平安银行,0.04360257326661898,0.04267874003690092,11.971783936,,,
2020-02-05,11.48958272,sz.000001,平安银行,0.00205479452054802,0.0020526863177422615,11.756599679999999,,,
2020-02-06,11.59953088,sz.000001,平安银行,0.009569377990430672,0.009523881511255541,11.549268864,12.701761184,,
2020-02-07,11.48172928,sz.000001,平安银行,-0.010155721056195,-0.010207642221655997,11.404765567999998,12.613409984,,0.450088518404595
2020-02-10,11.387488,sz.000001,平安银行,-0.008207934336525335,-0.008241804895103755,11.484870656000002,12.508173887999998,,0.440200795443509
2020-02-11,11.61523776,sz.000001,平安银行,0.020000000000000018,0.01980262729617973,11.514713728,12.418644672000001,,0.4513577489987665
2020-02-12,11.59953088,sz.000001,平安银行,-0.0013522650439485862,-0.0013531801794199703,11.53670336,12.325188736,,0.4498358263040123
2020-02-13,11.5052896,sz.000001,平安银行,-0.008124576844956044,-0.008157761080212173,11.517855103999999,12.246261664,,0.44265673971256697
2020-02-14,11.80372032,sz.000001,平安银行,0.025938566552901055,0.02560786830180684,11.582253312,12.177151392,,0.4546873751617199
2020-02-17,12.07073728,sz.000001,平安银行,0.02262142381902854,0.022369353785621306,11.718903167999999,12.125318688,,0.46518219232072383
2020-02-18,11.9372288,sz.000001,平安银行,-0.011060507482107962,-0.011122129698273748,11.783301376,12.0550304,,0.4586199432754241
2020-02-19,11.96864256,sz.000001,平安银行,0.002631578947368318,0.0026281224062694084,11.857123712,11.995344256,,0.45828434405926005
2020-02-20,12.24351296,sz.000001,平安银行,0.02296587926509197,0.02270613281118504,12.004768384,11.95882576,,0.46654273538919616
2020-02-21,12.23565952,sz.000001,平安银行,-0.0006414368184733954,-0.0006416426270829612,12.091156223999999,11.92937536,,0.46534460684946893
2020-02-24,11.96078912,sz.000001,平安银行,-0.02246469833119391,-0.022720873535531837,12.069166592,11.883825408,,0.47039649229897984
2020-02-25,11.81157376,sz.000001,平安银行,-0.012475377544320376,-0.012553848385376633,12.044035584,11.828458655999999,,0.47074805024163574
2020-02-26,11.77230656,sz.000001,平安银行,-0.0033244680851063357,-0.0033300064071873827,12.004768384,11.788798783999999,,0.46261862625181077
2020-02-27,11.86654784,sz.000001,平安银行,0.008005336891260928,0.007973464170141952,11.92937536,11.750316928,,0.4632727443284887
2020-02-28,11.387488,sz.000001,平安银行,-0.04037061548643295,-0.04120812685811961,11.759741056,11.70947904,,0.46932815181774196
2020-03-02,11.61523776,sz.000001,平安银行,0.020000000000000018,0.01980262729617973,11.690630784,11.740892800000001,,0.3061522927912733
2020-03-03,11.56026368,sz.000001,平安银行,-0.0047329276538200515,-0.004744163421978154,11.640368768,11.745604863999999,,0.26656563436035396
2020-03-04,11.53670336,sz.000001,平安银行,-0.0020380434782608647,-0.0020401231149442377,11.593248128,11.747960895999999,,0.26665382220908035
2020-03-05,12.08644416,sz.000001,平安银行,0.047651463580667075,0.04655095766500188,11.637227392,11.77230656,,0.31416793131545384
2020-03-06,11.80372032,sz.000001,平安银行,-0.023391812865496964,-0.02366974408590462,11.720473856,11.788406112,,0.32444149640536424
2020-03-09,11.3482208,sz.000001,平安银行,-0.03858948769128412,-0.039353789206441975,11.667070464,11.786442752000001,,0.35324490968731886
2020-03-10,11.59167744,sz.000001,平安银行,0.02145328719723172,0.02122640461388516,11.673353216,11.785264735999998,,0.3543687055448743
2020-03-11,11.53670336,sz.000001,平安银行,-0.004742547425474197,-0.004753828986540443,11.673353215999999,11.78212336,,0.3547615569080973
2020-03-12,11.52884992,sz.000001,平安银行,-0.000680735194009574,-0.000680966999416458,11.561834368,11.783301376,,0.35349183854069877
2020-03-13,11.40319488,sz.000001,平安银行,-0.010899182561308063,-0.010959013789719654,11.48172928,11.763275104,,0.34210901627621915
2020-03-16,10.79848,sz.000001,平安银行,-0.05303030303030298,-0.05448818528406968,11.37178112,11.699662239999999,,0.3751485472533953
2020-03-17,10.53146304,sz.000001,平安银行,-0.02472727272727271,-0.025038126818993124,11.159738240000001,11.629373952,,0.38102890687473234
2020-03-18,9.98172224,sz.000001,平安银行,-0.05219985085756906,-0.053611612092224564,10.848742016,11.530027936,,0.4129816701613918
2020-03-19,9.60475712,sz.000001,平安银行,-0.037765538945711996,-0.03849713550228165,10.463923456,11.398090144,,0.4074243866448196
2020-03-20,9.83250688,sz.000001,平安银行,0.023712183156173294,0.02343541597287143,10.149785856,11.277932512,,0.42502092046678924
2020-03-23,9.5419296,sz.000001,平安银行,-0.02955271565495221,-0.02999819588539514,9.898475776000002,11.156989536000001,,0.42839194321776836
2020-03-24,9.90318784,sz.000001,平安银行,0.037860082304526754,0.03716098019027073,9.772820736,11.06157024,,0.4618659617166217
2020-03-25,10.10737728,sz.000001,平安银行,0.020618556701031077,0.02040887163120725,9.797951743999999,10.978323776,,0.4730187079300214
2020-03-26,10.25659264,sz.000001,平安银行,0.01476301476301467,0.014655102240249617,9.928318848,10.897826016,,0.4764898187435319
2020-03-27,10.3272736,sz.000001,平安银行,0.006891271056661541,0.006867634775488534,10.027272192,10.844815296,,0.46167259013789014
2020-03-30,10.16235136,sz.000001,平安银行,-0.01596958174904939,-0.01609846955101901,10.151356543999999,10.772170976,,0.45397770030188817
2020-03-31,10.0524032,sz.000001,平安银行,-0.010819165378670781,-0.010878118147183017,10.181199616,10.696777952,,0.4542186399658008
2020-04-01,10.12308416,sz.000001,平安银行,0.007031249999999822,0.007006646025524361,10.184340992,10.626096992,,0.4565543806607474
2020-04-02,10.18591168,sz.000001,平安银行,0.006206361520558756,0.006187181377256677,10.1702048,10.531070368,11.668379370666665,0.41348518850028676
2020-04-03,9.90318784,sz.000001,平安银行,-0.02775636083269095,-0.028148848351524453,10.085387648,10.436043744,11.612619946666667,0.415896418984623
2020-04-07,10.11523072,sz.000001,平安银行,0.021411578112608964,0.02118557069937929,10.075963519999998,10.374394239999999,11.556336960000001,0.41267092525419635
2020-04-08,10.03669632,sz.000001,平安银行,-0.007763975155279379,-0.007794271726818685,10.072822144,10.296645184,11.500184864,0.4002919879532755
2020-04-09,10.00528256,sz.000001,平安银行,-0.003129890453834272,-0.0031347988053716147,10.049261824,10.220074144,11.442462080000002,0.40044660002324584
2020-04-10,10.04454976,sz.000001,平安银行,0.00392464678178972,0.0039169654467341155,10.02098944,10.145859136,11.391807392,0.40171015981492153
2020-04-13,9.88748096,sz.000001,平安银行,-0.015637216575449697,-0.015760767534495655,10.017848063999999,10.07007344,11.336833312,0.40273974382351185
2020-04-14,10.09952384,sz.000001,平安银行,0.0214455917394758,0.021218870753217555,10.014706688,10.035125632,11.286702186666666,0.37516573307418744
2020-04-15,10.10737728,sz.000001,平安银行,0.0007776049766718973,0.0007773027985620129,10.02884288,10.013921344,11.232775232,0.36646323669262015
2020-04-16,9.95816192,sz.000001,平安银行,-0.01476301476301467,-0.014873072598955336,10.019418752,10.012743327999999,11.17937184,0.31922076264419935
2020-04-17,10.12308416,sz.000001,平安银行,0.016561514195583493,0.016425867942016052,10.035125632,10.03865968,11.131858528,0.2907905258723704
2020-04-20,10.20161856,sz.000001,平安银行,0.007757951900698279,0.0077280137314122135,10.097953151999999,10.057115264,11.088141045333336,0.28091304136752493
2020-04-21,10.5628768,sz.000001,平安银行,0.03541185527328716,0.034799275365339964,10.190623744,10.108162623999998,11.049659189333333,0.2787965686167601
2020-04-22,10.39010112,sz.000001,平安银行,-0.01635687732341995,-0.01649212792098367,10.247168511999998,10.132508288,11.007512394666666,0.260486314459712
2020-04-23,10.39010112,sz.000001,平安银行,0.0,0.0,10.333556352,10.146644479999999,10.97125568,0.25162786104575224
2020-04-24,10.39795456,sz.000001,平安银行,0.0007558578987150177,0.0007555723819978115,10.388530432000001,10.153712576,10.933951839999999,0.24669915595258052
2020-04-27,10.602144,sz.000001,平安银行,0.01963746223564944,0.01944713493552151,10.468635520000001,10.167456096,10.907250144,0.25488703822081865
2020-04-28,10.61785088,sz.000001,平安银行,0.001481481481481639,0.001480385170434425,10.479630336,10.190231072,10.901098282666668,0.24646949508211863
2020-04-29,11.01052288,sz.000001,平安银行,0.03698224852071008,0.03631481099162602,10.603714688,10.238137056,10.893506623999999,0.2699845511795796
2020-04-30,10.93984192,sz.000001,平安银行,-0.006419400855920188,-0.006440093814729773,10.713662848,10.278974944,10.884344277333334,0.27265193484931255
2020-05-06,10.81418688,sz.000001,平安银行,-0.011486001435750182,-0.011552475051150857,10.796909312,10.310388704,10.871255210666668,0.2779568806701442
2020-05-07,10.75135936,sz.000001,平安银行,-0.005809731299927234,-0.005826673440205812,10.826752383999999,10.35279728,10.859082378666667,0.25561910986580116
2020-05-08,10.9555488,sz.000001,平安银行,0.018991964937910888,0.01881386896701712,10.894291968000001,10.394813184,10.851883392,0.2535995010658098
2020-05-11,10.994816,sz.000001,平安银行,0.0035842293906809264,0.0035778213478839024,10.891150591999999,10.442719168,10.841543029333334,0.24971692298023335
2020-05-12,10.82989376,sz.000001,平安银行,-0.015000000000000124,-0.015113637810048297,10.869160959999999,10.483949727999999,10.828715744,0.25805951604541083
2020-05-13,10.70423872,sz.000001,平安银行,-0.0116026105873821,-0.011670446096769137,10.847171328,10.516934176,10.815364896000002,0.2640103273580752
2020-05-14,10.4450752,sz.000001,平安银行,-0.02421129860601612,-0.02450921048073314,10.785914496,10.544813887999998,10.792720810666667,0.27374871108386684
2020-05-15,10.39010112,sz.000001,平安银行,-0.0052631578947367474,-0.005277057100843669,10.67282496,10.559342752000001,10.764710208,0.26604161057131515
2020-05-18,10.3665408,sz.000001,平安银行,-0.0022675736961452753,-0.002270148534539297,10.547169919999998,10.572300928,10.738532074666665,0.26637847754984983
2020-05-19,10.49219584,sz.000001,平安银行,0.0121212121212122,0.012048338516174574,10.479630336,10.599002624,10.713924629333333,0.2617982896445858
2020-05-20,10.60999744,sz.000001,平安银行,0.011227544910179743,0.011164983863607923,10.460782080000001,10.623348287999999,10.686699370666668,0.25873095152557096
2020-05-21,10.5236096,sz.000001,平安银行,-0.008142116950407119,-0.008175445015241816,10.476488960000001,10.639447839999999,10.658165205333335,0.2605756863995786
2020-05-22,10.14664448,sz.000001,平安银行,-0.035820895522387985,-0.036478208602409815,10.427797632,10.618636224000001,10.627929461333332,0.26095775803404947
2020-05-25,10.17805824,sz.000001,平安银行,0.003095975232198178,0.0030911925696728796,10.39010112,10.60803408,10.600704202666666,0.2557276893978093
2020-05-26,10.24088576,sz.000001,平安银行,0.006172839506172645,0.006153865574378066,10.339839104000001,10.600573312,10.575180522666667,0.2569539158391896
2020-05-27,10.209472,sz.000001,平安银行,-0.0030674846625766694,-0.0030721990369701403,10.259734016000001,10.591149183999999,10.547562591999998,0.25704500216365694
2020-05-28,10.44115248,sz.000001,平安银行,0.022692699485340695,0.022439050332991598,10.243242592000001,10.583099608,10.531790333333333,0.26047121840561205
2020-05-29,10.385232,sz.000001,平安银行,-0.00535577658760511,-0.0053701701745937505,10.290960096,10.571468664,10.511290237333332,0.26086405993729644
2020-06-01,10.64086848,sz.000001,平安银行,0.024615384615384484,0.024317307650706214,10.383522144,10.552985944,10.495966983999999,0.23984171961263287
2020-06-02,10.8246072,sz.000001,平安银行,0.01726726726726735,0.01711988221346691,10.500266432,10.547224208,10.484098714666667,0.24811994108750052
2020-06-03,10.81661856,sz.000001,平安银行,-0.0007380073800739018,-0.0007382798415810732,10.621695743999998,10.547345792,10.462934954666666,0.24466722198133786
2020-06-04,10.84058448,sz.000001,平安银行,0.0022156573116691725,0.002213206362648883,10.701582144,10.551807048,10.446882690666666,0.2437422166626203
2020-06-05,10.85656176,sz.000001,平安银行,0.0014738393515105752,0.0014727543162744601,10.795848096,10.546857696,10.438688373333333,0.23387164325528786
2020-06-08,10.88052768,sz.000001,平安银行,0.002207505518763808,0.0022050725583139755,10.843779936,10.54114328,10.426835877333334,0.2336153832026574
2020-06-09,10.92047088,sz.000001,平安银行,0.0036710719530101965,0.0036643500144918025,10.862952672,10.545672136,10.416565336,0.2274796557291879
2020-06-10,10.77667536,sz.000001,平安银行,-0.013167520117044584,-0.01325498051619364,10.854964032000002,10.549293968,10.404029093333332,0.22865006356588644
2020-06-11,10.44914112,sz.000001,平安银行,-0.03039288361749448,-0.030864324190611914,10.77667536,10.549497264000001,10.388128197333334,0.23833571750818613
2020-06-12,10.37724336,sz.000001,平安银行,-0.006880733944954143,-0.006904515346544487,10.680811680000001,10.548854376000001,10.381107586666666,0.23888946703990327
2020-06-15,10.24143648,sz.000001,平安银行,-0.013086989992301623,-0.01317337918998404,10.55299344,10.54259916,10.376273810666667,0.24332537751679176
2020-06-16,10.29735696,sz.000001,平安银行,0.005460218408736228,0.005445365458571918,10.428370656,10.532857216,10.381534389333334,0.23986909675233528
2020-06-17,10.2654024,sz.000001,平安银行,-0.003103180760279378,-0.003108005609867307,10.326116064,10.515627464,10.392545144,0.23567387414880922
2020-06-18,10.19350464,sz.000001,平安银行,-0.007003891050583522,-0.007028533424584846,10.274988768,10.499122216,10.398561773333334,0.2352855439018821
2020-06-19,10.2254592,sz.000001,平安银行,0.0031347962382444194,0.0031298930089275656,10.244631936,10.503062951999999,10.409953933333334,0.19748836563700967
2020-06-22,10.09764096,sz.000001,平安银行,-0.012499999999999956,-0.012578782206860073,10.215872831999999,10.499042088,10.413194818666666,0.20242558830426663
2020-06-23,10.0656864,sz.000001,平安银行,-0.0031645569620252223,-0.003169574761278956,10.16953872,10.49028212,10.412499970666666,0.2011632867105554
2020-06-24,10.2254592,sz.000001,平安银行,0.015873015873015817,0.015748356968139112,10.161550080000001,10.49108148,10.41198108,0.20938152191637274
2020-06-29,10.2254592,sz.000001,平安银行,0.0,0.0,10.167940992,10.480296816000001,10.410284173333332,0.19174461481886967
2020-06-30,10.2254592,sz.000001,平安银行,0.0,0.0,10.167940992000002,10.472308176,10.411335970666666,0.19106247216350092
2020-07-01,10.48109568,sz.000001,平安银行,0.02499999999999991,0.024692612590371414,10.244631936,10.464319536000001,10.418480845333333,0.19174220010384554
2020-07-02,10.72874352,sz.000001,平安银行,0.023628048780487854,0.02335322701920327,10.37724336,10.459526352000001,10.428575168000002,0.20075906853086356
2020-07-03,11.383812,sz.000001,平安银行,0.06105733432613558,0.05926589617951339,10.608913919999999,10.487886024000002,10.448540173333333,0.2963342228386821
2020-07-06,12.52618752,sz.000001,平安银行,0.10035087719298241,0.09562910820760222,11.069059584,10.572166176,10.492256834666666,0.45589782283166885
2020-07-07,12.36641472,sz.000001,平安银行,-0.012755102040816424,-0.012837146760680831,11.497250688000001,10.647658824,10.529776567999999,0.4612121347420345
2020-07-08,12.59009664,sz.000001,平安银行,0.01808785529715773,0.017926216268152113,11.91905088,10.733137271999999,10.57233324,0.4625046615470258
2020-07-09,12.40635792,sz.000001,平安银行,-0.014593908629441654,-0.014701447269137396,12.25457376,10.807431624,10.612351162666666,0.46911737942141757
2020-07-10,11.87111904,sz.000001,平安银行,-0.043142305215711496,-0.04410059787098256,12.352035168,10.862153807999999,10.642793984,0.4972588833546294
2020-07-13,11.89508496,sz.000001,平安银行,0.0020188425302827273,0.0020168074063046,12.225814656,10.934451000000001,10.676254050666667,0.47939217138496304
2020-07-14,11.72732352,sz.000001,平安银行,-0.01410342511752849,-0.01420382350954804,12.097996415999999,11.001955008,10.703384045333335,0.4828230263671906
2020-07-15,11.39978928,sz.000001,平安银行,-0.027929155313351495,-0.02832659169762447,11.859934943999999,11.059872647999999,10.724924245333334,0.49358694220211474
2020-07-16,11.3039256,sz.000001,平安银行,-0.008409250175192784,-0.00844480739949849,11.63944848,11.11020108,10.74735364,0.4961679588726963
2020-07-17,11.29593696,sz.000001,平安银行,-0.0007067137809185775,-0.0007069636208197833,11.524412064,11.161727808,10.766901186666667,0.49571374471910773
2020-07-20,11.76726672,sz.000001,平安银行,0.04172560113154167,0.04087857000611215,11.498848416,11.240415912,10.792995322666664,0.5097276209572131
2020-07-21,11.57553936,sz.000001,平安银行,-0.016293279022403295,-0.01642747414194793,11.468491584,11.30791992,10.809873032000002,0.51664280786325
2020-07-22,11.51163024,sz.000001,平安银行,-0.00552104899930983,-0.005536346321160251,11.490859776,11.378619384,10.828565184,0.5137876362807207
2020-07-23,11.19208464,sz.000001,平安银行,-0.027758501040943906,-0.028151049662515207,11.468491584,11.434939296,10.841931576,0.5275100430182679
2020-07-24,10.784664,sz.000001,平安银行,-0.03640256959314769,-0.03708167490453181,11.366236992,11.462899536,10.848376733333334,0.5465967095703415
2020-07-27,10.57695936,sz.000001,平安银行,-0.019259259259259198,-0.01944713493552155,11.128175520000001,11.480474544,10.847956989333333,0.5523430278781979
2020-07-28,10.65684576,sz.000001,平安银行,0.007552870090634434,0.007524489978615501,10.9444368,11.502043872,10.848606904,0.5525856229742547
2020-07-29,10.81661856,sz.000001,平安银行,0.014992503748125996,0.014881226996651334,10.805434464,11.518820016,10.845375165333333,0.5483371871004691
2020-07-30,10.68081168,sz.000001,平安银行,-0.01255539143279183,-0.012634876370277227,10.703179872,11.516423424,10.841057994666667,0.5445485191689929
2020-07-31,10.65684576,sz.000001,平安银行,-0.002243829468960401,-0.002246350626374193,10.677616224000001,11.480075112,10.838435642666667,0.49500623412919276
2020-08-03,10.85656176,sz.000001,平安银行,0.01874062968515755,0.01856718767557481,10.733536703999999,11.396593823999998,10.840189016,0.3248765827048705
2020-08-04,11.21605056,sz.000001,平安银行,0.0331125827814569,0.03257617043461267,10.845377664,11.339075615999999,10.844530712,0.3535012279012538
2020-08-05,10.99236864,sz.000001,平安银行,-0.019943019943019835,-0.02014456609246735,10.88052768,11.259189216,10.844489922666666,0.34679167489698337
2020-08-06,11.1042096,sz.000001,平安银行,0.010174418604651292,0.010123007631448598,10.965207264,11.194081800000001,10.849061853333332,0.35028559298505174
2020-08-07,10.9444368,sz.000001,平安银行,-0.014388489208633115,-0.014493007302566864,11.022725472,11.147747687999999,10.853065154666666,0.3228807614031687
2020-08-10,11.1441528,sz.000001,平安银行,0.018248175182481896,0.018083675433295546,11.08024368,11.11020108,10.864716448000001,0.3318154722036459
2020-08-11,11.28794832,sz.000001,平安银行,0.012903225806451646,0.012820688429061469,11.094623232,11.08823232,10.879680568,0.33372402865031686
2020-08-12,11.48766432,sz.000001,平安银行,0.017692852087756616,0.017538155596464627,11.193682368000001,11.092626072,10.898365960000001,0.3253497660152283
2020-08-13,11.32789152,sz.000001,平安银行,-0.013908205841446475,-0.014005831188919212,11.238418752000001,11.093824368,10.912294221333333,0.3279407863843986
2020-08-14,11.55956208,sz.000001,平安银行,0.020451339915373623,0.02024501953941091,11.361443807999999,11.107005624,10.928120298666666,0.3355832851858758
2020-08-17,12.13474416,sz.000001,平安银行,0.04975812024879067,0.048559775964289065,11.55956208,11.125379495999999,10.954972541333335,0.34932599519086327
2020-08-18,12.1027896,sz.000001,平安银行,-0.0026333113890718574,-0.0026367846523034392,11.722530336,11.151742008,10.98757496,0.343271597226958
2020-08-19,12.0628464,sz.000001,平安银行,-0.0033003300330032292,-0.003305788134499433,11.837566751999999,11.179302816,11.018988096,0.34267759550423055
2020-08-20,11.65542576,sz.000001,平安银行,-0.033774834437086065,-0.03435838128618434,11.903073599999999,11.202469872,11.042563762666667,0.35031820101889466
2020-08-21,11.5435848,sz.000001,平安银行,-0.00959561343385884,-0.009641947976253144,11.899878144,11.240415912,11.064798976,0.3229306191794892
2020-08-24,11.55157344,sz.000001,平安银行,0.0006920415224913601,0.0006918021721774718,11.783244,11.289146616,11.083305992,0.31177093348240376
2020-08-25,11.6634144,sz.000001,平安银行,0.009681881051175623,0.009635311983672092,11.69536896,11.339475048,11.104609032,0.3121298738455255
2020-08-26,11.47967568,sz.000001,平安银行,-0.015753424657534376,-0.01587882862335733,11.578734815999999,11.372627904000002,11.118589152,0.3177199096900596
2020-08-27,11.55157344,sz.000001,平安银行,0.006263048016701411,0.00624351663968502,11.557964352,11.416165992,11.130705255999999,0.3123446675569517
2020-08-28,12.08681232,sz.000001,平安银行,0.046334716459197844,0.04529331106964598,11.666609856000001,11.487664319999999,11.151875152,0.3451195098183579
2020-08-31,12.04686912,sz.000001,平安银行,-0.0033046926635822427,-0.0033101652204544922,11.765668991999998,11.547179688000002,11.171979896,0.34364958562671544
2020-09-01,12.09480096,sz.000001,平安银行,0.003978779840848823,0.00397088542949272,11.851946304,11.591117208,11.192617216,0.32772011027044856
2020-09-02,12.23859648,sz.000001,平安银行,0.011889035667106862,0.011818916303142385,12.003730464,11.653428600000002,11.215251696,0.3161779396649394
2020-09-03,11.9030736,sz.000001,平安银行,-0.02741514360313313,-0.027797951361031754,12.074030496,11.6933718,11.231628407999999,0.3364242685477717
2020-09-04,11.95100544,sz.000001,平安银行,0.00402684563758382,0.004018759594917655,12.04686912,11.743700232,11.251200576,0.32957944507322223
2020-09-07,11.93502816,sz.000001,平安银行,-0.0013368983957219305,-0.0013377928416599422,12.024500928,11.783244,11.275965359999999,0.326146057155238
2020-09-08,12.32647152,sz.000001,平安银行,0.03279785809906288,0.03227148667039819,12.07083504,11.83517016,11.308452496000001,0.3409556456868385
2020-09-09,12.15072144,sz.000001,平安银行,-0.014257939079714843,-0.014360560103867987,12.053260032,11.868323016,11.340273911999999,0.34356932764781395
2020-09-10,12.25457376,sz.000001,平安银行,0.008547008547008517,0.00851068966790861,12.123560064,11.914657128,11.372894191999999,0.338088972298998
2020-09-11,11.99094864,sz.000001,平安银行,-0.0215123859191656,-0.02174715029373956,12.131548704,11.936226456,11.401653296000001,0.34401911681911573
2020-09-14,12.2226192,sz.000001,平安银行,0.019320453031312468,0.0191361827530192,12.189066912,11.940620208,11.435471871999999,0.302500194583043
2020-09-15,12.2625624,sz.000001,平安银行,0.0032679738562091387,0.0032626456348163694,12.176285088,11.948608848000001,11.469423591999998,0.3024063714622916
2020-09-16,12.33446016,sz.000001,平安银行,0.005863192182410382,0.00584607056342391,12.213032832,11.962189536,11.506703912,0.30249675501885365
2020-09-17,12.43831248,sz.000001,平安银行,0.008419689119171014,0.00838444124927688,12.249780576,12.001333872,11.54624768,0.27330409192761723
2020-09-18,12.83774448,sz.000001,平安银行,0.03211303789338471,0.031608193903514256,12.419139744,12.066041856,11.589785768,0.2867775501628356
2020-09-21,12.66998304,sz.000001,平安银行,-0.013067828251400071,-0.013153963542719239,12.508612512000001,12.121962336,11.630527832000002,0.29389597719781335
2020-09-22,12.43831248,sz.000001,平安银行,-0.01828499369482972,-0.018454230360794924,12.543762528,12.16070724,11.66740872,0.30430716719980117
2020-09-23,12.48624432,sz.000001,平安银行,0.003853564547206201,0.003846158587478315,12.574119360000001,12.211035672,11.700827864,0.2957835454478385
2020-09-24,12.07882368,sz.000001,平安银行,-0.03262955854126692,-0.033173773681998434,12.5022216,12.237398184,11.723329199999998,0.32341769691770744
2020-09-25,12.13474416,sz.000001,平安银行,0.004629629629629761,0.004618945856294679,12.361621536,12.239794776,11.735844736,0.279183641647788
2020-09-28,12.23060784,sz.000001,平安银行,0.007899934167215239,0.007868893061910864,12.273746496,12.248981711999999,11.730918408,0.28007255978277684
2020-09-29,11.8231872,sz.000001,平安银行,-0.03331156107119526,-0.03387902889952297,12.15072144,12.235401024000002,11.721864616,0.30483014778969175
2020-09-30,12.11876688,sz.000001,平安银行,0.025000000000000133,0.024692612590371633,12.077225952000001,12.229409544,11.714009120000002,0.31552468716966414
2020-10-09,12.12675552,sz.000001,平安银行,0.0006591957811468152,0.0006589786070428022,12.08681232,12.24059364,11.70934908,0.2988255971981916
2020-10-12,12.7019376,sz.000001,平安银行,0.04743083003952586,0.04634033725870214,12.200251007999999,12.278140248,11.723196055999999,0.3411801999779364
2020-10-13,12.82975584,sz.000001,平安银行,0.010062893081761004,0.01001259929242977,12.320080608000001,12.322876632,11.738773904,0.3415380596472547
2020-10-14,12.80578992,sz.000001,平安银行,-0.0018679950186799577,-0.0018697418971540365,12.516601152000002,12.346842552,11.756748343999998,0.32428624610029566
2020-10-15,13.22918784,sz.000001,平安银行,0.03306300686213337,0.032528182335651926,12.738685344,12.400765872000001,11.78723832,0.33590862607561595
2020-10-16,13.6605744,sz.000001,平安银行,0.032608695652173836,0.03208831455150045,13.04544912,12.471065904,11.8265158,0.350328410501175
2020-10-19,13.96414272,sz.000001,平安银行,0.022222222222222143,0.021978906718775167,13.297890144000002,12.569725608,11.870985896,0.33954176283386367
2020-10-20,14.01207456,sz.000001,平安银行,0.003432494279176135,0.0034266167166475134,13.534353887999998,12.659198376,11.90839936,0.3371057683538446
2020-10-21,14.30765424,sz.000001,平安银行,0.02109464082098067,0.020875229128583483,13.834726752,12.761452968,11.953934607999999,0.34036364198941516
2020-10-22,14.02805184,sz.000001,平安银行,-0.01954215522054714,-0.01973562786564977,13.994499551999999,12.846132552,11.995874968,0.35410818685165407
2020-10-23,14.48340432,sz.000001,平安银行,0.03246013667425962,0.03194443655978903,14.159065536,12.948387144,12.050730296000001,0.3657569909672996
2020-10-26,14.1398928,sz.000001,平安银行,-0.02371759514616656,-0.02400338518697621,14.194215552,13.013494560000002,12.106650776,0.3703798153316579
2020-10-27,14.18782464,sz.000001,平安银行,0.003389830508474523,0.003384097984240494,14.229365568,13.08938664,12.166831863999999,0.36422891902323623
2020-10-28,14.08397232,sz.000001,平安银行,-0.007319819819819773,-0.007346741154245099,14.184629183999999,13.171669631999999,12.22395064,0.3565620442770526
2020-10-29,14.19581328,sz.000001,平安银行,0.007941009642654429,0.00790964575678097,14.218181472000001,13.257148079999999,12.280270552,0.35645927662592575
2020-10-30,14.179836,sz.000001,平安银行,-0.0011254924029262536,-0.001126126245135136,14.157467808000002,13.362198695999998,12.338587624,0.32668371397984186
2020-11-02,14.08397232,sz.000001,平安银行,-0.006760563380281637,-0.00678351951164589,14.146283712000002,13.459660104,12.3957064,0.33083369930187007
2020-11-03,14.34759744,sz.000001,平安银行,0.01871809415768566,0.018545066464274583,14.178238271999998,13.565509584,12.453890328,0.33314918281900485
2020-11-04,14.63518848,sz.000001,平安银行,0.020044543429844186,0.01984629637193075,14.288481504,13.706109648,12.51087596,0.2967743134631072
2020-11-05,14.1398928,sz.000001,平安银行,-0.03384279475982532,-0.034428719666200744,14.277297408,13.807165944,12.563334696,0.331176159274344
2020-11-06,14.09196096,sz.000001,平安银行,-0.003389830508474634,-0.003395589001138272,14.259722400000001,13.905426216,12.613130552000001,0.332666548830221
2020-11-09,14.25173376,sz.000001,平安银行,0.01133786848072571,0.011274076573218161,14.293274688,13.982916024,12.668252168,0.2984718377892505
2020-11-10,14.46742704,sz.000001,平安银行,0.015134529147982079,0.015021144743458711,14.317240608,14.064799584,12.723640071999998,0.2999402061284694
2020-11-11,14.22776784,sz.000001,平安银行,-0.01656543346217565,-0.016704174593751786,14.235756480000001,14.13589848,12.772637064000001,0.30956267475779775
2020-11-12,14.10793824,sz.000001,平安银行,-0.008422234699607012,-0.008457902125756379,14.229365568,14.179836,12.816308295999999,0.29519029104267847
2020-11-13,13.72448352,sz.000001,平安银行,-0.027180067950169806,-0.027556278619704572,14.15587008,14.183031456,12.856251496,0.29296802678384765
2020-11-16,13.87626768,sz.000001,平安银行,0.01105937136204882,0.01099866369690418,14.080776864,14.178637704,12.894863256,0.2844947036267199
2020-11-17,14.24374512,sz.000001,平安银行,0.026482440990212908,0.02613785162203537,14.03604048,14.190221231999999,12.930013271999998,0.299716217333675
2020-11-18,14.74702944,sz.000001,平安银行,0.03533370723499729,0.03472379719965715,14.139892800000002,14.212189992,12.974083936,0.31619339577559474
2020-11-19,15.0585864,sz.000001,平安银行,0.021126760563380254,0.020906684819313643,14.330022431999998,14.26371672,13.024012936,0.31289021792481025
2020-11-20,15.06657504,sz.000001,平安银行,0.0005305039787799615,0.0005303633112917868,14.598440736,14.292875255999999,13.080865424,0.29396718860610815
2020-11-23,15.67371168,sz.000001,平安银行,0.040296924708377535,0.039506176931905605,14.957929536,14.3695662,13.149700872,0.30682873925168275
2020-11-24,15.46600704,sz.000001,平安银行,-0.013251783893985847,-0.013340372288786186,15.202381919999999,14.43347532,13.214941432,0.3138375539695003
2020-11-25,15.22634784,sz.000001,平安银行,-0.015495867768594906,-0.015617183622374768,15.298245600000001,14.490594096,13.274323656000002,0.319219958146201
2020-11-26,15.577848,sz.000001,平安银行,0.023084994753410193,0.022822567343644976,15.40209792,14.559695832,13.342626528,0.3260899045536687
2020-11-27,15.7376208,sz.000001,平安银行,0.01025641025641022,0.010204170174241668,15.536307072,14.637585071999998,13.412393984000001,0.32582366471411084
2020-11-30,15.76957536,sz.000001,平安银行,0.0020304568527917954,0.002028398261392619,15.555479807999998,14.721865224000002,13.473773368,0.3229446543224387
2020-12-01,16.0172232,sz.000001,平安银行,0.015704154002026405,0.01558211974724273,15.66572304,14.805346512,13.539945936,0.3215277156752457
2020-12-02,15.68170032,sz.000001,平安银行,-0.02094763092269336,-0.021170145464208593,15.756793536,14.857672103999999,13.599727591999999,0.33010554980446655
2020-12-03,15.60980256,sz.000001,平安银行,-0.004584819154355491,-0.004595361673732927,15.763184447999999,14.931167592,13.65591436,0.30107521525715947
2020-12-04,15.4180752,sz.000001,平安银行,-0.0122824974411464,-0.012358550703796848,15.699275327999999,14.997473304,13.71449772,0.30602569358294884
2020-12-07,15.10651824,sz.000001,平安银行,-0.020207253886010412,-0.02041421324047379,15.566663904,15.040212528000001,13.7670896,0.3172077781727405
2020-12-08,14.94674544,sz.000001,平安银行,-0.01057641459545211,-0.010632742384367847,15.352568352,15.064178448000002,13.817284888,0.31740477279107143
2020-12-09,14.94674544,sz.000001,平安银行,0.0,0.0,15.205577376000003,15.100127328,13.860956119999999,0.3100397671016035
2020-12-10,14.8988136,sz.000001,平安银行,-0.003206841261357618,-0.0032119941961737553,15.063379584,15.139671095999997,13.906757656,0.3081166783411115
2020-12-11,14.79496128,sz.000001,平安银行,-0.006970509383377954,-0.00699491687179116,14.938756800000002,15.193194984000002,13.949097448000002,0.28974463944445983
2020-12-14,15.08255232,sz.000001,平安银行,0.01943844492440605,0.019251931499321306,14.933963616,15.253509216000001,14.000624176,0.2939789548945875
2020-12-15,14.97071136,sz.000001,平安银行,-0.007415254237288171,-0.007442883907078536,14.938756799999998,15.289857528000002,14.046425712000001,0.28458723834366806
2020-12-16,15.18640464,sz.000001,平安银行,0.014407684098185713,0.01430487969006168,14.98668864,15.311826288,14.095156416,0.261459784526097
2020-12-17,15.1384728,sz.000001,平安银行,-0.0031562335612834724,-0.003161224971902376,15.034620480000001,15.315820608,14.141889959999999,0.25141804420410185
2020-12-18,14.66714304,sz.000001,平安银行,-0.0311345646437996,-0.03162954633609108,15.009056831999999,15.295849008000001,14.179037136,0.27517381470695984
2020-12-21,14.60323392,sz.000001,平安银行,-0.004357298474945481,-0.0043668191663404025,14.913193152,15.24232512,14.20846196,0.22735608562055323
2020-12-22,14.2996656,sz.000001,平安银行,-0.020787746170678245,-0.021006853179294543,14.778984,15.184008047999999,14.235623336,0.23317180881959254
2020-12-23,14.379552,sz.000001,平安银行,0.005586592178770999,0.0055710450494554295,14.617613471999999,15.141668255999999,14.267977328,0.23115845934543428
2020-12-24,14.58725664,sz.000001,平安银行,0.014444444444444482,0.014341117270657754,14.50737024,15.092138688,14.302994199999999,0.22011849191241045
2020-12-25,14.41150656,sz.000001,平安银行,-0.012048192771084376,-0.01212136053234485,14.456242944,15.025832976,14.341872248,0.21625475513994416
2020-12-28,15.0585864,sz.000001,平安银行,0.04490022172949004,0.04392139925954219,14.54731344,14.990283527999997,14.390602951999998,0.27771400555913056
2020-12-29,15.31422288,sz.000001,平安银行,0.016976127320954992,0.016833643163533443,14.750224896,14.955133512,14.441996536000001,0.2788336318718079
2020-12-30,15.3381888,sz.000001,平安银行,0.0015649452269168584,0.0015637219761825373,14.941952255999999,14.937957935999998,14.500579896,0.2699562797371551
2020-12-31,15.45002976,sz.000001,平安银行,0.007291666666666696,0.007265210991412432,15.114506879999999,14.929969296,14.556100943999999,0.2711364386718803
2021-01-04,14.8588704,sz.000001,平安银行,-0.03826266804550149,-0.03901390930599264,15.203979648,14.902009056,14.601636191999999,0.3003741078220204
2021-01-05,14.51535888,sz.000001,平安银行,-0.02311827956989243,-0.0233896983110757,15.095334144,14.872451088,14.63185988,0.30292303722421493
2021-01-06,15.62577984,sz.000001,平安银行,0.07649972482113365,0.07371478219859139,15.157645536,14.906402808,14.67846028,0.4087491630597637
2021-01-07,15.8973936,sz.000001,平安银行,0.017382413087934534,0.017233067123775408,15.269486495999999,14.953935216,14.729987008,0.41196502350820846
2021-01-08,15.8574504,sz.000001,平安银行,-0.002512562814070307,-0.002515724597247247,15.350970624000002,15.001867056,14.773791383999999,0.4118246547603996
2021-01-11,16.28084832,sz.000001,平安银行,0.026700251889168802,0.02635002066137937,15.635366207999999,15.076161407999999,14.817462616,0.4178388798888597
2021-01-12,16.776144,sz.000001,平安银行,0.0304219823356231,0.029968409928844184,16.087523232000002,15.160840991999999,14.864329304,0.4245952100863923
2021-01-13,16.5364848,sz.000001,平安银行,-0.014285714285714235,-0.014388737452099556,16.269664224,15.239129663999998,14.906402808,0.42808931513943427
2021-01-14,16.11308688,sz.000001,平安银行,-0.02560386473429943,-0.025937348305202897,16.31280288,15.285463776,14.936493352000001,0.4402190309799751
2021-01-15,16.776144,sz.000001,平安银行,0.041150223103619155,0.04032608575730252,16.4965416,15.367347336,14.982294888,0.4592493817533716
2021-01-18,18.1342128,sz.000001,平安银行,0.08095238095238111,0.07784248676393414,16.867214496,15.540700823999998,15.043141696,0.5100646573544053
2021-01-19,17.84662176,sz.000001,平安银行,-0.01585903083700435,-0.015986130846302286,17.081310048,15.702870215999999,15.104920512000001,0.5162968665626092
2021-01-20,17.95047408,sz.000001,平安银行,0.005819158460161011,0.005802292556183018,17.364107904,15.88541064,15.167631336,0.5033396669921127
2021-01-21,17.75874672,sz.000001,平安银行,-0.010680907877169465,-0.010738358221132496,17.693239872,16.054370376,15.228877576,0.5093226049498876
2021-01-22,17.59897392,sz.000001,平安银行,-0.008996851102114345,-0.00903756716185354,17.857805856,16.20495624,15.28559692,0.5140478666117771
2021-01-25,17.96645136,sz.000001,平安银行,0.020880617339991137,0.02066560515697277,17.824253568,16.38270348,15.348707176000001,0.5086486543643204
2021-01-26,17.87058768,sz.000001,平安银行,-0.00533570475767009,-0.00534999046918609,17.829046752,16.523303543999997,15.411817432,0.4960790556830368
2021-01-27,18.43778112,sz.000001,平安银行,0.03173893607510059,0.03124566613786058,17.92650816,16.679481455999998,15.47998716,0.5019409226458109
2021-01-28,18.22208784,sz.000001,平安银行,-0.011698440207972283,-0.011767405343602162,18.019176383999998,16.823676408,15.539768815999999,0.5070050516325778
2021-01-29,18.44576976,sz.000001,平安银行,0.012275317843051248,0.012200587070107282,18.188535552,16.973463408,15.611533432,0.5070747609129961
2021-02-01,19.6121112,sz.000001,平安银行,0.06323083585967959,0.06131223087412567,18.51766752,17.211125448,15.703535936,0.5085946727113858
2021-02-02,18.59755392,sz.000001,平安银行,-0.05173116089613039,-0.05311723137729256,18.663060768,17.4152352,15.775966272,0.5454326122351851
2021-02-03,19.9316568,sz.000001,平安银行,0.0717353951890034,0.06927919933429057,18.961835904,17.630529048,15.867036768,0.5382934459848744
2021-02-04,19.6520544,sz.000001,平安银行,-0.014028056112224352,-0.014127379259210452,19.247829216,17.818262088,15.957441544,0.5462195250514225
2021-02-05,19.91567952,sz.000001,平安银行,0.013414634146341475,0.013325454597149405,19.541811168,18.021173544,16.054237232000002,0.5438336262377005
2021-02-08,19.8118272,sz.000001,平安银行,-0.005214600882470943,-0.005228244364530049,19.581754368,18.197722488,16.15569296,0.5441948957124839
2021-02-09,19.63607712,sz.000001,平安银行,-0.00887096774193552,-0.008910549033047764,19.789459008,18.340719144,16.251689784,0.5429018972730204
2021-02-10,19.02894048,sz.000001,平安银行,-0.030919446704637976,-0.031407540210734775,19.608915744,18.465341928,16.33144304,0.5552098608386384
2021-02-18,19.4123952,sz.000001,平安银行,0.02015113350125941,0.019950786419348693,19.560983904,18.630307344,16.409199136,0.5425133556764478
2021-02-19,19.0529064,sz.000001,平安银行,-0.01851851851851838,-0.018692133012152407,19.388429280000004,18.744145464000002,16.475771136,0.5382561910612679
2021-02-22,17.87857632,sz.000001,平安银行,-0.06163522012578615,-0.06361651445057104,19.001779104,18.73136364,16.522637824,0.5156241501240028
2021-02-23,17.51908752,sz.000001,平安银行,-0.020107238605898137,-0.02031214045398236,18.578381184,18.714986928000002,16.553394088,0.5175508637189025
2021-02-24,17.70282624,sz.000001,平安银行,0.010487916096671324,0.010433299449286329,18.313158335999997,18.702604536000003,16.590674407999998,0.5185622380316003
2021-02-25,17.64690576,sz.000001,平安银行,-0.003158844765343005,-0.0031638444470572995,17.960060448,18.697012488,16.63101704,0.5172297991960557
2021-02-26,17.07971232,sz.000001,平安银行,-0.03214124038026256,-0.032669111835126635,17.565421632,18.671049408,16.656048112,0.529068115660742
2021-03-01,17.1356328,sz.000001,平安银行,0.003274087932647385,0.003268739777126862,17.416832927999998,18.62950848,16.679348312,0.5230801735491031
2021-03-02,17.2954056,sz.000001,平安银行,0.00932400932400923,0.009280809074472783,17.372096543999998,18.600749376000003,16.704778816,0.5243722097082172
2021-03-03,18.38186064,sz.000001,平安银行,0.0628175519630485,0.06092344959877566,17.507903424,18.597953351999998,16.74418944,0.5605576695778747
2021-03-04,18.30996288,sz.000001,平安银行,-0.003911342894393655,-0.003919012200735607,17.640514848,18.602347103999996,16.787993816,0.5590015776164567
2021-03-05,17.84662176,sz.000001,平安银行,-0.02530541012216403,-0.025631098205484145,17.793896736,18.572389704,16.825274136,0.5646786937278865
2021-03-08,17.2554624,sz.000001,平安银行,-0.03312444046553287,-0.03368547895093553,17.817862656,18.454557263999998,16.855897256,0.5210877660197131
2021-03-09,16.6563144,sz.000001,平安银行,-0.03472222222222221,-0.03533936644530885,17.690044416,18.357495288000003,16.881727192,0.5044672829098483
2021-03-10,16.2968256,sz.000001,平安银行,-0.021582733812949728,-0.02181904739463984,17.273037408,18.175753728,16.904228528,0.4173795650506888
2021-03-11,16.99183728,sz.000001,平安银行,0.04264705882352948,0.041762728361975185,17.009412288,18.042742871999998,16.938313392,0.4562387831595129
2021-03-12,17.15959872,sz.000001,平安银行,0.009873060648801335,0.00982464042851832,16.87200768,17.904938832,16.975993144,0.4543210942589803
2021-03-15,17.2554624,sz.000001,平安银行,0.005586592178770777,0.005571045049455208,16.87200768,17.777120592,17.017001496,0.4565066505089655
2021-03-16,17.30339424,sz.000001,平安银行,0.002777777777777768,0.0027739268827252244,17.001423648,17.660486448,17.054015527999997,0.4575728376236872
2021-03-17,16.9359168,sz.000001,平安银行,-0.02123730378578015,-0.02146605989487769,17.129241888000003,17.555835264000002,17.086768952,0.4518082537282771
2021-03-18,17.35931472,sz.000001,平安银行,0.02499999999999991,0.024692612590371414,17.202737376,17.45318124,17.12298412,0.4557594159701726
2021-03-19,16.35274608,sz.000001,平安银行,-0.057984353428439994,-0.05973339459514016,17.041366848000003,17.318173224,17.143222008000002,0.49122572974870593
2021-03-22,17.2155192,sz.000001,平安银行,0.052760136785539924,0.051415416876558734,17.033378208,17.285020367999998,17.185694943999998,0.49078907050912723
2021-03-23,16.95988272,sz.000001,平安银行,-0.014849187935034758,-0.01496054083459202,16.964675904,17.257060128,17.224972424,0.4884855274857891
2021-03-24,16.40067792,sz.000001,平安银行,-0.03297220913801224,-0.03352804468432252,16.857628127999998,17.191952712,17.259989296,0.4989720652898097
2021-03-25,16.576428,sz.000001,平安银行,0.010716025328787238,0.010659015645865197,16.701050784,17.138428824,17.296603896,0.5014656733972639
2021-03-26,16.88798496,sz.000001,平安银行,0.018795180722891658,0.01862073376538436,16.808098559999998,17.128842456,17.334949368000004,0.4942824743033267
2021-03-29,17.16758736,sz.000001,平安银行,0.01655629139072845,0.01642073021232749,16.798512191999997,17.130440184,17.380884048,0.49772369537971417
2021-03-30,17.51908752,sz.000001,平安银行,0.02047463936714755,0.020267851775377776,16.910353152,17.14162428,17.421892399999997,0.5018847541466304
2021-03-31,17.58299664,sz.000001,平安银行,0.003647970816233581,0.003641333108573583,17.146816896,17.10168108,17.459705296,0.4462704181608218
2021-04-01,17.39925792,sz.000001,平安银行,-0.010449795547478491,-0.01050477803355596,17.31138288,17.056145832000002,17.494056448,0.44727478896194467
2021-04-02,17.175576,sz.000001,平安银行,-0.012855831037649201,-0.01293918237119728,17.368901088,17.022593544,17.522815552,0.44087101023093994
2021-04-06,17.31937152,sz.000001,平安银行,0.008372093023255811,0.008337241437828343,17.39925792,17.025789,17.563823904,0.4257995821740372
2021-04-07,17.28741696,sz.000001,平安银行,-0.0018450184501844769,-0.0018467225931646629,17.352923808,17.057344128000004,17.610024872,0.4051949457705589
2021-04-08,17.22350784,sz.000001,平安银行,-0.003696857670979714,-0.0037037079374844144,17.281026048,17.10367824,17.636653672,0.3961611055804551
2021-04-09,17.0158032,sz.000001,平安银行,-0.012059369202226278,-0.012132673325416909,17.204335104000002,17.104876536,17.655293832,0.37042421268455283
2021-04-12,16.5364848,sz.000001,平安银行,-0.028169014084507116,-0.028573372444056114,17.076516864,17.07372084,17.666611072000002,0.3818628693196995
2021-04-13,16.60039392,sz.000001,平安银行,0.0038647342995168366,0.0038572853997578733,16.932721344,17.040967416,17.671936831999997,0.38148349855237307
2021-04-14,16.51251888,sz.000001,平安银行,-0.005293551491819093,-0.005307611977404477,16.777741728000002,17.001423648,17.667543079999998,0.381314640855316
2021-04-15,16.26487104,sz.000001,平安银行,-0.014997581035316787,-0.015111182011354802,16.586014368,16.967871359999997,17.663016184,0.3777796564605579
2021-04-16,16.18498464,sz.000001,平安银行,-0.004911591355599154,-0.004923692861784612,16.419850656,16.909154856,17.66421448,0.36437159918835615
2021-04-19,16.8959736,sz.000001,平安银行,0.04392892398815418,0.042991406671749825,16.491748416,16.936316232000003,17.666211640000004,0.3400770481180456
2021-04-20,17.32736016,sz.000001,平安银行,0.025531914893617058,0.02521141934649607,16.637141664,16.94190828,17.652764096,0.297024804497723
2021-04-21,18.38186064,sz.000001,平安银行,0.060857538035961056,0.0590775792084913,17.011010016,17.013007176,17.661684744000002,0.3600520742189364
2021-04-22,18.35789472,sz.000001,平安银行,-0.0013037809647977738,-0.001304631626664747,17.429614752,17.110868016,17.668475088,0.3331437183624001
2021-04-23,18.60554256,sz.000001,平安银行,0.013489991296779857,0.013399811475640053,17.913726336,17.212323744000003,17.682588352,0.33382502971807765
2021-04-26,18.32594016,sz.000001,平安银行,-0.015027908973808568,-0.015141972195025064,18.199719648,17.284221503999998,17.694704456,0.3381876337289461
2021-04-27,18.32594016,sz.000001,平安银行,0.0,0.0,18.399435648,17.342139144,17.700695936,0.335327428043876
2021-04-28,18.6534744,sz.000001,平安银行,0.017872711421098586,0.017714872413681755,18.453758399999998,17.398858488,17.713744048000002,0.3337014790896705
2021-04-29,18.84520176,sz.000001,平安银行,0.01027837259100628,0.0102259093046772,18.551219808000003,17.461968744,17.720534392,0.33460932295675533
2021-04-30,18.60554256,sz.000001,平安银行,-0.012717253073336043,-0.012798809523333917,18.551219808,17.522282976,17.726925304,0.33597322363466625
2021-05-06,18.773304,sz.000001,平安银行,0.009016745384285096,0.008976337253863646,18.640692576,17.602169376,17.732384208,0.3307235749411547
2021-05-07,19.2126792,sz.000001,平安银行,0.023404255319148914,0.02313457540165689,18.818040384,17.696834759999998,17.725727008,0.3372026395387029
2021-05-10,19.06089504,sz.000001,平安银行,-0.007900207900207956,-0.00793157988200019,18.899524512,17.785508663999998,17.733449359999998,0.33960727989510653
2021-05-11,18.79726992,sz.000001,平安银行,-0.013830678960603304,-0.01392721393049872,18.889938144,17.864196768,17.714542912,0.34495510049916445
2021-05-12,18.8132472,sz.000001,平安银行,0.0008499787505311662,0.0008496177231555701,18.931479072000002,17.954068968,17.700562792000003,0.3396887532989305
2021-05-13,18.42979248,sz.000001,平安银行,-0.020382165605095537,-0.020592748276764453,18.862776768,18.048734352,17.675798008,0.3305300613295237
2021-05-14,18.77600472,sz.000001,平安银行,0.018785465998909512,0.018611198217431596,18.775441872,18.157514892000002,17.658534299999996,0.333697434205827
2021-05-17,19.0014456,sz.000001,平安银行,0.012006861063464935,0.011935350549272854,18.763551984,18.281961228,17.647957108,0.331310813523511
2021-05-18,19.2429894,sz.000001,平安银行,0.012711864406779627,0.012631746905900564,18.85269588,18.430867146,17.65152459,0.32107702240586894
2021-05-19,19.0014456,sz.000001,平安银行,-0.012552301255230103,-0.012631746905900574,18.89033556,18.571690194,17.644675430000003,0.32645256111881454
2021-05-20,19.17857772,sz.000001,平安银行,0.009322033898305104,0.00927885189558968,19.040092608000002,18.6858204,17.646769952,0.2981768247996068
2021-05-21,18.91287954,sz.000001,平安银行,-0.01385390428211597,-0.013950765256332723,19.067467571999998,18.765096369,17.664008339000002,0.29764555823157596
2021-05-24,18.90482808,sz.000001,平安银行,-0.0004257130693910982,-0.00042580371092559345,19.048144068,18.791244741,17.687104015,0.21066929334956114
2021-05-25,19.8065916,sz.000001,平安银行,0.047700170357751315,0.046597447978421455,19.160864508,18.863679585,17.722166771,0.26647894184327975
2021-05-26,20.13670146,sz.000001,平安银行,0.016666666666666607,0.016529301951210506,19.387915680000003,18.940237529999997,17.763663366,0.2682221633092265
2021-05-27,19.95956934,sz.000001,平安银行,-0.008796481407437051,-0.008835398842428574,19.544114004,19.021918989,17.811660983000003,0.26319428766931247
2021-05-28,19.726077,sz.000001,平安银行,-0.011698265429608834,-0.011767228496417958,19.706753495999997,19.091925831,17.854835053000002,0.26900433996124296
2021-05-31,19.4845332,sz.000001,平安银行,-0.012244897959183598,-0.01232048438804051,19.822694520000002,19.133478771,17.891320513,0.2693843058419107
2021-06-01,19.25909232,sz.000001,平安银行,-0.011570247933884281,-0.011637704080209709,19.713194664000003,19.154173299,17.905941041,0.2719716230982188
2021-06-02,19.23493794,sz.000001,平安银行,-0.0012541806020067714,-0.001254967744712904,19.53284196,19.185643067999997,17.921357291999996,0.2671795057382012
2021-06-03,19.13832042,sz.000001,平安银行,-0.005023022185014603,-0.005035679965615562,19.368592176,19.203893889,17.942885603,0.2667958320910103
2021-06-04,19.75828284,sz.000001,平安银行,0.032393773664282755,0.031880157910662864,19.375033344000002,19.231174071,17.984599276999997,0.27842036004486065
2021-06-07,19.5650478,sz.000001,平安银行,-0.009779951100244544,-0.009828088936262651,19.391136264,19.256381709,18.033078167,0.2793445779079922
2021-06-08,19.75023138,sz.000001,平安银行,0.009465020576131744,0.009420507923895219,19.489364075999998,19.304029782,18.090634930000004,0.2746412719264111
2021-06-09,19.8468489,sz.000001,平安银行,0.0048919690175297514,0.004880042218301375,19.611746267999997,19.355709866999998,18.138218457,0.2746713091610697
2021-06-10,19.4845332,sz.000001,平安银行,-0.018255578093306246,-0.01842426732605836,19.680988824,19.408446902999998,18.176967365,0.27238312853716756
2021-06-11,18.81626202,sz.000001,平安银行,-0.0342975206611571,-0.034899484611874206,19.49258466,19.410459768000003,18.202980692,0.295572458284229
2021-06-15,18.69549012,sz.000001,平安银行,-0.006418485237484006,-0.006439172281021201,19.318673124,19.395161994,18.22618229,0.29309449131996385
2021-06-16,18.72769596,sz.000001,平安银行,0.0017226528854434875,0.0017211708207728316,19.11416604,19.369397322,18.256045276,0.28901675829119217
2021-06-17,18.5988726,sz.000001,平安银行,-0.006878761822871837,-0.006902529562770463,18.86457078,19.349268672,18.276704574,0.28675395553887756
2021-06-18,18.2365569,sz.000001,平安银行,-0.01948051948051943,-0.01967276559870478,18.61497552,19.302167631,18.308101421,0.291303871498317
2021-06-21,17.84203536,sz.000001,平安银行,-0.02163355408388523,-0.021870990049959987,18.420130187999998,19.248625421999996,18.318543357,0.29663635420250534
2021-06-22,18.49420362,sz.000001,平安银行,0.03655234657039719,0.035900154821923894,18.379872888,19.228094199,18.344115371999997,0.3278686854555992
2021-06-23,18.63107844,sz.000001,平安银行,0.0074009577710056895,0.007373705064523663,18.360549384000002,19.169318541,18.381288714,0.27570055901028
2021-06-24,18.58276968,sz.000001,平安银行,-0.002592912705272288,-0.0025962801256317353,18.357328799999998,19.091621952,18.414727742,0.265861096069306
2021-06-25,18.80821056,sz.000001,平安银行,0.012131715771230622,0.012058716320127614,18.471659531999997,19.034054013000002,18.446731501999995,0.27105086959863584
2021-06-28,18.34122588,sz.000001,平安银行,-0.02482876712328763,-0.025142199940990186,18.571497635999997,18.964811457,18.466292144,0.280589243463168
2021-06-29,17.98696164,sz.000001,平安银行,-0.019315188762071944,-0.019504164377981383,18.47004924,18.889932879,18.474090046,0.2846104240990223
2021-06-30,18.21240252,sz.000001,平安银行,0.012533572068039511,0.012455677046919864,18.386314056,18.837598389,18.484580144,0.2887560560788372
2021-07-01,18.6793872,sz.000001,平安银行,0.02564102564102555,0.025317807984289786,18.405637560000002,18.809820852,18.505915632,0.3057420779823911
2021-07-02,17.56023426,sz.000001,平安银行,-0.05991379310344824,-0.06178369845872655,18.156042300000003,18.730916544,18.512326603,0.36997234824207414
2021-07-05,17.76152076,sz.000001,平安银行,0.011462631820265745,0.011397433611818537,18.040101276,18.63107844,18.519695757,0.34953484562626946
2021-07-06,18.34122588,sz.000001,平安银行,0.03263825929283781,0.03211694419367976,18.110954124,18.569887344,18.537259238999997,0.37357339364647896
2021-07-07,18.1560423,sz.000001,平安银行,-0.010096575943810415,-0.010147892070348783,18.09968208,18.490177890000002,18.552801480000003,0.37139182845683383
2021-07-08,17.31869046,sz.000001,平安银行,-0.046119733924611994,-0.04721712266904869,17.827542732,18.363769968,18.557849600999997,0.3984630795439276
2021-07-09,17.12545542,sz.000001,平安银行,-0.011157601115759919,-0.011220314067492665,17.740586964,18.245816079,18.567665778,0.39647431446341364
2021-07-12,17.03688936,sz.000001,平安银行,-0.00517160319699117,-0.005185022222047294,17.595660684000002,18.156847446,18.574940702,0.382256882949782
2021-07-13,17.00468352,sz.000001,平安银行,-0.001890359168241984,-0.0018921481520379265,17.328352212000002,18.072307116,18.583143446,0.3823210722842256
2021-07-14,16.71483096,sz.000001,平安银行,-0.017045454545454586,-0.017192400540372875,17.040109944,17.971663866,18.590642778000003,0.3841024558535313
2021-07-15,17.40725652,sz.000001,平安银行,0.041425818882466325,0.04059075391337437,17.057823156,17.912083062,18.611013976,0.4183596374550642
2021-07-16,17.18181564,sz.000001,平安银行,-0.01295097132284928,-0.013035566337454979,17.0690952,17.859345999,18.615778009999996,0.4155752668382203
2021-07-19,17.07714666,sz.000001,平安银行,-0.006091846298031833,-0.006110477297016196,17.07714666,17.821101564000003,18.611607785,0.40977870327735083
2021-07-20,16.5860076,sz.000001,平安银行,-0.028760018859028902,-0.02918169278105583,16.993411476,17.725691763,18.581676900999998,0.3938285024403702
2021-07-21,16.4652357,sz.000001,平安银行,-0.007281553398058138,-0.007308193306724529,16.943492424,17.617399626,18.550132583999996,0.391068684501122
2021-07-22,16.40887548,sz.000001,平安银行,-0.0034229828850856903,-0.0034288546942321135,16.743816216,17.508704916,18.513521465999997,0.3909875429155747
2021-07-23,16.1834346,sz.000001,平安银行,-0.013738959764475034,-0.013834212729548746,16.544140008,17.377466117999997,18.47781304,0.3859050155246662
2021-07-26,15.1367448,sz.000001,平安银行,-0.0646766169154227,-0.06686294522912635,16.156059636000002,17.217242064,18.424659784000003,0.43308089400929095
2021-07-27,14.29939296,sz.000001,平安银行,-0.05531914893617018,-0.056908132271879484,15.698736707999998,17.03286363,18.35209176,0.4621212379840069
2021-07-28,14.2913415,sz.000001,平安银行,-0.0005630630630630851,-0.000563221642599225,15.263957868,16.836810578999998,18.276194088999997,0.4555684748494439
2021-07-29,14.46042216,sz.000001,平安银行,0.01183098591549303,0.011761546952628814,14.874267204,16.625862327,18.207108748999996,0.44303981082990906
2021-07-30,14.24303274,sz.000001,平安银行,-0.015033407572383028,-0.015147554702359591,14.486186831999998,16.460002251,18.131604228,0.40623787261222116
2021-08-02,14.50067946,sz.000001,平安银行,0.018089315997738886,0.017927651016170852,14.358973764000002,16.296960186,18.053070898999998,0.41154889399078
2021-08-03,14.40406194,sz.000001,平安银行,-0.006662965019433642,-0.006685261667236913,14.379907559999998,16.100101989000002,17.975457014000003,0.38029767542422477
2021-08-04,14.33965026,sz.000001,平安银行,-0.004471771939630997,-0.004481800219057427,14.389569312,15.909282387,17.901163353,0.3811416478104405
2021-08-05,14.23498128,sz.000001,平安银行,-0.007299270072992803,-0.00732604009207301,14.344481136000002,15.755096928,17.824858920999997,0.3585477492502863
2021-08-06,14.37990756,sz.000001,平安银行,0.010180995475113086,0.010129518238855576,14.371856099999999,15.617819535,17.757360839,0.3651860871096701
2021-08-09,15.34608276,sz.000001,平安银行,0.06718924972004481,0.06502832277770308,14.54093676,15.533279205,17.700195472999997,0.4534471352629363
2021-08-10,15.88553058,sz.000001,平安银行,0.035152151101783824,0.034548421808467907,14.837230488,15.477321558,17.648263556,0.475170026328266
2021-08-11,15.94994226,sz.000001,平安银行,0.0040547389761784736,0.004046540675935648,15.159288888,15.439077123,17.593379437000003,0.472778500183782
2021-08-12,16.01435394,sz.000001,平安银行,0.004038364462392696,0.004030232155421235,15.515163419999999,15.369431994,17.543594575999997,0.445136271071666
2021-08-13,16.01435394,sz.000001,平安银行,0.0,0.0,15.842052696000001,15.311058909000002,17.490857512999998,0.443972305387961
2021-08-16,16.0626627,sz.000001,平安银行,0.003016591251885359,0.003012050469991621,15.985368683999999,15.260334710999999,17.443353898999998,0.44434600587963596
2021-08-17,15.83722182,sz.000001,平安银行,-0.01403508771929829,-0.014134510934904806,15.975706932000003,15.222895421999999,17.392227128,0.4358784847610302
2021-08-18,16.60211052,sz.000001,平安银行,0.04829689883070665,0.047166846187846154,16.106140584,15.229739163000001,17.33881911,0.47015660558947114
2021-08-19,16.37666964,sz.000001,平安银行,-0.01357904946653743,-0.013672087968400063,16.178603724000002,15.228128871000001,17.276151913,0.4727504483239686
2021-08-20,15.63593532,sz.000001,平安银行,-0.04523107177974428,-0.046285927757234974,16.10292,15.200753907000001,17.204091346,0.4977312794736142
2021-08-23,15.5393178,sz.000001,平安银行,-0.006179196704428458,-0.006198366952339019,15.998251019999998,15.220882557,17.134312026,0.4386733144825359
2021-08-24,15.58762656,sz.000001,平安银行,0.0031088082901555847,0.003103985937591234,15.948331968,15.285294236999999,17.069363582,0.38355755908512684
2021-08-25,15.42659736,sz.000001,平安银行,-0.010330578512396715,-0.010384309305716493,15.713229336000001,15.342057030000001,17.005488666,0.38685264927316065
2021-08-26,14.86299516,sz.000001,平安银行,-0.0365344467640919,-0.03721854346800843,15.410494439999999,15.362185680000001,16.932622953,0.41136269481482596
2021-08-27,14.80663494,sz.000001,平安银行,-0.003791982665222071,-0.003799190458476345,15.244634364000001,15.39036579,16.860428195,0.4072163484786145
2021-08-30,14.26718712,sz.000001,平安银行,-0.036432843936922366,-0.03711309343929496,14.990208228,15.378691173000002,16.768909933,0.4247041687734118
2021-08-31,14.3315988,sz.000001,平安银行,0.004514672686230403,0.004504512121104729,14.739002676000002,15.375068016,16.681685783,0.4243975538362832
2021-09-01,14.39601048,sz.000001,平安银行,0.004494382022471877,0.004484312447328586,14.5328853,15.377886026999999,16.592448768,0.4243145460957118
2021-09-02,14.8146864,sz.000001,平安银行,0.029082774049216997,0.028667894869571848,14.523223548,15.406871283000001,16.508579393,0.43492915632854545
2021-09-03,14.52483384,sz.000001,平安银行,-0.019565217391304346,-0.019759149980462333,14.466863327999999,15.414117597,16.425917737,0.4406061967832996
2021-09-06,14.8549437,sz.000001,平安银行,0.022727272727272707,0.022472855852058576,14.584414644,15.389560644,16.359895765,0.3752557603133948
2021-09-07,15.49100904,sz.000001,平安银行,0.04281842818428183,0.04192707475102423,14.816296692,15.369834566999998,16.306487747,0.385982355265534
2021-09-08,15.48295758,sz.000001,平安银行,-0.0005197505197505059,-0.0005198856368720542,15.033686112000002,15.346485332999999,16.252408774,0.3855328184890485
2021-09-09,15.297774,sz.000001,平安银行,-0.011960478419136833,-0.012032580434247972,15.130303631999999,15.310656336,16.197390464,0.3868273934920389
2021-09-10,16.56185322,sz.000001,平安银行,0.08263157894736839,0.07939472449842531,15.537707508,15.3380313,16.169478736,0.4899619595388799
2021-09-13,16.27200066,sz.000001,平安银行,-0.01750121536217797,-0.0176561722493362,15.821118899999998,15.348498197999998,16.143311491,0.4948562198775771
2021-09-14,15.59567802,sz.000001,平安银行,-0.04156358238495794,-0.04245205399662513,15.842052696,15.336421008000002,16.095002731,0.5152511823869097
2021-09-15,15.71644992,sz.000001,平安银行,0.0077439339184306455,0.0077141035660420005,15.888751163999999,15.292137978,16.046425589000002,0.4836883681692094
2021-09-16,15.36218568,sz.000001,平安银行,-0.02254098360655743,-0.022798914964806013,15.901633500000003,15.241413779999998,15.992749189,0.48749046658257106
2021-09-17,14.91935538,sz.000001,平安银行,-0.028825995807127858,-0.02924962572287203,15.573133932000001,15.205584783,15.927934936000002,0.4717544523021443
2021-09-22,14.47652508,sz.000001,平安银行,-0.029681597409606075,-0.03013101125379423,15.214038815999999,15.152445147,15.863523256,0.48183021846366986
2021-09-23,14.23498128,sz.000001,平安银行,-0.016685205784204737,-0.016825971833976903,14.941899467999999,15.084812883000001,15.80099025,0.48356358082959483
2021-09-24,13.9692831,sz.000001,平安银行,-0.018665158371040658,-0.01884155081662911,14.592466104,15.01194717,15.730271593,0.4858882231447303
2021-09-27,14.14641522,sz.000001,平安银行,0.012680115273775217,0.012600395806137624,14.349312012000002,14.976118172999998,15.65472206,0.47413267831150546
2021-09-28,14.46847362,sz.000001,平安银行,0.022766078542970858,0.022510798596461736,14.259135660000002,14.959210106999999,15.603192716,0.48214437298392143
2021-09-29,14.6133999,sz.000001,平安银行,0.01001669449081799,0.009966859915392074,14.286510623999998,14.976520746,15.550724035,0.46438184588289744
2021-09-30,14.43626778,sz.000001,平安银行,-0.012121212121212088,-0.012195273093818243,14.326767924,14.981754194999999,15.485641399999999,0.4667447229361888
2021-10-08,15.00792144,sz.000001,平安银行,0.0395984383714445,0.03883452164040361,14.534495591999999,15.012349743000001,15.433172719,0.48667118714850915
2021-10-11,15.6198324,sz.000001,平安银行,0.04077253218884125,0.039963256811837364,14.829179027999999,15.052607042999998,15.404858418,0.49679658687646533
2021-10-12,15.5795751,sz.000001,平安银行,-0.002577319587628857,-0.0025806465934916254,15.051399323999998,15.105344105999999,15.379093746,0.4901292818189443
2021-10-13,15.76475868,sz.000001,平安银行,0.011886304909560774,0.01181621762657356,15.281671079999999,15.150834855,15.357891568000001,0.4861166203650719
2021-10-14,15.46685466,sz.000001,平安银行,-0.018896833503575072,-0.01907766032189904,15.487788456,15.149627136000001,15.332261087,0.46881881883156984
2021-10-15,15.82917036,sz.000001,平安银行,0.02342529932326931,0.02315513793855539,15.65203824,15.166937775,15.317500077,0.47589614008673287
2021-10-18,15.53126634,sz.000001,平安银行,-0.018819938962360117,-0.018999287801382776,15.634325028000001,15.178612392,15.286233573999999,0.47908639426097255
2021-10-19,15.75670722,sz.000001,平安银行,0.014515292897874454,0.014410954490347062,15.669751452,15.138355092000001,15.262481766999999,0.37525544653572784
2021-10-20,15.49100904,sz.000001,平安银行,-0.016862544711292782,-0.017006336170424418,15.615001523999998,15.099305511,15.236046139999997,0.37491727721880125
2021-10-21,16.10292,sz.000001,平安银行,0.03950103950103956,0.038740828316430616,15.742214592,15.12466761,15.22799468,0.3724252194978596
2021-10-22,16.13512584,sz.000001,平安银行,0.0020000000000000018,0.001998002662673058,15.803405687999998,15.145601406,15.222492849,0.3717794582832064
2021-10-25,16.19953752,sz.000001,平安银行,0.003992015968063756,0.003984069014874292,15.937059924,15.187468998,15.219003883000001,0.3607180572075467
2021-10-26,16.1431773,sz.000001,平安银行,-0.0034791252485087965,-0.0034851914789601145,16.01435394,15.248660093999998,15.218332927999999,0.3418781862222699
2021-10-27,16.03850832,sz.000001,平安银行,-0.006483790523690969,-0.006504901596126214,16.123853796,15.326759255999999,15.23336232,0.32067375434881173
2021-10-28,15.87747912,sz.000001,平安银行,-0.010040160642570184,-0.010090902981962718,16.078765620000002,15.408884147999999,15.259663756000002,0.31544852249668487
2021-10-29,15.700347,sz.000001,平安银行,-0.011156186612576002,-0.011218883604788177,15.991809852,15.495437343,15.283147181,0.3088250714011332
2021-11-01,15.61178094,sz.000001,平安银行,-0.005641025641025754,-0.005656996315140795,15.874258536,15.568705629000002,15.302336494,0.31044037137058283
2021-11-02,14.63755428,sz.000001,平安银行,-0.062403300670448636,-0.06443538050522761,15.573133932,15.577159662000003,15.308911853,0.38458334191611493
2021-11-03,14.51678238,sz.000001,平安银行,-0.008250825082508184,-0.008285051534106806,15.268788744,15.572328786,15.309180235000001,0.3842818892459114
2021-11-04,14.38795902,sz.000001,平安银行,-0.0088740987243483,-0.008913708043889221,14.970884724000001,15.569913348,15.308911853,0.38310032418155937
2021-11-05,14.20277544,sz.000001,平安银行,-0.012870733072188001,-0.012954278592691404,14.671370411999998,15.529656047999998,15.306630605999999,0.3556595029661571
2021-11-08,14.02564332,sz.000001,平安银行,-0.012471655328798126,-0.012550079154288445,14.354142887999998,15.449946594000002,15.303141640000002,0.3179283737662899
2021-11-09,14.11420938,sz.000001,平安银行,0.006314580941446657,0.006294727508786437,14.249473907999999,15.376678308,15.298713337,0.32044887861367266
2021-11-10,14.0095404,sz.000001,平安银行,-0.007415858528237229,-0.007443492712659708,14.148025512,15.288917394,15.276437630999999,0.3144418968009853
2021-11-11,14.7744291,sz.000001,平安银行,0.05459770114942519,0.05315936828009585,14.225319528,15.254296116,15.257919272999999,0.375760803390278
2021-11-12,14.71001742,sz.000001,平安银行,-0.004359673024523225,-0.004369204110663996,14.326767924,15.198338469000001,15.237253858999999,0.36354993775019573
2021-11-15,14.83884078,sz.000001,平安银行,0.008757525998905225,0.008719401291816482,14.489407416,15.163717191,15.217661973,0.3612181597519328
2021-11-16,14.66976012,sz.000001,平安银行,-0.011394465545306653,-0.011459879849919741,14.600517564,15.109369836000003,15.195252076,0.3571619444586063
2021-11-17,14.58119406,sz.000001,平安银行,-0.006037321624588365,-0.006055619936490249,14.714848296,15.063879087,15.170560932,0.3537717109699084
2021-11-18,14.3315988,sz.000001,平安银行,-0.01711761457758143,-0.017265814597282533,14.626282236,14.975313026999999,15.145467215,0.31943074150014306
2021-11-19,14.6133999,sz.000001,平安银行,0.0196629213483146,0.019472103412820314,14.606958731999999,14.899226729999999,15.112322037999999,0.33096163079902385
2021-11-22,14.58924552,sz.000001,平安银行,-0.0016528925619834212,-0.001654260096026465,14.557039679999999,14.81871213,15.082531636,0.3295914820397502
2021-11-23,14.39601048,sz.000001,平安银行,-0.013245033112582849,-0.013333530869465256,14.502289752,14.731353789,15.061866221999999,0.3308083482191088
2021-11-24,14.38795902,sz.000001,平安银行,-0.0005592841163309936,-0.0005594405740313079,14.463642743999998,14.648826324000002,15.042676909,0.3312438016111846
2021-11-25,14.23498128,sz.000001,平安银行,-0.010632344711807518,-0.010689271961839315,14.444319239999999,14.566701431999999,15.020132821,0.3313650291615725
2021-11-26,14.15446668,sz.000001,平安银行,-0.005656108597285048,-0.005672164952466418,14.352532596,14.489407416,14.998930643,0.33063639069475337
2021-11-29,14.09810646,sz.000001,平安银行,-0.003981797497155881,-0.003989745959270478,14.254304783999999,14.413723692,14.986182498,0.3306436842754967
2021-11-30,14.04174624,sz.000001,平安银行,-0.003997715591090856,-0.004005727816926963,14.183451936,14.383933290000002,14.973434353,0.2513678223624651
2021-12-01,14.20277544,sz.000001,平安银行,0.011467889908256756,0.011402632097811552,14.14641522,14.368232942999999,14.972360825,0.2545468552333454
2021-12-02,14.16251814,sz.000001,平安银行,-0.0028344671201814275,-0.002838491829178464,14.131922592,14.356960899,14.969542813999999,0.2529583621252326
2021-12-03,14.2108269,sz.000001,平安银行,0.0034110289937465677,0.003405224629839093,14.143194636,14.357363472,14.966456421,0.24911698273249788
2021-12-06,14.5731426,sz.000001,平安银行,0.025495750708215192,0.025176154892474188,14.238201864,14.384738435999997,14.962430691,0.2598423316917627
2021-12-07,14.86299516,sz.000001,平安银行,0.019889502762430844,0.019694290802925944,14.402451648000001,14.422177725000001,14.968066713,0.2671680759274301
2021-12-08,14.87104662,sz.000001,平安银行,0.0005417118093173912,0.0005415651364424427,14.536105884,14.465253036000002,14.968335094999999,0.26464532024650633
2021-12-09,15.0562302,sz.000001,平安银行,0.012452625879805224,0.01237572964939248,14.714848296,14.479343090999999,14.961088781,0.18672220144195442
2021-12-10,14.79858348,sz.000001,平安银行,-0.01711229946524062,-0.01726040693299993,14.832399612,14.483771394000001,14.949682546,0.1968017764288337
2021-12-13,14.71001742,sz.000001,平安银行,-0.00598476605005438,-0.0060027465376256165,14.859774576000001,14.477330226000001,14.939886603,0.1954238315656661
2021-12-14,14.15446668,sz.000001,平安银行,-0.0377668308702791,-0.03849847813288436,14.71806888,14.451565553999998,14.899763494000002,0.23381642848137138
2021-12-15,14.1303123,sz.000001,平安银行,-0.0017064846416382506,-0.0017079423451561474,14.569922016000001,14.429021466,14.864068688000001,0.23325137353277453
2021-12-16,14.26718712,sz.000001,平安银行,0.009686609686609726,0.009639995265060111,14.412113399999999,14.425800882,14.841927173,0.22875867645228756
2021-12-17,14.14641522,sz.000001,平安银行,-0.008465011286681645,-0.008501042977928995,14.281679747999998,14.402451648000001,14.815759928,0.2180234328806125
2021-12-20,14.10615792,sz.000001,平安银行,-0.002845759817871385,-0.002849816690760456,14.160907847999999,14.378297268,14.794826132,0.2180732809663219
2021-12-21,14.16251814,sz.000001,平安银行,0.003995433789954372,0.003987473241221455,14.16251814,14.366622651,14.782212178,0.21441065339388135
2021-12-22,14.00148894,sz.000001,平安银行,-0.011370096645821448,-0.011435230383275097,14.136753468,14.347299146999998,14.774294908999998,0.2177051834919135
2021-12-23,13.94512872,sz.000001,平安银行,-0.004025301897642386,-0.004033425231902628,14.072341788,14.332806518999998,14.769464033,0.21518559593693978
2021-12-24,13.93707726,sz.000001,平安银行,-0.0005773672055426893,-0.0005775339461711768,14.030474196,14.321937048,14.768927269,0.2144633434324237
2021-12-27,13.86461412,sz.000001,平安银行,-0.005199306759098743,-0.005212870188533099,13.982165435999999,14.310262431000002,14.764230584,0.21475481915659447
2021-12-28,13.82435682,sz.000001,平安银行,-0.0029036004645760505,-0.0029078240902005548,13.914533172,14.29939296,14.753495304000001,0.21457021622961991
2021-12-29,13.4861955,sz.000001,平安银行,-0.024461269656377516,-0.024765416638308838,13.811474483999998,14.263563963000001,14.734708564,0.2252022601174915
2021-12-30,13.54255572,sz.000001,平安银行,0.00417910447761205,0.004170396273726664,13.730959884,14.232565842,14.719813363000002,0.2264322883490122
2021-12-31,13.26880608,sz.000001,平安银行,-0.02021403091557672,-0.02042113006347638,13.597305647999999,14.185464801,14.690828107,0.2341505772688654
2022-01-04,13.41373236,sz.000001,平安银行,0.010922330097087318,0.010863112257370931,13.507129295999999,14.127494289000001,14.654059773,0.21532100806030477
2022-01-05,13.8082539,sz.000001,平安银行,0.02941176470588247,0.028987536873252406,13.503908712000001,14.074757226,14.624537753,0.231413200626487
2022-01-06,13.78409952,sz.000001,平安银行,-0.001749271137026276,-0.0017508028983529158,13.563489515999999,14.020409870999998,14.591526767,0.2310155802522324
2022-01-07,13.8485112,sz.000001,平安银行,0.004672897196261738,0.004662013105811371,13.624680612,13.960023921000001,14.564554376,0.22538894129777354
2022-01-10,13.84045974,sz.000001,平安银行,-0.000581395348837277,-0.0005815644246495384,13.739011344,13.912117733999997,14.531409198999999,0.22028792464083932
2022-01-11,14.01759186,sz.000001,平安银行,0.012798138452588592,0.012716934385339666,13.859783243999999,13.877496456,14.506181290999999,0.22717615491110407
2022-01-12,13.687482,sz.000001,平安银行,-0.023549684089603673,-0.02383140972388159,13.835628864,13.854147222,14.471694204,0.20195052892395562
2022-01-13,13.67137908,sz.000001,平安银行,-0.0011764705882353343,-0.001177163173014863,13.813084776,13.831200561,14.441367038000001,0.20195555480655927
2022-01-14,13.14803418,sz.000001,平安银行,-0.03828032979976437,-0.03903227390082745,13.672989372,13.775242913999998,14.392118941,0.23547906224554604
2022-01-17,13.05946812,sz.000001,平安银行,-0.006736068585425525,-0.006758858295106809,13.516791047999998,13.720895558999999,14.340857978999999,0.23512112823012574
2022-01-18,13.30101192,sz.000001,平安银行,0.018495684340320562,0.018326719405565114,13.37347506,13.680638259,14.292549219,0.24821111030737536
2022-01-19,13.284909,sz.000001,平安银行,-0.001210653753026647,-0.0012113871862970932,13.29296046,13.636757802,14.244911414,0.2470008314610529
2022-01-20,13.95318018,sz.000001,平安银行,0.050303030303030294,0.049078722820979775,13.34932068,13.634342364,14.210155945,0.30881789169150786
2022-01-21,13.9692831,sz.000001,平安银行,0.0011540680900172795,0.0011534026653534555,13.513570464,13.635550083000002,14.178352678,0.3084682311568333
2022-01-24,13.8485112,sz.000001,平安银行,-0.008645533141210304,-0.00868312257346077,13.67137908,13.631121779999997,14.147488747999999,0.31008564425264507
2022-01-25,13.5667101,sz.000001,平安银行,-0.02034883720930236,-0.020558727021036664,13.724518716,13.616226579,14.113404233999999,0.3179286728897676
2022-01-26,13.4056809,sz.000001,平安银行,-0.011869436201780381,-0.011940440371917863,13.748673096,13.595292783,14.092873011,0.32026391396773085
2022-01-27,13.1238798,sz.000001,平安银行,-0.021021021021021102,-0.021245108613736265,13.58281302,13.577176997999999,14.069657968,0.31718844749034586
2022-01-28,12.74546118,sz.000001,平安银行,-0.028834355828220803,-0.029258233919795814,13.338048636000002,13.537322270999999,14.042283004000002,0.3311415987042696
2022-02-07,13.19634294,sz.000001,平安银行,0.035375868603916505,0.03476451886281743,13.207614984,13.533699114000001,14.025509129000001,0.3506379209413562
2022-02-08,13.55060718,sz.000001,平安银行,0.02684563758389258,0.026491615446976285,13.204394399999998,13.540542855000002,14.01759186,0.36162620006896345
2022-02-09,13.57476156,sz.000001,平安银行,0.0017825311942958333,0.001780944370994692,13.238210532,13.528868238000001,14.008601063000002,0.3455253242384823
2022-02-10,13.67943054,sz.000001,平安银行,0.007710557532621509,0.007680983110131178,13.34932068,13.523634789000003,14.003099232000002,0.3467479318261228
2022-02-11,13.7679966,sz.000001,平安银行,0.0064743967039435635,0.00645352782477357,13.553827764,13.519609059,13.986325357,0.3471394077659647
2022-02-14,13.34932068,sz.000001,平安银行,-0.03040935672514622,-0.030881313801465263,13.584423312000002,13.495052106000003,13.963647078000001,0.3634888123621023
2022-02-15,13.10777688,sz.000001,平安银行,-0.018094089264173774,-0.01825978913275475,13.495857251999999,13.449561356999999,13.934796013,0.363847739701072
2022-02-16,13.21244586,sz.000001,平安银行,0.007985257985258176,0.00795354452760548,13.423394112,13.42580955,13.910507442,0.35750583874183184
2022-02-17,13.22049732,sz.000001,平安银行,0.0006093845216330607,0.0006091989222825442,13.331607468000001,13.403265461999998,13.887829163,0.3575851201437826
2022-02-18,13.50229842,sz.000001,平安银行,0.021315468940316773,0.021091471810835403,13.278467832,13.420978674,13.87400749,0.3381891130772203
2022-02-21,13.29296046,sz.000001,平安银行,-0.015503875968992276,-0.01562531790308087,13.267195788,13.432653291,13.852000166000002,0.3424416481716981
2022-02-22,13.06751958,sz.000001,平安银行,-0.01695941853422156,-0.017104876405536668,13.259144328,13.420978674,13.826638067,0.34168723128717104
2022-02-23,13.03531374,sz.000001,平安银行,-0.0024645717806531797,-0.002467613836956151,13.223717904,13.408498911,13.803959787999998,0.34174267720999646
2022-02-24,12.80987286,sz.000001,平安银行,-0.01729462631253853,-0.01744592533984819,13.141593012000001,13.351333545,13.777658352,0.2878460869509966
2022-02-25,12.8018214,sz.000001,平安银行,-0.0006285355122565006,-0.0006287331235097165,13.001497608,13.29296046,13.753772354,0.28748306260873463
2022-02-28,12.6810495,sz.000001,平安银行,-0.009433962264150941,-0.00947874395454377,12.879115416,13.234587375,13.729215401,0.2876583819857389
2022-03-01,12.81792432,sz.000001,平安银行,0.0107936507936508,0.010735815144594893,12.829196364000001,13.197148085999999,13.707879032,0.2857595943252489
2022-03-02,12.62468928,sz.000001,平安银行,-0.015075376884422065,-0.01519016549397512,12.747071472,13.158098505000002,13.684261416,0.2873490007821495
2022-03-03,12.64884366,sz.000001,平安银行,0.001913265306122458,0.0019114373452680088,12.714865631999999,13.134346698000002,13.658362553,0.2795299172478975
2022-03-04,12.34288818,sz.000001,平安银行,-0.024188415022278975,-0.024485759383807208,12.623078988,13.114218048000001,13.628035387,0.2739785547016239
2022-03-07,11.85174912,sz.000001,平安银行,-0.039791258969341214,-0.040604579582992635,12.457218912,13.046988357,13.588717424,0.26982136638589604
2022-03-08,11.52163926,sz.000001,平安银行,-0.027853260869565077,-0.028248519732370494,12.1979619,12.945539961,13.537859035,0.25293369123995096
2022-03-09,11.14322064,sz.000001,平安银行,-0.03284416491963671,-0.033395643378836125,11.901668171999999,12.823962915000001,13.475862793000001,0.2648363416360917
2022-03-10,11.73097722,sz.000001,平安银行,0.05274566473988451,0.05140167001759007,11.718094884,12.726540249,13.423528303000001,0.3412864523809836
2022-03-11,11.9966754,sz.000001,平安银行,0.02264927934111194,0.022396592744300056,11.648852328,12.637974189000001,13.372535722999999,0.3545997589172811
2022-03-14,11.66656554,sz.000001,平安银行,-0.027516778523489993,-0.02790245661882251,11.611815612,12.553836432,13.320335424000001,0.35216695462048864
2022-03-15,11.01439728,sz.000001,平安银行,-0.05590062111801242,-0.0575238441381866,11.510367216,12.449167452000001,13.258741754999999,0.39201625677765434
2022-03-16,11.52163926,sz.000001,平安银行,0.046052631578947345,0.04502368137395511,11.586050940000002,12.364627122,13.214861297999999,0.43411198462736594
2022-03-17,11.6343597,sz.000001,平安银行,0.009783368273934112,0.00973582099008143,11.566727436,12.285320240999999,13.173262088,0.43730554602605104
2022-03-18,11.8356462,sz.000001,平安银行,0.01730103806228378,0.017153079226249493,11.534521596000001,12.20198763,13.132736406,0.4341996700203631
2022-03-21,11.74708014,sz.000001,平安银行,-0.007482993197278853,-0.0075111312499962805,11.550624516000001,12.124693614,13.092747487999999,0.43285416966487084
2022-03-22,12.22211628,sz.000001,平安银行,0.04043865661411927,0.0396424094327896,11.792168315999998,12.082423449,13.061346794,0.46032368734889284
2022-03-23,12.07719,sz.000001,平安银行,-0.011857707509881465,-0.011928570865273845,11.903278464,12.034517262,13.026591325,0.46140132721316457
2022-03-24,12.2382192,sz.000001,平安银行,0.01333333333333342,0.013245226750020723,12.024050364,12.005934579,12.997203496000001,0.4619848142026679
2022-03-25,12.06108708,sz.000001,平安银行,-0.014473684210526305,-0.014579449763157273,12.06913854,11.968897862999999,12.965802802,0.464097317039504
2022-03-28,11.9564181,sz.000001,平安银行,-0.00867823765020026,-0.008716112840364788,12.111006132,11.932666293,12.932791815999998,0.4639568127620128
2022-03-29,11.81954328,sz.000001,平安银行,-0.011447811447811485,-0.011513842062339139,12.030491532000001,11.882747241,12.898707302,0.46219764328404805
2022-03-30,12.24627066,sz.000001,平安银行,0.03610354223433254,0.035467083084832075,12.064307664000001,11.863826309999999,12.872405866,0.48074046742958293
2022-03-31,12.38314548,sz.000001,平安银行,0.011176857330703394,0.01111485780629634,12.09329292,11.850541401,12.854021698999999,0.4826277962286911
2022-04-01,12.6810495,sz.000001,平安银行,0.024057217165149636,0.02377240119414424,12.217285404,11.867449466999998,12.839663261999998,0.48176627357515617
2022-04-06,13.19634294,sz.000001,平安银行,0.04063492063492058,0.03983102748409619,12.465270371999999,11.934679158,12.838455543,0.47422658216292624
2022-04-07,13.10777688,sz.000001,平安银行,-0.006711409395973145,-0.006734032181344068,12.722917092,12.013986038999999,12.833356285,0.4600470634957178
2022-04-08,13.2043944,sz.000001,平安银行,0.0073710073710073765,0.007343974255758505,12.914541839999998,12.117044727000001,12.82329196,0.4354965544240427
2022-04-11,12.9225933,sz.000001,平安银行,-0.021341463414634054,-0.021572485254127773,13.022431403999999,12.176625531000001,12.808933523,0.4154610851172904
2022-04-12,12.81792432,sz.000001,平安银行,-0.008099688473520383,-0.008132669159788051,13.049806368,12.217687977,12.791757075,0.41263521966164796
2022-04-13,12.7213068,sz.000001,平安银行,-0.007537688442210921,-0.007566240383315701,12.95479914,12.270425040000001,12.773104526,0.39848038122219237
2022-04-14,12.91454184,sz.000001,平安银行,0.015189873417721378,0.015075662405447178,12.916152131999999,12.365432268000001,12.754720359,0.329100338518907
2022-04-15,13.22049732,sz.000001,平安银行,0.023690773067331694,0.02341450158591375,12.919372716000002,12.450375171000001,12.746937281,0.3035601693225851
2022-04-18,12.8018214,sz.000001,平安银行,-0.03166869671132766,-0.03218099479809633,12.895218336,12.508748256,12.732444653,0.33289371976577353
2022-04-19,12.72935826,sz.000001,平安银行,-0.005660377358490565,-0.005676458004805191,12.877505124,12.553433858999998,12.725466721000002,0.33161556071600573
2022-04-20,12.7615641,sz.000001,平安银行,0.0025300442757747454,0.002526849101908891,12.885556584,12.604158057000001,12.720501654000001,0.3289704227631244
2022-04-21,12.72935826,sz.000001,平安银行,-0.0025236593059936308,-0.002526849101908911,12.848519868,12.629520156000002,12.710974092999999,0.3005880143888132
2022-04-22,12.93064476,sz.000001,平安银行,0.015812776723592714,0.015689057297235017,12.790549356,12.672192894,12.705069689,0.29946438329710456
2022-04-25,11.9564181,sz.000001,平安银行,-0.07534246575342463,-0.07833184326990696,12.621468695999999,12.658102839,12.671790321,0.40722728266977837
2022-04-26,11.85980058,sz.000001,平安银行,-0.008080808080808133,-0.008113634774169775,12.44755716,12.648038514000001,12.636632279,0.4050160697159619
2022-04-27,12.6005349,sz.000001,平安银行,0.062457569585879114,0.06058468651162328,12.415351320000001,12.680244354,12.615832674,0.46088534342151255
2022-04-28,12.6005349,sz.000001,平安银行,0.0,0.0,12.389586648,12.719293935,12.599729754,0.4578973120613855
2022-04-29,12.33483672,sz.000001,平安银行,-0.021086261980830634,-0.021311752673716943,12.270425040000001,12.723722238,12.581882350999999,0.4489719993808372
2022-05-05,12.33483672,sz.000001,平安银行,0.0,0.0,12.346108763999998,12.7213068,12.568731632999999,0.44727682998355367
2022-05-06,12.04498416,sz.000001,平安银行,-0.023498694516971286,-0.023779191766114063,12.38314548,12.689503533,12.557057015999998,0.4454630772937523
2022-05-09,11.7148743,sz.000001,平安银行,-0.02740641711229952,-0.02778897892882972,12.20601336,12.615430101,12.532365871999998,0.4236398386214558
2022-05-10,11.74708014,sz.000001,平安银行,0.0027491408934707806,0.002745368917192748,12.035322407999999,12.547395263999999,12.502307088,0.4246390719342953
2022-05-11,11.77928598,sz.000001,平安银行,0.002741603838245288,0.0027378524973385777,11.924212260000001,12.476139842999999,12.472382495,0.4231479549705535
2022-05-12,11.57799948,sz.000001,平安银行,-0.017088174982911708,-0.01723586273913219,11.772844811999999,12.408910152,12.437358644,0.42128176975696335
2022-05-13,11.76318306,sz.000001,平安银行,0.015994436717663207,0.015867873469707274,11.716484592,12.356173088999999,12.403945085,0.4276704608725784
2022-05-16,11.60215386,sz.000001,平安银行,-0.01368925393566045,-0.013783815751177337,11.693940504,12.300215441999999,12.374825638,0.42891314922359963
2022-05-17,11.84369766,sz.000001,平安银行,0.020818875780707957,0.020605124601915544,11.713264008,12.246673233,12.353757651,0.4327441740871602
2022-05-18,11.8759035,sz.000001,平安银行,0.002719238613188235,0.0027155481724826097,11.732587511999998,12.179443542,12.331481945,0.42121921840306215
2022-05-19,11.77123452,sz.000001,平安银行,-0.00881355932203387,-0.008852628464196358,11.77123452,12.127914198000001,12.307327565,0.40968988484895813
2022-05-20,12.09329292,sz.000001,平安银行,0.02735978112175097,0.026992192014356185,11.837256492,12.096110931,12.283844140000001,0.4242809020421523
2022-05-23,11.94031518,sz.000001,平安银行,-0.012649800266311462,-0.012730490186147834,11.904888756,12.055048484999999,12.261300052,0.42544809911405584
2022-05-24,11.5941024,sz.000001,平安银行,-0.028995279838165855,-0.029423949567885764,11.854969704000002,11.998285692,12.236743099,0.4353362643522449
2022-05-25,11.58605094,sz.000001,平安银行,-0.000694444444444553,-0.0006946856826785962,11.796999192000001,11.931056001,12.212588719000001,0.42912023738347266
2022-05-26,11.42502174,sz.000001,平安银行,-0.013898540653231373,-0.013996029727325119,11.727756636,11.904486183,12.189507867,0.34244403948709434
2022-05-27,11.41697028,sz.000001,平安银行,-0.0007047216349542751,-0.0007049700679699324,11.592492107999998,11.882344667999998,12.166427015,0.34172217723452286
2022-05-30,11.33645568,sz.000001,平安银行,-0.00705218617771497,-0.0070771703740849755,11.471720207999999,11.819140706999999,12.144017118,0.243690834081735
2022-05-31,11.40086736,sz.000001,平安银行,0.005681818181818121,0.0056657375356773,11.4330732,11.759157329999999,12.120399502000001,0.2461090189770728
2022-06-01,11.33645568,sz.000001,平安银行,-0.005649717514124242,-0.005665737535677308,11.383154148,11.709238277999999,12.098928941999999,0.2386089227907317
2022-06-02,11.2317867,sz.000001,平安银行,-0.009232954545454475,-0.009275842462521635,11.34450714,11.654085777,12.075311325999998,0.23875353359299112
2022-06-06,11.40891882,sz.000001,平安银行,0.01577060931899643,0.01564754543521445,11.342896847999999,11.622282510000002,12.059745170000001,0.23814120946844497
2022-06-07,11.40086736,sz.000001,平安银行,-0.0007057163020466328,-0.0007059654370154218,11.355779184000001,11.606582162999999,12.052230474,0.21937604769158464
2022-06-08,11.40086736,sz.000001,平安银行,0.0,0.0,11.355779184000001,11.589271524,12.050217608999999,0.21892511756080404
2022-06-09,11.5538451,sz.000001,平安银行,0.013418079096045199,0.013328853940056415,11.399257068,11.57799948,12.05706135,0.2248079719887273
2022-06-10,11.52969072,sz.000001,平安银行,-0.002090592334494823,-0.002092780673130609,11.458837872,11.575584042,12.053706575,0.21661221814508227
2022-06-13,11.19958086,sz.000001,平安银行,-0.02863128491620115,-0.02904915559714805,11.41697028,11.547403932,12.040421666000002,0.23007998863251164
2022-06-14,11.36866152,sz.000001,平安银行,0.015097052480230078,0.014984226129744503,11.410529112,11.535729315,12.035456598999998,0.2339246233378674
2022-06-15,11.86785204,sz.000001,平安银行,0.0439093484419264,0.04297265469609458,11.503926048,11.536937034,12.049680845000001,0.27340327885938814
2022-06-16,11.62630824,sz.000001,平安银行,-0.020352781546811416,-0.020562753296510392,11.518418676,11.524457271,12.051425327999999,0.2827372709416107
2022-06-17,11.6343597,sz.000001,平安银行,0.0006925207756232066,0.0006922810937609341,11.539352472,11.51761353,12.051425327999999,0.2812231119078705
2022-06-20,11.54579364,sz.000001,平安银行,-0.00761245674740485,-0.007641579386966873,11.608595028,11.490238566,12.046594451999999,0.2621275161064024
2022-06-21,11.56994802,sz.000001,平安银行,0.0020920502092049986,0.0020898649194592365,11.648852328,11.471720208,12.04364225,0.2595320516054432
2022-06-22,11.33645568,sz.000001,平安银行,-0.02018093249826025,-0.020387349361037203,11.542573056,11.458837872,12.028881239999999,0.24878688805301477
2022-06-23,11.4330732,sz.000001,平安银行,0.008522727272727293,0.008486613877318725,11.503926048,11.451188985,12.01814596,0.2510813470959725
2022-06-24,11.45722758,sz.000001,平安银行,0.0021126760563379143,0.0021104474945458406,11.468499624,11.452799277,12.005129433,0.24617282109823907
2022-06-27,11.66656554,sz.000001,平安银行,0.01827125790583284,0.018106344230830098,11.492654004,11.46527904,11.998554074,0.2542744388551963
2022-06-28,11.77928598,sz.000001,平安银行,0.009661835748792091,0.009615458699441753,11.534521596,11.487420555,11.995601872000002,0.25399879394750313
2022-06-29,11.78733744,sz.000001,平安银行,0.0006835269993166193,0.0006832935011327054,11.624697948,11.506744059,11.995065108,0.2536673838273826
2022-06-30,12.06108708,sz.000001,平安银行,0.023224043715847076,0.022958469555908,11.750300724,11.542975629,11.991978715,0.26297233207731907
2022-07-01,12.01277832,sz.000001,平安银行,-0.004005340453938522,-0.004013383313458564,11.861410872,11.58202521,11.985805929,0.2603271213005357
2022-07-04,12.02888124,sz.000001,平安银行,0.0013404825737264314,0.0013395849290563455,11.933874012,11.613023330999999,11.974936458,0.2563095942600156
2022-07-05,12.00472686,sz.000001,平安银行,-0.002008032128514081,-0.0020100509280242228,11.978962188,11.643216306,11.95507619,0.25658552025289827
2022-07-06,11.69877138,sz.000001,平安银行,-0.025486250838363533,-0.025816651194455534,11.961248976,11.658111507000001,11.931592765000001,0.275410007441393
2022-07-07,11.61020532,sz.000001,平安银行,-0.007570543702684063,-0.007599345725388479,11.871072624000002,11.660929518,11.905022946999999,0.2733651268460665
2022-07-08,11.70682284,sz.000001,平安银行,0.00832177531206657,0.008287340248570287,11.809881528,11.669786124,11.884760106,0.27461102080526134
2022-07-11,11.64241116,sz.000001,平安银行,-0.005502063273727598,-0.005517255374754629,11.732587511999998,11.691927639,11.86516822,0.2530430705941294
2022-07-12,11.61020532,sz.000001,平安银行,-0.0027662517289073207,-0.002770084873815601,11.653683204,11.704004829,11.846649862,0.24874506488285122
2022-07-13,11.24788962,sz.000001,平安银行,-0.03120665742024964,-0.031703958587932554,11.563506852,11.673006707999999,11.818872325000001,0.21863892562521034
2022-07-14,10.76480202,sz.000001,平安银行,-0.04294917680744459,-0.04389878215501871,11.394426192,11.629931397,11.777944069999998,0.2547242532480645
2022-07-15,10.66013304,sz.000001,平安银行,-0.009723261032161479,-0.00977084060498958,11.185088232000002,11.581220064,11.742249264,0.25501517795247275
2022-07-18,10.78090494,sz.000001,平安银行,0.01132930513595154,0.011265609194218866,11.012786987999998,11.542975629,11.709775041999999,0.2604966476055887
2022-07-19,10.80505932,sz.000001,平安银行,0.0022404779686333587,0.0022379718404546456,10.851757788,11.504731194,11.677166628999998,0.2605378649598802
2022-07-20,10.78090494,sz.000001,平安银行,-0.0022354694485842153,-0.002237971840454608,10.758360852,11.476953657,11.644692407,0.2527736729446745
2022-07-21,10.47494946,sz.000001,平安银行,-0.028379387602688544,-0.028789867178667203,10.70039034,11.42904747,11.603764152,0.2652795844230276
2022-07-22,10.49953716,sz.000001,平安银行,0.0023472857882409492,0.0023445352163664005,10.668271164,11.381162949,11.579482803,0.26535530644130517
2022-07-25,10.50773352,sz.000001,平安银行,0.0007806401249026429,0.0007803355838813267,10.61363688,11.323221348,11.556948352,0.2526513059620935
2022-07-26,10.58150076,sz.000001,平安银行,0.0070202808112325155,0.006995753366027216,10.568925168,11.263332087,11.523297783,0.25077194820128723
2022-07-27,10.48314444,sz.000001,平安银行,-0.009295120061967532,-0.009338589267799876,10.509373067999999,11.198122436999999,11.488007942000001,0.2501532259840598
2022-07-28,10.55691168,sz.000001,平安银行,0.0070367474589523304,0.007012105085456258,10.525765512000001,11.122913667,11.458375858000002,0.2311866915079574
2022-07-29,10.39298448,sz.000001,平安银行,-0.01552795031055898,-0.015649771667127665,10.504454976,11.041923975,11.426011654000002,0.23312408123865877
2022-08-01,10.17987912,sz.000001,平安银行,-0.02050473186119872,-0.020717872503747143,10.438884096,10.949473869,11.39492657,0.235503583868835
2022-08-02,10.04873736,sz.000001,平安银行,-0.012882447665056418,-0.012966145997267423,10.332331415999999,10.851674394,11.367157621,0.23487160410777302
2022-08-03,9.86022108,sz.000001,平安银行,-0.01876019575856447,-0.018938400521477862,10.207746744000001,10.759746879,11.335709970000002,0.22966983183362624
2022-08-04,9.96677376,sz.000001,平安银行,0.010806317539484578,0.010748346551433396,10.08971916,10.677575301000001,11.305501433,0.23961057444570044
2022-08-05,10.08971916,sz.000001,平安银行,0.01233552631578938,0.012260063658341102,10.029066096000001,10.596720117,11.280696761,0.24351583430999948
2022-08-08,9.9995592,sz.000001,平安银行,-0.008935824532899983,-0.008975988457151168,9.993002112000001,10.514577519000001,11.25130303,0.24348615104869667
2022-08-09,9.93398832,sz.000001,平安银行,-0.006557377049180468,-0.006578971098042623,9.970052304000001,10.430766669,11.223500271,0.24288726728389037
2022-08-10,9.88481016,sz.000001,平安银行,-0.004950495049504844,-0.004962789342128902,9.97497012,10.362612696000001,11.190852146,0.22644180422426816
2022-08-11,10.1225046,sz.000001,平安银行,0.024046434494195523,0.02376187177494666,10.006116288,10.330497825,11.161628831000002,0.20681013822428718
2022-08-12,10.14709368,sz.000001,平安银行,0.0024291497975708065,0.0024262041824637975,10.017591192,10.304845857,11.134559817000001,0.2060602795593245
2022-08-15,9.92579196,sz.000001,平安银行,-0.021809369951534707,-0.022050709691449132,10.002837743999999,10.262090208,11.098434801,0.2103430111333411
2022-08-16,9.94218468,sz.000001,平安银行,0.0016515276630884035,0.0016501653909579254,10.004477016,10.218946476,11.065132626,0.21012005710773543
2022-08-17,10.1634864,sz.000001,平安银行,0.022258862324814555,0.022014749655032462,10.060212264,10.188075549,11.041289026,0.23000339189155164
2022-08-18,10.040541,sz.000001,平安银行,-0.012096774193548487,-0.012170535620255291,10.043819544,10.166355126000001,11.015530527,0.21263383562353738
2022-08-19,10.30282452,sz.000001,平安银行,0.026122448979591928,0.025787085611420152,10.074965712,10.156519494,10.99682724,0.23472590924836592
2022-08-22,10.24545,sz.000001,平安银行,-0.005568814638027053,-0.005584378293900619,10.138897320000002,10.143405318000001,10.977301902,0.2352254146407303
2022-08-23,10.11430824,sz.000001,平安银行,-0.012800000000000034,-0.012882625831013718,10.173322032,10.120045692,10.956932778,0.2366018723372166
2022-08-24,10.1634864,sz.000001,平安银行,0.004862236628849326,0.00485045413374948,10.173322031999998,10.10406279,10.936309762,0.2362681024798586
2022-08-25,10.34380632,sz.000001,平安银行,0.01774193548387104,0.01758638450207599,10.233975096,10.093407522,10.919765606,0.2442833595656883
2022-08-26,10.33560996,sz.000001,平安银行,-0.0007923930269414514,-0.0007927071362389971,10.240532184,10.090538796,10.904829327,0.23810761190747243
2022-08-29,10.17987912,sz.000001,平安银行,-0.015067406819983975,-0.015182073471495318,10.227418007999999,10.090538796,10.884345332,0.2326689777201935
2022-08-30,10.22905728,sz.000001,平安银行,0.004830917874395935,0.004819286435948701,10.250367815999999,10.099554792000001,10.864815164,0.22800750158777092
2022-08-31,10.450359,sz.000001,平安银行,0.02163461538461542,0.02140390866315358,10.307742336,10.129061688,10.848973357999999,0.22668782725133507
2022-09-01,10.33560996,sz.000001,平安银行,-0.010980392156862862,-0.01104112162760708,10.306103064000002,10.147503498,10.828669439,0.2299146568520252
2022-09-02,10.25364636,sz.000001,平安银行,-0.007930214115781098,-0.00796182549800839,10.289710344000001,10.155699858,10.807402032999999,0.22898739406194413
2022-09-05,10.30282452,sz.000001,平安银行,0.004796163069544335,0.004784698123336253,10.314299424000001,10.170863124,10.792456093999999,0.22633330899177503
2022-09-06,10.24545,sz.000001,平安银行,-0.005568814638027053,-0.005584378293900619,10.317577968,10.186436208,10.773735902,0.22588803547003394
2022-09-07,10.10611188,sz.000001,平安银行,-0.013599999999999945,-0.013693327132002454,10.248728543999999,10.197501294,10.744373566,0.23125806013013037
2022-09-08,10.13070096,sz.000001,平安银行,0.0024330900243310083,0.0024301348532918907,10.207746744,10.197911112,10.719446778,0.21511027266047364
2022-09-09,10.42576992,sz.000001,平安银行,0.029126213592232997,0.02871010588243136,10.242171456,10.211844924000001,10.699303615,0.2385014730069423
2022-09-13,10.6142862,sz.000001,平安银行,0.018081761006289332,0.017920230233570693,10.304463792,10.246269636,10.683778491,0.22870989526448512
2022-09-14,10.43396628,sz.000001,平安银行,-0.01698841698841702,-0.01713437557623164,10.342167048,10.270858716000001,10.664845461999999,0.23995550568567625
2022-09-15,10.655268,sz.000001,平安银行,0.02120974076983506,0.02098794489222161,10.451998272,10.295447796,10.653492334000001,0.23883744656581996
2022-09-16,10.29462816,sz.000001,平安银行,-0.03384615384615375,-0.03443219642148402,10.484783712,10.308152154,10.634518250000001,0.2672244742828344
2022-09-19,10.30282452,sz.000001,平安银行,0.0007961783439489611,0.0007958615621033534,10.460194632,10.308152154,10.615278198999999,0.2507424240711582
2022-09-20,10.11430824,sz.000001,平安银行,-0.01829753381066035,-0.01846700412491435,10.36019904,10.301595066,10.589407244,0.2585218022420603
2022-09-21,10.18807548,sz.000001,平安银行,0.007293354943273878,0.007266887045377961,10.31102088,10.305283428000001,10.562887068999999,0.25568399118968327
2022-09-22,10.07332644,sz.000001,平安银行,-0.011263073209975771,-0.011326981944676196,10.194632568,10.30077543,10.534320219,0.25841639035725755
2022-09-23,10.07332644,sz.000001,平安银行,0.0,0.0,10.150372224,10.287251436,10.501190874999999,0.24948944110265173
2022-09-26,9.835632,sz.000001,平安银行,-0.02359641985353944,-0.02387927378994312,10.05693372,10.262252538,10.464905103000001,0.2618142690163772
2022-09-27,9.9585774,sz.000001,平安银行,0.012499999999999956,0.01242251999855711,10.025787552,10.251187452,10.430400039,0.2623359541708464
2022-09-28,9.92579196,sz.000001,平安银行,-0.003292181069958766,-0.0032976122215564977,9.973330848,10.236024185999998,10.395751123999998,0.2615376392899394
2022-09-29,9.72088296,sz.000001,平安银行,-0.020644095788604377,-0.020860163995421406,9.902842152,10.199550384,10.362786317,0.2551852259888042
2022-09-30,9.70449024,sz.000001,平安银行,-0.001686340640809525,-0.0016877641137198521,9.829074912,10.167994398000001,10.331024399,0.25369442543750703
2022-10-10,9.40122492,sz.000001,平安银行,-0.03125,-0.0317486983145803,9.742193496,10.125373325999998,10.292597767,0.27248472227171006
2022-10-11,9.40942128,sz.000001,平安银行,0.0008718395815170421,0.0008714597501410787,9.632362272,10.080703163999999,10.255381268999999,0.27112090606782635
2022-10-12,9.5077776,sz.000001,平安银行,0.010452961672474004,0.010398707220898737,9.5487594,10.043819544000002,10.220340807000001,0.27611275831718995
2022-10-13,9.29467224,sz.000001,平安银行,-0.022413793103448265,-0.02266879981271294,9.463517256,10.003247562,10.187787184,0.2820612572204128
2022-10-14,9.45040308,sz.000001,平安银行,0.016754850088183337,0.016616035981361563,9.412699824,9.969232668,10.165880535000001,0.29085506679895096
2022-10-17,9.40942128,sz.000001,平安银行,-0.004336513443191525,-0.0043459433895471486,9.414339096,9.918415236,10.145035339,0.2644129207049472
2022-10-18,9.40942128,sz.000001,平安银行,0.0,0.0,9.414339095999999,9.85817199,10.122177278,0.25094037501096217
2022-10-19,9.25369044,sz.000001,平安银行,-0.016550522648083654,-0.016689012729849743,9.363521664,9.799158197999999,10.096321130000002,0.250688121638385
2022-10-20,9.1799232,sz.000001,平安银行,-0.00797165633303809,-0.008003599860521795,9.340571856,9.725390958000002,10.069638101,0.22938248437954653
2022-10-21,9.08976324,sz.000001,平安银行,-0.009821428571428537,-0.009869976938773157,9.268443888,9.665147712000001,10.046551663999999,0.20733215188703094
2022-10-24,8.70453432,sz.000001,平安银行,-0.042380522993688,-0.04330478554848288,9.127466496,9.585233202000001,10.01663495,0.24197426565520003
2022-10-25,8.7291234,sz.000001,平安银行,0.0028248587570620654,0.0028208763416412634,8.99140692,9.51597396,9.986991448000001,0.24199412796106684
2022-10-26,8.73731976,sz.000001,平安银行,0.0009389671361501595,0.0009385265822642868,8.888132784000002,9.443436174,9.956255098000002,0.23795516084663243
2022-10-27,8.75371248,sz.000001,平安银行,0.0018761726078799779,0.001874414794350352,8.80289064,9.377455476,9.927431232,0.23979448426814354
2022-10-28,8.54060712,sz.000001,平安银行,-0.024344569288389573,-0.024645797206827982,8.693059416,9.30081951,9.893826156,0.24601215116610403
2022-10-31,8.47503624,sz.000001,平安银行,-0.007677543186180524,-0.00770716724493789,8.6471598,9.232789722000001,9.861860352,0.23910821088781734
2022-11-01,8.74551612,sz.000001,平安银行,0.03191489361702127,0.031416196233378914,8.650438344,9.172136658000001,9.837954301999998,0.2685574751762066
2022-11-02,8.71273068,sz.000001,平安银行,-0.0037488284910964786,-0.003755872959805384,8.645520528,9.111483594000001,9.815687524,0.26849369777934856
2022-11-03,8.55699984,sz.000001,平安银行,-0.017873941674506177,-0.018035609899363963,8.606178,9.053289438,9.79396717,0.2667131404579024
2022-11-04,8.86846152,sz.000001,平安银行,0.03639846743295028,0.03575169096384288,8.671748879999999,9.011488002,9.775661966,0.3065824465914275
2022-11-07,8.91763968,sz.000001,平安银行,0.005545286506469571,0.0055299680094611755,8.760269568000002,8.98730874,9.756127308,0.29114239297685224
2022-11-08,8.8930506,sz.000001,平安银行,-0.0027573529411765163,-0.002761161441328057,8.789776464,8.961490206,9.737685498,0.2908736037440142
2022-11-09,8.92583604,sz.000001,平安银行,0.0036866359447003116,0.003679856958400397,8.832397536,8.932393128,9.720882959999999,0.2878037517250734
2022-11-10,8.90944332,sz.000001,平安银行,-0.0018365472910928382,-0.0018382358117511204,8.902886232,8.913131682,9.704626846,0.278509608168783
2022-11-11,9.36843948,sz.000001,平安银行,0.05151793928242876,0.05023477667360127,9.002881824000001,8.909033502,9.692059094,0.3317519375172582
2022-11-14,9.7946502,sz.000001,平安银行,0.045494313210848736,0.04448980057080047,9.178283928,8.928294948,9.686185036,0.3686708477842312
2022-11-15,9.84382836,sz.000001,平安银行,0.00502092050209213,0.005008357714372579,9.368439480000001,8.950015302,9.684818975999999,0.3686931019279641
2022-11-16,9.68809752,sz.000001,平安银行,-0.01582014987510416,-0.015946624113940117,9.520891776,8.971735656,9.68058419,0.3682010192215637
2022-11-17,9.58154484,sz.000001,平安银行,-0.010998307952622688,-0.01105923649397511,9.655312079999998,8.991816738,9.670885164,0.36950250154430886
2022-11-18,9.49958124,sz.000001,平安银行,-0.008554319931565413,-0.008591118132316675,9.681540432,9.012307638,9.661869168,0.36897373068713096
2022-11-21,9.39302856,sz.000001,平安银行,-0.011216566005176842,-0.0112799460650668,9.601216103999999,9.04673235,9.646705902,0.3336307187490752
2022-11-22,9.68809752,sz.000001,平安银行,0.03141361256544495,0.030930300691358558,9.570069936,9.094681056,9.637416693999999,0.34742146586442674
2022-11-23,9.68809752,sz.000001,平安银行,0.0,0.0,9.570069936,9.142219943999999,9.630313182,0.3475990731053737
2022-11-24,9.64711572,sz.000001,平安银行,-0.004230118443316333,-0.00423909070576671,9.583184112000001,9.186890106,9.621707004,0.3490931601806385
2022-11-25,9.97497012,sz.000001,平安银行,0.033984706881903026,0.03341998572725034,9.678261888,9.258608255999999,9.615559733999998,0.3452271171613558
2022-11-28,9.67990116,sz.000001,平安银行,-0.02958093672966311,-0.030027276790164873,9.735636408,9.318851502,9.604631254,0.36652868010539424
2022-11-29,10.64707164,sz.000001,平安银行,0.09991532599491948,0.09523320047323716,9.927431232,9.413929278,9.612417795999999,0.48754062498041073
2022-11-30,10.67985708,sz.000001,平安银行,0.003079291762894565,0.0030745604542456104,10.125783144,9.512285598,9.619931126,0.4855259620846583
2022-12-01,10.7372316,sz.000001,平安银行,0.005372217958557135,0.00535783907035207,10.343806319999999,9.621297186,9.624712336,0.4742885547376624
2022-12-02,10.5733044,sz.000001,平安银行,-0.01526717557251911,-0.015384918839479456,10.463473176,9.70653933,9.62867391,0.4742371662970139
2022-12-05,11.08967508,sz.000001,平安银行,0.04883720930232549,0.04768213081507015,10.745427959999999,9.8151411,9.642607722000001,0.4942414052313458
2022-12-06,11.00771148,sz.000001,平安银行,-0.007390983000739038,-0.0074184316475504036,10.817555927999999,9.920874143999999,9.654355837999999,0.4962716926716749
2022-12-07,10.7782134,sz.000001,平安银行,-0.02084884586746083,-0.02106925191137257,10.837227191999999,10.013493012,9.663235228,0.5086668737108152
2022-12-08,10.95033696,sz.000001,平安银行,0.015969581749049278,0.01584340948472596,10.879848264,10.115537694,9.677305646,0.5071216134037575
2022-12-09,11.2290132,sz.000001,平安银行,0.02544910179640736,0.025130664725579732,11.010990024,10.20856638,9.695610850000001,0.48744471042888815
2022-12-12,10.74542796,sz.000001,平安银行,-0.043065693430656915,-0.044020535058470735,10.942140599999998,10.256105268,9.700938484,0.5019359012714321
2022-12-13,10.85198064,sz.000001,平安银行,0.009916094584286883,0.009867252733253756,10.910994432,10.306512882,9.704900058,0.5022259090040017
2022-12-14,10.84378428,sz.000001,平安银行,-0.0007552870090635766,-0.0007555723819979678,10.924108608000001,10.364297220000001,9.711730358000002,0.49661981156879836
2022-12-15,10.7372316,sz.000001,平安银行,-0.009826152683295564,-0.00987474791975848,10.881487536,10.422081557999999,9.713096418,0.49610167004852357
2022-12-16,10.93394424,sz.000001,平安银行,0.018320610687023065,0.01815481028037196,10.822473744000002,10.493799708,9.723751685999998,0.4946994995283498
2022-12-19,10.68805344,sz.000001,平安银行,-0.022488755622188994,-0.022745483988970857,10.81099884,10.558550952000001,9.730172168,0.5019224536850729
2022-12-20,10.45855536,sz.000001,平安银行,-0.021472392638036686,-0.021706278581862946,10.732313784,10.597073844,9.73590962,0.5028264217576136
2022-12-21,10.56510804,sz.000001,平安银行,0.010188087774294585,0.010136539034452113,10.676578536,10.640924369999999,9.742193496,0.5029724441396958
2022-12-22,10.6142862,sz.000001,平安银行,0.004654771140419012,0.0046439711944508185,10.651989455999999,10.689282894,9.751209492,0.5018430459635951
2022-12-23,10.63887528,sz.000001,平安银行,0.0023166023166023564,0.0023139231303972198,10.592975663999999,10.722478152,9.760635306000001,0.49024886852138105
2022-12-26,10.46675172,sz.000001,平安银行,-0.016178736517719616,-0.01631104123149606,10.54871532,10.76182068,9.771153967999998,0.48040342739100045
2022-12-27,10.74542796,sz.000001,平安银行,0.02662490211433055,0.02627662773116064,10.606089840000001,10.766738496,9.784268144,0.3356344781927056
2022-12-28,10.77001704,sz.000001,平安银行,0.0022883295194509046,0.0022857152808560825,10.647071640000002,10.771246494,9.798338562,0.335570963897668
2022-12-29,10.67985708,sz.000001,平安银行,-0.008371385083713934,-0.008406621919710786,10.660185816,10.768377768,9.814321463999999,0.33654090251210267
2022-12-30,10.78640976,sz.000001,平安银行,0.009976976208749155,0.009927534760417507,10.689692712,10.779033036,9.832353455999998,0.33332079816893284
2023-01-03,11.28638772,sz.000001,平安银行,0.046352583586626306,0.045310386843392496,10.853619912000001,10.788868668000001,9.863772836,0.328696428268187
2023-01-04,11.73718752,sz.000001,平安银行,0.03994190268700071,0.03916484879193606,11.051971824,10.825342469999999,9.90256894,0.3544443412402209
2023-01-05,11.86832928,sz.000001,平安银行,0.011173184357541777,0.011111225425070629,11.271634272,10.879848264,9.941911467999999,0.3433820121902653
2023-01-06,11.98307832,sz.000001,平安银行,0.009668508287292932,0.00962206736406225,11.53227852,10.931485332,9.986718236,0.34144757283522187
2023-01-09,12.1306128,sz.000001,平安银行,0.012311901504787892,0.012236726448436866,11.801119128,10.976565312,10.031388397999999,0.3339802062169195
2023-01-10,11.83554384,sz.000001,平安银行,-0.024324324324324298,-0.02462504730538918,11.910950352,11.031071105999999,10.071823774,0.30418908342378714
2023-01-11,12.02406012,sz.000001,平安银行,0.015927977839335083,0.015802458690210082,11.968324872,11.08967508,10.115401088,0.30621536687013834
2023-01-12,12.02406012,sz.000001,平安银行,0.0,0.0,11.99947104,11.148688872,10.161573916,0.30602841573857037
2023-01-13,12.2535582,sz.000001,平安银行,0.019086571233810634,0.018906707681805218,12.053567015999999,11.224505202,10.212801166,0.3042100283887038
2023-01-16,12.36011088,sz.000001,平安银行,0.008695652173912993,0.008658062743114531,12.099466631999999,11.295813534,10.26730696,0.3012799159836847
2023-01-17,12.26995092,sz.000001,平安银行,-0.007294429708222916,-0.0073211641482731305,12.186348048,11.374908408,10.32673057,0.28647464403751455
2023-01-18,12.38469996,sz.000001,平安银行,0.009352037408149716,0.009308577853111295,12.258476016,11.471215638,10.387656845999999,0.2658849535701847
2023-01-19,12.36830724,sz.000001,平安银行,-0.001323626737260164,-0.0013245035048907428,12.32732544,11.561375598000001,10.448173303999999,0.26811486877803126
2023-01-20,12.40109268,sz.000001,平安银行,0.002650762094102088,0.0026472550205070547,12.356832336,11.650715922,10.508962974000001,0.26854487791909754
2023-01-30,12.4174854,sz.000001,平安银行,0.0013218770654330747,0.001321004155113758,12.368307240000002,11.739646427999999,10.573577612,0.2688443779299404
2023-01-31,12.28634364,sz.000001,平安银行,-0.010561056105610533,-0.010617219840871784,12.371585784,11.830626024,10.637099401999999,0.2628453878530304
2023-02-01,12.0486492,sz.000001,平安银行,-0.019346230820547095,-0.019535818329815782,12.304375632,11.895787086,10.69215162,0.27058659935766405
2023-02-02,11.9666856,sz.000001,平安银行,-0.006802721088435382,-0.006825965070399871,12.224051304,11.955620514,10.746384202,0.27408707308499103
2023-02-03,11.73718752,sz.000001,平安银行,-0.019178082191780743,-0.019364367181791117,12.091270272,12.008487036,10.79938733,0.28381189770190146
2023-02-06,11.474904,sz.000001,平安银行,-0.022346368715083886,-0.02259983191724103,11.902753992,12.042911748,10.842828037999999,0.29890579379258236
2023-02-07,11.64702756,sz.000001,平安银行,0.014999999999999902,0.014888612493750559,11.774890776,12.06094374,10.888317836,0.2567020553650146
2023-02-08,11.50768944,sz.000001,平安银行,-0.01196340605207602,-0.012035543511344225,11.666698824,12.049468836,10.931895149999999,0.21722237331769867
2023-02-09,11.58145668,sz.000001,平安银行,0.0064102564102563875,0.006389798098770988,11.58965304,12.035125206,10.976155494000002,0.21435097318897833
2023-02-10,11.45851128,sz.000001,平安银行,-0.010615711252654036,-0.010672459890771984,11.533917792,12.008896854,11.01863996,0.21287839805424427
2023-02-13,11.32736952,sz.000001,平安银行,-0.011444921316165924,-0.011510918466140331,11.504410896,11.96873469,11.051288794,0.20812232597132957
2023-02-14,11.44211856,sz.000001,平安银行,0.01013024602026058,0.010079278994702663,11.463429096,11.949063425999999,11.0787466,0.19771665935515748
2023-02-15,11.20442412,sz.000001,平安银行,-0.02077363896848139,-0.020992446598368235,11.402776032,11.908081626000001,11.101423196000002,0.1974462237401856
2023-02-16,11.1470496,sz.000001,平安银行,-0.00512070226773953,-0.0051338579938518215,11.315894616,11.864231100000001,11.125739064,0.19709581239001983
2023-02-17,11.00771148,sz.000001,平安银行,-0.012500000000000178,-0.012578782206860298,11.225734656,11.801938764,11.149508508,0.17977887448034024
2023-02-20,11.5978494,sz.000001,平安银行,0.053611317944899595,0.05222361355410053,11.279830632,11.763825690000001,11.184479644,0.27275942845934475
2023-02-21,11.5568676,sz.000001,平安银行,-0.0035335689045935537,-0.003539826705123951,11.302780440000001,11.728171524,11.220543628,0.2723076637144374
2023-02-22,11.49129672,sz.000001,平安银行,-0.005673758865248346,-0.005689915777678682,11.36015496,11.683501362,11.250596948000002,0.2685741585709644
2023-02-23,11.5158858,sz.000001,平安银行,0.0021398002853068032,0.002137514173310838,11.433922200000001,11.64088029,11.281060086,0.26924454905401046
2023-02-24,11.36015496,sz.000001,平安银行,-0.013523131672597888,-0.013615402017997621,11.504410896,11.588833403999999,11.30961074,0.27051794289978326
2023-02-27,11.22081684,sz.000001,平安银行,-0.012265512265512202,-0.012341354461399587,11.429004383999999,11.528999976,11.330374852,0.2711126098220012
2023-02-28,11.29458408,sz.000001,平安银行,0.006574141709276837,0.006552626285154984,11.376547679999998,11.479411998,11.357286234000002,0.2731969498338343
2023-03-01,11.61424212,sz.000001,平安银行,0.028301886792452935,0.027908788117076658,11.40113676,11.457691644,11.373405742,0.2896956605990635
2023-03-02,11.67161664,sz.000001,平安银行,0.004940014114326097,0.004927852281240695,11.432282928,11.442938196,11.389935068,0.2899395141163294
2023-03-03,11.71259844,sz.000001,平安银行,0.0035112359550562022,0.0035050859579463527,11.502771624000001,11.441708742,11.406191181999999,0.2822513739289817
2023-03-06,11.3519586,sz.000001,平安银行,-0.030790762771168767,-0.03127475930842866,11.528999976,11.435561472,11.419168752,0.2925397144348306
2023-03-07,11.22081684,sz.000001,平安银行,-0.011552346570397165,-0.01161959333299004,11.514246528000001,11.414250935999998,11.421354447999999,0.28918960033626334
2023-03-08,11.08967508,sz.000001,平安银行,-0.011687363038714427,-0.011756197117660886,11.40933312,11.393350217999998,11.422720508,0.2890613827246046
2023-03-09,10.8191952,sz.000001,平安银行,-0.024390243902439046,-0.02469261259037152,11.238848831999999,11.355237143999998,11.423403538,0.2981427159794466
2023-03-10,10.77001704,sz.000001,平安银行,-0.004545454545454408,-0.004555816535860579,11.050332551999999,11.320812432,11.420398206,0.2969252647103538
2023-03-13,10.6962498,sz.000001,平安银行,-0.006849315068493178,-0.006872879287762064,10.919190792,11.289256446,11.411518816000001,0.2956225099340485
2023-03-14,10.54871532,sz.000001,平安银行,-0.013793103448276,-0.013889112160667263,10.784770488000001,11.244586284,11.408240272,0.29404425143424134
2023-03-15,10.6962498,sz.000001,平安银行,0.013986013986014179,0.013889112160667311,10.706085431999998,11.219177568000001,11.405644758,0.29346862743263935
2023-03-16,10.50773352,sz.000001,平安银行,-0.017624521072796884,-0.017781682276178382,10.643793096,11.187211764,11.400043912,0.2984567708625321
2023-03-17,10.450359,sz.000001,平安银行,-0.005460218408736339,-0.005475179888088818,10.579861488,11.159344139999998,11.395262702,0.29645636723993496
2023-03-20,10.30282452,sz.000001,平安银行,-0.014117647058823568,-0.014218249002279137,10.501176432,11.094592895999998,11.38474404,0.21213013663580713
2023-03-21,10.4093772,sz.000001,平安银行,0.010342084327764622,0.010288970862389637,10.473308808,11.037218376,11.380099436,0.21969487367418353
2023-03-22,10.48314444,sz.000001,平安银行,0.007086614173228423,0.007061622126205809,10.430687736,10.986810762000001,11.380509254000001,0.22390029764995922
2023-03-23,10.5733044,sz.000001,平安银行,0.008600469116497145,0.008563695776874991,10.443801912000001,10.939681691999999,11.38064586,0.22758024170741162
2023-03-24,10.50773352,sz.000001,平安银行,-0.006201550387596844,-0.006220859875102394,10.455276816,10.897060620000001,11.378869982,0.2250562036017708
2023-03-27,10.3274136,sz.000001,平安银行,-0.01716068642745716,-0.01730963753509173,10.460194632,10.852390458,11.373678954,0.22814885081375516
2023-03-28,10.36019904,sz.000001,平安银行,0.0031746031746031633,0.0031695747612790395,10.450359,10.805671206,11.371903076,0.22636303144763137
2023-03-29,10.27003908,sz.000001,平安银行,-0.008702531645569556,-0.008740619810734365,10.407737928,10.738461054,11.363979928,0.19125606779818421
2023-03-30,10.39298448,sz.000001,平安银行,0.011971268954509284,0.011900180101103037,10.371673944000001,10.674529446,11.357696052,0.19812567123603203
2023-03-31,10.27003908,sz.000001,平安银行,-0.011829652996845463,-0.01190018010110297,10.324135056,10.602401478,11.350865752,0.1961289549854584
2023-04-03,10.38478812,sz.000001,平安银行,0.011173184357541777,0.011111225425070629,10.335609960000001,10.554042954,11.344172058,0.18327637095213084
2023-04-04,10.3683954,sz.000001,平安银行,-0.0015785319652722452,-0.0015797791595183908,10.337249232,10.511421882,11.328872186,0.1815097831289708
2023-04-06,10.31102088,sz.000001,平安银行,-0.005533596837944854,-0.0055489639012349665,10.345445592,10.472489172,11.305102742,0.17930017825587105
2023-04-07,10.34380632,sz.000001,平安银行,0.0031796502384739966,0.0031746058407728607,10.33560996,10.448719728,11.279694026,0.1627922354633189
2023-04-10,10.39298448,sz.000001,平安银行,0.004754358161648264,0.004743091896012853,10.360199040000001,10.4298681,11.253192462,0.16435023057922846
2023-04-11,10.27823544,sz.000001,平安银行,-0.011041009463722551,-0.011102413804305383,10.338888504,10.408967382,11.222319506,0.16673840504096954
2023-04-12,10.22905728,sz.000001,平安银行,-0.004784688995215336,-0.004796172263493055,10.311020880000001,10.392984479999999,11.19554473,0.16121875139955202
2023-04-13,10.29462816,sz.000001,平安银行,0.0064102564102566095,0.0063897980987712094,10.307742336,10.372903398,11.166720864,0.1536390303250759
2023-04-14,10.40118084,sz.000001,平安银行,0.010350318471337605,0.0102971206862437,10.31921724,10.367575764,11.139672876,0.14755511304972777
2023-04-17,10.59789348,sz.000001,平安银行,0.01891252955082745,0.018735911057469846,10.360199040000001,10.374952488000002,11.112078464,0.16133806467358974
2023-04-18,10.655268,sz.000001,平安银行,0.005413766434648082,0.0053991646777706015,10.435605551999998,10.392574662,11.083664416,0.15209718649811338
2023-04-19,10.5323226,sz.000001,平安银行,-0.011538461538461497,-0.01160554612030789,10.496258616,10.398721932,11.054703944,0.1554526740446929
2023-04-20,10.450359,sz.000001,平安银行,-0.0077821011673151474,-0.007812539736793625,10.527404784000002,10.397082659999999,11.022464928000002,0.1562231360272127
2023-04-21,10.24545,sz.000001,平安银行,-0.019607843137254943,-0.019802627296179754,10.496258616,10.38068994,10.987083973999999,0.1670730908777013
2023-04-24,9.9175956,sz.000001,平安银行,-0.03199999999999992,-0.03252319170555995,10.360199040000001,10.351183043999999,10.945692355999999,0.19875242585949338
2023-04-25,10.06513008,sz.000001,平安银行,0.014876033057851235,0.014766470116300995,10.242171456,10.338068867999999,10.906486434,0.20059891308813246
2023-04-26,9.93398832,sz.000001,平安银行,-0.013029315960912058,-0.013114942077828018,10.1225046,10.316758332000001,10.867280512,0.2041176378457556
2023-04-27,10.04873736,sz.000001,平安银行,0.011551155115511635,0.011484949866897031,10.042180272,10.305693246,10.833948648,0.20794731245495823
2023-04-28,10.2864318,sz.000001,平安银行,0.023654159869494373,0.023378735069727635,10.050376631999999,10.300365612,10.805944418,0.22132275698154052
2023-05-04,10.43396628,sz.000001,平安银行,0.014342629482071656,0.014240746991522203,10.153650768,10.308561972,10.784224064,0.22292407838991166
2023-05-05,10.58150076,sz.000001,平安银行,0.014139827179890041,0.014040792289235998,10.256924904,10.318397604000001,10.76933401,0.22497903879468928
2023-05-08,10.91755152,sz.000001,平安银行,0.031758326878388754,0.03126446025369186,10.453637544,10.34585541,10.757176076,0.24961541017266536
2023-05-09,10.78640976,sz.000001,平安银行,-0.012012012012012074,-0.012084739215071999,10.601172023999998,10.369624854,10.745154748000001,0.2534794425151495
2023-05-10,10.52412624,sz.000001,平安银行,-0.024316109422492405,-0.02461662763535603,10.648710912,10.37864085,10.727532574,0.2705411131072473
2023-05-11,10.5323226,sz.000001,平安银行,0.0007788161993771414,0.0007785130794138837,10.668382176,10.385607756,10.712096096000002,0.27017769685574755
2023-05-12,10.34380632,sz.000001,平安银行,-0.01789883268482495,-0.018060954228161754,10.620843288,10.3888863,10.695703376,0.27521498393627974
2023-05-15,10.51592988,sz.000001,平安银行,0.016640253565768592,0.016503321514477934,10.54051896,10.40322993,10.680266897999998,0.28026029165309346
2023-05-16,10.34380632,sz.000001,平安银行,-0.01636788776305531,-0.016503321514477934,10.451998272,10.405688838,10.665923267999998,0.2865934837576204
2023-05-17,10.23725364,sz.000001,平安银行,-0.010301109350237758,-0.010354532975580831,10.394623752000001,10.397492478,10.650760002,0.28645235830086996
2023-05-18,10.23725364,sz.000001,平安银行,0.0,0.0,10.335609960000001,10.379460486,10.637919038,0.27704333257989516
2023-05-19,10.11430824,sz.000001,平安银行,-0.012009607686149004,-0.012082305660244638,10.289710344,10.352412498000001,10.613193352,0.2781068044366681
2023-05-22,10.14709368,sz.000001,平安银行,0.0032414910858995505,0.0032362487792083248,10.215943104,10.333151052,10.58969712,0.27664963172586104
2023-05-23,10.00775556,sz.000001,平安银行,-0.013731825525040375,-0.01382697913383672,10.148732952,10.311020880000001,10.564971433999998,0.2791742328182077
2023-05-24,9.84382836,sz.000001,平安银行,-0.016380016380016404,-0.016515652030721164,10.070047896,10.290939798,10.53710381,0.27670047792497454
2023-05-25,9.77825748,sz.000001,平安银行,-0.006661115736885881,-0.00668339998206738,9.978248664,10.283972892,10.510738852000001,0.25375186859788595
2023-05-26,9.9175956,sz.000001,平安银行,0.014249790444258226,0.014149216492870712,9.938906136,10.276596168000001,10.489018498000002,0.2532549982172241
2023-05-29,9.81923928,sz.000001,平安银行,-0.00991735537190086,-0.009966859915392147,9.873335256,10.270858716,10.464429418,0.25146677885426105
2023-05-30,9.72907932,sz.000001,平安银行,-0.00918196994991649,-0.009224384065726584,9.817600008000001,10.254875814,10.433010037999999,0.24908815288138275
2023-05-31,9.5077776,sz.000001,平安银行,-0.022746419545071617,-0.023009110509257715,9.750389856,10.215943104,10.396946054,0.2412755991874802
2023-06-01,9.49958124,sz.000001,平安银行,-0.0008620689655173264,-0.0008624407606587063,9.694654607999999,10.169223852,10.360062434000001,0.23195241927816201
2023-06-02,9.77825748,sz.000001,平安银行,0.029335634167385827,0.02891357875816455,9.666786984000002,10.129061688,10.333834082000001,0.2534891086773269
2023-06-05,9.76186476,sz.000001,平安银行,-0.0016764459346186866,-0.0016778527426160868,9.65531208,10.071277349999999,10.309518214,0.21630626110017626
2023-06-06,9.70449024,sz.000001,平安银行,-0.005877413937867337,-0.005894753911349112,9.650394263999999,10.017181374,10.2864318,0.21494510664974403
2023-06-07,9.78645384,sz.000001,平安银行,0.008445945945945832,0.008410478508596293,9.706129512,9.980297754,10.269219443999999,0.20760261633141583
2023-06-08,9.93398832,sz.000001,平安银行,0.015075376884422065,0.01496287267671232,9.793010928000001,9.95038104,10.255285632,0.2175185180694695
2023-06-09,9.73727568,sz.000001,平安银行,-0.01980198019801971,-0.020000666706669428,9.784814567999998,9.920054508,10.239302729999999,0.21936410442986692
2023-06-12,9.66350844,sz.000001,平安银行,-0.007575757575757569,-0.007604599385219304,9.765143304,9.877433436,10.224549282,0.20722117813702765
2023-06-13,9.64711572,sz.000001,平安银行,-0.0016963528413909135,-0.0016977932770941135,9.7536684,9.842598906,10.207063713999998,0.20221975910647808
2023-06-14,9.63031523,sz.000001,平安银行,-0.0017415039362665974,-0.0017430221171145994,9.722440678,9.812251985500001,10.192440075833334,0.2006237063787339
2023-06-15,9.74786049,sz.000001,平安银行,0.012205754141237923,0.01213186456852072,9.685215112,9.787782328,10.180731767333333,0.2075823679034391
2023-06-16,9.76465267,sz.000001,平安银行,0.0017226528854434875,0.0017211708207728316,9.69069051,9.770299549499999,10.171762236500001,0.2048252553567162
2023-06-19,9.61352305,sz.000001,平安银行,-0.015477214101461856,-0.015598236530324522,9.680693432000002,9.743621018,10.158498000666667,0.20958350471406212
2023-06-20,9.53795824,sz.000001,平安银行,-0.007860262008733576,-0.007891316707243315,9.658861936,9.720131151999999,10.142744897333333,0.20646577805878857
2023-06-21,9.52956215,sz.000001,平安银行,-0.0008802816901408717,-0.000880669365593636,9.63871132,9.7044178415,10.125349193166667,0.19968675992485152
2023-06-26,9.38682862,sz.000001,平安银行,-0.01497797356828201,-0.015091276200458654,9.566504945999998,9.684846398500001,10.106667444833333,0.20463335279515657
2023-06-27,9.47078952,sz.000001,平安银行,0.008944543828264928,0.008904778342959906,9.507732316,9.6625060945,10.092390376833333,0.19986994768488087
2023-06-28,9.4875817,sz.000001,平安银行,0.0017730496453900457,0.0017714796483820209,9.482544046,9.6459232155,10.0778467545,0.19820500736366042
2023-06-29,9.38682862,sz.000001,平安银行,-0.010619469026548756,-0.010676257991341868,9.452318122,9.628810680499999,10.063126580166669,0.19899434217025055
2023-06-30,9.42880907,sz.000001,平安银行,0.004472271914132353,0.004462301023398686,9.432167505999999,9.624862254,10.04705699,0.18370700915537225
2023-07-03,9.64710741,sz.000001,平安银行,0.02315227070347281,0.02288832311031247,9.484223264,9.6322385625,10.0366747955,0.20171916993655842
2023-07-04,9.5715426,sz.000001,平安银行,-0.007832898172323688,-0.007863736460214463,9.50437388,9.6219028185,10.023120703500002,0.17323237817028841
2023-07-05,9.52116606,sz.000001,平安银行,-0.0052631578947368585,-0.005277057100843781,9.511090752,9.6098678835,10.0090002145,0.17388166824786125
2023-07-06,9.43720516,sz.000001,平安银行,-0.00881834215167554,-0.008857453834061052,9.52116606,9.5965036295,9.994436619166667,0.1752410877081291
2023-07-07,9.4036208,sz.000001,平安银行,-0.003558718861209842,-0.0035650661644960344,9.516128406000002,9.5773619775,9.9787668605,0.17149274279694418
2023-07-10,9.4036208,sz.000001,平安银行,0.0,0.0,9.467431084000001,9.5508436015,9.962277465833333,0.1595926507071708
2023-07-11,9.41201689,sz.000001,平安银行,0.0008928571428570287,0.0008924587830195697,9.435525942,9.534580662,9.94784049,0.1465375600701911
2023-07-12,9.43720516,sz.000001,平安银行,0.00267618198037467,0.002672607381476478,9.418733761999999,9.523265497999999,9.934642954666666,0.1455607829397955
2023-07-13,9.59673087,sz.000001,平安银行,0.01690391459074747,0.01676263334117441,9.450638904,9.5207462555,9.923011333166667,0.15898049097121034
2023-07-14,9.62191914,sz.000001,平安银行,0.002624671916010346,0.0026212334798740656,9.494298572,9.520326450999999,9.910023638166669,0.15917952073994526
2023-07-17,9.49597779,sz.000001,平安银行,-0.01308900523560208,-0.013175421158564404,9.512769969999999,9.507732316,9.891658376666667,0.15878543486130686
2023-07-18,9.44560125,sz.000001,平安银行,-0.0053050397877983935,-0.005319161477599933,9.519486842000001,9.491779744999999,9.871497264166667,0.1589935453396903
2023-07-19,9.49597779,sz.000001,平安银行,0.005333333333333412,0.005319161477600027,9.531241368,9.485902482,9.854224850666666,0.15192708291662213
2023-07-20,9.50437388,sz.000001,平安银行,0.0008841732979663064,0.0008837826470076939,9.512769969999999,9.484223264,9.838458432,0.1495146785075634
2023-07-21,9.52116606,sz.000001,平安银行,0.0017667844522970544,0.0017652255245693708,9.492619353999999,9.483803459499999,9.826387033,0.14963472833652136
2023-07-24,9.45399734,sz.000001,平安银行,-0.007054673721340388,-0.0070796755880616884,9.484223263999999,9.487161895499998,9.818660395333334,0.14154144117048129
2023-07-25,9.84021748,sz.000001,平安银行,0.04085257548845456,0.040040161437322086,9.563146510000001,9.5056332935,9.814911852,0.20024836692669645
2023-07-26,9.79823703,sz.000001,平安银行,-0.004266211604095571,-0.004275337850401948,9.623598357999999,9.52116606,9.8126493305,0.2014786480770827
2023-07-27,9.86540575,sz.000001,平安银行,0.006855184233076406,0.0068317942917034925,9.695804732000001,9.5450949165,9.809593803666667,0.1968157532142611
2023-07-28,10.29360634,sz.000001,平安银行,0.04340425531914893,0.04248868991789737,9.850292787999999,9.58833478,9.809713379333335,0.2445562232580893
2023-07-31,10.34398288,sz.000001,平安银行,0.004893964110929794,0.004882027597308319,10.028289896,9.6231785535,9.808213656,0.23447433230923387
2023-08-01,10.20964544,sz.000001,平安银行,-0.012987012987013102,-0.013072081567352888,10.102175487999999,9.6550836955,9.802016067333335,0.23848552945376156
2023-08-02,10.10049627,sz.000001,平安银行,-0.01069078947368407,-0.010748346551433297,10.162627336,9.684050206,9.788398479833331,0.2418362733083257
2023-08-03,10.35237897,sz.000001,平安银行,0.02493765586034913,0.02463178718966542,10.260021980000001,9.7298088965,9.781164633333333,0.2494005869669523
2023-08-04,10.3271907,sz.000001,平安银行,-0.0024330900243310083,-0.0024360547978812272,10.266738852,9.7759873915,9.777882374333334,0.2489345669081869
2023-08-07,10.20964544,sz.000001,平安银行,-0.011382113821138184,-0.011447385840350835,10.239871363999999,9.816288623499998,9.772504421666666,0.2550549706881018
2023-08-08,10.1592689,sz.000001,平安银行,-0.004934210526315597,-0.00494642393532535,10.229796056000001,9.853651224,9.769428798,0.25690148628866594
2023-08-09,10.21804153,sz.000001,平安银行,0.005785123966942196,0.005768454396740448,10.253305108000001,9.892693042500001,9.764463992166668,0.25693413159005013
2023-08-10,10.20964544,sz.000001,平安银行,-0.0008216926869352159,-0.000822030461414986,10.224758401999999,9.923338771000001,9.7622279775,0.2528953019305442
2023-08-11,9.98295101,sz.000001,平安银行,-0.022203947368420907,-0.022454165835330338,10.155910464,9.9413903645,9.757989600333334,0.2685417360256789
2023-08-14,9.79823703,sz.000001,平安银行,-0.01850294365012628,-0.018676264404225974,10.073628782,9.9565033265,9.750672656833334,0.2732172646435862
2023-08-15,9.84861357,sz.000001,平安银行,0.005141388174807249,0.005128216366919529,10.011497716,9.9766539425,9.746244412333334,0.27217592083961856
2023-08-16,9.84861357,sz.000001,平安银行,0.0,0.0,9.937612124,9.9942857315,9.741269743833334,0.27202745176215737
2023-08-17,9.71427613,sz.000001,平安银行,-0.013640238704177299,-0.013734121459798864,9.838538262,10.004780843999999,9.736378420000001,0.27761909415443736
2023-08-18,9.70588004,sz.000001,平安银行,-0.0008643042350907626,-0.0008646779613538057,9.783124068000001,10.014016543,9.734079281333331,0.277709455160865
2023-08-21,9.50437388,sz.000001,平安银行,-0.02076124567474058,-0.020979790469194633,9.724351438,10.01653537,9.729514554666666,0.2871519410875567
2023-08-22,9.54635433,sz.000001,平安银行,0.004416961130742081,0.004407234987407827,9.66389959,10.0018422125,9.723327200166667,0.24516193554518131
2023-08-23,9.44560125,sz.000001,平安银行,-0.01055408970976257,-0.010610179112015571,9.583297126,9.9842104235,9.717099899666668,0.2471440255545216
2023-08-24,9.34484817,sz.000001,平安银行,-0.010666666666666491,-0.010723963362975498,9.509411534,9.9581825445,9.710696047166667,0.2469094331916285
2023-08-25,9.42880907,sz.000001,平安银行,0.008984725965857976,0.008944603462898285,9.45399734,9.914942681,9.709379904999999,0.18410550161597958
2023-08-28,9.67229568,sz.000001,平安银行,0.02582368655387346,0.025495886517393276,9.4875817,9.881358321,9.712258479,0.21101310933582826
2023-08-29,9.49597779,sz.000001,平安银行,-0.01822916666666663,-0.018397365139716057,9.477506391999999,9.8456749385,9.707553817500001,0.21499839565771278
2023-08-30,9.34484817,sz.000001,平安银行,-0.01591511936339507,-0.016043124840575466,9.457355776,9.807892533499999,9.700603541,0.21808393534672768
2023-08-31,9.34484817,sz.000001,平安银行,0.0,0.0,9.457355776,9.7575159935,9.694609506499999,0.19076759148872566
2023-09-01,9.50437388,sz.000001,平安银行,0.017070979335130243,0.016926907487583378,9.472468738,9.7163751525,9.689908173833333,0.20623542355614413
2023-09-04,9.70588004,sz.000001,平安银行,0.021201413427561988,0.020979790469194685,9.47918561,9.6911868825,9.686106369166668,0.22267448305726792
2023-09-05,9.56314651,sz.000001,平安银行,-0.014705882352941235,-0.0148150857851407,9.492619354,9.661380763,9.683204216333333,0.2267934134010951
2023-09-06,9.59673087,sz.000001,平安银行,0.0035118525021948788,0.003505700347628487,9.542995894,9.630315229999999,9.682091256833333,0.2257771253364358
2023-09-07,9.51276997,sz.000001,平安银行,-0.00874890638670156,-0.008787402766804238,9.576580254,9.595471456499999,9.679852161000001,0.22649843123893884
2023-09-08,9.46239343,sz.000001,平安银行,-0.005295675198587868,-0.005309746988230062,9.568184164,9.5694435775,9.677053464333333,0.21560217659237113
2023-09-11,9.52116606,sz.000001,平安银行,0.006211180124223503,0.00619197024792098,9.531241368,9.555590029,9.673275223833334,0.20915524184158235
2023-09-12,9.47078952,sz.000001,平安银行,-0.005291005291005346,-0.005305052229693229,9.51276997,9.5366988265,9.668377504666665,0.20813598587678508
2023-09-13,9.44560125,sz.000001,平安银行,-0.0026595744680851796,-0.0026631174194837732,9.482544046000001,9.5165482105,9.665578808,0.20803270150603625
2023-09-14,9.47918561,sz.000001,平安银行,0.003555555555555534,0.0035492495111414894,9.475827173999999,9.5047936845,9.664599264166666,0.20419673985695613
2023-09-15,9.42041298,sz.000001,平安银行,-0.00620017714791854,-0.00621947806702042,9.467431084000001,9.490520331499999,9.662780111333332,0.20497612506896637
2023-09-18,9.42880907,sz.000001,平安银行,0.0008912655971480277,0.0008908686558016329,9.448959686,9.486742091,9.6634797855,0.19185762158298617
2023-09-19,9.41201689,sz.000001,平安银行,-0.0017809439002670624,-0.0017825316662831907,9.43720516,9.480025219,9.662500241666667,0.19108359016577883
2023-09-20,9.36164035,sz.000001,平安银行,-0.00535236396074934,-0.005366739177940787,9.42041298,9.475827173999999,9.660401219166667,0.18837694318408058
2023-09-21,9.27767945,sz.000001,平安银行,-0.008968609865470767,-0.009009069942365857,9.380111748000001,9.472468738,9.658582066333333,0.1872400800379943
2023-09-22,9.43720516,sz.000001,平安银行,0.017194570135746545,0.017048416501783133,9.383470184,9.4728885425,9.658722001166668,0.19475364413462606
2023-09-25,9.42041298,sz.000001,平安银行,-0.001779359430604921,-0.0017809443709946974,9.381790966,9.4602944075,9.654943760666667,0.16942748353474116
2023-09-26,9.37003644,sz.000001,平安银行,-0.005347593582887722,-0.005361943141385399,9.373394875999999,9.45399734,9.651585324666666,0.1581126611508556
2023-09-27,9.37843253,sz.000001,平安银行,0.0008960573476701761,0.0008956561279443863,9.376753312,9.455676558,9.649206432499998,0.1474451568722747
2023-09-28,9.4036208,sz.000001,平安银行,0.0026857654431513556,0.0026821652199395755,9.401941582000001,9.4586151895,9.648646693166665,0.14769996223984505
2023-10-09,9.32805599,sz.000001,平安银行,-0.008035714285714368,-0.008068174649510314,9.380111748,9.449799295,9.647387279666667,0.13647202962787738
2023-10-10,9.25249118,sz.000001,平安银行,-0.008100810081008047,-0.008133799926770144,9.346527388,9.427129852,9.644868452666666,0.11074086004602256
2023-10-11,9.21890682,sz.000001,平安银行,-0.003629764065335661,-0.003636367643383763,9.316301464,9.409917867499999,9.6416499515,0.10091458171432778
2023-10-12,9.32805599,sz.000001,平安银行,0.01183970856101979,0.011770167570153811,9.306226156000001,9.396484123499999,9.639830798666667,0.11060618427270827
2023-10-13,9.235699,sz.000001,平安银行,-0.009900990099009799,-0.00995033085316798,9.272641795999998,9.382630575,9.633813600833333,0.11169228358214292
2023-10-16,9.24409509,sz.000001,平安银行,0.0009090909090909705,0.0009086779362181122,9.255849616,9.371715658,9.627516533333333,0.11103089935847746
2023-10-17,9.25249118,sz.000001,平安银行,0.0009082652134422275,0.0009078529901797361,9.255849616,9.358281913999999,9.623458423166666,0.10792436690469231
2023-10-18,9.19371855,sz.000001,平安银行,-0.006352087114337546,-0.006372347462258579,9.250811962,9.344428365499999,9.619260378166667,0.10849488135872813
2023-10-19,8.8998554,sz.000001,平安银行,-0.031963470319634646,-0.03248545514448831,9.165171844,9.317141073,9.609325005,0.1533700477857504
2023-10-20,8.8998554,sz.000001,平安银行,0.0,0.0,9.098003124,9.2881745625,9.599249697000001,0.15188908022070147
2023-10-23,8.8158945,sz.000001,平安银行,-0.00943396226415083,-0.009478743954543659,9.012363006,9.2579486385,9.587495171,0.15319143619100403
2023-10-24,8.85787495,sz.000001,平安银行,0.004761904761904523,0.004750602758597578,8.93343976,9.2294019325,9.577559797833334,0.1551877395276171
2023-10-25,8.71514142,sz.000001,平安银行,-0.016113744075829328,-0.016244982184332867,8.837724334,9.194558159,9.558808530166667,0.16180417528602076
2023-10-26,8.74032969,sz.000001,平安银行,0.0028901734104045396,0.0028860048891348514,8.805819192,9.163492626,9.541176741166668,0.1633855606898325
2023-10-27,8.77391405,sz.000001,平安银行,0.003842459173871271,0.0038350957839424884,8.780630922,9.138304356,9.522985212833333,0.16389816265262108
2023-10-30,8.77391405,sz.000001,平安银行,0.0,0.0,8.772234832,9.105139800500002,9.497657008,0.1466189534967533
2023-10-31,8.78231014,sz.000001,平安银行,0.000956937799043045,0.0009564802259568144,8.75712187,9.0732346585,9.471629129,0.1473883692496625
2023-11-01,8.79910232,sz.000001,平安银行,0.0019120458891013214,0.0019102202561192452,8.77391405,9.0446879525,9.448120076999999,0.148404065844658
2023-11-02,8.79910232,sz.000001,平安银行,0.0,0.0,8.785668576,9.015721442,9.426430177833334,0.14811814965796835
2023-11-03,8.79910232,sz.000001,平安银行,0.0,0.0,8.79070623,8.985495517999999,9.400542233666668,0.14701952393557977
2023-11-06,8.97542021,sz.000001,平安银行,0.020038167938931206,0.01984004614405766,8.831007461999999,8.967863729,9.378012725499998,0.1673332697726775
2023-11-07,8.8998554,sz.000001,平安银行,-0.008419083255378768,-0.008454723918932306,8.854516514,8.95023194,9.3561828915,0.1674941450503355
2023-11-08,8.8158945,sz.000001,平安银行,-0.00943396226415083,-0.009478743954543659,8.85787495,8.930081324,9.333793318166666,0.1695493406752693
2023-11-09,8.80749841,sz.000001,平安银行,-0.0009523809523809268,-0.0009528347552718544,8.859554168,8.904053445,9.310284266166665,0.16140709309483983
2023-11-10,8.6479727,sz.000001,平安银行,-0.018112488083889433,-0.018278527172615733,8.829328244,8.87466713,9.284256387166668,0.16865579086392732
2023-11-13,8.60599225,sz.000001,平安银行,-0.004854368932038944,-0.004866189651173011,8.755442652,8.842761988,9.2613070745,0.16802025847335744
2023-11-14,8.62278443,sz.000001,平安银行,0.0019512195121951237,0.001949318356049679,8.700028458000002,8.8112766505,9.241716197833334,0.16842482370435866
2023-11-15,8.70674533,sz.000001,平安银行,0.009737098344693385,0.009689998300969201,8.678198624,8.7869279895,9.2226850605,0.17434460085921158
2023-11-16,8.59759616,sz.000001,平安银行,-0.012536162005786,-0.012615402630074315,8.636218174,8.7718150275,9.201834770333333,0.1415989606336697
2023-11-17,8.52203135,sz.000001,平安银行,-0.008789062499999889,-0.008827914123565275,8.611029904,8.752923825,9.181964024,0.14363137284016958
2023-11-20,8.55561571,sz.000001,平安银行,0.003940886699507207,0.003933141746836925,8.600954596,8.739909885500001,9.162792951833334,0.14244931723761212
2023-11-21,8.63118052,sz.000001,平安银行,0.008832188420019538,0.008793412792385515,8.602633813999999,8.728575164,9.148239729166669,0.14550678861997862
2023-11-22,8.53042744,sz.000001,平安银行,-0.01167315175097261,-0.011741817876683061,8.567370236,8.719339465000001,9.131307614333334,0.14025153507845162
2023-11-23,8.52203135,sz.000001,平安银行,-0.0009842519685039353,-0.0009847366625394926,8.552257274,8.708424548,9.115914782666666,0.139486142682375
2023-11-24,8.4800509,sz.000001,平安银行,-0.0049261083743843415,-0.004938281640582677,8.543861184,8.6937313905,9.101501494833334,0.13872987973158704
2023-11-27,8.40448609,sz.000001,平安银行,-0.008910891089108808,-0.008950830520084446,8.51363526,8.6752599925,9.084429445166668,0.14089982613584007
2023-11-28,8.35410955,sz.000001,平安银行,-0.005994005994006013,-0.006012042156627834,8.458221066000002,8.653849963,9.062459676333333,0.1410525838636004
2023-11-29,8.16099948,sz.000001,平安银行,-0.023115577889447403,-0.023386932698153864,8.384335474,8.621944821,9.040210037833333,0.15775467146850175
2023-11-30,8.12741512,sz.000001,平安银行,-0.00411522633744843,-0.004123717183861929,8.305412228,8.588360460999999,9.019919487000001,0.1571461665659542
2023-12-01,8.11062294,sz.000001,平安银行,-0.0020661157024792765,-0.0020682530640589573,8.231526636,8.553936492000002,8.9993490665,0.15663361946787843
2023-12-04,8.08543467,sz.000001,平安银行,-0.0031055900621119736,-0.0031104224143926134,8.167716352,8.509437215,8.975700079666668,0.12850614403104918
2023-12-05,7.95949332,sz.000001,平安银行,-0.015576323987538943,-0.015698909543103753,8.088793106,8.462419110999999,8.946593634333334,0.13332264393553295
2023-12-06,7.9762855,sz.000001,平安银行,0.0021097046413502962,0.0021074823395647994,8.05185031,8.420438661000002,8.920145950833334,0.1351288657832098
2023-12-07,7.92590896,sz.000001,平安银行,-0.006315789473684275,-0.006335818449085895,8.011549078,8.3763591885,8.892298919000002,0.1343596535929983
2023-12-08,7.8083637,sz.000001,平安银行,-0.014830508474576232,-0.014941579998199027,7.95109723,8.3343787385,8.863892147833333,0.1306379880085592
2023-12-11,7.85034415,sz.000001,平安银行,0.005376344086021501,0.005361943141385373,7.904079126000001,8.296596333500002,8.837024659833332,0.13579837294560146
2023-12-12,7.90911678,sz.000001,平安银行,0.007486631016042855,0.007458745287676133,7.894003818,8.260912951,8.810157171833334,0.14064781824138764
2023-12-13,7.69081844,sz.000001,平安银行,-0.027600849256900206,-0.027988909902232784,7.836910405999999,8.2101166065,8.780490987166667,0.15320514397751783
2023-12-14,7.68242235,sz.000001,平安银行,-0.0010917030567685337,-0.0010922993986089273,7.788213084000001,8.164357916,8.751104672166667,0.15225069268982666
2023-12-15,7.73279889,sz.000001,平安银行,0.006557377049180246,0.006535970979785449,7.773100122,8.124896293,8.721998226833334,0.15759530283140336
2023-12-18,7.66563017,sz.000001,平安银行,-0.008686210640608039,-0.008724155660338382,7.736157326,8.080397016000001,8.692751846666665,0.1546526942156827
2023-12-19,7.6404419,sz.000001,平安银行,-0.003285870755750264,-0.003291281084072733,7.68242235,8.030860085,8.662945727166667,0.1455427948034157
2023-12-20,7.58166927,sz.000001,平安银行,-0.007692307692307665,-0.007722046093910278,7.6605925159999995,7.9834221764999995,8.632439933499999,0.1441778771373337
2023-12-21,7.69921453,sz.000001,平安银行,0.015503875968992276,0.015384918839479456,7.663950951999999,7.942281335500001,8.6047328365,0.16228282417248113
2023-12-22,7.7244028,sz.000001,平安银行,0.0032715376226826187,0.0032661977866211022,7.662271734000001,7.9044989305,8.578844892333333,0.16492894137532607
2023-12-25,7.71600671,sz.000001,平安银行,-0.0010869565217390686,-0.0010875476873988823,7.672347042,7.870074961499999,8.5501582515,0.1645570241709235
2023-12-26,7.6404419,sz.000001,平安银行,-0.009793253536452662,-0.00984152284479132,7.672347042,7.834391579,8.520492066833333,0.1656514059067468
2023-12-27,7.65723408,sz.000001,平安银行,0.00219780219780219,0.002195390563435656,7.687460004,7.809203309,8.491945360833334,0.15148927391103922
2023-12-28,7.93430505,sz.000001,平安银行,0.03618421052631571,0.03554493741941129,7.734478108,7.7995478055000005,8.4678765695,0.20583106195347928
2023-12-29,7.88392851,sz.000001,平安银行,-0.006349206349206327,-0.006369448285479823,7.76638325,7.788213084000001,8.442548364666667,0.20665143118703103
2024-01-02,7.73279889,sz.000001,平安银行,-0.019169329073482455,-0.01935544295295609,7.769741685999999,7.770581295000001,8.415960746333333,0.21612509575535224
2024-01-03,7.7244028,sz.000001,平安银行,-0.0010857763300760048,-0.0010863662122208519,7.786533865999999,7.758826769,8.390492606666667,0.21021634663172872
2024-01-04,7.64883799,sz.000001,平安银行,-0.009782608695652173,-0.009830772783127672,7.784854648,7.742454393499999,8.364324792833333,0.21180412875797713
2024-01-05,7.78317543,sz.000001,平安银行,0.01756311745334793,0.017410668305896795,7.754628724,7.735317716999999,8.338576783499999,0.222076408685758
2024-01-08,7.68242235,sz.000001,平安银行,-0.012944983818770184,-0.013029500290333796,7.714327492,7.729020649499999,8.312688839333333,0.22059410937524593
2024-01-09,7.70761062,sz.000001,平安银行,0.003278688524590123,0.0032733253449691085,7.709289837999999,7.721883973,8.287080764833332,0.2199497793215045
2024-01-10,7.63204581,sz.000001,平安银行,-0.009803921568627416,-0.009852296443011594,7.690818439999999,7.7080304245,8.260073342,0.21984558570653825
2024-01-11,7.69921453,sz.000001,平安银行,0.008800880088008833,0.008762378078986048,7.700893748,7.708450229,8.235164941666666,0.20002334979226047
2024-01-12,7.71600671,sz.000001,平安银行,0.0021810250817884125,0.0021786500992221724,7.687460004,7.710129447,8.215434130166667,0.20009572515700666
2024-01-15,7.73279889,sz.000001,平安银行,0.0021762785636560977,0.0021739138996197454,7.697535311999999,7.710129447,8.195983188333335,0.19887715302240885
2024-01-16,7.84194806,sz.000001,平安银行,0.014115092290988063,0.014016401973535783,7.7244028,7.718945341499999,8.179750747666667,0.2020011570720814
2024-01-17,7.74959107,sz.000001,平安银行,-0.011777301927194839,-0.011847203725990442,7.747911852,7.7244028,8.161279349666668,0.20670399934776937
2024-01-18,7.7244028,sz.000001,平安银行,-0.00325027085590468,-0.003255564459766185,7.752949506,7.731539476500001,8.144767039333333,0.20487987295897298
2024-01-19,7.69921453,sz.000001,平安银行,-0.003260869565217428,-0.003266197786621181,7.749591069999999,7.731539476500001,8.12741512,0.19798654927421858
2024-01-22,7.6404419,sz.000001,平安银行,-0.007633587786259555,-0.007662872745569137,7.731119672,7.727341431499999,8.108523917500001,0.199428929747667
2024-01-23,7.69081844,sz.000001,平安银行,0.00659340659340657,0.006571765163234519,7.700893748,7.726082018000001,8.090472324,0.2009723122011739
2024-01-24,7.83355197,sz.000001,平安银行,0.018558951965065518,0.018388836173213574,7.717685928,7.735737521499999,8.074659687833334,0.20789239904907125
2024-01-25,7.9762855,sz.000001,平安银行,0.018220793140407254,0.01805678374724266,7.768062468000001,7.7516900925000005,8.060946074166667,0.21638656965047684
2024-01-26,8.07703858,sz.000001,平安银行,0.012631578947368327,0.012552466071119879,7.843627278,7.758826769,8.0489116785,0.18038096708345425
2024-01-29,8.1442073,sz.000001,平安银行,0.008316008316008316,0.008281620831722018,7.944380357999999,7.771840708499999,8.0379967615,0.18001793591507667
2024-01-30,7.9762855,sz.000001,平安银行,-0.020618556701030855,-0.020834086902841914,8.00147377,7.784015038999999,8.021344516333333,0.18230378176952572
2024-01-31,7.94270114,sz.000001,平安银行,-0.004210526315789553,-0.004219415542708322,8.023303604,7.794929956,8.005391945333333,0.18325246753091756
2024-02-01,7.90072069,sz.000001,平安银行,-0.005285412262156397,-0.005299429466498591,8.008190641999999,7.807524091,7.9901390485,0.18026481037995548
2024-02-02,7.78317543,sz.000001,平安银行,-0.014877789585547307,-0.014989574019524499,7.949418012,7.807524091,7.973066998833333,0.17913666510879223
2024-02-05,7.87553242,sz.000001,平安银行,0.011866235167206085,0.011796383440369564,7.895683035999999,7.8171795945,7.9601929941666665,0.17688108048320347
2024-02-06,8.12741512,sz.000001,平安银行,0.031982942430703654,0.03148213827035237,7.925908959999999,7.8381698195,7.952216708666667,0.20778428374617477
2024-02-07,8.06864249,sz.000001,平安银行,-0.00723140495867769,-0.007257678306284528,7.95109723,7.8599996535,7.942981009666667,0.20591736180962208
2024-02-08,8.11901903,sz.000001,平安银行,0.00624349635796051,0.006224086483001885,7.994756898,7.8809898784999985,7.933185571333334,0.2051381971782336
2024-02-19,8.23656429,sz.000001,平安银行,0.014477766287487093,0.014373964112068776,8.085434670000001,7.9070177575,7.9271683735,0.2092978036323076
2024-02-20,8.24496038,sz.000001,平安银行,0.0010193679918450993,0.001018848789102848,8.159320262,7.932625831999999,7.922550524,0.20942423767820834
2024-02-21,9.0677772,sz.000001,平安银行,0.09979633401221988,0.09512501176379942,8.347392678,7.9939172890000005,7.931086548833333,0.40118929371104967
2024-02-22,9.1517381,sz.000001,平安银行,0.009259259259259078,0.009216655104923827,8.5640118,8.0640246405,7.9397625085,0.39462398395868625
2024-02-23,9.10975765,sz.000001,平安银行,-0.004587155963302614,-0.0045977092486293196,8.762159524000001,8.133292383,7.949418012,0.3951859181484644
2024-02-26,8.84108277,sz.000001,平安银行,-0.029493087557603714,-0.029936753840584453,8.88306322,8.190385795,7.954735535666667,0.41601675155915224
2024-02-27,8.8158945,sz.000001,平安银行,-0.002849002849002802,-0.002853068982406399,8.997250044000001,8.249158425000001,7.960332929000001,0.414088410757354
2024-02-28,8.80749841,sz.000001,平安银行,-0.0009523809523809268,-0.0009528347552718544,8.945194286,8.3049924235,7.967049801,0.4151701316495488
2024-02-29,8.89145931,sz.000001,平安银行,0.009532888465204836,0.009487737205109164,8.893138528,8.357887790500001,7.976005630333334,0.41310091135764276
2024-03-01,8.80749841,sz.000001,平安银行,-0.00944287063267224,-0.00948773720510919,8.83268668,8.399448436,7.9867806125,0.41450319948773506
2024-03-04,8.67316097,sz.000001,平安银行,-0.015252621544328049,-0.015370139276658748,8.79910232,8.4292545555,7.995876376666667,0.41972756838403746
2024-03-05,8.75712187,sz.000001,平安银行,0.009680542110358292,0.00963398588113401,8.787347794000002,8.459900284,8.006651358833334,0.4199465311967986
2024-03-06,8.67316097,sz.000001,平安银行,-0.009587727708533222,-0.009633985881134045,8.760480306000002,8.4947440575,8.016446797166667,0.413156701566236
2024-03-07,8.71514142,sz.000001,平安银行,0.004840271055179146,0.004828594606195457,8.725216728000001,8.533366071500001,8.029040932166668,0.411871686471134
2024-03-08,8.71514142,sz.000001,平安银行,0.0,0.0,8.70674533,8.574087108,8.0413551975,0.4105536079041473
2024-03-11,8.79070623,sz.000001,平安银行,0.00867052023121384,0.008633147144702875,8.730254382000002,8.624463647999999,8.055768485333333,0.40371572722415916
2024-03-12,8.86627104,sz.000001,平安银行,0.008595988538682153,0.008559253395670131,8.752084216,8.674000579000001,8.073400274333332,0.4032949801567363
2024-03-13,8.67316097,sz.000001,平安银行,-0.021780303030303205,-0.022020995146568415,8.752084216,8.7012878715,8.087113888,0.40292307280725476
2024-03-14,8.58920007,sz.000001,平安银行,-0.00968054211035807,-0.009727703168011954,8.726895946,8.7273157505,8.0984486095,0.4038846575597484
2024-03-15,8.8998554,sz.000001,平安银行,0.03616813294232646,0.03552942115448632,8.763838742,8.766357569,8.1185992255,0.420289871539856
2024-03-18,8.84947886,sz.000001,平安银行,-0.005660377358490565,-0.005676458004805191,8.775593268,8.7970032975,8.138050167333335,0.4202953500919684
2024-03-19,8.7319336,sz.000001,平安银行,-0.013282732447817858,-0.013371736965889308,8.74872578,8.821351958500001,8.154702412499999,0.42464530045992155
2024-03-20,8.77391405,sz.000001,平安银行,0.004807692307692291,0.0047961722634930135,8.768876396,8.806658801000001,8.1731738105,0.2249770000346924
2024-03-21,8.79070623,sz.000001,平安银行,0.00191387559808609,0.0019120464716254415,8.809177628,8.7886072075,8.192344882666667,0.22178414531866858
2024-03-22,8.69834924,sz.000001,平安银行,-0.010506208213944435,-0.010561788051108316,8.768876396,8.768036787,8.2109562155,0.22371576831894316
2024-03-25,8.7319336,sz.000001,平安银行,0.0038610038610038533,0.0038535693159899723,8.745367344,8.7625793285,8.2281682,0.1998264722785774
2024-03-26,8.8998554,sz.000001,平安银行,0.019230769230769162,0.01904819497069441,8.778951703999999,8.7667773735,8.247759076666666,0.21148186771800465
2024-03-27,8.84108277,sz.000001,平安银行,-0.006603773584905714,-0.00662567497213738,8.792385448,8.768456591500001,8.266510344333334,0.21296336247167424
2024-03-28,8.80749841,sz.000001,平安银行,-0.003798670465336995,-0.003805903737678189,8.795743884,8.764258546499999,8.285961286166666,0.21052065085077326
2024-03-29,8.83268668,sz.000001,平安银行,0.0028598665395613843,0.002855784901357892,8.822611372,8.76551796,8.305552162833333,0.20801951173685604
2024-04-01,8.93343976,sz.000001,平安银行,0.011406844106463865,0.01134227660393451,8.862912604,8.778531899499999,8.322204408,0.20318147949674106
2024-04-02,8.85787495,sz.000001,平安银行,-0.008458646616541499,-0.00849462399142297,8.854516514,8.7835695535,8.338436848666667,0.20376360452518452
2024-04-03,8.78231014,sz.000001,平安银行,-0.008530805687203769,-0.008567401285298638,8.842761988000001,8.789027012000002,8.355928702833333,0.20309273732682748
2024-04-08,8.75712187,sz.000001,平安银行,-0.002868068833651871,-0.0028721896240956274,8.83268668,8.7911260345,8.373140687333333,0.2028528944591935
2024-04-09,8.7319336,sz.000001,平安银行,-0.0028763183125600778,-0.0028804628653542525,8.812536064,8.7919656435,8.391192280833334,0.20316924747787482
2024-04-10,8.63118052,sz.000001,平安银行,-0.011538461538461608,-0.011605546120308003,8.752084216,8.783989358000001,8.405325699,0.20461812483973144
2024-04-11,8.60599225,sz.000001,平安银行,-0.0029182879377430693,-0.0029225544426017425,8.701707676,8.770975418499999,8.420718530666667,0.20163810504493201
2024-04-12,8.44646654,sz.000001,平安银行,-0.018536585365853675,-0.018710540912824054,8.634538956,8.759640697,8.433032796,0.197580352412217
2024-04-15,8.63957661,sz.000001,平安银行,0.022862823061630344,0.022605385174365212,8.611029904,8.762159524,8.449824976,0.21237951966819235
2024-04-16,8.63118052,sz.000001,平安银行,-0.0009718172983480544,-0.0009722898189393334,8.590879288,8.748725780000001,8.4653577425,0.16499661016516812
2024-04-17,8.91664758,sz.000001,平安银行,0.0330739299610896,0.03253875578677383,8.6479727,8.752084216,8.485368423666667,0.20453216156876297
2024-04-18,9.0677772,sz.000001,平安银行,0.016949152542373058,0.016807118316381407,8.74032969,8.768876396,8.507618062166665,0.20574616294115014
2024-04-19,8.97542021,sz.000001,平安银行,-0.010185185185185297,-0.010237409093220264,8.846120424,8.778951704,8.526509264666666,0.20984374245532106
2024-04-22,8.8158945,sz.000001,平安银行,-0.017773620205799645,-0.017933467873475998,8.881384001999999,8.780211117499999,8.544280988499999,0.2203516616173835
2024-04-23,8.84947886,sz.000001,平安银行,0.003809523809523707,0.0038022859497384787,8.925043669999999,8.7877675985,8.563032256166668,0.21692997617530102
2024-04-24,8.84108277,sz.000001,平安银行,-0.000948766603415585,-0.0009492169673321593,8.909930708000001,8.793225057,8.5820633935,0.21674560982741722
2024-04-25,8.90825149,sz.000001,平安银行,0.007597340930674212,0.0075686264800075825,8.878025566,8.7936448615,8.603193553333334,0.2072879440374092
2024-04-26,8.8998554,sz.000001,平安银行,-0.0009425070688029447,-0.000942951507870236,8.862912604,8.796583493,8.623344169333333,0.20581852428982522
2024-04-29,9.07617329,sz.000001,平安银行,0.019811320754717032,0.0196176305330955,8.914968362,8.810017237,8.644054524666668,0.21621448797993956
2024-04-30,9.05938111,sz.000001,平安银行,-0.0018501387604069608,-0.0018518523810735483,8.956948811999998,8.8213519585,8.662106118166665,0.21649412206132854
2024-05-06,9.14334201,sz.000001,平安银行,0.009267840593141674,0.009225157674825688,9.01740066,8.831847071,8.679877842,0.215306866894126
2024-05-07,9.13494592,sz.000001,平安银行,-0.0009182736455463081,-0.0009186955170724693,9.062739546,8.8457006195,8.696390152333333,0.2124424948787309
2024-05-08,9.00900457,sz.000001,平安银行,-0.01378676470588236,-0.013882684785189472,9.08456938,8.857035341,8.713602136833334,0.2165546493401135
2024-05-09,9.03419284,sz.000001,平安银行,0.002795899347623365,0.0027919980910311335,9.07617329,8.8708888895,8.731793665166666,0.2160195797235817
2024-05-10,9.18532246,sz.000001,平安银行,0.016728624535315983,0.01659024226019679,9.101361559999999,8.8935583325,8.753203694666666,0.22171032936014437
2024-05-13,9.21051073,sz.000001,平安银行,0.002742230347348995,0.002738477293303549,9.114795304,8.922524843,8.776992616333333,0.2153120481482069
2024-05-14,9.16013419,sz.000001,平安银行,-0.00546946216955313,-0.005484474442159229,9.119832958,8.95023194,8.798402645833333,0.21648285511565743
2024-05-15,9.09296547,sz.000001,平安银行,-0.007332722273144077,-0.0073597388320803805,9.136625138000001,8.9825568865,8.814495151666668,0.20489658579955952
2024-05-16,9.37843253,sz.000001,平安银行,0.0313942751615881,0.030911552068210023,9.205473076,9.019499682500001,8.836324985666668,0.2173013952656579
2024-05-17,9.58833478,sz.000001,平安银行,0.022381378692927667,0.022134591146754996,9.286075539999999,9.0673573955,8.8608135815,0.22558381020448645
2024-05-20,9.55475042,sz.000001,平安银行,-0.00350262697022774,-0.0035087755296793655,9.354923478,9.0992625375,8.882783350333334,0.2021452110319534
2024-05-21,9.69748395,sz.000001,平安银行,0.014938488576450082,0.014828008269617853,9.46239343,9.130747875,8.9069920765,0.20049527342887535
2024-05-22,9.70588004,sz.000001,平安银行,0.0008658008658009031,0.0008654262764289014,9.584976344000001,9.167270866500001,8.917627123833334,0.1942772241841946
2024-05-23,9.5715426,sz.000001,平安银行,-0.01384083044982698,-0.013937507843781624,9.623598358,9.2050532715,8.924623865500001,0.18885986198026525
2024-05-24,9.49597779,sz.000001,平安银行,-0.007894736842105399,-0.007926065272420827,9.605126960000002,9.237378218,8.931060867833335,0.1936784011686505
2024-05-27,9.66389959,sz.000001,平安银行,0.017683465959328126,0.017528932605762285,9.626956794,9.278519059,8.944774481499998,0.19908902184392485
2024-05-28,9.5715426,sz.000001,平安银行,-0.009556907037358675,-0.009602867333341354,9.601768524,9.3116836145,8.9573686165,0.20481703868668424
2024-05-29,9.45399734,sz.000001,平安银行,-0.012280701754386003,-0.012356732688905492,9.551391984,9.339390711499998,8.968143598666666,0.21203487399886284
2024-05-30,9.33645208,sz.000001,平安银行,-0.01243339253996445,-0.01251133388910798,9.50437388,9.352404651,8.975560144833333,0.20922012650186167
2024-05-31,9.32805599,sz.000001,平安银行,-0.0008992805755397848,-0.0008996851708979072,9.47078952,9.365838395,8.9842361045,0.20904554547188395
2024-06-03,9.21890682,sz.000001,平安银行,-0.01170117011701155,-0.011770167570153901,9.381790966,9.3696166355,8.993331868666667,0.21200018932045062
2024-06-04,9.25249118,sz.000001,平安银行,0.0036429872495444826,0.0036363676433837124,9.317980682,9.3754938985,9.001588023833333,0.2122148610897148
2024-06-05,9.12654983,sz.000001,平安银行,-0.01361161524500909,-0.01370510259165037,9.25249118,9.3813711615,9.009144504833332,0.21205687218123806
2024-06-06,9.1517381,sz.000001,平安银行,0.002759889604415644,0.0027560881019797626,9.215548383999998,9.3872484245,9.016421116166669,0.21205226335166535
2024-06-07,9.22730291,sz.000001,平安银行,0.008256880733945149,0.008222979180432171,9.195397768000001,9.389347447,9.024957141,0.20560969464794457
2024-06-11,9.12654983,sz.000001,平安银行,-0.010919017288444133,-0.010979067282412013,9.17692637,9.385149402,9.030554534333334,0.20915169354873264
2024-06-12,9.13494592,sz.000001,平安银行,0.0009199632014718073,0.0009195402946783599,9.153417318,9.383889988499998,9.035032449,0.20831595378390302
2024-06-13,9.0677772,sz.000001,平安银行,-0.007352941176470562,-0.007380107297622534,9.141662792,9.382630575,9.041609386166668,0.20832533267347175
2024-06-14,9.15773458,sz.000001,平安银行,0.009920554730877162,0.009871669077111858,9.142862088,9.3715956775,9.051084961333334,0.1769012242988081
2024-06-17,9.0857681,sz.000001,平安银行,-0.007858546168958758,-0.007889587275162932,9.114555125999999,9.346467343499999,9.054183506333334,0.1547754987218798
2024-06-18,9.06777648,sz.000001,平安银行,-0.001980198019801982,-0.001982161203991211,9.102800455999999,9.3221186465,9.057821800000001,0.1547577175897515
2024-06-19,9.13074715,sz.000001,平安银行,0.00694444444444442,0.006920442844573757,9.101960702,9.2937818065,9.064468692499998,0.14506224094137452
2024-06-20,9.04078905,sz.000001,平安银行,-0.00985221674876835,-0.009901070982711457,9.096563072,9.260527257,9.068916609166667,0.14629030873193444
2024-06-21,8.99581,sz.000001,平安银行,-0.00497512437810943,-0.004987541511039051,9.064178156,9.231740627,9.072335005333334,0.14127969252052622
2024-06-24,8.97781838,sz.000001,平安银行,-0.0020000000000000018,-0.0020020026706730793,9.042588212000002,9.2058326565,9.076992824333333,0.14014882127797545
2024-06-25,9.06777648,sz.000001,平安银行,0.01002004008016022,0.00997017231984985,9.042588212000002,9.176026500999999,9.082590205666666,0.12737709240100062
2024-06-26,9.06777648,sz.000001,平安银行,0.0,0.0,9.029994077999998,9.150838195,9.085388890333332,0.12550287936032714
2024-06-27,9.11275553,sz.000001,平安银行,0.004960317460317443,0.0049480556173694375,9.044387374,9.1337761045,9.089916769666667,0.12288604200482822
2024-06-28,9.13074715,sz.000001,平安银行,0.001974333662388972,0.001972387227204354,9.071374803999998,9.123490858,9.095304248666668,0.11685733073704342
2024-07-01,9.31066335,sz.000001,平安银行,0.019704433497537144,0.019512814223581934,9.137943797999998,9.122621226,9.103270526500001,0.13822947812164402
2024-07-02,9.3556424,sz.000001,平安银行,0.004830917874396157,0.004819286435948922,9.195516982,9.129458005,9.110307237166666,0.13207901530447208
2024-07-03,9.27468011,sz.000001,平安银行,-0.008653846153846234,-0.008691508118458504,9.236897707999999,9.130567451500001,9.117253989833332,0.13569361491552911
2024-07-04,9.22970106,sz.000001,平安银行,-0.004849660523763344,-0.004861458286245089,9.260286814,9.135725013,9.124710505166666,0.1272027881361164
2024-07-05,8.96882257,sz.000001,平安银行,-0.02826510721247555,-0.028672255768876425,9.227901897999999,9.1265792365,9.128238850166667,0.1628649075625848
2024-07-08,8.93283933,sz.000001,平安银行,-0.004012036108325012,-0.004020105916665776,9.152337094,9.1118560575,9.131587279,0.1594440157517787
2024-07-09,9.05878067,sz.000001,平安银行,0.014098690835851135,0.014000228673389879,9.092964748,9.108467599499999,9.138713948166668,0.1646382025387705
2024-07-10,9.12175134,sz.000001,平安银行,0.006951340615690027,0.006927291432566038,9.062378994,9.1078078705,9.147309932999999,0.16662137985917377
2024-07-11,9.11275553,sz.000001,平安银行,-0.0009861932938856066,-0.0009866799024450975,9.038989888,9.110056787,9.1584147495,0.16442308811654488
2024-07-12,9.27468011,sz.000001,平安银行,0.017769002961500524,0.017612979768276575,9.100161396,9.1159040635,9.168999807833334,0.17266813753628946
2024-07-15,9.29267173,sz.000001,平安银行,0.0019398642095054264,0.001937985102678713,9.172127876,9.126249245,9.180024661333333,0.16971101307495196
2024-07-16,9.2656843,sz.000001,平安银行,-0.0029041626331074433,-0.0029083878959570812,9.213508602000001,9.136144636000001,9.18584194,0.1699707695029226
2024-07-17,9.3556424,sz.000001,平安银行,0.009708737864077666,0.00966191091173689,9.260286814,9.1473893985,9.190639693333333,0.17150028463259445
2024-07-18,9.36463821,sz.000001,平安银行,0.0009615384615384581,0.000961076479550532,9.310663350000002,9.163581856499999,9.19712666,0.1664166727238316
2024-07-19,9.32865497,sz.000001,平安银行,-0.003842459173871271,-0.003849860385441548,9.321458322,9.180224104999999,9.205672667833333,0.16585144580235503
2024-07-22,9.20271363,sz.000001,平安银行,-0.013500482160077265,-0.01359244227790097,9.303466702,9.1914688675,9.211559914,0.17422365721155791
2024-07-23,9.15773458,sz.000001,平安银行,-0.004887585532746819,-0.004899568841158425,9.281876758,9.1959667725,9.216837444166666,0.17234821968619665
2024-07-24,9.11275553,sz.000001,平安银行,-0.004911591355599265,-0.004923692861784723,9.233299384,9.198215725,9.220245844833332,0.1734344545119258
2024-07-25,9.07677229,sz.000001,平安银行,-0.003948667324777944,-0.00395648389507448,9.1757262,9.196416563,9.223194459666667,0.1731451728356017
2024-07-26,9.02279743,sz.000001,平安银行,-0.005946481665014658,-0.005964232391673216,9.114554692,9.191019077,9.222304861999998,0.17414155907016132
2024-07-29,9.09476391,sz.000001,平安银行,0.007976071784645988,0.007944431058535812,9.092964748,9.180224105,9.222894575333331,0.16050262818577368
2024-07-30,9.06777648,sz.000001,平安银行,-0.0029673590504450953,-0.0029717703891574817,9.074973128,9.165830809000001,9.221635149833332,0.15904587060392608
2024-07-31,9.23869687,sz.000001,平安银行,0.018849206349206504,0.018673761297244455,9.100161395999999,9.164031646999998,9.223364332333334,0.17209647218244833
2024-08-01,9.23869687,sz.000001,平安银行,0.0,0.0,9.132546312,9.1644814375,9.227192537333334,0.17119421666182535
2024-08-02,9.12175134,sz.000001,平安银行,-0.012658227848101333,-0.012739025777429826,9.152337094,9.172127876000001,9.228651845666665,0.1436378799281567
2024-08-05,9.04078905,sz.000001,平安银行,-0.008875739644970237,-0.00891536365795217,9.141542122,9.177525362,9.2262429555,0.14683878341502057
2024-08-06,8.93283933,sz.000001,平安银行,-0.011940298507462699,-0.012012156448003545,9.114554692,9.171228295,9.221615098833333,0.14425501010693606
2024-08-07,8.93283933,sz.000001,平安银行,0.0,0.0,9.053383184,9.1617826945,9.217826851166667,0.14147349051886743
2024-08-08,8.94183514,sz.000001,平安银行,0.001007049345417954,0.0010065426114014722,8.994010838,9.153236675,9.215308012333335,0.14165441849133956
2024-08-09,9.03179324,sz.000001,平安银行,0.010060362173038184,0.010010093595100425,8.976019218000001,9.141092331500001,9.209530690833333,0.13036671167794442
2024-08-12,9.00480581,sz.000001,平安银行,-0.0029880478087649376,-0.0029925209364539173,8.96882257,9.1266990355,9.199805207999999,0.12991817351234278
2024-08-13,8.95083095,sz.000001,平安银行,-0.005994005994006013,-0.006012042156627834,8.972420894,9.110956368,9.189739883500001,0.13080826443207133
2024-08-14,8.92384352,sz.000001,平安银行,-0.0030150753768843908,-0.0030196298737199456,8.970621732000001,9.089366424,9.176845876333335,0.1237003466183353
2024-08-15,9.02279743,sz.000001,平安银行,0.011088709677419484,0.011027680677062866,8.98681419,9.072274385,9.165461166166667,0.13220645561817174
2024-08-16,9.11275553,sz.000001,平安银行,0.009970089730807485,0.009920716286747759,9.003006648,9.061479413,9.157814714999999,0.13835884263862933
2024-08-19,9.25668849,sz.000001,平安银行,0.015794669299111552,0.01567123158536623,9.053383184000001,9.064178156,9.153826559999999,0.14264201498029339
2024-08-20,9.30166754,sz.000001,平安银行,0.004859086491739495,0.004847319234324776,9.123550502,9.071374804,9.147789359166667,0.14210761255870694
2024-08-21,9.31066335,sz.000001,平安银行,0.0009671179883945502,0.000966650631094974,9.200914468,9.081270195,9.143441371666666,0.14048681919445383
2024-08-22,9.33765078,sz.000001,平安银行,0.0028985507246377384,0.0028943580263645565,9.263885138,9.0943141195,9.141502262333335,0.13931305501313979
2024-08-23,9.41861307,sz.000001,平安银行,0.008670520231213619,0.008633147144702655,9.325056646,9.114104901500001,9.142871612166667,0.13867467290834784
2024-08-26,9.43660469,sz.000001,平安银行,0.0019102196752627254,0.0019083975257603906,9.361039886,9.1311969405,9.144680757166666,0.13697622868550433
2024-08-27,9.38262983,sz.000001,平安银行,-0.0057197330791227685,-0.005736153395524522,9.377232344000001,9.146939608,9.147409474,0.13860729093597263
2024-08-28,9.29267173,sz.000001,平安银行,-0.009587727708533111,-0.009633985881133934,9.37363402,9.149638351,9.148079149833332,0.12844584323052335
2024-08-29,9.11275553,sz.000001,平安银行,-0.019361084220716474,-0.01955096487095528,9.328654969999999,9.143341284,9.147849244833335,0.1462430506366987
2024-08-30,9.13974296,sz.000001,平安银行,0.0029615004935834577,0.0029571238897438627,9.272880948,9.144240865,9.147649325833333,0.13958481466279732
2024-09-02,9.09476391,sz.000001,平安银行,-0.004921259842519676,-0.004933409117955777,9.204512792,9.146939608,9.1454403425,0.13687848349870282
2024-09-03,9.06777648,sz.000001,平安银行,-0.0029673590504450953,-0.0029717703891574817,9.141542122,9.1536864655,9.144460786666665,0.129726269247976
2024-09-04,9.01380162,sz.000001,平安银行,-0.00595238095238082,-0.005970166986503684,9.0857681,9.15773458,9.142441715,0.13190434612299382
2024-09-05,9.05878067,sz.000001,平安银行,0.004990019960079861,0.0049776110737522064,9.074973128,9.163581856499999,9.142291772833333,0.13286797688830373
2024-09-06,9.06777648,sz.000001,平安银行,0.0009930486593840993,0.000992555912751421,9.060579832,9.1653810185,9.140792471166666,0.12819675268459912
2024-09-09,8.86087285,sz.000001,平安银行,-0.022817460317460236,-0.023081807459224963,9.013801619999999,9.1581843705,9.137044217,0.15192568100675075
2024-09-10,8.9058519,sz.000001,平安银行,0.005076142131979822,0.005063301956546855,8.981416704,9.155935418,9.134345473999998,0.1519507500397243
2024-09-11,8.68095665,sz.000001,平安银行,-0.025252525252525193,-0.025576841789649623,8.91484771,9.143791074500001,9.126848965666666,0.17599870186049
2024-09-12,8.76191894,sz.000001,平安银行,0.009326424870466088,0.009283202303548942,8.855475364,9.13074715,9.1222011305,0.17445516775561637
2024-09-13,8.7259357,sz.000001,平安银行,-0.004106776180697991,-0.004115232145106432,8.787107208,9.1114061585,9.1177032255,0.16935966326949295
2024-09-18,8.78890637,sz.000001,平安银行,0.007216494845360577,0.007190580545353988,8.772713912,9.088017052500001,9.114554692000002,0.15979757011740398
2024-09-19,8.82488961,sz.000001,平安银行,0.004094165813715467,0.004085807522580354,8.756521454,9.064178156,9.1105065775,0.15935020214483692
2024-09-20,8.9058519,sz.000001,平安银行,0.00917431192660545,0.009132483563272472,8.801500504,9.0439375835,9.107807834499999,0.16435703318769893
2024-09-23,9.03179324,sz.000001,平安银行,0.014141414141414232,0.014042357123038984,8.855475364,9.0286447065,9.106458463000001,0.1735428703097796
2024-09-24,9.32865497,sz.000001,平安银行,0.03286852589641431,0.03233990797785279,8.976019218,9.024146801499999,9.109756926666668,0.20998022642892233
2024-09-25,9.4456005,sz.000001,平安银行,0.012536162005785778,0.012458234922041586,9.107358044,9.024596592,9.112005879166666,0.2148595238465195
2024-09-26,10.03032815,sz.000001,平安银行,0.06190476190476213,0.060064240742650286,9.348445752,9.056981508000002,9.123250641666667,0.30542374513238313
2024-09-27,10.27321502,sz.000001,平安银行,0.024215246636771326,0.023926706321736418,9.621918376,9.1060086725,9.139892890166667,0.30972795301222167
2024-09-30,10.98388401,sz.000001,平安银行,0.06917688266199651,0.06688908389474917,10.01233653,9.199565096499999,9.169129272666668,0.37014133597952353
2024-10-08,11.58660328,sz.000001,平安银行,0.05487305487305494,0.053420432553594306,10.463926192,9.321908112500001,9.212758951166666,0.40220963147642586
2024-10-09,10.50710608,sz.000001,平安银行,-0.0931677018633541,-0.09779774327612663,10.676227308,9.392525221000001,9.238996730333334,0.5477583408175829
2024-10-10,11.01269886,sz.000001,平安银行,0.04811912777414351,0.046997250978943715,10.87270145,9.48977134,9.2715620335,0.5641896487617896
2024-10-11,10.77369204,sz.000001,平安银行,-0.02170283806343909,-0.021941808538436757,10.972796854,9.577765861,9.299094378500001,0.5729358012129467
2024-10-14,11.04946914,sz.000001,平安银行,0.025597269624573205,0.025275144958194794,10.98591388,9.677300284500001,9.331372938666666,0.5754089788605825
2024-10-15,10.9391583,sz.000001,平安银行,-0.009983361064891727,-0.010033528989577697,10.856424884,9.770869375500002,9.359114241833334,0.579149915753785
2024-10-16,11.08623942,sz.000001,平安银行,0.013445378151260456,0.013355791181555636,10.972251552,9.882137704,9.389007036666667,0.5659980353736591
2024-10-17,10.98512115,sz.000001,平安银行,-0.009121061359867344,-0.009162912921519724,10.96673601,9.986101166500001,9.4176643175,0.5704865187935626
2024-10-18,11.06785428,sz.000001,平安银行,0.007531380753138084,0.007503161503155315,11.025568458,10.105446048,9.446201182166668,0.5543687971316517
2024-10-21,10.85642517,sz.000001,平安银行,-0.01910299003322269,-0.01928780967140414,10.986959664,10.2101713595,9.471064298166668,0.5658031785292204
2024-10-22,10.83804003,sz.000001,平安银行,-0.0016934801016087464,-0.0016949156599913183,10.96673601,10.315776576000001,9.496220715833335,0.5649910350485068
2024-10-23,10.90238802,sz.000001,平安银行,0.00593723494486853,0.005919679020299833,10.929965730000001,10.4214506585,9.524548622333333,0.5651380845487788
2024-10-24,10.80126975,sz.000001,平安银行,-0.009274873524451999,-0.009318152979411486,10.89319545,10.520269665499999,9.551940875166666,0.5694197942662061
2024-10-25,10.76449947,sz.000001,平安银行,-0.0034042553191487857,-0.003410062980541843,10.832524488,10.613202044000001,9.579469940833333,0.5716346234165336
2024-10-28,10.70015148,sz.000001,平安银行,-0.005977796754910281,-0.005995735306334157,10.80126975,10.696619956000001,9.606526260666667,0.5742242189377529
2024-10-29,10.60822578,sz.000001,平安银行,-0.0085910652920963,-0.008628181223338343,10.755306899999999,10.7605984965,9.632950066500001,0.570345821186853
2024-10-30,10.40598924,sz.000001,平安银行,-0.01906412478336217,-0.019248188304916578,10.656027144,10.808617933499999,9.654803822,0.5773136179066877
2024-10-31,10.46114466,sz.000001,平安银行,0.005300353356890497,0.0052863559231480246,10.588002126000001,10.830158759,9.678026625000001,0.5375395646981114
2024-11-01,10.50710751,sz.000001,平安银行,0.004393673110720586,0.004384049108534449,10.536523734,10.8418533835,9.699166802333334,0.5315668816392731
2024-11-04,10.53468522,sz.000001,平安银行,0.002624671916010346,0.0026212334798740656,10.503430482,10.819393444000001,9.720766608166667,0.46817299701318327
2024-11-05,10.70934405,sz.000001,平安银行,0.016579406631762605,0.01644346872511602,10.523654136,10.775530482499999,9.747226486666667,0.42453956504707574
2024-11-06,10.61741835,sz.000001,平安银行,-0.008583690987124526,-0.008620743043907088,10.565939958,10.781046096,9.773503641666668,0.2633757946517506
2024-11-07,10.94835087,sz.000001,平安银行,0.03116883116883118,0.030692946399406198,10.6633812,10.777828696499999,9.807095500666668,0.2272533954953425
2024-11-08,10.77369204,sz.000001,平安银行,-0.015952980688497043,-0.016081599218342162,10.716698106,10.7778286965,9.837776379166666,0.22086286557963888
2024-11-11,10.6633812,sz.000001,平安银行,-0.010238907849829393,-0.010291686036547636,10.742437302,10.7585242995,9.8664688135,0.20178162426764376
2024-11-12,10.60822578,sz.000001,平安银行,-0.005172413793103514,-0.005185837032365526,10.722213647999999,10.7419776735,9.892742689166665,0.19987597951802719
2024-11-13,10.67257377,sz.000001,平安银行,0.0060658578856152,0.006047534629846576,10.733244732,10.721294390999999,9.920538821833334,0.19421341792489855
2024-11-14,10.60822578,sz.000001,平安银行,-0.006029285099052539,-0.006047534629846625,10.665219714,10.7024496225,9.948162069,0.1929798789255186
2024-11-15,10.51630008,sz.000001,平安银行,-0.008665511265164572,-0.008703275128301588,10.613741322000001,10.6748719125,9.974703011666666,0.19128925182389825
2024-11-18,10.80126975,sz.000001,平安银行,0.027097902097902082,0.026737254638516113,10.641319032,10.6721141415,10.004344217,0.20765214917674646
2024-11-19,10.73692176,sz.000001,平安银行,-0.005957446808510625,-0.0059752631900869555,10.667058228,10.667058227999998,10.031413654166668,0.20861534606474233
2024-11-20,10.70015148,sz.000001,平安银行,-0.003424657534246478,-0.0034305350967891368,10.67257377,10.656946401,10.055471370666668,0.20749481109617132
2024-11-21,10.65418863,sz.000001,平安银行,-0.004295532646048206,-0.00430478495163152,10.681766340000001,10.649592345,10.078013388833334,0.20555878408355424
2024-11-22,10.36921896,sz.000001,平安银行,-0.026747195858498718,-0.027111411281747516,10.652350116,10.629828319500001,10.095655982333334,0.22550506407575366
2024-11-25,10.27729326,sz.000001,平安银行,-0.008865248226950229,-0.00890477834295961,10.547554818,10.6086854085,10.111316690333332,0.2264500094621056
2024-11-26,10.36002639,sz.000001,平安银行,0.00805008944543828,0.00801786032473183,10.472175744000001,10.596275439,10.127006912333334,0.22764700840726357
2024-11-27,10.47033723,sz.000001,平安银行,0.010647737355811815,0.010591449407405765,10.426212893999999,10.5994928385,10.144235788000001,0.22085477930517525
2024-11-28,10.42437438,sz.000001,平安银行,-0.004389815627743654,-0.004399479159484779,10.380250044,10.5976543245,10.161598197166665,0.2206814468746455
2024-11-29,10.46114466,sz.000001,平安银行,0.003527336860670305,0.0035211303985789606,10.398635184,10.595356182,10.181072746000002,0.22046959200069385
2024-12-02,10.47033723,sz.000001,平安银行,0.0008787346221441616,0.0008783487609059586,10.437243978,10.5921387825,10.203699107666667,0.2202674789614829
2024-12-03,10.56226293,sz.000001,平安银行,0.008779631255487086,0.00874131440157336,10.477691286,10.5847847265,10.227407773833335,0.21403149496228552
2024-12-04,10.53468522,sz.000001,平安银行,-0.0026109660574411553,-0.0026143805740707093,10.490560884,10.580648069999999,10.251406462333334,0.21212005848053256
2024-12-05,10.51630008,sz.000001,平安银行,-0.0017452006980802626,-0.0017467253349416486,10.508946024,10.5590455305,10.275548522333334,0.1765333382797368
2024-12-06,10.71853662,sz.000001,平安银行,0.019230769230769162,0.01904819497069441,10.560424416,10.5562877595,10.303960772333333,0.1835615178300102
2024-12-09,10.72772919,sz.000001,平安银行,0.0008576329331047017,0.000857265376118367,10.611902808,10.559505159,10.331776581000002,0.17969238604202958
2024-12-10,10.83804003,sz.000001,平安银行,0.010282776349614497,0.010230268250815043,10.667058227999998,10.5709958715,10.3612809735,0.18174224080579124
2024-12-11,10.78288461,sz.000001,平安银行,-0.0050890585241730735,-0.00510205188389551,10.716698105999999,10.5765114135,10.393314502833334,0.18204084395928302
2024-12-12,10.89319545,sz.000001,平安银行,0.010230179028132946,0.010178204915756052,10.79207718,10.590759897000002,10.426436895333334,0.18335968909837327
2024-12-13,10.62661092,sz.000001,平安银行,-0.024472573839662504,-0.02477700433690884,10.773692039999998,10.596275439,10.4588644665,0.20244800611582667
2024-12-16,10.63580349,sz.000001,平安银行,0.0008650519031143666,0.0008646779613539746,10.755306899999999,10.588002126000001,10.490095875666666,0.17668239861372426
2024-12-17,10.59903321,sz.000001,平安银行,-0.0034572169403630504,-0.003463206924617591,10.707505536,10.5811076985,10.521314167500002,0.1759192208202737
2024-12-18,10.70934405,sz.000001,平安银行,0.01040763226366015,0.010353845730742044,10.692797424,10.581567326999998,10.553321462166666,0.1797701425873892
2024-12-19,10.65418863,sz.000001,平安银行,-0.0051502145922747156,-0.005163522660049269,10.64499606,10.581567327,10.583809779166666,0.18007292386940138
2024-12-20,10.68176634,sz.000001,平安银行,0.0025884383088869978,0.0025850940721048555,10.656027144000001,10.597194695999999,10.613408353166667,0.14969279226279167
2024-12-23,10.78288461,sz.000001,平安银行,0.009466437177280573,0.009421911241618947,10.685443368,10.6224742635,10.642593209333333,0.14692884468810893
2024-12-24,10.90238802,sz.000001,平安银行,0.011082693947144007,0.011021730904195231,10.746114330000001,10.649592344999999,10.668822093500001,0.1488451174365564
2024-12-25,10.95754344,sz.000001,平安银行,0.005059021922428242,0.005046268067624219,10.795754208,10.673952655499999,10.6940211425,0.14613293286343187
2024-12-26,10.90238802,sz.000001,平安银行,-0.005033557046979831,-0.005046268067624272,10.845394086,10.6978533375,10.708555473666667,0.14654208549518355
2024-12-27,10.87481031,sz.000001,平安银行,-0.002529510961214121,-0.0025327155792839403,10.88400288,10.718536619999998,10.718582061833333,0.14743540319945908
2024-12-30,10.98512115,sz.000001,平安银行,0.01014370245139462,0.010092600387224128,10.924450188,10.744275816,10.718602680833333,0.15015866378410545
2024-12-31,10.7553069,sz.000001,平安银行,-0.020920502092050097,-0.021142436573809126,10.895033964,10.753928014500001,10.704747741166667,0.16932701036185407
2020-01-02,26.59432424,sz.000002,万科A,,,,,,
2020-01-03,26.17776695,sz.000002,万科A,-0.01566339066339062,-0.015787357767660458,,,,
2020-01-06,25.73670629,sz.000002,万科A,-0.01684867394695777,-0.016992227597495697,,,,
2020-01-07,25.94090104,sz.000002,万科A,0.007933989209774728,0.007902680609751788,,,,
2020-01-08,25.87555872,sz.000002,万科A,-0.0025188916876573986,-0.002522069432709835,26.065051448,,,
2020-01-09,26.3002838,sz.000002,万科A,0.016414141414141437,0.016280885604137537,26.006243360000003,,,
2020-01-10,25.69586734,sz.000002,万科A,-0.02298136645962734,-0.023249554920230866,25.909863438000002,,,
2020-01-13,25.87555872,sz.000002,万科A,0.006993006993007089,0.0069686693160934355,25.937633924,,,
2020-01-14,25.63869281,sz.000002,万科A,-0.009154040404040442,-0.00919619609236296,25.877192278000003,,,
2020-01-15,24.90359171,sz.000002,万科A,-0.028671551449506172,-0.02909060985369873,25.682798876,,,
2020-01-16,24.93626287,sz.000002,万科A,0.0013119055428008064,0.0013110457466229517,25.409994689999998,,,
2020-01-17,24.87908834,sz.000002,万科A,-0.0022928267278087278,-0.0022954592797707397,25.24663889,,,
2020-01-20,24.39718873,sz.000002,万科A,-0.019369665134602698,-0.01955971523899726,24.950964892000002,,,
2020-01-21,23.85811459,sz.000002,万科A,-0.022095748242383695,-0.022343515828368868,24.594849247999996,,,
2020-01-22,24.59321569,sz.000002,万科A,0.030811365970558002,0.030346226093992842,24.532774044,,,
2020-01-23,23.67025542,sz.000002,万科A,-0.037529060112919344,-0.038251405601106195,24.279572554,,,
2020-02-03,21.75082477,sz.000002,万科A,-0.0810904071773636,-0.08456753706669534,23.65391984,,,
2020-02-04,22.55943598,sz.000002,万科A,0.03717611716109648,0.036501748155305165,23.286369290000003,,,
2020-02-05,22.57577156,sz.000002,万科A,0.0007241129616220032,0.0007238509183230779,23.029900684,,,
2020-02-06,22.7881341,sz.000002,万科A,0.00940665701881338,0.009362689927850863,22.668884366,24.7373771835,,
2020-02-07,22.4614225,sz.000002,万科A,-0.014336917562724039,-0.01444068415479436,22.427117782,24.5307320965,,0.40754056967131935
2020-02-10,23.41705393,sz.000002,万科A,0.042545454545454664,0.04166527522275297,22.760363614000003,24.3926964455,,0.4439439705129312
2020-02-11,23.75193332,sz.000002,万科A,0.014300662713637946,0.014199372770040146,22.998863082,24.293457797,,0.4468434769176376
2020-02-12,23.75193332,sz.000002,万科A,0.0,0.0,23.234095434,24.184009410999998,,0.44500601174323456
2020-02-13,24.46253105,sz.000002,万科A,0.029917469050894097,0.02947867189613975,23.568974824,24.113358027500002,,0.46106047605113326
2020-02-14,25.1567932,sz.000002,万科A,0.028380634390651194,0.027985365418070535,24.108048963999998,24.0561834975,,0.4694165542167454
2020-02-17,24.84641718,sz.000002,万科A,-0.012337662337662314,-0.012414403148381964,24.393921614,24.0137109895,,0.46454104124978773
2020-02-18,24.2583363,sz.000002,万科A,-0.023668639053254448,-0.023953241022492872,24.49520221,23.9328498685,,0.47002883006606144
2020-02-19,24.21749735,sz.000002,万科A,-0.0016835016835017313,-0.0016849203649195231,24.588315016,23.861790095499998,,0.4694367517053149
2020-02-20,24.38085315,sz.000002,万科A,0.006745362563237878,0.0067227143948767375,24.571979436,23.8356531675,,0.45991056812894476
2020-02-21,23.89078575,sz.000002,万科A,-0.0201005025125629,-0.020305266160745683,24.318777946,23.7833793115,,0.4649494249293921
2020-02-24,23.6049131,sz.000002,万科A,-0.011965811965811923,-0.01203797855947898,24.07047713,23.719670549499998,,0.4663717858416826
2020-02-25,23.95612807,sz.000002,万科A,0.014878892733563909,0.014769287870973088,24.010035484,23.6976175165,,0.4655011014109737
2020-02-26,24.59321569,sz.000002,万科A,0.026593931128537474,0.02624645950428293,24.085179152000002,23.734372571499996,,0.4676159530797143
2020-02-27,24.23383293,sz.000002,万科A,-0.014613085353703203,-0.014720908190912142,24.055775108,23.7164034335,,0.45811897889546876
2020-02-28,24.16849061,sz.000002,万科A,-0.0026963262554768885,-0.002699967890612131,24.11131608,23.741315193,,0.4367975312593865
2020-03-02,25.42633027,sz.000002,万科A,0.05204460966542768,0.050735518041398676,24.475599514,23.925090468,,0.3503904734922226
2020-03-03,25.4018269,sz.000002,万科A,-0.0009637006103437873,-0.000964165268328418,24.76473928,24.067210014,,0.33414162330036656
2020-03-04,26.34929054,sz.000002,万科A,0.03729903536977486,0.03662025351187429,25.115954249999998,24.255885963,,0.35104621936847774
2020-03-05,26.3819617,sz.000002,万科A,0.001239925604463954,0.0012391575315482749,25.545580004,24.435577343,,0.35180440240835176
2020-03-06,25.42633027,sz.000002,万科A,-0.03622291021671831,-0.0368952457750941,25.797147936,24.5838227315,,0.37752494066793557
2020-03-09,24.95259845,sz.000002,万科A,-0.018631545133312,-0.018807298835912555,25.702401572000003,24.6605999575,,0.3621639669557498
2020-03-10,25.1567932,sz.000002,万科A,0.008183306055646433,0.008150004361924408,25.653394831999996,24.7308429515,,0.3603742353264987
2020-03-11,24.81374602,sz.000002,万科A,-0.013636363636363558,-0.013730192811901907,25.346285928,24.783933586499998,,0.3651590468244025
2020-03-12,24.46253105,sz.000002,万科A,-0.014154048716260692,-0.014255172606168437,24.962399798,24.783933586499998,,0.3545268176637468
2020-03-13,24.05414155,sz.000002,万科A,-0.016694490818029983,-0.016835414463862573,24.687962054000003,24.728801003999997,,0.34298095794371386
2020-03-16,23.31087266,sz.000002,万科A,-0.030899830220713076,-0.03138729804890536,24.359616896,24.652023778,,0.3564519549804992
2020-03-17,22.95965769,sz.000002,万科A,-0.015066573230553604,-0.015181227130249842,23.920189794,24.5870898475,,0.3510870522080986
2020-03-18,21.4812877,sz.000002,万科A,-0.06438989683386698,-0.06655644573472168,23.25369813,24.450279364999997,,0.41402869450191804
2020-03-19,20.60733417,sz.000002,万科A,-0.040684410646387725,-0.04153517653075238,22.482658754000003,24.261603416,,0.42914600984227863
2020-03-20,21.0728982,sz.000002,万科A,0.022592152199762072,0.02234072927460525,21.886410083999998,24.120709038500003,,0.4398357119191627
2020-03-23,20.05192445,sz.000002,万科A,-0.04844961240310075,-0.04966263768704213,21.234620442,23.943059606000002,,0.4648737279133794
2020-03-24,20.3377971,sz.000002,万科A,0.014256619144602745,0.01415594923013224,20.710248324,23.7621430575,,0.4644777034301125
2020-03-25,21.6446435,sz.000002,万科A,0.06425702811244993,0.06227692952151472,20.742919484,23.614714448,,0.5176090922953221
2020-03-26,21.3996098,sz.000002,万科A,-0.01132075471698113,-0.011385322225125352,20.901374609999998,23.4730032915,,0.5170023638006079
2020-03-27,21.70181803,sz.000002,万科A,0.014122137404580126,0.014023349004670942,21.027158575999998,23.349669662500002,,0.5217222787088746
2020-03-30,21.26892516,sz.000002,万科A,-0.019947308995107216,-0.020148942431353595,21.270558718,23.141799407,,0.47836801887322244
2020-03-31,20.95038135,sz.000002,万科A,-0.01497695852534553,-0.015090245723589859,21.393075568,22.919227129499998,,0.47804326744054587
2020-04-01,21.75082477,sz.000002,万科A,0.03820662768031191,0.037494828209062345,21.414311822,22.689303841,,0.4792224520890425
2020-04-02,21.95501952,sz.000002,万科A,0.009387908374014264,0.009344115829107926,21.525393766,22.467956732,23.880303752833335,0.48241874104003407
2020-04-03,21.86517383,sz.000002,万科A,-0.0040922619047619735,-0.004100658122687723,21.558064926,22.289898909999998,23.80148457933333,0.4714666052759082
2020-04-07,22.11020753,sz.000002,万科A,0.011206574523720647,0.01114424609394874,21.7263214,22.147779363999998,23.733691922333332,0.4736761563621361
2020-04-08,22.02036184,sz.000002,万科A,-0.00406353897303291,-0.0040718175821035625,21.940317498,21.990957796,23.67175284816667,0.47093480696531487
2020-04-09,21.79983151,sz.000002,万科A,-0.010014836795252169,-0.010065322627673458,21.950118846000002,21.8402620705,23.602735022666664,0.4703532012839965
2020-04-10,21.95501952,sz.000002,万科A,0.007118771075309116,0.007093552238516036,21.950118846000002,21.714886494,23.53739270266667,0.4715435001802525
2020-04-13,22.08570416,sz.000002,万科A,0.005952380952380931,0.0059347355198145265,21.994224912,21.6164646245,23.467149708666668,0.4709286615321275
2020-04-14,22.33890565,sz.000002,万科A,0.011464497041420163,0.011399277693226914,22.039964536,21.567866274,23.411200347166663,0.46257841838674746
2020-04-15,21.8079993,sz.000002,万科A,-0.02376599634369292,-0.024052963461786415,21.997492028,21.5102833545,23.343407690166668,0.466917322697082
2020-04-16,21.70998582,sz.000002,万科A,-0.004494382022471877,-0.004504512121104541,21.97952289,21.521718260500002,23.277929240333332,0.4053861477262589
2020-04-17,21.82433488,sz.000002,万科A,0.005267118133935211,0.005253295383345628,21.953385962,21.582568296,23.226608293166667,0.3746077988038743
2020-04-20,21.70998582,sz.000002,万科A,-0.0052395209580837765,-0.00525329538334565,21.878242294,21.614422677,23.172837009,0.3684108443296636
2020-04-21,21.25258958,sz.000002,万科A,-0.02106847253574118,-0.021293580200740073,21.660979079999997,21.6744559335,23.112395363,0.3297220729359108
2020-04-22,21.34243527,sz.000002,万科A,0.004227517294388861,0.004218606448161832,21.567866274,21.724687842,23.061482805333334,0.3271381015896403
2020-04-23,21.236254,sz.000002,万科A,-0.00497512437810943,-0.004987541511039051,21.47311991,21.704268367,23.017785128833335,0.23281228214908467
2020-04-24,20.97488472,sz.000002,万科A,-0.012307692307692353,-0.012384059199721666,21.303229878000003,21.683032113,22.957479612666663,0.23342653403196637
2020-04-27,21.13824052,sz.000002,万科A,0.007788161993769638,0.007757990810939557,21.188880817999998,21.6548532375,22.915279364333337,0.22906229899840014
2020-04-28,21.55479781,sz.000002,万科A,0.019706336939721902,0.01951468088253299,21.249322464,21.66914687,22.912012248333333,0.2293021072049611
2020-04-29,21.93868394,sz.000002,万科A,0.017809776430466107,0.017653040579858836,21.368572198000003,21.7185619995,22.901666381000002,0.22898021833641602
2020-04-30,21.8896772,sz.000002,万科A,-0.0022338049143707517,-0.002236303578280461,21.499256838,21.725504621,22.890231475,0.18610050925656232
2020-05-06,21.44861654,sz.000002,万科A,-0.020149253731343353,-0.020355018642160938,21.594003202000003,21.700184472,22.867906182333336,0.19639568245748357
2020-05-07,21.21175063,sz.000002,万科A,-0.011043412033511002,-0.01110484319999301,21.608705223999998,21.667513312,22.847078317833333,0.19933156191369814
2020-05-08,21.44861654,sz.000002,万科A,0.01116673084328057,0.011104843199992914,21.58746897,21.634433762500002,22.814271028,0.19929807964239055
2020-05-11,21.57113339,sz.000002,万科A,0.005712109672505683,0.005695857434390692,21.51395886,21.61197234,22.777924362500002,0.2006096134635932
2020-05-12,21.17907947,sz.000002,万科A,-0.018174933737220678,-0.018342126758467758,21.371839314000002,21.580934738,22.735043464999997,0.2074717080480669
2020-05-13,21.17907947,sz.000002,万科A,0.0,0.0,21.3179319,21.5421377355,22.680319272000002,0.20513795790245754
2020-05-14,20.81969671,sz.000002,万科A,-0.016968762051677744,-0.017114381162549097,21.239521116,21.478837363000004,22.6080343305,0.2098516655129862
2020-05-15,20.81969671,sz.000002,万科A,0.0,0.0,21.11373715,21.402876916,22.540922322666667,0.20331345391168604
2020-05-18,21.40777759,sz.000002,万科A,0.028246371125931757,0.02785479894729092,21.08106599,21.382865830500002,22.493413010833333,0.21765884455724147
2020-05-19,21.34243527,sz.000002,万科A,-0.0030522701259061424,-0.003056937802793854,21.11373715,21.364488303,22.4454953095,0.21739744874578665
2020-05-20,20.91771019,sz.000002,万科A,-0.01990049751243772,-0.02010117932108715,21.061463294,21.319157068499997,22.387776260166667,0.22630929871939026
2020-05-21,20.89320682,sz.000002,万科A,-0.0011714174150723178,-0.0011721040607373238,21.076165316,21.2783181185,22.337816611333334,0.22600288451779896
2020-05-22,20.55015964,sz.000002,万科A,-0.016419077404221993,-0.0165553643184568,21.022257902,21.243196621499997,22.286904053666667,0.22130446622106742
2020-05-25,20.79519334,sz.000002,万科A,0.0119236883942766,0.011853161297020656,20.899741052000003,21.215834524999998,22.23422180816667,0.2256302509591566
2020-05-26,21.09740157,sz.000002,万科A,0.01453260015710911,0.014428013978488584,20.850734311999997,21.2088919035,22.1759582395,0.231843837131701
2020-05-27,21.1545761,sz.000002,万科A,0.0027100271002711285,0.0027063615977430673,20.898107493999998,21.217876472500002,22.124637292333333,0.2275536240549027
2020-05-28,21.35060306,sz.000002,万科A,0.009266409266409426,0.009223739490583981,20.989586742,21.228494599500003,22.077672499833334,0.228238967955343
2020-05-29,20.9912203,sz.000002,万科A,-0.01683244070390222,-0.01697571629490193,21.077798874,21.200315724,22.003754000333334,0.22448729334969159
2020-06-01,21.5629656,sz.000002,万科A,0.027237354085603016,0.02687301825109627,21.231353325999997,21.181529807,21.939772978666667,0.237224780132946
2020-06-02,22.24905996,sz.000002,万科A,0.03181818181818197,0.03132247112904128,21.461685004,21.199498945000002,21.871435802333334,0.26372768391391727
2020-06-03,21.92234836,sz.000002,万科A,-0.014684287812041119,-0.014793169177830577,21.615239456,21.223185536,21.797108913333332,0.2585936070797915
2020-06-04,21.83250267,sz.000002,万科A,-0.004098360655737765,-0.004106781952653471,21.711619378,21.254223138,21.737211786666666,0.2553810123134659
2020-06-05,21.57113339,sz.000002,万科A,-0.01197156752712314,-0.01204380384178684,21.827601996,21.2603489805,21.680854035666666,0.25704536541629314
2020-06-08,21.7263214,sz.000002,万科A,0.007194244604316502,0.007168489478612497,21.860273155999998,21.268108380999998,21.623679505666665,0.25750438237794776
2020-06-09,21.59563676,sz.000002,万科A,-0.006015037593984918,-0.006033200804167809,21.729588516,21.288936245500004,21.570044351333333,0.24930584909757314
2020-06-10,21.38327422,sz.000002,万科A,-0.009833585476550666,-0.009882254501731651,21.621773688,21.299145983,21.518723404166668,0.2523020843261476
2020-06-11,21.1545761,sz.000002,万科A,-0.010695187165775444,-0.01075279177626185,21.486188374,21.315889952499997,21.470397313333333,0.24744433739784163
2020-06-12,20.99938809,sz.000002,万科A,-0.007335907335907277,-0.007362947427693893,21.371839314,21.3248745215,21.431872570499998,0.24916740059135065
2020-06-15,20.9095424,sz.000002,万科A,-0.004278490859587758,-0.004287669792281371,21.208483514,21.299962762,21.397703982333333,0.22696822780249637
2020-06-16,21.08923378,sz.000002,万科A,0.008593749999999956,0.008557033932979605,21.107202918000002,21.2873026875,21.391169750333333,0.22937810058011876
2020-06-17,20.97488472,sz.000002,万科A,-0.005422153369481153,-0.0054369065967361475,21.025525018,21.290161414,21.397295592833338,0.21864098599208823
2020-06-18,21.14640831,sz.000002,万科A,0.008177570093458097,0.008144314941685996,21.023891459999998,21.3028214885,21.398520761333334,0.22036022757272172
2020-06-19,21.19541505,sz.000002,万科A,0.002317497103128563,0.002314815848451318,21.063096852,21.335084259000002,21.417578938,0.2108954035087437
2020-06-22,20.98305251,sz.000002,万科A,-0.0100192678227361,-0.010069798490105506,21.077798874000003,21.3444772175,21.428333194833332,0.21107394104093943
2020-06-23,20.86870345,sz.000002,万科A,-0.00544959128065392,-0.0054644944720787375,21.033692808,21.3330423115,21.41540086066666,0.20533565166630022
2020-06-24,21.5629656,sz.000002,万科A,0.03326810176125239,0.03272669350255698,21.151308984000003,21.3534617865,21.41812345733333,0.2377037199710822
2020-06-29,21.17091168,sz.000002,万科A,-0.018181818181818077,-0.01834913866819643,21.156209658,21.3444772175,21.409275018166667,0.24499434652752183
2020-06-30,21.35060306,sz.000002,万科A,0.008487654320987748,0.008451836712002036,21.18724726,21.3624463555,21.4106363165,0.23875357989293577
2020-07-01,22.94332211,sz.000002,万科A,0.07459831675592965,0.07194693292007645,21.57930118,21.431464181,21.44385199583333,0.3439245545117298
2020-07-02,23.18835581,sz.000002,万科A,0.010679957280170793,0.010623329368727435,22.043231651999996,21.478428973499998,21.4678108465,0.3285370212536905
2020-07-03,23.40071835,sz.000002,万科A,0.009158154279675923,0.009116472675868733,22.410782202,21.552347472999998,21.491905827,0.3230767336877472
2020-07-06,25.33648458,sz.000002,万科A,0.08272251308900525,0.0794787145876442,23.243896782,21.7275465685,21.549761006166666,0.4265576566025562
2020-07-07,24.7484037,sz.000002,万科A,-0.023210831721469982,-0.02348444523306927,23.923456910000002,21.886410083999998,21.59373094233333,0.43524433243747007
2020-07-08,24.8300816,sz.000002,万科A,0.0033003300330032292,0.0032948958968524846,24.300808808,22.041598094,21.640559605,0.43546891464613297
2020-07-09,25.01794077,sz.000002,万科A,0.007565789473684248,0.007537312432507903,24.666725800000002,22.2127132945,21.694194759333335,0.4327273053000672
2020-07-10,23.82544343,sz.000002,万科A,-0.047665687234737186,-0.04883913696505383,24.751670816,22.334821755,21.725368491166666,0.4721280330588382
2020-07-13,23.8499468,sz.000002,万科A,0.001028453890983938,0.0010279253946060636,24.45436326,22.469590290000003,21.75477253516667,0.4685055167180038
2020-07-14,23.63758426,sz.000002,万科A,-0.008904109589041087,-0.008943988070898252,24.232199372,22.6015000985,21.77641717866667,0.4691486930140639
2020-07-15,23.09851012,sz.000002,万科A,-0.022805805114029076,-0.02306988017496585,23.885885076,22.7109484845,21.79792569233333,0.479211159754344
2020-07-16,22.49409366,sz.000002,万科A,-0.026166902404526127,-0.026515347727863178,23.381115654000002,22.7811914785,21.810994156333333,0.4918679659451243
2020-07-17,22.24089217,sz.000002,万科A,-0.011256354393609391,-0.011320186614840654,23.064205402,22.844491851,21.817936777833335,0.4937313831868821
2020-07-20,23.1148457,sz.000002,万科A,0.03929489533602659,0.03854249796352385,22.917185182,22.942913720499998,21.841351109166666,0.5098326594235116
2020-07-21,22.87797979,sz.000002,万科A,-0.010247349823321539,-0.010300215377174769,22.765264288,23.0270419575,21.868440946,0.5126324250594695
2020-07-22,22.77179852,sz.000002,万科A,-0.0046411995715816,-0.004652003379694044,22.699921968,23.116479258,21.892263666833337,0.5109914362972948
2020-07-23,22.47775808,sz.000002,万科A,-0.012912482065997155,-0.012996572827180248,22.696654852,23.1969319895,21.912955401499996,0.5136138991488322
2020-07-24,22.07753637,sz.000002,万科A,-0.017805232558139594,-0.017965652776786734,22.663983692000002,23.222660528,21.931332929000003,0.507240197599306
2020-07-27,21.79166372,sz.000002,万科A,-0.012948575656677841,-0.013033139240933345,22.399347296000002,23.25369813,21.942223315666663,0.504860773084548
2020-07-28,21.94685173,sz.000002,万科A,0.007121439280359798,0.007096201579976867,22.213121684,23.283510563500002,21.948757547666666,0.5046480652811501
2020-07-29,22.14287869,sz.000002,万科A,0.008931894305917343,0.008892240883174264,22.087337718,23.2434883925,21.9521607935,0.4269358039639693
2020-07-30,21.95501952,sz.000002,万科A,-0.008483954260420479,-0.008520147855625333,21.982790006,23.181821578,21.953249832166666,0.4251369580044273
2020-07-31,21.92234836,sz.000002,万科A,-0.0014880952380952328,-0.0014892035514677455,21.951752403999997,23.107903078499998,21.9611453625,0.42297342642503494
2020-08-03,22.28173112,sz.000002,万科A,0.016393442622950838,0.016260520871780326,22.049765884000003,22.9551654055,21.978978370666667,0.2892069301918745
2020-08-04,22.65744946,sz.000002,万科A,0.016862170087976525,0.016721581911424165,22.19188543,22.850617693500002,21.999125585999998,0.2929843426347973
2020-08-05,22.33890565,sz.000002,万科A,-0.014059120403749015,-0.014158886018695234,22.231090822,22.726058895999998,22.011921790333336,0.29353709137444456
2020-08-06,22.36340902,sz.000002,万科A,0.001096892138939598,0.001096290992312545,22.312768722,22.5933323085,22.03166061616667,0.2907168554447071
2020-08-07,22.07753637,sz.000002,万科A,-0.012783053323593752,-0.012865459571946479,22.343806324000003,22.5059369555,22.046634897833332,0.24651473290167925
2020-08-10,22.71462399,sz.000002,万科A,0.02885682574916748,0.02844830795751713,22.430384898,22.449170815,22.07821701916667,0.2720464612177143
2020-08-11,22.77179852,sz.000002,万科A,0.002517080186983156,0.002513917646449714,22.453254710000003,22.405881528000002,22.110752049333332,0.27138760698477954
2020-08-12,23.44972509,sz.000002,万科A,0.029770444763271176,0.029335908240649463,22.675418598,22.423442276499998,22.144784507666667,0.2812154675771713
2020-08-13,23.3598794,sz.000002,万科A,-0.003831417624521105,-0.003838776307165713,22.874712674,22.466731563499998,22.1784085765,0.2633056009234724
2020-08-14,23.44460016,sz.000002,万科A,0.0036267635868016956,0.003620202738057579,23.148125432,22.526916962999998,22.220523409333335,0.25861096899651365
2020-08-17,23.89350327,sz.000002,万科A,0.019147398843930574,0.018966394264436044,23.383901288,22.5658498415,22.270528350166668,0.22906436891447868
2020-08-18,23.4615399,sz.000002,万科A,-0.018078695498050412,-0.01824411182061218,23.521849564,22.595027847,22.3190513545,0.236086466919479
2020-08-19,23.24132328,sz.000002,万科A,-0.009386281588447565,-0.00943061033560825,23.480169202,22.618504085,22.359820186833335,0.23827813484383314
2020-08-20,23.27520276,sz.000002,万科A,0.001457725947521915,0.0014566644964641641,23.463233874,22.658376319,22.39611687333333,0.23243616837585307
2020-08-21,23.17356432,sz.000002,万科A,-0.004366812227074135,-0.004376374599798777,23.409026706,22.713177716500002,22.429766676999996,0.2220291708986955
2020-08-24,22.97875731,sz.000002,万科A,-0.008406432748538029,-0.008441966083509353,23.226077514,22.772532396,22.456902581166666,0.2183882255052745
2020-08-25,23.02957653,sz.000002,万科A,0.002211573903428077,0.002209131973539106,23.13968484,22.826668636,22.490875184999997,0.21777777794194375
2020-08-26,22.93640796,sz.000002,万科A,-0.004045605001838926,-0.004053810600305115,23.078701776,22.866345099500002,22.513765891000002,0.21756572834812835
2020-08-27,22.82629965,sz.000002,万科A,-0.004800590841949837,-0.004812150689068141,22.988921154,22.909909106,22.523386552499996,0.21562942626545295
2020-08-28,23.35143159,sz.000002,万科A,0.023005565862708854,0.022744927680699342,23.024494608,22.9813632675,22.547204606333334,0.2275223630250886
2020-08-31,23.09733549,sz.000002,万科A,-0.010881392818280822,-0.010941028178208299,23.048210244,23.022143485999997,22.56828515333333,0.22723837543658512
2020-09-01,23.05498614,sz.000002,万科A,-0.001833516685001757,-0.0018351996341770672,23.053292166,23.04202032,22.5930160325,0.22049723389228615
2020-09-02,23.30908224,sz.000002,万科A,0.01102130786186617,0.010961015841822795,23.127827021999998,23.0905291495,22.619395379833335,0.21575938730207841
2020-09-03,23.55470847,sz.000002,万科A,0.010537790697674465,0.010482655180730611,23.273508786,23.150094122000002,22.652046574999996,0.21770433126765892
2020-09-04,23.77492509,sz.000002,万科A,0.009349154980222929,0.009305722127917634,23.358207486,23.234963557999997,22.69190742283333,0.21091439080500982
2020-09-07,24.07984041,sz.000002,万科A,0.012825080156750879,0.012743535289117192,23.55470847,23.303224379,22.740661827999997,0.19252221397563274
2020-09-08,23.9697321,sz.000002,万科A,-0.0045726345409777824,-0.004583121013716416,23.737657661999997,23.363121057999997,22.790167561500002,0.19438991028646477
2020-09-09,23.69869626,sz.000002,万科A,-0.011307420494699794,-0.011371835411856972,23.815580466,23.3755696165,22.836653459166666,0.17170693278435947
2020-09-10,24.10525002,sz.000002,万科A,0.017155110793424022,0.017009623424371338,23.925688775999998,23.4128381475,22.8869203965,0.18048528088563204
2020-09-11,23.715636,sz.000002,万科A,-0.016163035839775075,-0.016295082486502337,23.913830958,23.4263899395,22.932599584499997,0.1909525464390011
2020-09-14,23.4615399,sz.000002,万科A,-0.010714285714285787,-0.010772096981911183,23.790170855999996,23.404791771,22.971185111,0.18177228815182989
2020-09-15,23.60552769,sz.000002,万科A,0.006137184115523553,0.006118428300564111,23.717329974000002,23.411991160499998,23.011353655,0.1713555140019197
2020-09-16,23.87656353,sz.000002,万科A,0.011481880157875768,0.011416463632164257,23.752903428,23.443753172999998,23.059578838666667,0.17162177235754936
2020-09-17,23.76645522,sz.000002,万科A,-0.004611564384533473,-0.00462223045170625,23.685144467999997,23.468315796,23.107874701500002,0.1729439388722416
2020-09-18,24.8167191,sz.000002,万科A,0.044191019244476104,0.04324244134870672,23.905361088,23.550473535,23.1621039265,0.22929396001275903
2020-09-21,24.68120118,sz.000002,万科A,-0.00546075085324238,-0.005475715255962907,24.149293344,23.6355957285,23.2206087515,0.22749163083193388
2020-09-22,24.52874352,sz.000002,万科A,-0.006177076183939589,-0.006196233249543145,24.33393651,23.710554077999998,23.273577759166667,0.23014129449115034
2020-09-23,24.3085269,sz.000002,万科A,-0.008977900552486151,-0.009018444751940155,24.420329184,23.779160025,23.296331172333336,0.2328668259395633
2020-09-24,23.8003347,sz.000002,万科A,-0.020905923344947674,-0.021127546425875283,24.42710508,23.827861777499997,23.306530820499997,0.24664155155301212
2020-09-25,23.39378094,sz.000002,万科A,-0.01708185053380784,-0.01722942835855403,24.142517448,23.829979244999997,23.306415196999996,0.24281981776997003
2020-09-28,24.0544308,sz.000002,万科A,0.02824040550325857,0.027848997186014357,24.017163372,23.877834010500003,23.285047634,0.25835165837689755
2020-09-29,23.96126223,sz.000002,万科A,-0.0038732394366196576,-0.0038807598536844774,23.903667113999997,23.923147815,23.271928609499998,0.2588704202872949
2020-09-30,23.73257574,sz.000002,万科A,-0.00954400848356296,-0.009589844404614736,23.788476882,23.94432249,23.253636845166668,0.2597139536739165
2020-10-09,23.74104561,sz.000002,万科A,0.0003568879371875777,0.00035682426783582134,23.776619064,23.953639347,23.232355259166663,0.2572715938682334
2020-10-12,23.97820197,sz.000002,万科A,0.009989297181591139,0.009939733947111309,23.89350327,23.963803191,23.234901234833334,0.2575729133866346
2020-10-13,23.70716613,sz.000002,万科A,-0.0113034263511127,-0.011367795596446103,23.824050336000003,23.945169477,23.232521557,0.2565587205308688
2020-10-14,23.52929886,sz.000002,万科A,-0.007502679528403,-0.007530966201164441,23.737657662,23.923147815,23.230716800333333,0.25736138210563986
2020-10-15,23.4615399,sz.000002,万科A,-0.0028797696184306165,-0.002883924132904982,23.683450494,23.911289997,23.236767296666667,0.2545223294052479
2020-10-16,23.59705782,sz.000002,万科A,0.005776173285198638,0.005759555158366908,23.654652935999998,23.885880387,23.255150032666666,0.24722375806584715
2020-10-19,23.49541938,sz.000002,万科A,-0.004307250538406304,-0.004316553464974098,23.558096417999998,23.874869556,23.2760588195,0.24105319365828026
2020-10-20,23.27520276,sz.000002,万科A,-0.009372746935832788,-0.009416947532536996,23.471703744,23.865552699,23.278731437166666,0.24033474850131914
2020-10-21,23.40225081,sz.000002,万科A,0.005458515283842891,0.005443671581176673,23.446294134,23.855388854999998,23.287469287500002,0.2401059475724608
2020-10-22,23.70716613,sz.000002,万科A,0.013029315960912058,0.012945164592036986,23.49541938,23.846918985000002,23.303058747666665,0.24117564516666873
2020-10-23,23.61399756,sz.000002,万科A,-0.003929974991068175,-0.00393771763503895,23.498807328,23.839296102,23.321996072333334,0.2410241663079103
2020-10-26,23.715636,sz.000002,万科A,0.00430416068866557,0.00429492428288065,23.542850652000002,23.784241947,23.34929773283333,0.17651129095602536
2020-10-27,23.26673289,sz.000002,万科A,-0.018928571428571406,-0.019110010068021405,23.541156678,23.7135185325,23.373882219,0.18602061497332423
2020-10-28,22.80089004,sz.000002,万科A,-0.020021842009464885,-0.020224995330655453,23.420884523999998,23.6271258585,23.388116190833333,0.19552267092191372
2020-10-29,23.19050406,sz.000002,万科A,0.017087667161961306,0.016943315083775716,23.31755211,23.5712247165,23.405576613666668,0.2074925362957132
2020-10-30,23.33449185,sz.000002,万科A,0.006208911614317136,0.006189715738620779,23.261650968,23.547932574,23.42856781916667,0.19726418545788518
2020-11-02,23.67328665,sz.000002,万科A,0.014519056261343088,0.014414664002184748,23.253181098,23.561907859500003,23.457750123999997,0.19479099832649727
2020-11-03,23.74104561,sz.000002,万科A,0.002862254025044697,0.0028581655755887192,23.348043642,23.5462386,23.48207203216667,0.16581720679478817
2020-11-04,23.85115392,sz.000002,万科A,0.004637887977167354,0.004627166113144774,23.558096417999998,23.5407331845,23.5019671065,0.1663426888473301
2020-11-05,24.77436975,sz.000002,万科A,0.038707386363636465,0.03797704238802395,23.874869556,23.592822884999997,23.542558174833335,0.2121728806069889
2020-11-06,24.95223702,sz.000002,万科A,0.007179487179487021,0.007153837356618554,24.19841859,23.6533824555,23.585705308166666,0.21275341526232366
2020-11-09,25.04540559,sz.000002,万科A,0.003733876442634232,0.003726922829901789,24.472842378000003,23.706742636500003,23.635169795166668,0.21101396569539646
2020-11-10,24.84212871,sz.000002,万科A,-0.00811633412242141,-0.008149450875026217,24.693058998,23.763490765500002,23.670628207166665,0.20858560655648617
2020-11-11,25.21480299,sz.000002,万科A,0.015001704739174837,0.01489029203832528,24.965788812,23.847765971999998,23.71134494833333,0.20967690784501353
2020-11-12,25.20633312,sz.000002,万科A,-0.0003359086328518224,-0.00033596506279385814,25.052181486000002,23.935005633,23.740621748833334,0.2088354282235407
2020-11-13,24.60497235,sz.000002,万科A,-0.02385752688172038,-0.02414672666697083,24.982728552,23.9854013595,23.761373298000002,0.23027176061836246
2020-11-16,24.7320204,sz.000002,万科A,0.005163511187607606,0.005150225976315861,24.920051514,24.0472314105,23.782830302,0.22917727278986733
2020-11-17,25.36726065,sz.000002,万科A,0.02568493150684925,0.025360615287222228,25.025077902,24.151834305,23.807392925,0.23835307373776382
2020-11-18,26.05332012,sz.000002,万科A,0.027045075125208706,0.026685820075984894,25.192781328000002,24.2843877705,23.850589261999996,0.2515522321819507
2020-11-19,26.18036817,sz.000002,万科A,0.004876462938881776,0.004864611506581826,25.387588338,24.4080478725,23.8995733435,0.2499748723431393
2020-11-20,26.14648869,sz.000002,万科A,-0.0012940795858945586,-0.0012949176299570373,25.695891605999996,24.534672429,23.947428109,0.24888596029419946
2020-11-23,26.29047648,sz.000002,万科A,0.00550696469063805,0.0054918568009499616,26.007582822,24.663414453,23.999376645,0.24886369098099614
2020-11-24,26.12954895,sz.000002,万科A,-0.006121134020618535,-0.006139944963621159,26.160040482,24.806555256,24.051889839,0.23616605964106913
2020-11-25,26.0871996,sz.000002,万科A,-0.0016207455429496642,-0.0016220603718679438,26.166816378,24.970870734000002,24.102850223500003,0.21766153995410067
2020-11-26,26.20577778,sz.000002,万科A,0.004545454545454408,0.0045351551653911425,26.1718983,25.12163442,24.157339720499998,0.2143604096022097
2020-11-27,26.77325907,sz.000002,万科A,0.021654815772462976,0.02142368108260644,26.297252376,25.293572781,24.2231223775,0.2212541293017855
2020-11-30,26.0025009,sz.000002,万科A,-0.02878835811452074,-0.02921087163437491,26.23965726,25.4100334935,24.267306866,0.2528522816206199
2020-12-01,26.04485025,sz.000002,万科A,0.0016286644951140072,0.0016273396593754076,26.222717520000003,25.525223725500002,24.316432111999998,0.2530170356510496
2020-12-02,26.36670531,sz.000002,万科A,0.012357723577235857,0.012281990200990009,26.278618661999996,25.651001295000004,24.3716274315,0.2544468376588988
2020-12-03,26.1718983,sz.000002,万科A,-0.007388371345968592,-0.007415800549817096,26.271842766000002,25.7208777225,24.419341032500004,0.22467901451971778
2020-12-04,25.40961,sz.000002,万科A,-0.029126213592232886,-0.029558802241544276,25.999112952,25.743746371500002,24.450256058,0.25082325332747757
2020-12-07,24.90988767,sz.000002,万科A,-0.01966666666666672,-0.01986262909625177,25.780590306,25.736970475499998,24.469172101,0.26102100877409073
2020-12-08,24.71508066,sz.000002,万科A,-0.007820469228153604,-0.007851209471263986,25.514636388,25.730618073,24.479759438500004,0.26090321902478225
2020-12-09,24.27464742,sz.000002,万科A,-0.017820424948594926,-0.017981120694613793,25.096224810000002,25.6836102945,24.484841360500003,0.2616714452985873
2020-12-10,24.20688846,sz.000002,万科A,-0.002791346824843055,-0.002795249898304512,24.703222842000002,25.6336380615,24.4933112305,0.2616382663021946
2020-12-11,24.10525002,sz.000002,万科A,-0.0041987403778865895,-0.004207579840014993,24.442350846,25.608651945000002,24.4933112305,0.24873557275623226
2020-12-14,24.49486404,sz.000002,万科A,0.016163035839775075,0.01603380462885758,24.35934612,25.596794127000003,24.506298364500005,0.2552754762227797
2020-12-15,24.18147885,sz.000002,万科A,-0.012793914246196358,-0.012876461188544668,24.252625758,25.537505037,24.518297346999997,0.23924598834160296
2020-12-16,24.2238282,sz.000002,万科A,0.0017513134851137035,0.0017497817237875507,24.242461914,25.446030440999998,24.528602355500002,0.21359395694669533
2020-12-17,24.42710508,sz.000002,万科A,0.008391608391608463,0.008356594590941492,24.286505238,25.3583672865,24.537778048,0.21578584628576386
2020-12-18,24.1391295,sz.000002,万科A,-0.011789181692094308,-0.011859225142143479,24.293281134,25.257999327,24.543989286,0.21765345650021803
2020-12-21,23.85962379,sz.000002,万科A,-0.011578947368421022,-0.011646505386323579,24.166233083999998,25.1364566925,24.5280376975,0.21630884938154007
2020-12-22,23.75798535,sz.000002,万科A,-0.00425985090521841,-0.0042689499195760015,24.081534384,25.0178785125,24.512650767,0.2162533279228392
2020-12-23,23.57164821,sz.000002,万科A,-0.007843137254901933,-0.007874056430905883,23.951098385999998,24.892100943,24.496699178500002,0.2162223568348171
2020-12-24,23.66481678,sz.000002,万科A,0.0039525691699604515,0.003944778291016325,23.798640726,24.765052893,24.4859706765,0.21588633054703443
2020-12-25,23.8003347,sz.000002,万科A,0.005726556907659441,0.005710222510884493,23.730881766,24.6164066745,24.485970676500003,0.196321743573514
2020-12-28,24.07137054,sz.000002,万科A,0.011387900355871894,0.011323546329254506,23.773231115999998,24.519850156500002,24.4972638365,0.1854057900709614
2020-12-29,24.15606924,sz.000002,万科A,0.0035186488388458947,0.00351247287714062,23.852847894,24.425411106000002,24.4989578105,0.18625726818946883
2020-12-30,24.03749106,sz.000002,万科A,-0.004908835904628317,-0.004920923814198573,23.946016464000003,24.3089503935,24.500228291,0.17634474923089713
2020-12-31,24.3085269,sz.000002,万科A,0.01127554615926707,0.011212451033678805,24.074758488,24.215781823500002,24.509827476999998,0.18461766152810932
2021-01-04,23.52929886,sz.000002,万科A,-0.03205574912891984,-0.032580785439377695,24.02055132,24.1217662665,24.506298364500005,0.19019405896062033
2021-01-05,23.63940717,sz.000002,万科A,0.004679625629949502,0.004668710222032994,23.934158645999997,24.0582422415,24.5006517845,0.18268742486349582
2021-01-06,24.35087625,sz.000002,万科A,0.03009673951988545,0.029652719695128747,23.973120048,24.040032021000002,24.511380286500003,0.21491750991043895
2021-01-07,24.38475573,sz.000002,万科A,0.0013913043478259723,0.0013903373807249428,24.042572982,24.045537436500002,24.525637900999996,0.20516385605990511
2021-01-08,24.85059858,sz.000002,万科A,0.01910385550538396,0.018923668090751296,24.150987318,24.0777229425,24.548788878999996,0.2152529936578346
2021-01-11,25.22327286,sz.000002,万科A,0.01499659168370826,0.01488525454102728,24.489782118,24.133624084500003,24.575892463000002,0.21937506444080992
2021-01-12,25.1555139,sz.000002,万科A,-0.002686366689053199,-0.0026899814472091358,24.793003463999998,24.1666565775,24.603560705,0.21377733936779464
2021-01-13,25.3249113,sz.000002,万科A,0.006734006734006703,0.006711434587986778,24.987810473999996,24.2238282,24.637722514,0.20771110197973425
2021-01-14,25.40114013,sz.000002,万科A,0.003010033444816207,0.0030055123642771303,25.191087354,24.282693796500002,24.671037335999998,0.2077074847563348
2021-01-15,25.36726065,sz.000002,万科A,-0.0013337779259754434,-0.0013346681994594834,25.294419768,24.329701575,24.698705578000002,0.20688929899732134
2021-01-18,26.47681362,sz.000002,万科A,0.04373956594323891,0.042810000431872365,25.54512792,24.446585781,24.746419179,0.24776269550776606
2021-01-19,26.49375336,sz.000002,万科A,0.000639795265515053,0.0006395906837797982,25.812775812,24.5782922595,24.792721135,0.24078177899433373
2021-01-20,25.8331035,sz.000002,万科A,-0.02493606138107418,-0.025252232063744405,25.914414252,24.682048166999998,24.8354939785,0.26198781718272296
2021-01-21,25.4943087,sz.000002,万科A,-0.013114754098360604,-0.013201511858535842,25.933047965999997,24.7781811915,24.8803842895,0.2658744854874727
2021-01-22,24.78283962,sz.000002,万科A,-0.027906976744186074,-0.02830377616285182,25.816163760000002,24.8340823335,24.906923215499997,0.2890850161099015
2021-01-25,24.86753832,sz.000002,万科A,0.0034176349965824304,0.0034118081543366464,25.494308699999998,24.887442514500002,24.93247399,0.2888559052455127
2021-01-26,25.1555139,sz.000002,万科A,0.011580381471389511,0.011513842062338969,25.226660808,24.9416496825,24.957177777500004,0.2889365574287826
2021-01-27,24.9014178,sz.000002,万科A,-0.010101010101010055,-0.010152371464017962,25.040323668,24.9789171105,24.976517314,0.2922391504352194
2021-01-28,24.07984041,sz.000002,万科A,-0.03299319727891159,-0.03354974868172754,24.75743001,24.981034578,24.9803287555,0.31662446907082675
2021-01-29,23.53776873,sz.000002,万科A,-0.02251143158635238,-0.022768681908496,24.508415832,24.9424966695,24.9597187385,0.32369306637175677
2021-02-01,23.77492509,sz.000002,万科A,0.010075566750629816,0.010025146619378865,24.289893185999997,24.954777981,24.940096873,0.3047888546645241
2021-02-02,24.00361158,sz.000002,万科A,0.009618810117563381,0.0095728438887434,24.059512722,24.972988201499998,24.922733639500002,0.3061467131043304
2021-02-03,23.64787704,sz.000002,万科A,-0.014820042342978179,-0.014930956368362712,23.80880457,24.937838241,24.902829445000002,0.29053086696179303
2021-02-04,23.62246743,sz.000002,万科A,-0.0010744985673352137,-0.0010750762547741084,23.717329974000002,24.899723826,24.876290519,0.29035916749798796
2021-02-05,24.46098456,sz.000002,万科A,0.03549659376120462,0.034881112385227786,23.901973140000003,24.880243125,24.863868043,0.3108414917055333
2021-02-08,24.67273131,sz.000002,万科A,0.00865650969529086,0.008619256946717755,24.081534384,24.8527160475,24.864997358999997,0.3074157915703026
2021-02-09,24.35087625,sz.000002,万科A,-0.013044970820460078,-0.01313080372798386,24.150987318,24.812484165,24.858644956499997,0.3103873570462271
2021-02-10,24.41863521,sz.000002,万科A,0.0027826086956523888,0.0027787444069515828,24.305138952,24.7671703605,24.8428345325,0.3093217090692711
2021-02-18,25.41807987,sz.000002,万科A,0.04092958723551843,0.04011414780196481,24.664261439999997,24.7680173475,24.832247195,0.34420291027109856
2021-02-19,25.27409208,sz.000002,万科A,-0.00566477840719759,-0.005680884116715634,24.826882943999998,24.763358919,24.8171425935,0.3448108440847498
2021-02-22,25.18092351,sz.000002,万科A,-0.003686327077747964,-0.003693138325553763,24.928521384,24.6985644135,24.8010498405,0.30373862641833854
2021-02-23,25.41807987,sz.000002,万科A,0.00941809619912548,0.009374022442269451,25.141962107999998,24.644780738999998,24.786509897,0.3064641646957372
2021-02-24,25.40114013,sz.000002,万科A,-0.0006664445184937362,-0.0006666666913579271,25.338463092,24.6231825705,24.77436975,0.2941219288383928
2021-02-25,27.94210113,sz.000002,万科A,0.10003334444814937,0.09534049247957233,25.843267344000004,24.745572192,24.805284775500002,0.4588013835867744
2021-02-26,28.0352697,sz.000002,万科A,0.0033343437405273235,0.0033287971425270528,26.395502868,24.908193696,24.835776307499998,0.44220478347911724
2021-03-01,28.24701645,sz.000002,万科A,0.007552870090634434,0.007524489978615501,27.008721456,25.0771676025,24.8603389305,0.44206123774156403
2021-03-02,28.19619723,sz.000002,万科A,-0.0017991004497751595,-0.0018007207746991967,27.564344928000004,25.229201769,24.896900536,0.4426712521542616
2021-03-03,28.3740645,sz.000002,万科A,0.00630820066085902,0.006288387244087079,28.158929802,25.402834104,24.9357207735,0.43853017991168713
2021-03-04,27.68800503,sz.000002,万科A,-0.024179104477611957,-0.024476218094901518,28.108110582000002,25.583242335,24.9577424355,0.42890672577795264
2021-03-05,26.71396998,sz.000002,万科A,-0.035178953808504,-0.035812639201226786,27.843850638000003,25.742052397499997,24.9667769635,0.4427334820800596
2021-03-08,26.4259944,sz.000002,万科A,-0.010779961953075512,-0.010838486719455706,27.479646228,25.874605863,24.9837167035,0.44679801494498844
2021-03-09,26.27353674,sz.000002,万科A,-0.005769230769230749,-0.0057859370670438875,27.095114130000002,25.988102121000004,25.006444188,0.4483267275777602
2021-03-10,25.99403103,sz.000002,万科A,-0.010638297872340496,-0.01069528911674803,26.619107436,26.1054098205,25.027760027499998,0.44612841065638775
2021-03-11,26.38364505,sz.000002,万科A,0.014988595633756985,0.014877376601817404,26.358235439999998,26.2434687015,25.062909987999998,0.44682219939411244
2021-03-12,26.67162063,sz.000002,万科A,0.010914927768860494,0.010855789879471268,26.34976557,26.354000505,25.1039888575,0.43355276256717185
2021-03-15,26.62927128,sz.000002,万科A,-0.0015878056525880924,-0.0015890675519274519,26.390420946,26.4518275035,25.1460558785,0.4338300683697252
2021-03-16,27.8658723,sz.000002,万科A,0.04643765903307884,0.04539169021032037,26.708888057999996,26.627577306,25.2022393495,0.45347255103598644
2021-03-17,27.70494477,sz.000002,万科A,-0.005775075987841882,-0.005791816221033603,27.051070805999995,26.791892784000005,25.2609637815,0.45557511147921775
2021-03-18,27.6964749,sz.000002,万科A,-0.0003057169061450038,-0.00030576364708492836,27.313636776,26.9058125355,25.318841226500002,0.43765579563107637
2021-03-19,26.4259944,sz.000002,万科A,-0.04587155963302747,-0.04695698308777098,27.26451153,26.9634076515,25.3521560485,0.4721338689681423
2021-03-22,26.79019881,sz.000002,万科A,0.013782051282051233,0.013687942502120753,27.296697036,27.043871416499996,25.396340537000004,0.47310137859245893
2021-03-23,26.61233154,sz.000002,万科A,-0.006639266519127385,-0.006661404490082348,27.045988883999996,27.103584,25.442218999500003,0.473875063081036
2021-03-24,26.05332012,sz.000002,万科A,-0.02100572883513685,-0.021229488190031866,26.715663954,27.136192999499997,25.480474579,0.48123867924344443
2021-03-25,25.87545285,sz.000002,万科A,-0.006827048114434353,-0.006850459019838919,26.351459544,27.032860585499996,25.518871323,0.3109819032868796
2021-03-26,26.01944064,sz.000002,万科A,0.005564648117839521,0.0055492226618670025,26.270148791999997,26.932069132499997,25.558115053999998,0.3117462732427307
2021-03-29,26.256597,sz.000002,万科A,0.00911458333333326,0.009073296205674755,26.16342843,26.832548159999998,25.599052759,0.3125316380091214
2021-03-30,26.56998219,sz.000002,万科A,0.011935483870967767,0.01186481771744056,26.15495856,26.751237408,25.6406962865,0.31726775304949945
2021-03-31,25.40961,sz.000002,万科A,-0.04367229837424291,-0.04465464054043141,26.026216536,26.603014682999998,25.6615886325,0.34654148072774793
2021-04-01,25.26562221,sz.000002,万科A,-0.005666666666666709,-0.005682783135498268,25.904250408000003,26.481895542,25.682057485000005,0.33930189624400664
2021-04-02,25.40961,sz.000002,万科A,0.005698960777740458,0.005682783135498155,25.78228428,26.416677543,25.70040887,0.32054678439541484
2021-04-06,24.92682741,sz.000002,万科A,-0.019000000000000017,-0.019182819416773987,25.516330362,26.3417191935,25.723701012499998,0.3247299407809032
2021-04-07,25.1555139,sz.000002,万科A,0.00917431192660545,0.009132483563272472,25.233436704,26.2858180515,25.748969457999998,0.3271895126785323
2021-04-08,24.70661079,sz.000002,万科A,-0.017845117845117886,-0.018006261929023926,25.092836862,26.2214470395,25.754898367,0.3307033852177764
2021-04-09,24.44404482,sz.000002,万科A,-0.010627356873500249,-0.010684230533905315,24.928521384,26.124467027999998,25.755886518500002,0.32536923006170787
2021-04-12,24.21535833,sz.000002,万科A,-0.009355509355509217,-0.009399547011504238,24.68967105,26.001653913000002,25.745299181000004,0.3212978003397144
2021-04-13,23.96126223,sz.000002,万科A,-0.01049317943336836,-0.010548621020744667,24.496558014,25.8682534605,25.7242656705,0.32173653617855025
2021-04-14,24.35934612,sz.000002,万科A,0.01661364439731372,0.0164771475393703,24.337324458,25.692927151499998,25.7109962075,0.27198135613966307
2021-04-15,24.24923781,sz.000002,万科A,-0.004520166898470124,-0.004530413742822283,24.245849862,25.5201418035,25.693068316,0.2720658570413612
2021-04-16,24.45251469,sz.000002,万科A,0.008382815228781038,0.008347874564820081,24.247543836,25.357943793,25.677257892,0.2764019080460884
2021-04-19,24.562623,sz.000002,万科A,0.004502944232767536,0.004492836311630259,24.31699677,25.264775223,25.6638472645,0.23489847890593718
2021-04-20,24.33393651,sz.000002,万科A,-0.009310344827586081,-0.009353956995275716,24.391531626,25.141962107999998,25.628132645999997,0.226457693766419
2021-04-21,24.26617755,sz.000002,万科A,-0.002784545770971203,-0.0027884298304497062,24.372897912,25.024654408500002,25.5910063825,0.22643296920668737
2021-04-22,24.57956274,sz.000002,万科A,0.012914485165794076,0.012831804295293226,24.438962898,24.950966539499998,25.5701140365,0.22566155344872124
2021-04-23,23.79186483,sz.000002,万科A,-0.03204686423156433,-0.03257160633988938,24.306832926000002,24.846787138499998,25.541739972000002,0.24824298168972325
2021-04-26,23.4615399,sz.000002,万科A,-0.013883944464222253,-0.013981227922859597,24.086616306,24.718892101499996,25.51971831,0.24782951610931428
2021-04-27,23.65634691,sz.000002,万科A,0.008303249097473042,0.008268966763792695,23.951098386,24.588879597,25.499531786500004,0.24723077956121228
2021-04-28,23.44460016,sz.000002,万科A,-0.0089509488005729,-0.008991249207616616,23.786782908,24.4326104955,25.471016557499997,0.23914481297921972
2021-04-29,23.62246743,sz.000002,万科A,0.007586705202312194,0.007558070889928823,23.595363846,24.343253367,25.449700717999995,0.19810994408418559
2021-04-30,23.85962379,sz.000002,万科A,0.01003944065973461,0.009989380248883586,23.608915638,24.272953446000002,25.446030441,0.20366710667652727
2021-05-06,23.64787704,sz.000002,万科A,-0.008874689385871437,-0.00891430399410945,23.646183066,24.184866797999998,25.447865579499997,0.20218445003039204
2021-05-07,23.715636,sz.000002,万科A,0.002865329512893977,0.002861232281032195,23.658040884,24.1243072275,25.446877428,0.19472414674750693
2021-05-10,23.32602198,sz.000002,万科A,-0.01642857142857146,-0.01656501687469517,23.634325248,24.0328326315,25.435584268,0.19571835774414142
2021-05-11,23.39378094,sz.000002,万科A,0.002904865649963728,0.0029006546806373116,23.588587949999997,23.967191139,25.431349333,0.18958529832013946
2021-05-12,22.89405861,sz.000002,万科A,-0.021361332367849428,-0.021592787692789866,23.395474913999998,23.889691828500002,25.419209186,0.19915680983441164
2021-05-13,22.76701056,sz.000002,万科A,-0.005549389567147567,-0.005564844633407396,23.219301618,23.81727444,25.390976286,0.19805042014742202
2021-05-14,22.92793809,sz.000002,万科A,0.00706845238095255,0.007043587971261188,23.061762035999998,23.765608233000002,25.361896399,0.19905122760466376
2021-05-17,22.97028744,sz.000002,万科A,0.0018470631695604034,0.0018453594459850095,22.990615127999998,23.696155298999997,25.3388865855,0.18715848071181174
2021-05-18,23.11427523,sz.000002,万科A,0.0062684365781711104,0.006248871648052302,22.934713986000002,23.639407170000002,25.317147252499996,0.18979229938463155
2021-05-19,22.67384199,sz.000002,万科A,-0.01905459875412241,-0.019238477187985985,22.890670662,23.550473535,25.271409954499997,0.19419835872519978
2021-05-20,22.84323939,sz.000002,万科A,0.007471049682480357,0.007443279619377426,22.905916428,23.4645043545,25.230895743,0.19613675405827963
2021-05-21,22.50444459,sz.000002,万科A,-0.014831294030404285,-0.014942377379916594,22.821217728,23.3730297585,25.186287761000003,0.1992422270799305
2021-05-24,22.18258953,sz.000002,万科A,-0.014301844185171109,-0.01440510125210147,22.663678146000002,23.2688503575,25.132362921999995,0.2026104771451354
2021-05-25,22.66537212,sz.000002,万科A,0.021764032073310347,0.021530576740407096,22.573897524,23.1731408265,25.086766788499997,0.21471478967837232
2021-05-26,23.02110666,sz.000002,万科A,0.015695067264573925,0.015573173462969887,22.643350457999997,23.134602918000002,25.004750213999998,0.19811511059899078
2021-05-27,23.00416692,sz.000002,万科A,-0.0007358351729213064,-0.0007361060325023158,22.675535963999998,23.111734269000003,24.920898501,0.19270041071247945
2021-05-28,22.82629965,sz.000002,万科A,-0.0077319587628865705,-0.007762005335489189,22.739906976000004,23.070231906,24.830553221,0.19092607776530793
2021-05-31,22.6145529,sz.000002,万科A,-0.009276437847866359,-0.009319731948802255,22.826299650000003,23.028729543,24.7375258155,0.1910931005899261
2021-06-01,22.5298542,sz.000002,万科A,-0.0037453183520599342,-0.003752349618550464,22.799196066,22.9740988815,24.640122310499997,0.18797205441937048
2021-06-02,22.66537212,sz.000002,万科A,0.00601503759398514,0.005997019472374487,22.728049157999997,22.914386298,24.556411762,0.18498774733767817
2021-06-03,22.58914329,sz.000002,万科A,-0.0033632286995516347,-0.0033688970661048647,22.645044432,22.8614496105,24.4876646505,0.1834970741595439
2021-06-04,22.30116771,sz.000002,万科A,-0.012748406449193728,-0.012830364685704743,22.540018044,22.790726196,24.418917539,0.186104895547098
2021-06-07,21.97084278,sz.000002,万科A,-0.014812001519179607,-0.014922794619920174,22.41127602,22.722967236,24.347205972999998,0.18464106391369636
2021-06-08,22.07248122,sz.000002,万科A,0.004626060138781751,0.004615392808401183,22.319801423999998,22.656902249999998,24.281846809500003,0.1854609741957174
2021-06-09,21.94543317,sz.000002,万科A,-0.005755947812739803,-0.0057725771226804275,22.175813634,22.609470977999997,24.2078766115,0.1726162127391024
2021-06-10,21.72521655,sz.000002,万科A,-0.010034735623311586,-0.010085422957240187,22.003028286,22.557381277500003,24.125436543499998,0.1745431337039504
2021-06-11,21.42030123,sz.000002,万科A,-0.014035087719298178,-0.014134510934904693,21.82685499,22.4819994345,24.038620376,0.17562049732753504
2021-06-15,20.97139812,sz.000002,万科A,-0.020956899960458686,-0.021179612865478432,21.626966058,22.3820549685,23.923712473000002,0.18509174888166516
2021-06-16,21.14079552,sz.000002,万科A,0.008077544426494443,0.008045095684831659,21.440628918,22.283380983,23.814309985500003,0.18659010010808502
2021-06-17,21.174675,sz.000002,万科A,0.0016025641025640969,0.0016012813669738276,21.286477284,22.2084226335,23.7056133205,0.1793185442978213
2021-06-18,20.81047059,sz.000002,万科A,-0.017199999999999993,-0.017349638335112993,21.103528092,22.1067841935,23.612021257,0.18094220829462282
2021-06-21,20.4970854,sz.000002,万科A,-0.01505901505901519,-0.015173553370447167,20.918884925999997,22.006416234000003,23.507136033499997,0.18111492262075762
2021-06-22,20.52249501,sz.000002,万科A,0.0012396694214875659,0.001238901665793613,20.829104303999998,21.923411508,23.405638758,0.17845403432634876
2021-06-23,20.7511815,sz.000002,万科A,0.01114321089558401,0.01108158272224696,20.7511815,21.827701977,23.317269781,0.1614274836822917
2021-06-24,20.60719371,sz.000002,万科A,-0.006938775510204165,-0.00696296075525014,20.637685242,21.707006329499997,23.229465462,0.1430982778495651
2021-06-25,20.75965137,sz.000002,万科A,0.007398273736128225,0.00737104074458995,20.627521398,21.594780552,23.141802307500004,0.1494502760178965
2021-06-28,20.39544696,sz.000002,万科A,-0.01754385964912275,-0.01769957709940086,20.607193709999997,21.4732379175,23.0441164735,0.15568957689757018
2021-06-29,20.1582906,sz.000002,万科A,-0.011627906976744207,-0.011696039763191298,20.534352828000003,21.3504248025,22.937254947,0.15665314798260033
2021-06-30,20.16676047,sz.000002,万科A,0.00042016806722688926,0.0004200798213424005,20.417468621999998,21.232270116000002,22.849874121500005,0.15802931372516082
2021-07-01,21.15773526,sz.000002,万科A,0.04913901721965552,0.04796984419866013,20.527576932,21.156888273,22.781409339,0.24809663420533734
2021-07-02,20.37003735,sz.000002,万科A,-0.03722978382706155,-0.03794050814566132,20.449654128,21.045932976,22.697416461499998,0.2757552262040193
2021-07-05,20.17523034,sz.000002,万科A,-0.00956340956340962,-0.009609432624616198,20.405610804,20.9396361075,22.618223177,0.27480061520083604
2021-07-06,20.73424176,sz.000002,万科A,0.027707808564231717,0.027330893716971266,20.520801036,20.8778060565,22.544535308,0.29506867649370777
2021-07-07,20.36156748,sz.000002,万科A,-0.017973856209150263,-0.018137347977118436,20.559762438,20.7922603695,22.4721179195,0.2984818517307213
2021-07-08,20.37003735,sz.000002,万科A,0.0004159733777038266,0.00041588688476335657,20.402222855999998,20.7134905785,22.404217795,0.2987656402690539
2021-07-09,20.37850722,sz.000002,万科A,0.0004158004158003603,0.0004157139947625762,20.40391683,20.646155112,22.3402702765,0.2980597327565861
2021-07-12,20.17523034,sz.000002,万科A,-0.009975062344139696,-0.010025146619378818,20.40391683,20.5839015675,22.277169745,0.2964150980760074
2021-07-13,20.19217008,sz.000002,万科A,0.0008396305625526512,0.0008392782699951389,20.295502493999997,20.5449401655,22.207716811,0.2887295334899651
2021-07-14,19.65856827,sz.000002,万科A,-0.026426174496644306,-0.026781621910803348,20.154902651999997,20.470828803,22.131205652,0.2989708712885951
2021-07-15,19.92113424,sz.000002,万科A,0.013356311934511034,0.013267902744080545,20.06512203,20.408151765,22.055682644500003,0.3044715899073125
2021-07-16,20.28533865,sz.000002,万科A,0.01828231292517013,0.01811720082649813,20.046488316,20.381895168,21.984394572,0.30835302083097743
2021-07-19,19.88725476,sz.000002,万科A,-0.019624217118997866,-0.019819328897028497,19.9888932,20.351403635999997,21.9102832095,0.31150395621830307
2021-07-20,19.55692983,sz.000002,万科A,-0.016609880749574146,-0.01674937159349175,19.86184515,20.303125376999997,21.8317957475,0.31596481893528405
2021-07-21,19.25201451,sz.000002,万科A,-0.015591165006496488,-0.015713985501952323,19.780534398,20.2281670275,21.743003277,0.31521866749336686
2021-07-22,19.65856827,sz.000002,万科A,0.02111746590409158,0.020897582421893907,19.728021204,20.180735755500002,21.674115001,0.326747151032745
2021-07-23,19.57386957,sz.000002,万科A,-0.00430848772081005,-0.004317796000056368,19.585727388000002,20.1214466655,21.6093204955,0.32484502093682366
2021-07-26,18.09164232,sz.000002,万科A,-0.07572479446127223,-0.07874541019429532,19.2266049,20.0062564335,21.516575419,0.4135508794832984
2021-07-27,17.07525792,sz.000002,万科A,-0.0561797752808989,-0.05781957088882625,18.730270517999998,19.8521047995,21.410419715,0.45066695006994845
2021-07-28,17.35476363,sz.000002,万科A,0.016369047619047672,0.016236519047640573,18.350820342,19.7115049575,21.305957985000003,0.4580560803941117
2021-07-29,17.4479322,sz.000002,万科A,0.005368472425573367,0.0053541135447269265,17.908693128,19.5260148045,21.199096458499998,0.4107104373502348
2021-07-30,17.49875142,sz.000002,万科A,0.002912621359223433,0.0029083878959572235,17.493669498,19.382450507999998,21.0966110315,0.3990124282951437
2021-08-02,17.7020283,sz.000002,万科A,0.011616650532429551,0.01154969527927257,17.415746694,19.258790406,20.9963842365,0.40443645957767527
2021-08-03,17.68508856,sz.000002,万科A,-0.000956937799042934,-0.0009573959563272215,17.537712821999996,19.106332746,20.9023686795,0.38488822806755546
2021-08-04,17.40558285,sz.000002,万科A,-0.015804597701149503,-0.015930822072194435,17.547876666,18.9585335145,20.802565378,0.38419168114865304
2021-08-05,17.77825713,sz.000002,万科A,0.02141119221411203,0.02118519289029811,17.613941652,18.8289445035,20.717302019999998,0.3969635253542721
2021-08-06,17.8714257,sz.000002,万科A,0.005240590757503494,0.005226906649479113,17.688476508,18.7035904275,20.635708939,0.398441133150886
2021-08-09,18.87087036,sz.000002,万科A,0.055924170616113766,0.054416374577062485,17.92224492,18.6383724285,20.568091143500002,0.4549004802387221
2021-08-10,18.51513582,sz.000002,万科A,-0.018850987432675104,-0.01903093231069083,18.088254372,18.5545207155,20.4938386165,0.4580893736830289
2021-08-11,19.57386957,sz.000002,万科A,0.05718206770356815,0.055606941537896845,18.521911715999998,18.550285780499998,20.4348318555,0.49801424834697267
2021-08-12,19.17578568,sz.000002,万科A,-0.020337516226741625,-0.020547170951307127,18.801417426,18.5130183525,20.376530917000004,0.5006140105066109
2021-08-13,19.30283373,sz.000002,万科A,0.006625441696113121,0.006603589922610752,19.087699032,18.463893106500002,20.317524156,0.49621744117547756
2021-08-16,19.44682152,sz.000002,万科A,0.00745941202281708,0.007431728193772834,19.202889264,18.4418714445,20.2665637715,0.49276801547018356
2021-08-17,19.58233944,sz.000002,万科A,0.006968641114982521,0.006944472352810995,19.416329988,18.443141925,20.22322627,0.4897421787169925
2021-08-18,20.09053164,sz.000002,万科A,0.02595155709342567,0.025620530325348046,19.519662402,18.4850677815,20.180312262000005,0.49379758926481077
2021-08-19,19.60774905,sz.000002,万科A,-0.024030354131534537,-0.02432379359728159,19.606055076,18.4825268205,20.1234229685,0.4973342964903208
2021-08-20,19.26895425,sz.000002,万科A,-0.017278617710583144,-0.017429635135283648,19.59927918,18.4672810545,20.061169424000003,0.5010598425472066
2021-08-23,19.32824334,sz.000002,万科A,0.003076923076922977,0.003072199036970059,19.575563543999998,18.5291111055,20.002868485500002,0.4143131623936747
2021-08-24,19.49764074,sz.000002,万科A,0.00876424189307623,0.008726058859806986,19.558623804,18.650230246499998,19.9509199495,0.3489370332919877
2021-08-25,19.02294756,sz.000002,万科A,-0.024346185588811076,-0.024647453838574633,19.345106988,18.733639442999998,19.8924715055,0.3638635637705921
2021-08-26,18.69156853,sz.000002,万科A,-0.017419962335216477,-0.017573475284628607,19.161870884,18.7958212595,19.826241445666664,0.3723217709538866
2021-08-27,18.7184371,sz.000002,万科A,0.0014374700527071127,0.001436437881655817,19.051767454,18.856805543500002,19.761729675833333,0.37240024436348007
2021-08-30,17.40187717,sz.000002,万科A,-0.07033492822966514,-0.07293089558141667,18.666494219999997,18.841797987,19.6800748335,0.4538126870232577
2021-08-31,17.7332562,sz.000002,万科A,0.019042717447246504,0.01886367431114081,18.313617311999998,18.844206369,19.6094483905,0.4590482406196994
2021-09-01,18.64678758,sz.000002,万科A,0.051515151515151736,0.05023212548633348,18.238385316,18.9062666055,19.5523534965,0.48851935283965237
2021-09-02,18.9871228,sz.000002,万科A,0.018251681075888593,0.01808711849114397,18.29749617,18.966709889,19.50304832366667,0.4871440502361135
2021-09-03,18.74530567,sz.000002,万科A,-0.012735849056603854,-0.012817645220058486,18.302869884,19.0104038875,19.453383142333337,0.4905777010810344
2021-09-06,18.40497045,sz.000002,万科A,-0.01815575728619212,-0.018322595515664803,18.50348854,18.987108892000002,19.40312762933333,0.4533272801773178
2021-09-07,18.44079521,sz.000002,万科A,0.001946472019464851,0.0019445800974545978,18.644996342,18.9833918615,19.360950914166665,0.4483644695561915
2021-09-08,18.20793427,sz.000002,万科A,-0.012627489072365328,-0.012707893399442918,18.55722568,18.9150950965,19.312069893333334,0.3960779259319001
2021-09-09,18.0915038,sz.000002,万科A,-0.0063944909001474315,-0.006415023233096054,18.37810188,18.8608810025,19.260683706666665,0.39119050907500746
2021-09-10,18.2706276,sz.000002,万科A,0.00990099009900991,0.00985229644301164,18.283166266000002,18.809270696,19.218352990166668,0.3923875868695733
2021-09-13,19.04085994,sz.000002,万科A,0.04215686274509811,0.041292472063631236,18.410344164,18.788972617000002,19.194082565833337,0.42220645104458193
2021-09-14,18.02881047,sz.000002,万科A,-0.05315145813734723,-0.05461613326210186,18.327947216000002,18.711296168500002,19.152521156833334,0.4599408526856137
2021-09-15,17.53622002,sz.000002,万科A,-0.02732240437158484,-0.027702602549335938,18.193604366,18.583580587500002,19.0989384655,0.4531809016831783
2021-09-16,17.03467338,sz.000002,万科A,-0.0286006128702756,-0.02901757998511988,17.982238282,18.454926804000003,19.03939646,0.45582371895831764
2021-09-17,17.07945433,sz.000002,万科A,0.002628811777076745,0.0026253624950834348,17.744003628,18.345451808,18.978059842666664,0.4551229689612563
2021-09-22,17.98402952,sz.000002,万科A,0.052962768746722455,0.05160787521120061,17.532637544,18.278241117,18.937869552000002,0.49999964848614153
2021-09-23,18.40497045,sz.000002,万科A,0.023406374501992122,0.023136646118715257,17.607869540000003,18.223607602500003,18.9086475495,0.5072656518008182
2021-09-24,18.19897808,sz.000002,万科A,-0.011192214111922172,-0.011255318231962502,17.740421152,18.1824091285,18.875851176333335,0.5018348169113738
2021-09-27,17.74221239,sz.000002,万科A,-0.02509842519685046,-0.02541876199982165,17.881928954,18.1349413215,18.818925795166663,0.5057429605835437
2021-09-28,18.87964852,sz.000002,万科A,0.06410903584048477,0.06213786296270218,18.241967791999997,18.1430018925,18.794085981333335,0.5578318878413472
2021-09-29,18.96025423,sz.000002,万科A,0.004269449715370133,0.0042603614736123245,18.437212734,18.220920745500003,18.773836379499997,0.4900050155456893
2021-09-30,19.08564089,sz.000002,万科A,0.006613131790269344,0.006591360963752077,18.573346822,18.288539980000003,18.746359698333332,0.4871730927863986
2021-10-08,19.02294756,sz.000002,万科A,-0.003284842796809073,-0.00329024973678775,18.738140718,18.307347979,18.724049366333336,0.45418751615430303
2021-10-11,19.7931799,sz.000002,万科A,0.04048964218455753,0.03969141214996914,19.14833422,18.347650834,18.7144350755,0.47166447313538923
2021-10-12,19.9723037,sz.000002,万科A,0.009049773755656298,0.009009069942366131,19.366865256,18.4090007355,18.70766501683333,0.46866313622307026
2021-10-13,19.9723037,sz.000002,万科A,0.0,0.0,19.569275150000003,18.487367398,18.704282906166668,0.46187432500493586
2021-10-14,19.0766847,sz.000002,万科A,-0.04484304932735428,-0.045879605750693664,19.567483912,18.5191618725,18.685691483166668,0.4940377284888081
2021-10-15,18.88860471,sz.000002,万科A,-0.009859154929577563,-0.0099080782246963,19.540615342000002,18.5531953945,18.67285875716667,0.4930359113208157
2021-10-18,18.1810657,sz.000002,万科A,-0.037458511142721584,-0.03817810844294149,19.218192502,18.5576734895,18.643857614833333,0.5122507902187028
2021-10-19,18.1810657,sz.000002,万科A,0.0,0.0,18.859944902000002,18.5531953945,18.608786399,0.5111063677109986
2021-10-20,17.91238,sz.000002,万科A,-0.014778325123152802,-0.01488861249375075,18.447960161999998,18.496771397499998,18.575871819666663,0.48864457537001055
2021-10-21,18.56618187,sz.000002,万科A,0.0365000000000002,0.03584965289369742,18.345859596,18.5236399675,18.559359353666665,0.46886470818950415
2021-10-22,19.10355327,sz.000002,万科A,0.028943560057886897,0.028532606035570764,18.388849307999998,18.602006629999998,18.556884999666668,0.4649076738742429
2021-10-25,18.44079521,sz.000002,万科A,-0.034692920768869984,-0.03530901144356096,18.440795209999997,18.6723127215,18.536588782000003,0.4711552316669776
2021-10-26,17.66160668,sz.000002,万科A,-0.04225352112676073,-0.04317217186520889,18.336903405999998,18.701420339000002,18.504717733833335,0.49946343257457126
2021-10-27,17.60786954,sz.000002,万科A,-0.0030425963488843744,-0.0030472344554688577,18.276001314000002,18.68261234,18.496654854166664,0.4620475321911667
2021-10-28,17.13319147,sz.000002,万科A,-0.026958290946083374,-0.027328331266858942,17.989403234,18.619023391,18.497620413333333,0.46184611579810003
2021-10-29,16.30922199,sz.000002,万科A,-0.04809200209095654,-0.049286889712644846,17.430536978,18.5245355865,18.480194719333333,0.4881658734187453
2021-11-01,16.29130961,sz.000002,万科A,-0.0010982976386602061,-0.0010989012094858293,17.000639858,18.451990447500002,18.460917676166666,0.4824733747160326
2021-11-02,15.79871916,sz.000002,万科A,-0.030236393622869673,-0.030702941951385603,16.628062354,18.297943979499998,18.432583805166665,0.41825094845907174
2021-11-03,16.16592295,sz.000002,万科A,0.023242630385487573,0.022976634200244726,16.339673036,18.1582274155,18.406982049333333,0.43117835198789534
2021-11-04,16.17487914,sz.000002,万科A,0.0005540166204986985,0.0005538632099495183,16.14801057,18.012689328,18.381811892333335,0.4290627798063956
2021-11-05,15.95993058,sz.000002,万科A,-0.013289036544850585,-0.0133781259461762,16.078152288000002,17.859538479,18.357717687833333,0.4291079032476384
2021-11-08,16.39878389,sz.000002,万科A,0.027497194163860872,0.02712593664375613,16.099647144,17.689818678499996,18.334726467166668,0.41159952035666497
2021-11-09,16.31817818,sz.000002,万科A,-0.00491534680502459,-0.004927466854607094,16.203538948,17.5071124025,18.308839008499998,0.40641107876442323
2021-11-10,16.99884862,sz.000002,万科A,0.04171240395170139,0.040865901349969515,16.370124082,17.3584396485,18.277638646166665,0.4448246751305254
2021-11-11,18.61991901,sz.000002,万科A,0.09536354056902008,0.0910863086881398,16.859132056,17.335601364,18.279385032666667,0.5542958564381487
2021-11-12,17.69743144,sz.000002,万科A,-0.049543049543049555,-0.05081240955019981,17.206632228,17.2760427005,18.248111063833335,0.5803343974644575
2021-11-15,17.3750086,sz.000002,万科A,-0.01821862348178127,-0.0183866262504392,17.40187717,17.2357398455,18.218098112499998,0.5689249477439534
2021-11-16,17.23170956,sz.000002,万科A,-0.008247422680412453,-0.008281620831722099,17.584583446,17.1882720385,18.183579376333334,0.5693578262558479
2021-11-17,17.42874574,sz.000002,万科A,0.011434511434511574,0.01136963152029871,17.67056287,17.164090325500002,18.14994478,0.5692053912045297
2021-11-18,17.09736671,sz.000002,万科A,-0.0190133607399795,-0.019196439020202814,17.366052409999998,17.0906495675,18.108528567833332,0.5549293329883032
2021-11-19,17.8228181,sz.000002,万科A,0.04243059193294929,0.041555093992790566,17.391129741999997,17.026612809,18.070733342166665,0.5673277824350221
2021-11-22,17.21379718,sz.000002,万科A,-0.03417085427135669,-0.034768328188300175,17.358887457999998,16.965262907499998,18.030834144333333,0.566942257722875
2021-11-23,17.23170956,sz.000002,万科A,0.0010405827263266776,0.0010400416954139326,17.358887458,16.9437680515,17.996880066166668,0.5475211726485307
2021-11-24,17.2854467,sz.000002,万科A,0.0031185031185032575,0.0031136506732795752,17.33022765,16.927646909499998,17.9628334555,0.5476049556346583
2021-11-25,17.21379718,sz.000002,万科A,-0.004145077720207335,-0.004153692368693516,17.353513744000004,16.931677195,17.924769396166667,0.5388306840825595
2021-11-26,17.00780481,sz.000002,万科A,-0.01196670135275757,-0.012038878717951949,17.190511086,16.966606335999998,17.891183683666664,0.5098605262146441
2021-11-29,16.53312674,sz.000002,万科A,-0.027909426013691396,-0.02830629574948839,17.054376998000002,16.9786971925,17.855209653833338,0.5211806976826863
2021-11-30,16.35400294,sz.000002,万科A,-0.010834236186348822,-0.01089335390788365,16.878835674,17.0064613815,17.815802417833332,0.5100727433351748
2021-12-01,16.54208293,sz.000002,万科A,0.011500547645125758,0.011434919044325987,16.730162919999998,17.0252693805,17.801472513833335,0.5053309851191083
2021-12-02,17.04362957,sz.000002,万科A,0.030319436924742815,0.02986888709690952,16.696129398,17.068706902,17.78997873666667,0.515442663605434
2021-12-03,17.25857813,sz.000002,万科A,0.012611665790856597,0.012532801118216953,16.746284062,17.133639279500002,17.7668419125,0.5127066149232647
2021-12-06,17.45561431,sz.000002,万科A,0.01141670991178012,0.01135203109319457,16.930781575999998,17.1864808005,17.741316771,0.5062364494596727
2021-12-07,17.85864286,sz.000002,万科A,0.02308876346844535,0.022826251014222823,17.23170956,17.2635040345,17.7265390575,0.5097368267585317
2021-12-08,17.74221239,sz.000002,万科A,-0.006519558676028159,-0.006540903823232785,17.471735452,17.300672223,17.715493089833334,0.49210985583071426
2021-12-09,18.2706276,sz.000002,万科A,0.029782937910146412,0.029348040139711165,17.717135058,17.283207652500003,17.712656962999997,0.3673808122781878
2021-12-10,18.05567904,sz.000002,万科A,-0.0117647058823529,-0.011834457647002796,17.87655524,17.301120032500002,17.710119375833333,0.32248410244000303
2021-12-13,17.8228181,sz.000002,万科A,-0.012896825396825462,-0.012980711472721222,17.949995998000002,17.3235105075,17.705641280833333,0.31876619645185433
2021-12-14,17.4645705,sz.000002,万科A,-0.02010050251256268,-0.020305266160745454,17.871181526,17.3351535545,17.69220699583333,0.3262445724480635
2021-12-15,17.56308859,sz.000002,万科A,0.005641025641025532,0.005625174638553684,17.835356766,17.341870696999997,17.66757747333333,0.32439953430598895
2021-12-16,17.72430001,sz.000002,万科A,0.009178990311065727,0.009137119406219392,17.726091248,17.373217362,17.662502299,0.31716850398199714
2021-12-17,17.49143907,sz.000002,万科A,-0.013137948458817661,-0.01322501472588687,17.613243254,17.356648410499997,17.66175594983333,0.28265517899133324
2021-12-20,17.51830764,sz.000002,万科A,0.001536098310291889,0.0015349197180837407,17.552341162,17.3718739335,17.66981652083333,0.2536509022586824
2021-12-21,18.19002189,sz.000002,万科A,0.0383435582822087,0.03762671098562215,17.69743144,17.419789549999997,17.688325980166667,0.2862061380467202
2021-12-22,17.78699334,sz.000002,万科A,-0.02215657311669139,-0.02240571697526689,17.74221239,17.444866882000003,17.68504204383333,0.29965315074706816
2021-12-23,17.59891335,sz.000002,万科A,-0.010574018126888185,-0.01063032030175626,17.717135058,17.464122690499998,17.671607758833336,0.302146367157346
2021-12-24,17.58995716,sz.000002,万科A,-0.0005089058524172518,-0.0005090353889503616,17.736838675999998,17.493230308,17.661457410166665,0.29819637351127
2021-12-27,17.57204478,sz.000002,万科A,-0.0010183299389002753,-0.0010188487891028767,17.747586104,17.54517621,17.658621283333336,0.27713512282011976
2021-12-28,17.62578192,sz.000002,万科A,0.003058103975535298,0.0030534374868904698,17.63473811,17.608765159,17.637723506666667,0.2721498480923697
2021-12-29,17.35709622,sz.000002,万科A,-0.015243902439024515,-0.015361285161487319,17.548758686000003,17.6495158235,17.611004206500002,0.2787090583646904
2021-12-30,17.12423528,sz.000002,万科A,-0.013415892672858476,-0.013506698839364803,17.453823072,17.653546109,17.578314112999998,0.2637549033812671
2021-12-31,17.69743144,sz.000002,万科A,0.0334728033472802,0.0329247846964664,17.475317928000003,17.6754887745,17.556222177666665,0.28605307242433553
2022-01-04,18.35123331,sz.000002,万科A,0.036943319838056876,0.03627726993108682,17.631155634000002,17.7202697245,17.532189734499998,0.31114794963145387
2022-01-05,18.96025423,sz.000002,万科A,0.0331869204489994,0.0326481228959653,17.898050096,17.775350293,17.515322243333337,0.3218124972593947
2022-01-06,18.85277995,sz.000002,万科A,-0.005668398677373676,-0.005684525018383398,18.197186842,17.830878671,17.496663514166666,0.32148589478663564
2022-01-07,19.60509991,sz.000002,万科A,0.03990498812351562,0.03912935140638132,18.693359768,17.8976022865,17.505470434333333,0.3343244411601462
2022-01-10,19.84691704,sz.000002,万科A,0.01233439926907276,0.012258950344311612,19.123256888,17.987164186500003,17.5214423065,0.3304233562731007
2022-01-11,19.9723037,sz.000002,万科A,0.00631768953068601,0.006297816586990104,19.447470966,18.0946384665,17.551296273166663,0.32363284168020556
2022-01-12,19.74839895,sz.000002,万科A,-0.011210762331838708,-0.01127407657321822,19.60509991,18.208829889,17.577418494000003,0.3155972575781119
2022-01-13,19.28267707,sz.000002,万科A,-0.02358276643990931,-0.02386529051658335,19.691079334,18.294809313000002,17.6002567785,0.33303355893487063
2022-01-14,18.5393133,sz.000002,万科A,-0.038550859266140214,-0.039313611104948215,19.477922012,18.3355599775,17.599808968999998,0.3663100423047282
2022-01-17,18.69156853,sz.000002,万科A,0.008212560386473555,0.008179020817786115,19.24685231,18.3955664505,17.592942556666667,0.3620349304966638
2022-01-18,19.33641421,sz.000002,万科A,0.03449928126497359,0.03391752343760655,19.119674412000002,18.486471779,17.607869540000003,0.37813031738801023
2022-01-19,19.6140561,sz.000002,万科A,0.014358499305233918,0.014256392295739165,19.092805842,18.5576734895,17.640410363666668,0.3593813039911205
2022-01-20,19.80213609,sz.000002,万科A,0.009589041095890538,0.009543358046899916,19.196697646,18.658430626999998,17.676981472833337,0.3461381545916543
2022-01-21,19.38119516,sz.000002,万科A,-0.021257349615558585,-0.021486540891074168,19.365074017999998,18.7475447175,17.714448201,0.35473190036750657
2022-01-24,19.4349323,sz.000002,万科A,0.0027726432532346745,0.002768806568133019,19.513746771999998,18.839793474500002,17.766543372833333,0.3542381780648519
2022-01-25,18.64678758,sz.000002,万科A,-0.04055299539170498,-0.04139819735959095,19.375821446,18.8935306145,17.805801339000002,0.3895335488916059
2022-01-26,18.56618187,sz.000002,万科A,-0.004322766570605152,-0.00433213673913457,19.1662466,18.940550612000003,17.851925717500002,0.3904638368061561
2022-01-27,18.30645236,sz.000002,万科A,-0.013989387361312056,-0.014088161112184482,18.867109854,18.988018419,17.887601207666666,0.3897158021948973
2022-01-28,18.20793427,sz.000002,万科A,-0.00538160469667337,-0.0053961376952486005,18.632457676,19.0422033685,17.92148545983333,0.38626855576297636
2022-02-07,18.72739329,sz.000002,万科A,0.028529267092965993,0.02812988580028688,18.490949874000002,19.093701461000002,17.96760983833333,0.3815254887331625
2022-02-08,18.70052472,sz.000002,万科A,-0.001434720229555153,-0.0014357504261041534,18.501697302,19.111166031499998,18.0059721855,0.36010160730386387
2022-02-09,18.3601895,sz.000002,万科A,-0.01819923371647514,-0.01836687687007552,18.460498828000002,19.081162795,18.040005707500004,0.3454363055797679
2022-02-10,18.67365615,sz.000002,万科A,0.017073170731707332,0.016929062100447975,18.533939586,19.072206604999998,18.067919166333336,0.3510793345571347
2022-02-11,18.96921042,sz.000002,万科A,0.015827338129496438,0.01570339192844998,18.686194816,19.0404121305,18.073740689833336,0.32391075663396107
2022-02-14,18.12732856,sz.000002,万科A,-0.044381491973560006,-0.04539649575399565,18.56618187,18.9544327065,18.080905641833333,0.35314690897756046
2022-02-15,17.74221239,sz.000002,万科A,-0.021245059288537593,-0.021473983708805277,18.374519404,18.842928140999998,18.087025705,0.3557155623840884
2022-02-16,17.91238,sz.000002,万科A,0.009591115598182709,0.009545412843531406,18.284957503999998,18.7511271935,18.098370212333332,0.35906018549108426
2022-02-17,17.7332562,sz.000002,万科A,-0.010000000000000009,-0.01005033585350145,18.096877514,18.67365615,18.103445386666667,0.3527284049452586
2022-02-18,18.34227712,sz.000002,万科A,0.03434343434343434,0.033766862470817484,17.971490854,18.663804341,18.1241938935,0.352775156201182
2022-02-21,18.5393133,sz.000002,万科A,0.0107421875,0.010684900100016353,18.053887802,18.6561915795,18.136135480166665,0.35369766619328646
2022-02-22,18.48557616,sz.000002,万科A,-0.0028985507246376274,-0.002902759657961351,18.202560555999998,18.613649677,18.1573317965,0.3291346274267763
2022-02-23,18.14524094,sz.000002,万科A,-0.018410852713178327,-0.018582441792824696,18.249132744,18.540208919,18.1725573195,0.32803030833731284
2022-02-24,17.76908096,sz.000002,万科A,-0.02073050345508398,-0.02094839696381066,18.256297695999997,18.4385561625,18.1806178905,0.32941565762305586
2022-02-25,17.49143907,sz.000002,万科A,-0.01562500000000011,-0.015748356968139282,18.086130086,18.344068358,18.18524525533333,0.326366015637414
2022-02-28,17.1958848,sz.000002,万科A,-0.016897081413210224,-0.017041465854851476,17.817444386,18.232115983,18.188379921833334,0.3276869367136584
2022-03-01,17.35709622,sz.000002,万科A,0.009374999999999911,0.009331327428884222,17.591748398,18.167631415,18.2021127465,0.30478020461631056
2022-03-02,17.30335908,sz.000002,万科A,-0.003095975232198067,-0.0031007776782481593,17.423372026,18.104490275499998,18.217935348833336,0.30476214325163015
2022-03-03,17.45561431,sz.000002,万科A,0.008799171842650111,0.008760684735097512,17.360678696,18.061948373,18.23316087183333,0.3049362209001806
2022-03-04,16.75703149,sz.000002,万科A,-0.04002052334530537,-0.040843373233471286,17.21379718,17.989403234,18.22838423716667,0.3332068006257409
2022-03-07,16.60477626,sz.000002,万科A,-0.00908605024051301,-0.009127580148289068,17.095575472,17.8832723825,18.217487539333334,0.3105865991589183
2022-03-08,15.82558773,sz.000002,万科A,-0.046925566343042124,-0.048062273806104124,16.789273774,17.739525533,18.190320429666667,0.3424245590638578
2022-03-09,15.20761062,sz.000002,万科A,-0.039049235993208864,-0.03983210544840381,16.370124082,17.581896589000003,18.146136559000002,0.3582236977367207
2022-03-10,15.01953063,sz.000002,万科A,-0.012367491166077715,-0.012444605048083751,15.882907346,17.399190313000002,18.100758529666667,0.3446466431182
2022-03-11,14.91205635,sz.000002,万科A,-0.007155635062611854,-0.007181359408664697,15.513912318000001,17.1963326095,18.04478234216667,0.33064125714815046
2022-03-14,14.41050971,sz.000002,万科A,-0.0336336336336337,-0.03421225542216106,15.075059008,17.010491667,17.98402952,0.31855363408799753
2022-03-15,13.2551612,sz.000002,万科A,-0.08017402113113736,-0.08357078023422247,14.560973702000002,16.7861391075,17.907901905000003,0.40113700175323824
2022-03-16,13.89105069,sz.000002,万科A,0.04797297297297298,0.04685779641837808,14.297661715999999,16.585072642,17.8483432415,0.4512820426400191
2022-03-17,14.93892492,sz.000002,万科A,0.07543520309477758,0.07272541974215325,14.281540574,16.445356078,17.804607180333335,0.5483664614529274
2022-03-18,15.62855155,sz.000002,万科A,0.04616306954436444,0.04512925171783541,14.424839614000001,16.3096697995,17.769678039333332,0.5619009402288524
2022-03-21,15.0463992,sz.000002,万科A,-0.0372492836676217,-0.03796076223922285,14.552017512,16.1350240945,17.728927374833333,0.567171623271161
2022-03-22,15.74498202,sz.000002,万科A,0.046428571428571486,0.04538300584781775,15.049981675999998,15.9979943875,17.699371947833335,0.6011189359492861
2022-03-23,16.04053629,sz.000002,万科A,0.018771331058020424,0.018597323815589418,15.479878795999998,15.892759154999998,17.663547187833334,0.6064792916042602
2022-03-24,15.65542012,sz.000002,万科A,-0.024008933556672107,-0.024301845845230863,15.623177836,15.787076113000001,17.6280209675,0.607685066445522
2022-03-25,15.59272679,sz.000002,万科A,-0.004004576659038861,-0.004012616447291686,15.616012884,15.692140498999999,17.594584524833333,0.6065456975078775
2022-03-28,15.91514963,sz.000002,万科A,0.020677771395749556,0.020466888386462278,15.789762970000002,15.6281037405,17.566671066,0.6114451471179988
2022-03-29,15.65542012,sz.000002,万科A,-0.01631963984243101,-0.016454271939170508,15.77185059,15.543019935499998,17.534727321666665,0.6112626207444902
2022-03-30,16.99884862,sz.000002,万科A,0.08581235697940492,0.0823284229543923,15.963513056,15.5277944125,17.524278433333333,0.6902288574239999
2022-03-31,17.15110385,sz.000002,万科A,0.008956796628029284,0.00891692244487297,16.262649802,15.512568889499999,17.520845227166667,0.690255725109669
2022-04-01,18.50348854,sz.000002,万科A,0.07885117493472582,0.07589674806483747,16.844802152,15.599891742,17.5438327815,0.7268204349287907
2022-04-06,19.00503518,sz.000002,万科A,0.027105517909002952,0.026744669494344633,17.462779261999998,15.719904688,17.565626177166667,0.7282390988414019
2022-04-07,18.72739329,sz.000002,万科A,-0.014608859566446863,-0.014716619745294986,18.077173895999998,15.864994966000001,17.571895510166666,0.704704686232652
2022-04-08,19.24685231,sz.000002,万科A,0.027737924438067996,0.027360197213876968,18.526774634,16.0669570505,17.57667214483333,0.6833834417372249
2022-04-11,18.57513806,sz.000002,万科A,-0.034899953466728806,-0.03552350785303792,18.811581475999997,16.244737421999996,17.57204478,0.6988595648747689
2022-04-12,18.06463523,sz.000002,万科A,-0.02748312439729994,-0.027867850835260905,18.723810814,16.402366366000003,17.54637036866667,0.7097327404659666
2022-04-13,18.3601895,sz.000002,万科A,0.01636093207734257,0.016228534178242073,18.594841678,16.5998503555,17.521591576333332,0.6903502347860107
2022-04-14,18.807999,sz.000002,万科A,0.024390243902438824,0.024097551579060305,18.61096282,16.8774922455,17.502186498000004,0.5964051774196326
2022-04-15,19.0766847,sz.000002,万科A,0.014285714285714457,0.014184634991956602,18.576929298000003,17.136773946,17.4909912605,0.5860770214104787
2022-04-18,18.38705807,sz.000002,万科A,-0.03615023474178414,-0.03681984168453733,18.5393133,17.3091806035,17.476064277166667,0.5712118852095306
2022-04-19,18.50348854,sz.000002,万科A,0.006332196785192368,0.006312232660650252,18.627083962,17.452927453,17.475467197833336,0.5560251194453115
2022-04-20,17.33022765,sz.000002,万科A,-0.06340755082284599,-0.06550704421570158,18.421091592000003,17.5671188755,17.452778183166668,0.5915330236230295
2022-04-21,17.2854467,sz.000002,万科A,-0.0025839793281653423,-0.0025873235649509123,18.116581132,17.6441421095,17.41859539133333,0.5743529728178022
2022-04-22,17.74221239,sz.000002,万科A,0.026424870466321027,0.026081764799619482,17.84968667,17.7292259145,17.387397996166666,0.5773701001779897
2022-04-25,16.86450577,sz.000002,万科A,-0.04946996466431086,-0.05073551804139842,17.54517621,17.789680197,17.338437490833332,0.6013081196966522
2022-04-26,16.98093624,sz.000002,万科A,0.006903876792352381,0.006880154157814457,17.240665749999998,17.8590906695,17.2984331755,0.6005320275611471
2022-04-27,16.32713437,sz.000002,万科A,-0.038502109704641296,-0.03926290813630402,17.040047094,17.879689906499998,17.246636543333334,0.6164987809277308
2022-04-28,16.7480753,sz.000002,万科A,0.02578167855183766,0.0254549351699693,16.932572814,17.934322665499998,17.214991338666668,0.6180291252434735
2022-04-29,17.35709622,sz.000002,万科A,0.036363636363636376,0.035718082602079246,16.855549579999998,17.9522350455,17.194839911166664,0.5527902712296106
2022-05-05,17.40187717,sz.000002,万科A,0.0025799793601650745,0.0025766569267285017,16.96302386,17.964773711499998,17.179763658,0.5521306986468885
2022-05-06,16.55999531,sz.000002,万科A,-0.04837879567678827,-0.04958821799031502,16.878835673999998,17.867599050000003,17.152298008666666,0.49707307882299845
2022-05-09,16.55103912,sz.000002,万科A,-0.0005408328826393971,-0.0005409791854955108,16.923616623999997,17.744899247,17.116025439166666,0.4828277710088945
2022-05-10,16.62268864,sz.000002,万科A,0.0043290043290042934,0.00431966114451638,16.898539292000002,17.6396640145,17.081394837833333,0.48325927797195894
2022-05-11,16.53312674,sz.000002,万科A,-0.0053879310344827624,-0.005402498283348421,16.733745396,17.503977736,17.050943791833333,0.4670788229509092
2022-05-12,16.10322962,sz.000002,万科A,-0.026002166847237218,-0.02634620003123183,16.474015885999997,17.380382314000002,17.008103349666666,0.4610977094278052
2022-05-13,16.72120673,sz.000002,万科A,0.038375973303670596,0.03765792851015689,16.506258170000002,17.313210889,16.9706366215,0.48059129983314924
2022-05-16,16.90928672,sz.000002,万科A,0.0112479914301018,0.011185203163723416,16.57790769,17.240665749999998,16.950335924166666,0.4781372812394969
2022-05-17,17.07945433,sz.000002,万科A,0.010063559322033955,0.010013258894973124,16.669260828,17.1542385165,16.939289956499998,0.469614147910559
2022-05-18,16.85554958,sz.000002,万科A,-0.013109596224436193,-0.013196285455094027,16.733745396,17.043181760499998,16.921676116166665,0.4652145373154399
2022-05-19,17.24066575,sz.000002,万科A,0.02284803400637614,0.0225909265765596,16.961232622,16.9858621445,16.913466275333334,0.4612116910065268
2022-05-20,16.9271991,sz.000002,万科A,-0.0181818181818183,-0.018349138668196655,17.002431096000002,16.907047672500003,16.889881641666666,0.4629744827783892
2022-05-23,16.43460865,sz.000002,万科A,-0.02910052910052896,-0.029532347565017273,16.907495482,16.8622667225,16.854803230833333,0.4184990257882836
2022-05-24,16.22861628,sz.000002,万科A,-0.012534059945504161,-0.012613273885746082,16.737327872,16.8094252015,16.817187232833334,0.4200706656844128
2022-05-25,16.31817818,sz.000002,万科A,0.0055187637969094094,0.005503591216978909,16.629853592,16.738223491,16.786736186833334,0.4071257369350013
2022-05-26,16.47043341,sz.000002,万科A,0.009330406147090908,0.009287146784417262,16.475807124,16.718519872999998,16.765092061,0.37171874064020993
2022-05-27,16.24652866,sz.000002,万科A,-0.01359434475258292,-0.013687593929239173,16.339673036,16.681799494,16.744343554166665,0.37311528829357676
2022-05-30,15.95993058,sz.000002,万科A,-0.01764057331863278,-0.017798022644327217,16.244737422,16.6634393045,16.723744317166666,0.3528008406870108
2022-05-31,15.95097439,sz.000002,万科A,-0.0005611672278338364,-0.0005613247410929096,16.189209044000002,16.623584259,16.700308953333334,0.3384766679738068
2022-06-01,16.01366772,sz.000002,万科A,0.003930376193149954,0.003922672443797837,16.128306952,16.556412834,16.678814097333333,0.3076147758494009
2022-06-02,15.86141249,sz.000002,万科A,-0.009507829977628779,-0.009553317950626056,16.006502767999997,16.4793896,16.652244067,0.30726087050327167
2022-06-06,15.48525251,sz.000002,万科A,-0.02371541501976282,-0.024001152099543014,15.854247538000001,16.425652460000002,16.631047750666667,0.2707964316798995
2022-06-07,15.61063917,sz.000002,万科A,0.00809716599190291,0.008064559836730495,15.784389256,16.3786324625,16.614478799166665,0.2736472598499535
2022-06-08,15.70915726,sz.000002,万科A,0.006310958118187049,0.006291127412107444,15.736025829999999,16.332955893500003,16.612538291333333,0.27441947880826756
2022-06-09,15.96888677,sz.000002,万科A,0.016533637400228063,0.01639844493101207,15.727069640000002,16.304743895,16.625226227166667,0.28246547137373146
2022-06-10,15.99575534,sz.000002,万科A,0.0016825574873808868,0.001681143573304016,15.753938209999998,16.299370181,16.641496639,0.26741777505360353
2022-06-13,15.64646393,sz.000002,万科A,-0.021836506159014668,-0.022078451302387905,15.786180494000002,16.245633040999998,16.65373676533333,0.23575304782816203
2022-06-14,15.89723725,sz.000002,万科A,0.01602747567258156,0.015900391775459596,15.843500109999999,16.1950305675,16.678515557666667,0.24020919734566953
2022-06-15,16.42565246,sz.000002,万科A,0.03323943661971818,0.032698950906893856,15.98679915,16.162340473999997,16.731357078666665,0.2692248729883975
2022-06-16,16.28235342,sz.000002,万科A,-0.00872410032715365,-0.008762378078985902,16.049492479999998,16.133680665999997,16.771212124166667,0.2672269361366632
2022-06-17,16.25548485,sz.000002,万科A,-0.0016501650165017256,-0.0016515280384730646,16.101438381999998,16.084421620999997,16.79315478966667,0.25117478397486054
2022-06-20,16.64060102,sz.000002,万科A,0.02369146005509637,0.023415172674832625,16.3002658,16.070091717,16.810022280833333,0.2609920688456774
2022-06-21,16.64060102,sz.000002,万科A,0.0,0.0,16.448938553999998,16.0803913355,16.836592311166665,0.23850205763193202
2022-06-22,16.3898277,sz.000002,万科A,-0.015069967707211918,-0.015184673538317062,16.441773602,16.088451906499998,16.847339739166667,0.24053378991299357
2022-06-23,16.63164483,sz.000002,万科A,0.014754098360655554,0.01464631551723899,16.511631884000003,16.104125239000002,16.857191548166664,0.24522522321716153
2022-06-24,16.42565246,sz.000002,万科A,-0.012385568120624746,-0.012462908536295718,16.545665406,16.1018861915,16.87002875383333,0.24762077173750294
2022-06-27,16.57790769,sz.000002,万科A,0.009269356597600975,0.009226659757087448,16.53312674,16.118455143,16.886448435499997,0.24427554318497838
2022-06-28,16.52417055,sz.000002,万科A,-0.0032414910858994395,-0.0032467560988698697,16.509840646,16.1466671415,16.896598784166667,0.23476880726367938
2022-06-29,17.58100097,sz.000002,万科A,0.06395663956639575,0.06199463780183358,16.748075300000004,16.2281684705,16.928691798333332,0.3216384511773819
2022-06-30,18.3601895,sz.000002,万科A,0.04431991849210393,0.0433658778559928,17.093784233999997,16.3454945595,16.951380813,0.35040964091093385
2022-07-01,18.2706276,sz.000002,万科A,-0.004878048780487809,-0.004889985294191792,17.462779262,16.465955315,16.970039542166667,0.34787770258247447
2022-07-04,18.10045999,sz.000002,万科A,-0.009313725490196045,-0.00935736943464103,17.767289721999997,16.596715689,16.963322399666666,0.3343296778468355
2022-07-05,17.94820476,sz.000002,万科A,-0.008411677387432093,-0.008447255198865722,18.052096564000003,16.7135939685,16.945708559333333,0.33938909549614177
2022-07-06,17.43770193,sz.000002,万科A,-0.02844311377245512,-0.028855456832555762,18.023436756000002,16.800021202,16.924213703333333,0.3622651796205025
2022-07-07,17.18692861,sz.000002,万科A,-0.014381099126861918,-0.014485509364499856,17.788784578,16.860923294,16.889881641666666,0.3663472294548583
2022-07-08,17.26753432,sz.000002,万科A,0.004689942678478332,0.004678979162790971,17.588165921999998,16.924512243,16.868088246,0.3662580242006789
2022-07-11,16.99884862,sz.000002,万科A,-0.01556016597510368,-0.015682496000617694,17.367843647999997,16.9921314775,16.850325135833334,0.3610074597999845
2022-07-12,17.04362957,sz.000002,万科A,0.0026343519494205214,0.0026308881262763952,17.18692861,17.0494510935,16.828382470333334,0.35840431999885175
2022-07-13,16.98093624,sz.000002,万科A,-0.0036784025223333128,-0.0036851844811825324,17.095575472,17.0772152825,16.797931424333335,0.3416475152092831
2022-07-14,16.47043341,sz.000002,万科A,-0.030063291139240556,-0.030524458210646074,16.952276431999998,17.086619282,16.754493902833335,0.3584165320789482
2022-07-15,15.78080678,sz.000002,万科A,-0.04187058183795522,-0.04277241810819608,16.654930924,17.0628853785,16.711056381333332,0.38919408365650365
2022-07-18,16.0315801,sz.000002,万科A,0.015891032917139558,0.01576609233867581,16.46147722,17.0324343325,16.669857907333334,0.3835211068279816
2022-07-19,15.9420182,sz.000002,万科A,-0.005586592178770888,-0.005602255548669787,16.241154946,16.997505191500004,16.646721083166668,0.3837267199851757
2022-07-20,15.90619344,sz.000002,万科A,-0.0022471910112359383,-0.0022497197340154416,16.026206386,16.9733234785,16.623733528833334,0.38056214315277404
2022-07-21,15.48525251,sz.000002,万科A,-0.026463963963963888,-0.026820437868824796,15.829170206,16.9160038625,16.586117530833334,0.38569494724211073
2022-07-22,15.56585822,sz.000002,万科A,0.005205320994794649,0.005191820142046817,15.786180494000002,16.8730141505,16.564473404999998,0.3852460167813817
2022-07-25,15.6733325,sz.000002,万科A,0.0069044879171460405,0.006880761092222287,15.714530974000002,16.827785391,16.54268000933333,0.38438572417576705
2022-07-26,16.16592295,sz.000002,万科A,0.03142857142857136,0.03094480384942149,15.759311923999999,16.809873011,16.539993152333334,0.40279094864980114
2022-07-27,15.90619344,sz.000002,万科A,-0.016066481994459814,-0.0161969472148659,15.759311924000002,16.726132634499997,16.525961788,0.32477853845572446
2022-07-28,15.80767535,sz.000002,万科A,-0.006193693693693603,-0.00621295418471814,15.823796492,16.598506927,16.500138106833333,0.2679946854727795
2022-07-29,15.41360299,sz.000002,万科A,-0.024929178470254998,-0.025245173155857763,15.793345446,16.4556556965,16.467000203833333,0.2749327326325807
2022-08-01,15.10909253,sz.000002,万科A,-0.01975595583962808,-0.019953713665571075,15.680497452000001,16.3060873235,16.442818490833332,0.27791437817705716
2022-08-02,14.79562588,sz.000002,万科A,-0.020746887966805017,-0.020965128465044964,15.406438038,16.1484583795,16.4135616035,0.2810904419180843
2022-08-03,14.38364114,sz.000002,万科A,-0.02784503631961255,-0.02824005957421635,15.101927577999998,15.995755339999999,16.376244145166666,0.2805623040726102
2022-08-04,14.53589637,sz.000002,万科A,0.010585305105853093,0.010529673007884273,14.847571782,15.863203727999998,16.342956972333333,0.2886022521988052
2022-08-05,14.74188874,sz.000002,万科A,0.014171287738755423,0.014071813722423939,14.713228932000002,15.736921448999999,16.32026795766667,0.29607712769423933
2022-08-08,14.57172113,sz.000002,万科A,-0.011543134872417982,-0.011610274017977321,14.605754652000002,15.615565074500001,16.28444319766667,0.29500580774291363
2022-08-09,14.53589637,sz.000002,万科A,-0.0024585125998770607,-0.002461539704446572,14.553808749999998,15.490178414499999,16.244886691833333,0.29323196970958204
2022-08-10,14.4194659,sz.000002,万科A,-0.008009858287122529,-0.008042109536082448,14.560973702000002,15.3621048975,16.200553551333332,0.29283452003722343
2022-08-11,14.58067732,sz.000002,万科A,0.011180124223602483,0.011118088583976926,14.569929892,15.267617093000002,16.162639013666666,0.2881400322457458
2022-08-12,14.67023922,sz.000002,万科A,0.006142506142506221,0.006123717850529204,14.555599988,15.212088715000002,16.1197985715,0.2574504899566363
2022-08-15,14.58963351,sz.000002,万科A,-0.005494505494505364,-0.005509655810969473,14.559182464,15.1399913855,16.080839145000002,0.2470496618969398
2022-08-16,14.80458207,sz.000002,万科A,0.014732965009208066,0.014625489218979012,14.612919604000002,15.083119578999998,16.05367203533333,0.25631357377015557
2022-08-17,15.11804872,sz.000002,万科A,0.021173623714458634,0.020952577334878316,14.752636168,15.043712343,16.035162575999998,0.27097992807146587
2022-08-18,15.03744301,sz.000002,万科A,-0.005331753554502439,-0.005346018078361673,14.843989306000001,15.021321867999998,16.013816989833334,0.2560608195664939
2022-08-19,15.23447919,sz.000002,万科A,0.01310303752233466,0.01301793531832088,14.9568373,15.0047529165,15.993217752833335,0.26023991663043566
2022-08-22,15.27030395,sz.000002,万科A,0.0023515579071136106,0.00234879732175555,15.092971388,14.984601489,15.976947341,0.25891635564284027
2022-08-23,15.10013634,sz.000002,万科A,-0.011143695014662724,-0.011206251155816365,15.152082242,14.9313121585,15.962617436999999,0.2303363101754148
2022-08-24,14.88518778,sz.000002,万科A,-0.014234875444839812,-0.014337163146407218,15.105510054000002,14.8802618755,15.944854326833333,0.2290786040224722
2022-08-25,15.05640373,sz.000002,万科A,0.011502438029706852,0.011436787933887178,15.109302198,14.8426982945,15.928899927,0.2345703435608901
2022-08-26,15.05640373,sz.000002,万科A,0.0,0.0,15.073687106,14.824838331499999,15.915483114333334,0.2188782506841355
2022-08-29,14.80910967,sz.000002,万科A,-0.016424510423246996,-0.016560888047013816,14.98144825,14.809839188499998,15.904214067,0.21540012097201566
2022-08-30,15.11347159,sz.000002,万科A,0.020552344251766108,0.020343994702717545,14.9841153,14.825731474,15.895927940666667,0.21485203081435603
2022-08-31,15.81730853,sz.000002,万科A,0.04657016991818752,0.04551831265621168,15.170539450000001,14.897414843499998,15.897730461833333,0.24227968724408153
2022-09-01,16.01704604,sz.000002,万科A,0.012627781118460524,0.012548715609344271,15.362667912000001,14.971472327,15.898533116333333,0.24302591541211127
2022-09-02,15.9790008,sz.000002,万科A,-0.002375296912114022,-0.0023781224049674358,15.547187326,15.033327930000002,15.898253874,0.24181435936648218
2022-09-05,16.33091927,sz.000002,万科A,0.022023809523809446,0.021784788500170845,15.851549246000001,15.121287837,15.909661463,0.24228364783249315
2022-09-06,16.97768835,sz.000002,万科A,0.03960396039603964,0.03883983331626396,16.224392598,15.243377436,15.927668981333333,0.2678660301330352
2022-09-07,16.66381512,sz.000002,万科A,-0.01848739495798335,-0.018660422717402862,16.393693915999997,15.355594897,15.931638359,0.27850475274049674
2022-09-08,16.72088298,sz.000002,万科A,0.003424657534246478,0.003418806748785461,16.534461303999997,15.46260518,15.938947184999998,0.27847052671472966
2022-09-09,17.26302765,sz.000002,万科A,0.03242320819112643,0.03190866845382899,16.791266674000003,15.5922446015,15.955739564999998,0.2926422986362699
2022-09-13,17.29156158,sz.000002,万科A,0.0016528925619834212,0.0016515280384729392,16.983395136,15.727341005,15.966588907666667,0.28924413220333156
2022-09-14,17.03475621,sz.000002,万科A,-0.014851485148514754,-0.014962872676712266,16.994808708,15.838849712000002,15.973158160833332,0.29990950393124016
2022-09-15,17.5959235,sz.000002,万科A,0.03294249022892237,0.03241151601165871,17.181230384000003,15.962743451,15.993259757499999,0.3099205304747913
2022-09-16,17.120358,sz.000002,万科A,-0.027027027027027084,-0.027398974188114503,17.261125388000004,16.0668892005,16.001404977,0.330963138230178
2022-09-19,17.29156158,sz.000002,万科A,0.010000000000000009,0.009950330853168092,17.266832173999997,16.169743320000002,16.015836795666665,0.33035108260370605
2022-09-20,16.70186036,sz.000002,万科A,-0.034103410341034035,-0.03469850054236211,17.14889193,16.2413211405,16.0179026735,0.36047619748328813
2022-09-21,16.70186036,sz.000002,万科A,0.0,0.0,17.08231276,16.3214073415,16.020864170333333,0.35611005938095225
2022-09-22,16.63528119,sz.000002,万科A,-0.003986332574031914,-0.003994299176459923,16.890184298,16.408912012000002,16.005102174,0.3504704850256467
2022-09-23,16.65430381,sz.000002,万科A,0.0011435105774726395,0.0011428572672495796,16.796973459999997,16.488807016000003,15.976670745833333,0.35016515015671174
2022-09-26,16.58772464,sz.000002,万科A,-0.003997715591090634,-0.00400572781692674,16.656206072,16.5653730615,15.948622363166667,0.35125133153924176
2022-09-27,16.7399056,sz.000002,万科A,0.00917431192660545,0.009132483563272472,16.663815120000002,16.661912858,15.925946456666667,0.34209356622642223
2022-09-28,16.60674726,sz.000002,万科A,-0.007954545454545547,-0.007986351632650044,16.6447925,16.7365766415,15.903588831666667,0.34137878921650194
2022-09-29,16.31189665,sz.000002,万科A,-0.017754868270332014,-0.017914376799507047,16.580115592,16.7613060475,15.884825410333333,0.31247578476382326
2022-09-30,16.95866573,sz.000002,万科A,0.039650145772594625,0.0388842582631,16.640987976,16.808387032,15.881021029000001,0.3386113744374801
2022-10-10,16.89208656,sz.000002,万科A,-0.003925967470555292,-0.003933694311025083,16.70186036,16.85404132,15.874763566333334,0.33898695059818496
2022-10-11,16.15020438,sz.000002,万科A,-0.04391891891891875,-0.04491255668082257,16.583920116,16.845005575500004,15.860619495666667,0.36935268336897426
2022-10-12,16.34043058,sz.000002,万科A,0.011778563015311994,0.01170973567290792,16.530656779999997,16.813142687000003,15.8488995125,0.34164885871718004
2022-10-13,15.9790008,sz.000002,万科A,-0.02211874272409775,-0.022367030146896033,16.46407761,16.778901971,15.8322005885,0.3442499663021
2022-10-14,16.18824962,sz.000002,万科A,0.013095238095238049,0.01301023673601479,16.309994388,16.752270303,15.827497525333333,0.34791555837040705
2022-10-17,15.7887746,sz.000002,万科A,-0.024676850763807323,-0.024986427782730566,16.089331996000002,16.678557650500004,15.827630322333333,0.33303571219097805
2022-10-18,15.57952578,sz.000002,万科A,-0.013253012048192736,-0.013341616937574147,15.975196276,16.592955860500002,15.820096083666668,0.3337375176870152
2022-10-19,15.37978827,sz.000002,万科A,-0.012820512820512886,-0.012903404835907954,15.783067814,16.510207463500002,15.810725584833333,0.3330185919906487
2022-10-20,15.33223172,sz.000002,万科A,-0.0030921459492888603,-0.003096936510533299,15.653713998,16.3970228745,15.801159556166668,0.30183081155922625
2022-10-21,15.39881089,sz.000002,万科A,0.004342431761786614,0.004333030611061542,15.495826252,16.310945519,15.799718862499999,0.2942405874022048
2022-10-24,14.79959836,sz.000002,万科A,-0.03891290920321189,-0.03969024893929825,15.297991004,16.186347358,15.786947864833333,0.3116144596059423
2022-10-25,14.79008705,sz.000002,万科A,-0.0006426735218507673,-0.0006428801250022703,15.140103258,16.0907586925,15.772227107333332,0.29606920400091663
2022-10-26,14.33354417,sz.000002,万科A,-0.03086816720257235,-0.03135462598683905,14.930854438,15.972342883,15.741687461,0.3079562562308095
2022-10-27,14.16234059,sz.000002,万科A,-0.011944260119442607,-0.01201616594248648,14.696876212000001,15.848695852999999,15.712623246833333,0.30806912891059396
2022-10-28,13.63921854,sz.000002,万科A,-0.036937541974479515,-0.03763701152444331,14.344957742,15.6979415895,15.6764823,0.3226595593341616
2022-10-31,12.85929112,sz.000002,万科A,-0.057182705718270554,-0.058882764556656246,13.956896294,15.5115199135,15.633910435500002,0.36283661847533566
2022-11-01,13.18267566,sz.000002,万科A,0.025147928994082802,0.024836923146939104,13.635414016000002,15.3336584165,15.601803487666668,0.3794813504643748
2022-11-02,13.23023221,sz.000002,万科A,0.003607503607503615,0.003601012173594375,13.414751623999999,15.164832664000002,15.575713593166665,0.38315580455194265
2022-11-03,12.97342684,sz.000002,万科A,-0.019410496046010084,-0.01960135352003552,13.176968874,14.997909173500002,15.5522100215,0.3835865327564766
2022-11-04,13.35387924,sz.000002,万科A,0.029325513196480912,0.028903746182348995,13.119901013999998,14.817669849000001,15.532509736000002,0.3668534537868778
2022-11-07,13.53459413,sz.000002,万科A,0.013532763532763559,0.013442013504095966,13.254961616,14.649795227500002,15.512388159166667,0.3768095479230941
2022-11-08,13.56312806,sz.000002,万科A,0.0021082220660575413,0.0021060028843887936,13.331052096000002,14.520441411499998,15.495578274666665,0.3580201793780492
2022-11-09,13.83895605,sz.000002,万科A,0.020336605890603154,0.02013257863135171,13.452796863999998,14.395367685,15.483962602666669,0.3656399060221629
2022-11-10,13.62970723,sz.000002,万科A,-0.015120274914089404,-0.015235751777421097,13.584052942,14.2779030065,15.470799958166669,0.3628939153829873
2022-11-11,14.98982456,sz.000002,万科A,0.09979064898813683,0.09511984258965264,13.911242006,14.217981753499998,15.477619078833333,0.523588406198822
2022-11-14,15.58903709,sz.000002,万科A,0.039974619289339985,0.03919630832600514,14.322130597999998,14.207994878,15.492932376666666,0.5387089618953426
2022-11-15,15.55099185,sz.000002,万科A,-0.0024405125076265577,-0.0024434954124758746,14.719703356,14.2065681815,15.508955015666666,0.5365707659368395
2022-11-16,15.08493766,sz.000002,万科A,-0.029969418960244743,-0.03042768113656057,14.968899678,14.191825650999998,15.513627608833334,0.5455691463817259
2022-11-17,15.03738111,sz.000002,万科A,-0.0031525851197982124,-0.0031575649853212546,15.250434454,14.1770831205,15.512283148666667,0.5455731180955735
2022-11-18,14.88520015,sz.000002,万科A,-0.010120177103099315,-0.010171734235218437,15.229509572000001,14.151402583500001,15.509745767666665,0.5463132621600636
2022-11-21,14.80910967,sz.000002,万科A,-0.005111821086261958,-0.005124931140255239,15.073524088,14.151878149000002,15.502656275666665,0.5281945297661579
2022-11-22,14.8376436,sz.000002,万科A,0.0019267822736031004,0.001924928409584418,14.930854438,14.1542559765,15.495445269833334,0.5281965724269684
2022-11-23,14.73301919,sz.000002,万科A,-0.007051282051282026,-0.007076259826714074,14.860470744,14.1742297275,15.489326650666667,0.515956361434984
2022-11-24,15.23711862,sz.000002,万科A,0.034215622982569416,0.03364328721143592,14.900418246000001,14.227968629,15.495192164666667,0.5254986888445845
2022-11-25,16.47358892,sz.000002,万科A,0.08114856429463169,0.07802396149407591,15.218096,14.369687148000002,15.518811917833334,0.5683939794262917
2022-11-28,16.28336272,sz.000002,万科A,-0.011547344110854563,-0.011614532420693114,15.51294661,14.540890727999999,15.539261234333335,0.5175818133815506
2022-11-29,17.90979673,sz.000002,万科A,0.09988317757009346,0.09520397195546501,16.127377236,14.7772467815,15.590939352,0.603008111312802
2022-11-30,17.73859315,sz.000002,万科A,-0.009559214020180562,-0.009605196579236494,16.728492027999998,15.002664828499999,15.634691378000001,0.6084119036631285
2022-12-01,18.071489,sz.000002,万科A,0.018766756032171594,0.018592833076615925,17.295366104000003,15.2575679365,15.672261052500001,0.5943386841093314
2022-12-02,17.49129909,sz.000002,万科A,-0.03210526315789486,-0.03263194055021086,17.498908137999997,15.464438929,15.696831936666667,0.617468989595901
2022-12-05,17.99539852,sz.000002,万科A,0.02882001087547592,0.02841252500750261,17.841315297999998,15.6874791485,15.730438565333335,0.6196058954625915
2022-12-06,18.24269258,sz.000002,万科A,0.01374207188160681,0.013648505831559988,17.907894468,15.9214573745,15.762301453833333,0.617758973704888
2022-12-07,17.5959235,sz.000002,万科A,-0.035453597497393075,-0.036097337371012984,17.879360537999997,16.109305747,15.772605373,0.6433242489115781
2022-12-08,18.43291878,sz.000002,万科A,0.047567567567567526,0.046470874378341,17.951646494,16.3494663245,15.802090434,0.6456780897825607
2022-12-09,19.46014026,sz.000002,万科A,0.05572755417956654,0.05423015406086023,18.345414728,16.5729821095,15.847744722,0.585992473179235
2022-12-12,18.49949795,sz.000002,万科A,-0.04936461388074298,-0.05062469045902519,18.446234613999998,16.718505152499997,15.868352560333333,0.6179295083983689
2022-12-13,18.52803188,sz.000002,万科A,0.0015424164524422412,0.0015412281499338238,18.503302474,16.867357153999997,15.888960398666667,0.6170873172766682
2022-12-14,18.30927175,sz.000002,万科A,-0.01180698151950721,-0.011877237480595835,18.645972124,17.0285738585,15.910202324333335,0.6049295639590426
2022-12-15,18.18562472,sz.000002,万科A,-0.006753246753246844,-0.006776153110538095,18.596513312,17.185986039,15.920030678,0.6061335618754311
2022-12-16,18.43291878,sz.000002,万科A,0.013598326359832713,0.013506698839365021,18.391069016,17.3633719705,15.941906691000002,0.6014040400348635
2022-12-19,18.40438485,sz.000002,万科A,-0.0015479876160992,-0.0015491869868294894,18.372046396000002,17.5431357295,15.960453745499999,0.6002374721081782
2022-12-20,17.79566101,sz.000002,万科A,-0.03307493540051676,-0.033634279189792525,18.225572222,17.6910366,15.978683756333332,0.6202347622245782
2022-12-21,17.7861497,sz.000002,万科A,-0.0005344735435596215,-0.0005346164254573351,18.120947812,17.843693125500003,15.996755245333333,0.6183096118026274
2022-12-22,17.81468363,sz.000002,万科A,0.0016042780748664054,0.0016029925954563,18.046759594,17.972571376,16.016411952666665,0.6122908871911111
2022-12-23,17.86224018,sz.000002,万科A,0.0026695141484249785,0.002665957324119696,17.932623874,18.042003939,16.036544225500002,0.5489391034572761
2022-12-26,17.47227647,sz.000002,万科A,-0.02183173588924392,-0.02207357455308261,17.746202198,18.101449626500003,16.051286756,0.5541428585041639
2022-12-27,17.60543481,sz.000002,万科A,0.007621121393576402,0.007592227358371773,17.708156958,18.086231530499997,16.065712242833335,0.42414444310505117
2022-12-28,17.67201398,sz.000002,万科A,0.0037817396002162162,0.0037746068002864376,17.685329814,18.082902572000002,16.083466688166666,0.4230150440932119
2022-12-29,17.27253896,sz.000002,万科A,-0.0226049515608181,-0.02286436021254524,17.57690088,18.042955069999998,16.099477393333334,0.42435319682760114
2022-12-30,17.3105842,sz.000002,万科A,0.0022026431718062955,0.002200220909602559,17.466569684,18.0339193255,16.105342701166666,0.4091893419909237
2023-01-03,17.33911813,sz.000002,万科A,0.0016483516483516425,0.0016469946078219973,17.439938016,18.001105306,16.112793227333334,0.3947384863432259
2023-01-04,18.13806817,sz.000002,万科A,0.046077893582007645,0.045047830921755995,17.546464688,17.9958740855,16.145924290499998,0.42675675336572627
2023-01-05,18.38536223,sz.000002,万科A,0.013633980073413543,0.013541873607911637,17.689134338,18.035346022000002,16.180006484666666,0.40773520604660984
2023-01-06,18.28073782,sz.000002,万科A,-0.005690636316606268,-0.005706889678093052,17.89077411,18.027736974,16.21836876833333,0.37192635637088745
2023-01-09,17.86224018,sz.000002,万科A,-0.02289281997918824,-0.023158929762029476,18.001105306,17.94784197,16.246268611,0.3157025924936886
2023-01-10,17.8812628,sz.000002,万科A,0.0010649627263044081,0.001064396055786501,18.10953424,17.9169302125,16.281143414333332,0.26672488839569847
2023-01-11,18.06197769,sz.000002,万科A,0.01010638297872335,0.010055654988290934,18.094316143999997,17.893627502999998,16.322517612833334,0.2697630401751603
2023-01-12,17.6910366,sz.000002,万科A,-0.020537124802527562,-0.020750944105038863,17.955451017999998,17.8627157455,16.361038418333333,0.2760497833986597
2023-01-13,17.86224018,sz.000002,万科A,0.00967741935483879,0.009630893060961366,17.87175149,17.8465465185,16.403205225999997,0.2781137387388715
2023-01-16,17.7861497,sz.000002,万科A,-0.00425985090521841,-0.0042689499195760015,17.856533394,17.8142080645,16.442994206166667,0.2730713103550809
2023-01-17,17.82419494,sz.000002,万科A,0.002139037433155133,0.002136752949735242,17.845119821999997,17.785198569,16.49340414916667,0.27340198912117736
2023-01-18,17.57690088,sz.000002,万科A,-0.0138740661686233,-0.013971210596738063,17.74810446,17.774260562499997,16.539851046333332,0.25157807935579674
2023-01-19,17.64348005,sz.000002,万科A,0.0037878787878788955,0.0037807228399061523,17.73859315,17.767127079999998,16.595016644333334,0.2520376365933902
2023-01-20,17.67201398,sz.000002,万科A,0.0016172506738543202,0.0016159443322481858,17.70054791,17.7599935975,16.653511200833332,0.2520389297235425
2023-01-30,17.20595979,sz.000002,万科A,-0.026372443487621022,-0.026726433978488614,17.584509928,17.727179578,16.712956888333334,0.2680974534073218
2023-01-31,17.39618599,sz.000002,万科A,0.011055831951354289,0.010995162995570512,17.498908137999997,17.723375053999998,16.78857180283333,0.26071519070623783
2023-02-01,17.30107289,sz.000002,万科A,-0.005467468562055711,-0.005482469872743385,17.44374254,17.708156958,16.857211756666665,0.2597179034363173
2023-02-02,17.29156158,sz.000002,万科A,-0.0005497526113249496,-0.0005499037806981562,17.373358846000002,17.689134338,16.9249005795,0.25917105976506016
2023-02-03,17.09182407,sz.000002,万科A,-0.011551155115511413,-0.011618387953864964,17.257320864,17.6800985935,16.993540533333334,0.2497260093416414
2023-02-06,16.43554368,sz.000002,万科A,-0.038397328881469295,-0.0391539374195583,17.103237642,17.636346567500002,17.044901607333333,0.28340701014620656
2023-02-07,16.70186036,sz.000002,万科A,0.016203703703703942,0.016073824831061272,16.964372516,17.604483679,17.097689377833333,0.29080430563475473
2023-02-08,16.6447925,sz.000002,万科A,-0.003416856492027387,-0.003422707277502283,16.833116438,17.5298198955,17.149050451833332,0.2295441639451098
2023-02-09,16.80648477,sz.000002,万科A,0.009714285714285786,0.00966740540213673,16.736101076,17.4508760225,17.198509263833333,0.22590099698496263
2023-02-10,16.80648477,sz.000002,万科A,0.0,0.0,16.679033216,17.377163369999998,17.251455556166665,0.22636645187213952
2023-02-13,16.79697346,sz.000002,万科A,-0.0005659309564233217,-0.0005660911557910797,16.751319172000002,17.323900034,17.2815747045,0.2153863423873233
2023-02-14,16.84453001,sz.000002,万科A,0.0028312570781425794,0.0028272566189281013,16.779853102,17.2720633945,17.3024995865,0.2159170321778294
2023-02-15,16.49261154,sz.000002,万科A,-0.020892151326934005,-0.02111348044234645,16.74941691,17.193595087000002,17.318193248,0.21917703192314966
2023-02-16,16.48310023,sz.000002,万科A,-0.000576701268742652,-0.0005768676248809421,16.684740002,17.133198268500003,17.3414959575,0.2110381874439065
2023-02-17,16.25482879,sz.000002,万科A,-0.013848817080207798,-0.013945606600015257,16.574408806,17.052827698999998,17.361786752166665,0.20813906485313163
2023-02-20,16.70186036,sz.000002,万科A,0.0275014628437682,0.027130091079470994,16.555386186,16.998613232,17.392064422333338,0.23735400056186814
2023-02-21,16.76843953,sz.000002,万科A,0.003986332574031692,0.003978408202808061,16.54016809,16.9458254615,17.424719919999998,0.2379776538334978
2023-02-22,16.57821333,sz.000002,万科A,-0.011344299489506438,-0.01140913687784922,16.557288448,16.895891084000002,17.4537294155,0.23660159474097917
2023-02-23,16.61625857,sz.000002,万科A,0.0022948938611588865,0.00229226461403561,16.583920115999998,16.844530010000003,17.485116738499997,0.23610788550919845
2023-02-24,16.37847582,sz.000002,万科A,-0.014310246136233551,-0.014413625146380463,16.608649522,16.779853101999997,17.5041393585,0.23882950015875704
2023-02-27,16.34043058,sz.000002,万科A,-0.0023228803716608404,-0.00232558244347541,16.536363566,16.7365766415,17.50192005283333,0.22327995394631808
2023-02-28,16.30238534,sz.000002,万科A,-0.002328288707799664,-0.0023310033864754783,16.443152727999998,16.681886609,17.502237096499996,0.21749574353039494
2023-03-01,16.37847582,sz.000002,万科A,0.004667444574095514,0.004656585829950843,16.403205226,16.6357567555,17.476715081333335,0.21903454095498043
2023-03-02,15.91242163,sz.000002,万科A,-0.028455284552845406,-0.028867984000852012,16.262437838,16.566799758,17.446278889333332,0.23714306409147873
2023-03-03,15.98851211,sz.000002,万科A,0.004781829049611552,0.004770432421791712,16.184445095999997,16.51163416,17.411562607833336,0.2373690811246061
2023-03-06,15.64610495,sz.000002,万科A,-0.021415823914336718,-0.021648470209143355,16.04557997,16.4721622235,17.380809372166667,0.21007961164687436
2023-03-07,15.34174303,sz.000002,万科A,-0.0194528875379939,-0.019644585074263386,15.853451508000001,16.404156356999998,17.33658178066667,0.20635098883137615
2023-03-08,15.30369779,sz.000002,万科A,-0.002479851208927464,-0.002482931132825652,15.638495901999999,16.3371016215,17.287598534166666,0.20642239546467928
2023-03-09,15.33223172,sz.000002,万科A,0.0018645121193288094,0.0018627760741904253,15.522457919999999,16.263388968999998,17.249870337833332,0.20126567327036365
2023-03-10,15.05640373,sz.000002,万科A,-0.01799007444168732,-0.018153863185561427,15.336036243999999,16.175884916999998,17.193595087000002,0.20600185013666053
2023-03-13,15.06591504,sz.000002,万科A,0.0006317119393557391,0.0006315124933591015,15.219998262,16.089331996,17.120358,0.2064182574692006
2023-03-14,14.98031325,sz.000002,万科A,-0.005681818181818232,-0.005698021114637779,15.147712305999999,15.996121158,17.061704921666667,0.20414641565730413
2023-03-15,15.08493766,sz.000002,万科A,0.0069841269841268705,0.006959850935059744,15.103960279999999,15.925737464,17.004320017999998,0.20070831949369333
2023-03-16,14.98031325,sz.000002,万科A,-0.0069356872635560896,-0.006959850935059831,15.033576586,15.850598115,16.948837376333334,0.20038133196335003
2023-03-17,15.1229829,sz.000002,万科A,0.00952380952380949,0.009478743954543739,15.04689242,15.7940058205,16.897793346,0.20336935129218348
2023-03-20,14.95177932,sz.000002,万科A,-0.01132075471698113,-0.011385322225125352,15.024065275999998,15.706501768499999,16.839774355,0.16851993914112182
2023-03-21,14.97080194,sz.000002,万科A,0.0012722646310432406,0.0012714559881966659,15.022163014,15.616619888999997,16.78254797316667,0.16676729465995482
2023-03-22,15.1229829,sz.000002,万科A,0.010165184243964509,0.010113866236928759,15.029772062000001,15.543858367499999,16.738003338000002,0.174252127262201
2023-03-23,15.08493766,sz.000002,万科A,-0.002515723270440251,-0.002518893019483915,15.050696944,15.467292321999997,16.692983137333336,0.17258351879408812
2023-03-24,15.03738111,sz.000002,万科A,-0.0031525851197982124,-0.0031575649853212546,15.033576586,15.400237586500001,16.646694762,0.16890482079259939
2023-03-27,14.71399657,sz.000002,万科A,-0.021505376344086002,-0.021739986636405875,14.986020036,15.318915886,16.59422403516667,0.1794602780436226
2023-03-28,14.59986085,sz.000002,万科A,-0.007756948933419494,-0.007787190551768565,14.911831818,15.233789661500001,16.5463504415,0.17935582833019859
2023-03-29,14.63790609,sz.000002,万科A,0.002605863192182367,0.0026024738175816544,14.814816455999999,15.146761175,16.4968916295,0.17795899546514668
2023-03-30,14.8376436,sz.000002,万科A,0.013645224171539905,0.01355296640470345,14.765357644,15.0930222735,16.44965212316667,0.16856170081643812
2023-03-31,14.49523644,sz.000002,万科A,-0.023076923076923106,-0.023347363996991177,14.656928709999999,15.01835849,16.403363747833332,0.17921679435987325
2023-04-03,14.65692871,sz.000002,万科A,0.011154855643044748,0.011093099073524295,14.645515137999999,14.968899678000003,16.35913615633333,0.17650830143918161
2023-04-04,14.40963465,sz.000002,万科A,-0.016872160934458202,-0.01701611737664629,14.607469898,14.922294259000001,16.310311431666666,0.1735699969572495
2023-04-06,14.30501024,sz.000002,万科A,-0.007260726072607193,-0.007287213433684315,14.540890727999999,14.8723598815,16.246427132833333,0.17418220671072757
2023-04-07,15.04689242,sz.000002,万科A,0.051861702127659726,0.050561643817814195,14.582740492,14.858092916500002,16.190785969333334,0.26210677138038446
2023-04-10,14.9327567,sz.000002,万科A,-0.007585335018963302,-0.007614249985245405,14.670244544000003,14.851910565,16.134986284,0.2555829794582768
2023-04-11,15.25614124,sz.000002,万科A,0.021656050955414008,0.021424890084106057,14.79008705,14.861421875000001,16.091551301666666,0.267220362775426
2023-04-12,15.26565255,sz.000002,万科A,0.0006234413965087171,0.0006232471376564235,14.961290629999999,14.87568884,16.0479577975,0.2661394018098396
2023-04-13,15.07542635,sz.000002,万科A,-0.012461059190031154,-0.012539349252735251,15.115373852,14.875213274499998,15.998181941833334,0.2693449785575382
2023-04-14,15.03738111,sz.000002,万科A,-0.0025236593059937418,-0.0025268491019090223,15.11347159,14.878066667499999,15.953954350333333,0.26826887134680316
2023-04-17,15.15151683,sz.000002,万科A,0.007590132827324458,0.007561472700576488,15.157223616000001,14.879493363999998,15.908775627833334,0.26747598766456526
2023-04-18,15.1229829,sz.000002,万科A,-0.0018832391713747842,-0.001885014695771335,15.130591948,14.888053543000002,15.864389514500001,0.2641490242358433
2023-04-19,14.72350788,sz.000002,万科A,-0.026415094339622636,-0.02677024106460478,15.022163014,14.87568884,15.812711396833334,0.2810920571764698
2023-04-20,14.67595133,sz.000002,万科A,-0.00322997416020665,-0.003235201786511517,14.942268010000001,14.853337261500002,15.764362237666667,0.2782411178366427
2023-04-21,14.5523043,sz.000002,万科A,-0.008425145819831559,-0.008460837976679755,14.845252647999999,14.826705593499998,15.712842641833333,0.27935651971767295
2023-04-24,14.1718519,sz.000002,万科A,-0.02614379084967311,-0.026491615446976226,14.649319662,14.783429133000002,15.654506607166667,0.29260283554353145
2023-04-25,14.15282928,sz.000002,万科A,-0.0013422818791946067,-0.0013431835464676259,14.455288938,14.7553707685,15.603621098666668,0.2841379816198975
2023-04-26,14.0767388,sz.000002,万科A,-0.005376344086021612,-0.005390848634876534,14.325935121999999,14.729214665999999,15.548296978833333,0.2836002798858916
2023-04-27,14.19087452,sz.000002,万科A,0.008108108108108025,0.008075414005545331,14.22891976,14.7068630875,15.496460339333334,0.28536833596398536
2023-04-28,14.40012334,sz.000002,万科A,0.014745308310992078,0.014637653233688045,14.198483568,14.6849870745,15.448269702000001,0.28616308114007905
2023-05-04,14.21940845,sz.000002,万科A,-0.012549537648612996,-0.012628948172607336,14.207994878,14.671195675000002,15.400396108333332,0.2778783958409233
2023-05-05,14.78057574,sz.000002,万科A,0.039464882943143875,0.03870604510280601,14.33354417,14.6773780265,15.372813309333333,0.31033005034286837
2023-05-08,14.81862098,sz.000002,万科A,0.002574002574002643,0.0025706955031008917,14.481920606,14.697827343,15.341425986333332,0.30340929592037474
2023-05-09,14.71399657,sz.000002,万科A,-0.007060333761232274,-0.007085375857627376,14.586545016000002,14.7182766595,15.309246054166668,0.3033327517978034
2023-05-10,14.5523043,sz.000002,万科A,-0.010989010989011061,-0.011049836186585046,14.616981207999999,14.6935472535,15.271676379666667,0.2407409502694096
2023-05-11,14.5523043,sz.000002,万科A,0.0,0.0,14.683560378,14.674524633499999,15.234106705166669,0.239727015058376
2023-05-12,14.32403286,sz.000002,万科A,-0.015686274509803866,-0.015810606026642204,14.592251801999998,14.6279192145,15.192891028500002,0.22894736124620202
2023-05-15,14.32403286,sz.000002,万科A,0.0,0.0,14.493334178000001,14.580838230000001,15.150882742666665,0.22882538825027723
2023-05-16,14.18136321,sz.000002,万科A,-0.009960159362549792,-0.01001009359510046,14.386807506,14.536135073,15.112361937166666,0.22763466283889586
2023-05-17,14.05771618,sz.000002,万科A,-0.00871898054996656,-0.008757213256591428,14.287889881999998,14.4871518265,15.071938869666667,0.22853937748625025
2023-05-18,13.90553522,sz.000002,万科A,-0.010825439783491153,-0.010884461198423219,14.158536066,14.424852746000003,15.032783976833333,0.22627567079668837
2023-05-19,13.82944474,sz.000002,万科A,-0.005471956224350261,-0.005486982216259193,14.059618441999998,14.360175838,14.984910383166666,0.2261498899886398
2023-05-22,13.95309177,sz.000002,万科A,0.008940852819807388,0.008901120049517002,13.985430223999998,14.3216550325,14.9379879205,0.21497544348178257
2023-05-23,13.81042212,sz.000002,万科A,-0.010224948875255602,-0.010277582758240296,13.911242006,14.278378572,14.891858067,0.2166756740581829
2023-05-24,13.42045841,sz.000002,万科A,-0.028236914600551,-0.02864324353192743,13.783790452,14.221786277500001,14.838594731,0.23403599240212955
2023-05-25,13.49654889,sz.000002,万科A,0.005669737774627981,0.005653725307228712,13.701993186,14.188021126999999,14.790562615499999,0.22087471280198462
2023-05-26,13.51557151,sz.000002,万科A,0.0014094432699083281,0.0014084509370579205,13.639218539999998,14.156158238500002,14.743481631,0.2212563688894887
2023-05-29,13.34436793,sz.000002,万科A,-0.012667135819845021,-0.012748047994639538,13.517473771999999,14.119539695,14.694181340833333,0.22413528561609505
2023-05-30,13.65824116,sz.000002,万科A,0.023521026372059772,0.023248669505708454,13.48703758,14.092908026999998,14.648844096500001,0.2399941289783316
2023-05-31,13.54410544,sz.000002,万科A,-0.00835654596100277,-0.008391657636248401,13.511766986000001,14.050107131999999,14.60937216,0.23276739515727238
2023-06-01,13.315834,sz.000002,万科A,-0.016853932584269593,-0.01699757636857102,13.475624008,14.0049284095,14.564827524833333,0.235603965084885
2023-06-02,13.81042212,sz.000002,万科A,0.037142857142857144,0.036469679781391415,13.534594129999999,13.956420728499998,14.534232811,0.23011053358567574
2023-06-05,13.65824116,sz.000002,万科A,-0.011019283746556585,-0.01108044577657202,13.597368776,13.898401737499999,14.506174446500001,0.23057477260514447
2023-06-06,13.75335426,sz.000002,万科A,0.0069637883008357715,0.0069396531105406205,13.616391396000001,13.850369621999999,14.480335387666667,0.23343729727853446
2023-06-07,13.90553522,sz.000002,万科A,0.011065006915629283,0.011004237591013778,13.688677352000003,13.818031168,14.456557112666667,0.2368640060143995
2023-06-08,14.16234059,sz.000002,万科A,0.01846785225718195,0.018299392374285177,13.85797867,13.798532982500001,14.441656060333335,0.2479168189716027
2023-06-09,13.95309177,sz.000002,万科A,-0.014775016789791762,-0.014885254541027222,13.8865126,13.779985927999999,14.423109005833332,0.24723280887938473
2023-06-12,13.85797867,sz.000002,万科A,-0.0068166325835038455,-0.006839971947776981,13.926460101999998,13.756683218500001,14.4044034295,0.24797820547208235
2023-06-13,13.90553522,sz.000002,万科A,0.0034317089910775866,0.00342583411451901,13.956896294,13.742891819000002,14.384746722166666,0.24649705357363444
2023-06-14,13.6962864,sz.000002,万科A,-0.015047879616963078,-0.015162247739677523,13.915046530000001,13.72482033,14.363346274666668,0.2501670987059844
2023-06-15,14.00064832,sz.000002,万科A,0.022222222222222143,0.021978906718775167,13.882708076,13.729575985,14.344640698333334,0.260562448638764
2023-06-16,13.82944474,sz.000002,万科A,-0.012228260869565188,-0.012303641195356842,13.85797867,13.729575985,14.325935122,0.26369024692823045
2023-06-19,13.49654889,sz.000002,万科A,-0.02407152682255842,-0.024365980933421977,13.785692713999998,13.706748840999998,14.301364237833333,0.274861702199796
2023-06-20,13.32534531,sz.000002,万科A,-0.012684989429175508,-0.012766130823035689,13.669654732000001,13.682495000499998,14.271403611333334,0.2760312338342332
2023-06-21,13.25876614,sz.000002,万科A,-0.0049964311206280865,-0.005008955016537773,13.582150679999998,13.674410387,14.240967419333334,0.2580778164249015
2023-06-26,13.07805125,sz.000002,万科A,-0.013629842180774787,-0.013723581219797564,13.397631266,13.653485505,14.208311921666668,0.26105244037109504
2023-06-27,13.62970723,sz.000002,万科A,0.0421818181818181,0.0413164177275001,13.357683764,13.659192291,14.190240432666664,0.3036164011662794
2023-06-28,13.52508282,sz.000002,万科A,-0.007676203768318235,-0.007705817464985686,13.36339055,13.668228035499999,14.1723274655,0.3012330136028572
2023-06-29,13.32534531,sz.000002,万科A,-0.014767932489451518,-0.014878064026179225,13.36339055,13.651583243000001,14.1504514525,0.29356290715114597
2023-06-30,13.33485662,sz.000002,万科A,0.0007137758743755995,0.0007135212575285503,13.378608645999998,13.641120802,14.125405002833332,0.29234093928488203
2023-07-03,13.45850365,sz.000002,万科A,0.009272467902995851,0.00922974248280273,13.454699126,13.648254284500002,14.108126123,0.2877714270803604
2023-07-04,13.33485662,sz.000002,万科A,-0.009187279151943506,-0.009229742482802642,13.395729004,13.6244760095,14.086091588166665,0.25505969257850647
2023-07-05,13.28730007,sz.000002,万科A,-0.003566333808844524,-0.003572708337573599,13.348172454000002,13.605928955000001,14.067386011833333,0.2527823287486098
2023-07-06,13.28730007,sz.000002,万科A,0.0,0.0,13.340563406000001,13.5826262455,14.050424175666668,0.25098098682761344
2023-07-07,13.19218697,sz.000002,万科A,-0.007158196134574135,-0.0071839389421302765,13.312029476000001,13.546958833,14.019512418166666,0.24708556245402602
2023-07-10,13.23023221,sz.000002,万科A,0.002883922134102379,0.00287977160861132,13.266375188000001,13.500353414,13.99113701,0.23545057147886073
2023-07-11,13.18267566,sz.000002,万科A,-0.0035945363048167644,-0.003601012173594454,13.235938995999998,13.4618326085,13.956579250333334,0.23153252865531562
2023-07-12,13.01147208,sz.000002,万科A,-0.01298701298701288,-0.013072081567352662,13.180773398,13.419507279000001,13.919009575833334,0.2339977470647637
2023-07-13,13.1256078,sz.000002,万科A,0.008771929824561209,0.008733679968754411,13.148434943999998,13.380510908,13.8865126,0.23671010089568614
2023-07-14,13.10658518,sz.000002,万科A,-0.0014492753623187582,-0.0014503265776464136,13.131314585999998,13.351025846999999,13.854332667833335,0.2322402047988747
2023-07-17,13.04000601,sz.000002,万科A,-0.005079825834542695,-0.005092772011289368,13.093269346,13.3029937315,13.819140820833333,0.21380977222652547
2023-07-18,13.0304947,sz.000002,万科A,-0.0007293946024800047,-0.0007296607401438543,13.062833154,13.2630462295,13.784266017499998,0.211440162411885
2023-07-19,13.2207209,sz.000002,万科A,0.014598540145985384,0.014493007302566824,13.104682918,13.249254830000002,13.759219567833332,0.20449663244772945
2023-07-20,13.20169828,sz.000002,万科A,-0.0014388489208632116,-0.0014398850579875322,13.119901013999998,13.2430724785,13.734648683666666,0.19978229293399674
2023-07-21,13.29681138,sz.000002,万科A,0.007204610951008661,0.00717878172700577,13.157946254,13.244974740499998,13.713723801666667,0.20074468642503654
2023-07-24,13.1256078,sz.000002,万科A,-0.012875536480686733,-0.012959144642505228,13.175066612,13.247352568,13.6962864,0.20007127494026114
2023-07-25,14.19087452,sz.000002,万科A,0.08115942028985512,0.07803400261245583,13.407142575999998,13.2754109325,13.696920487333331,0.3201870274892569
2023-07-26,14.14331797,sz.000002,万科A,-0.0033512064343163006,-0.003356834303551033,13.59166199,13.306322689999998,13.698030140166667,0.3187817788060389
2023-07-27,14.01015963,sz.000002,万科A,-0.00941492938802957,-0.009459529997524783,13.75335426,13.340563406000001,13.695018225333335,0.3155029727680625
2023-07-28,14.48572513,sz.000002,万科A,0.0339443312966734,0.03338093643253149,13.99113701,13.398106831499998,13.696444921833335,0.3342381431591292
2023-07-31,14.50474775,sz.000002,万科A,0.0013131976362441566,0.0013123361463500893,14.266964999999999,13.4504190365,13.701200576833335,0.3338773651570944
2023-08-01,14.35256679,sz.000002,万科A,-0.010491803278688594,-0.01054723027366317,14.299303454,13.501304545,13.694067094333333,0.33458962642880385
2023-08-02,14.32403286,sz.000002,万科A,-0.001988071570576455,-0.001990050408009925,14.335446432000001,13.553141184500001,13.685823959,0.33416996897925483
2023-08-03,14.59986085,sz.000002,万科A,0.019256308100929598,0.019073251661458623,14.453386676,13.6187692235,13.683921696999999,0.3381064275171993
2023-08-04,14.49523644,sz.000002,万科A,-0.007166123778501676,-0.007191923774705993,14.455288938,13.683921696999999,13.682970566,0.3381101874893534
2023-08-07,14.01015963,sz.000002,万科A,-0.0334645669291338,-0.03403731978396125,14.356371314,13.722918068000002,13.6739348215,0.36460517747484356
2023-08-08,13.86748998,sz.000002,万科A,-0.010183299389002087,-0.010235503894026863,14.259355952000002,13.757158784000001,13.6663257735,0.3669548526662759
2023-08-09,13.9816257,sz.000002,万科A,0.008230452674897082,0.00819676720417849,14.19087452,13.805666465000002,13.6606189875,0.36256493637471116
2023-08-10,14.02918225,sz.000002,万科A,0.00340136054421758,0.0033955890011381075,14.076738800000001,13.8508451875,13.658082638166666,0.3620973244482964
2023-08-11,13.8865126,sz.000002,万科A,-0.01016949152542379,-0.010221554071538139,13.954994031999998,13.889841558499999,13.655229245166668,0.36501302688704207
2023-08-14,13.6962864,sz.000002,万科A,-0.013698630136986245,-0.01379332213233576,13.892219385999999,13.922655578,13.651741764833334,0.36884852071334606
2023-08-15,13.59166199,sz.000002,万科A,-0.007638888888888862,-0.0076682146401788704,13.837053788,13.950713942499998,13.647778719000002,0.3705139264371694
2023-08-16,13.82944474,sz.000002,万科A,0.017494751574527623,0.01734348016359725,13.806617596,13.981150134500002,13.645717935166667,0.3719225615945421
2023-08-17,13.81993343,sz.000002,万科A,-0.0006877579092158248,-0.0006879945231816403,13.764767832,14.012061892,13.645876457000002,0.37182643939916954
2023-08-18,13.61068461,sz.000002,万科A,-0.015141087405368236,-0.01525688401383203,13.709602233999998,14.0277555535,13.649046893666668,0.37654178417360457
2023-08-21,13.29681138,sz.000002,万科A,-0.023060796645702375,-0.023330856762695414,13.62970723,14.0363157325,13.645717935166667,0.38334697004336754
2023-08-22,13.33485662,sz.000002,万科A,0.0028612303290416197,0.002857144800779965,13.578346156,13.993514837499998,13.642706020333334,0.23987574324577574
2023-08-23,13.14463042,sz.000002,万科A,-0.014265335235377985,-0.014368063266920146,13.441383292000001,13.943580459999998,13.639377061833333,0.24319455391453634
2023-08-24,13.04000601,sz.000002,万科A,-0.007959479015918869,-0.007991324765300725,13.285397807999999,13.895072779,13.629073142666666,0.2427830262740051
2023-08-25,13.44,sz.000002,万科A,0.030674371598698347,0.030213317707032228,13.251260886,13.8427865225,13.627338052,0.236289964173118
2023-08-28,14.05,sz.000002,万科A,0.04538690476190488,0.0443870606847514,13.40189861,13.820049135,13.639574152,0.2934150463398813
2023-08-29,14.2,sz.000002,万科A,0.010676156583629748,0.010619568827460131,13.574927286,13.8124207955,13.646067116666668,0.29436411757232656
2023-08-30,14.2,sz.000002,万科A,0.0,0.0,13.786001202,13.8062191525,13.655096430666667,0.2943039484456037
2023-08-31,13.64,sz.000002,万科A,-0.03943661971830981,-0.04023531219189895,13.906,13.75822611,13.653207192999998,0.3156187594436119
2023-09-01,14.05,sz.000002,万科A,0.030058651026392935,0.029615743364438705,14.028,13.735964288000002,13.655614939333333,0.3364012101558404
2023-09-04,14.04,sz.000002,万科A,-0.000711743772242146,-0.0007119971820898639,14.026,13.737456306499999,13.653575929499999,0.31428887051324444
2023-09-05,13.88,sz.000002,万科A,-0.011396011396011319,-0.011461443519006539,13.962,13.738081807499999,13.652357733333332,0.31485391424532194
2023-09-06,14.17,sz.000002,万科A,0.02089337175792494,0.020678098623930496,13.956,13.7475005225,13.657558088833332,0.32224283560931016
2023-09-07,14.0,sz.000002,万科A,-0.011997177134791759,-0.012069724087330399,14.028,13.74604141,13.659132501833335,0.32525633960577116
2023-09-08,13.91,sz.000002,万科A,-0.00642857142857145,-0.006449323679907095,14.0,13.747215780000001,13.662694395166666,0.3239591481232525
2023-09-11,13.7,sz.000002,万科A,-0.015097052480230078,-0.015212173101272338,13.931999999999999,13.74740146,13.657683589833333,0.32479647549648183
2023-09-12,13.65,sz.000002,万科A,-0.0036496350364962904,-0.003656311203110432,13.886000000000001,13.7503183605,13.654692844166668,0.32382489999042335
2023-09-13,13.62,sz.000002,万科A,-0.002197802197802301,-0.002200220909602535,13.776,13.739846123499998,13.656750362666667,0.31752889160108544
2023-09-14,13.51,sz.000002,万科A,-0.008076358296622566,-0.00810914874925877,13.678,13.724349451999998,13.659827940833335,0.3186451951019085
2023-09-15,13.42,sz.000002,万科A,-0.006661732050333047,-0.006684020428571714,13.580000000000002,13.7148152215,13.662515171833332,0.3150353192273047
2023-09-18,13.31,sz.000002,万科A,-0.008196721311475419,-0.00823049913651548,13.502,13.715474652500001,13.666380984333331,0.3051938237216415
2023-09-19,13.3,sz.000002,万科A,-0.0007513148009015147,-0.00075159717931212,13.431999999999999,13.713731821500001,13.660885863833334,0.305049126974244
2023-09-20,13.29,sz.000002,万科A,-0.0007518796992482812,-0.0007521625025542808,13.366,13.721000300499998,13.656967816833333,0.30037781645823536
2023-09-21,13.26,sz.000002,万科A,-0.0022573363431150906,-0.0022598879674374786,13.315999999999999,13.732,13.655878728333333,0.2988709673913515
2023-09-22,13.39,sz.000002,万科A,0.009803921568627416,0.009756174945364656,13.309999999999999,13.729500000000002,13.656797784666667,0.2799751740704963
2023-09-25,13.14,sz.000002,万科A,-0.01867064973861088,-0.018847146646616658,13.276,13.684000000000001,13.6514893905,0.22999878265443785
2023-09-26,13.07,sz.000002,万科A,-0.0053272450532724225,-0.005341485420333846,13.23,13.627500000000001,13.6470751135,0.22409332130322443
2023-09-27,13.05,sz.000002,万科A,-0.0015302218821728886,-0.0015313938674281365,13.181999999999999,13.570000000000002,13.643120112333332,0.22379282151209565
2023-09-28,13.08,sz.000002,万科A,0.0022988505747125743,0.002296212260350157,13.146,13.541999999999998,13.639665111166666,0.1814688014091208
2023-10-09,12.89,sz.000002,万科A,-0.014525993883792054,-0.014632529077956629,13.046000000000001,13.483999999999998,13.634628661666666,0.14150674720048312
2023-10-10,12.82,sz.000002,万科A,-0.005430566330488773,-0.00544536545857206,12.982,13.423000000000002,13.627791458166666,0.1409268803412386
2023-10-11,12.77,sz.000002,万科A,-0.003900156006240274,-0.003907781448076082,12.922,13.367499999999998,13.6209135305,0.1385520533041938
2023-10-12,12.84,sz.000002,万科A,0.005481597494126911,0.005466628217367243,12.88,13.300999999999998,13.618055662500002,0.10937295310628334
2023-10-13,12.59,sz.000002,万科A,-0.01947040498442365,-0.01966245020555929,12.782,13.230500000000001,13.609128865833332,0.11863555223959908
2023-10-16,12.21,sz.000002,万科A,-0.030182684670373217,-0.030647559933642387,12.645999999999999,13.145500000000002,13.5941857795,0.14804047899549133
2023-10-17,11.98,sz.000002,万科A,-0.018837018837018826,-0.01901669543531001,12.478,13.0595,13.576519012666667,0.1514912984018051
2023-10-18,11.71,sz.000002,万科A,-0.022537562604340478,-0.022795415077677225,12.266000000000002,12.9625,13.554510767666669,0.16107644766005344
2023-10-19,11.46,sz.000002,万科A,-0.021349274124679796,-0.021580466323032503,11.99,12.854500000000002,13.525165419333332,0.16682236637393336
2023-10-20,11.66,sz.000002,万科A,0.017452006980802626,0.017301469635752652,11.804,12.762,13.499470448000002,0.19067647653722017
2023-10-23,11.62,sz.000002,万科A,-0.0034305317324185847,-0.0034364294985812097,11.686000000000002,12.672,13.471523591666669,0.19115692085006042
2023-10-24,11.66,sz.000002,万科A,0.003442340791738552,0.0034364294985813186,11.622,12.5895,13.447096795,0.19470748877729113
2023-10-25,11.7,sz.000002,万科A,0.0034305317324183626,0.0034246608813639536,11.62,12.509500000000001,13.405582219666666,0.19690525252362628
2023-10-26,11.57,sz.000002,万科A,-0.011111111111111072,-0.011173300598125189,11.642,12.4235,13.362693586833334,0.196456699012005
2023-10-27,11.63,sz.000002,万科A,0.005185825410544576,0.005172425324987914,11.636,12.342,13.323024259666665,0.2004909387105003
2023-10-30,11.6,sz.000002,万科A,-0.00257953568357705,-0.002582868418254189,11.632000000000001,12.2525,13.274928840833333,0.19179727498842017
2023-10-31,11.33,sz.000002,万科A,-0.02327586206896548,-0.023551023072403976,11.565999999999999,12.162,13.222016378333333,0.19613610366805156
2023-11-01,11.34,sz.000002,万科A,0.0008826125330978485,0.0008822232596909439,11.494,12.075500000000002,13.171806931833334,0.1981964695956336
2023-11-02,11.22,sz.000002,万科A,-0.01058201058201047,-0.010638398205055643,11.424000000000001,11.984,13.120073050833334,0.1974867652924561
2023-11-03,11.27,sz.000002,万科A,0.004456327985739694,0.00444642795713462,11.352,11.8935,13.06457537,0.1990419786153575
2023-11-06,11.97,sz.000002,万科A,0.06211180124223614,0.060259191518196954,11.426,11.8475,13.022488096,0.31467710773795066
2023-11-07,11.93,sz.000002,万科A,-0.003341687552213979,-0.003347283460057146,11.546000000000001,11.803,12.987818768833334,0.3145955547723073
2023-11-08,12.13,sz.000002,万科A,0.0167644593461862,0.01662548684613413,11.703999999999999,11.770999999999999,12.9588606025,0.3226158301321621
2023-11-09,11.96,sz.000002,万科A,-0.014014839241549892,-0.0141139744334731,11.852,11.727,12.925166840833333,0.3237397737689354
2023-11-10,11.89,sz.000002,万科A,-0.0058528428093646,-0.005870037819795266,11.976000000000003,11.692,12.889513803333333,0.318309040072468
2023-11-13,11.72,sz.000002,万科A,-0.014297729184188368,-0.01440092655382388,11.926,11.6675,12.853405259999999,0.3048054656839387
2023-11-14,11.78,sz.000002,万科A,0.005119453924914641,0.0051063940745740555,11.896,11.6575,12.821467153333334,0.2989284079759733
2023-11-15,11.89,sz.000002,万科A,0.009337860780984863,0.009294532479249959,11.848000000000003,11.666500000000001,12.793106120166666,0.2892678352001241
2023-11-16,11.8,sz.000002,万科A,-0.007569386038687953,-0.007598179231071367,11.815999999999999,11.6835,12.759282041166667,0.2791582155131121
2023-11-17,11.62,sz.000002,万科A,-0.015254237288135686,-0.015371780047854,11.761999999999999,11.681500000000002,12.722616484000001,0.27867584164027076
2023-11-20,11.57,sz.000002,万科A,-0.004302925989672857,-0.004312210218179842,11.732,11.679,12.688605073833333,0.2788342376931047
2023-11-21,11.92,sz.000002,万科A,0.030250648228176358,0.029802120431618534,11.76,11.692,12.6656582175,0.29883690329622065
2023-11-22,11.84,sz.000002,万科A,-0.006711409395973145,-0.006734032181344068,11.75,11.699,12.640743940499998,0.30002949836177706
2023-11-23,12.17,sz.000002,万科A,0.02787162162162171,0.027490277543576268,11.824,11.729000000000001,12.624500100166667,0.3112699745564546
2023-11-24,12.12,sz.000002,万科A,-0.0041084634346755244,-0.004116926358267505,11.924000000000001,11.753499999999999,12.609166666666669,0.31203687621889786
2023-11-27,11.8,sz.000002,万科A,-0.026402640264026278,-0.02675744916954919,11.97,11.7635,12.581833333333332,0.32797401588711844
2023-11-28,11.75,sz.000002,万科A,-0.00423728813559332,-0.004246290881451208,11.936,11.7845,12.5435,0.31598556718724213
2023-11-29,11.46,sz.000002,万科A,-0.024680851063829667,-0.02499052930357434,11.860000000000001,11.7905,12.497833333333334,0.3299130375887351
2023-11-30,11.44,sz.000002,万科A,-0.0017452006980803736,-0.0017467253349417598,11.714,11.8015,12.451833333333333,0.3273765841232215
2023-12-01,11.4,sz.000002,万科A,-0.0034965034965034336,-0.0035026305512020003,11.570000000000002,11.808000000000002,12.4145,0.3275347124844831
2023-12-04,11.18,sz.000002,万科A,-0.019298245614035148,-0.019486887673496735,11.446000000000002,11.7685,12.366666666666667,0.24150123778592839
2023-12-05,10.79,sz.000002,万科A,-0.03488372093023262,-0.03550668845690987,11.254,11.711500000000001,12.3125,0.26626060982013733
2023-12-06,10.85,sz.000002,万科A,0.005560704355885182,0.005545300716425369,11.132,11.6475,12.262,0.2569922363585651
2023-12-07,10.9,sz.000002,万科A,0.004608294930875667,0.004597709248629549,11.024000000000001,11.5945,12.2075,0.2572486798856939
2023-12-08,10.78,sz.000002,万科A,-0.011009174311926717,-0.011070223754247033,10.899999999999999,11.539,12.153833333333333,0.25825625592548596
2023-12-11,10.63,sz.000002,万科A,-0.013914656771799483,-0.014012373126994387,10.79,11.4845,12.099166666666665,0.2580721799520807
2023-12-12,11.01,sz.000002,万科A,0.03574788334901213,0.035123758380731944,10.834,11.446,12.054333333333336,0.29399729701544886
2023-12-13,10.64,sz.000002,万科A,-0.03360581289736597,-0.034183466821090205,10.792,11.383500000000002,12.004166666666666,0.3088283189562106
2023-12-14,10.5,sz.000002,万科A,-0.013157894736842146,-0.01324522675002068,10.712,11.3185,11.952166666666667,0.30999372533457237
2023-12-15,10.64,sz.000002,万科A,0.01333333333333342,0.013245226750020723,10.684000000000001,11.269499999999999,11.904333333333334,0.31480408307932267
2023-12-18,10.54,sz.000002,万科A,-0.009398496240601628,-0.009442940800282183,10.666,11.218,11.856333333333334,0.31534338072765145
2023-12-19,10.38,sz.000002,万科A,-0.015180265654648806,-0.015296665375473535,10.540000000000001,11.141,11.807500000000001,0.2891581517514333
2023-12-20,10.26,sz.000002,万科A,-0.011560693641618602,-0.01162803799511921,10.464,11.062000000000001,11.756833333333333,0.2896647056456073
2023-12-21,10.42,sz.000002,万科A,0.015594541910331383,0.015474196582597383,10.448,10.974499999999999,11.709000000000001,0.2728653572281624
2023-12-22,10.38,sz.000002,万科A,-0.0038387715930900956,-0.003846158587478164,10.396,10.8875,11.661000000000001,0.272912694583791
2023-12-25,10.3,sz.000002,万科A,-0.0077071290944122905,-0.0077369825021524515,10.348,10.8125,11.6095,0.26372311322054603
2023-12-26,10.17,sz.000002,万科A,-0.012621359223301098,-0.012701685175121633,10.306000000000001,10.733500000000001,11.56,0.2643868953825746
2023-12-27,10.17,sz.000002,万科A,0.0,0.0,10.288,10.669,11.511666666666667,0.2569847995002111
2023-12-28,10.52,sz.000002,万科A,0.034414945919370554,0.03383599724909508,10.308,10.623000000000001,11.469500000000002,0.29399528807844105
2023-12-29,10.46,sz.000002,万科A,-0.005703422053231821,-0.005719748672786841,10.324,10.575999999999999,11.425833333333335,0.2940474676657606
2024-01-02,10.15,sz.000002,万科A,-0.029636711281070816,-0.030084753148980577,10.294,10.5245,11.380166666666668,0.30326578708664603
2024-01-03,10.13,sz.000002,万科A,-0.0019704433497536034,-0.001972387227204235,10.286,10.491499999999998,11.335333333333333,0.2814633264368063
2024-01-04,9.93,sz.000002,万科A,-0.019743336623889496,-0.01994084020351085,10.238,10.4455,11.288,0.28555500115060045
2024-01-05,9.99,sz.000002,万科A,0.0060422960725075026,0.006024114603380876,10.132000000000001,10.4,11.240499999999999,0.28619083060616773
2024-01-08,9.82,sz.000002,万科A,-0.017017017017016967,-0.01716347029408758,10.004000000000001,10.352,11.194333333333335,0.28886987469504266
2024-01-09,9.88,sz.000002,万科A,0.006109979633401208,0.006091389393401913,9.950000000000001,10.314499999999999,11.1555,0.2889555473457099
2024-01-10,9.74,sz.000002,万科A,-0.014170040485830038,-0.014271394105332794,9.872,10.251000000000001,11.118166666666667,0.2508566680449779
2024-01-11,9.76,sz.000002,万科A,0.002053388090349051,0.002051282770557361,9.838000000000001,10.206999999999999,11.085666666666667,0.2298471932595054
2024-01-12,9.7,sz.000002,万科A,-0.006147540983606592,-0.006166514915664015,9.78,10.167,11.056333333333333,0.2275623448674573
2024-01-15,9.71,sz.000002,万科A,0.0010309278350517648,0.0010303967938966232,9.758,10.1205,11.023833333333332,0.21927530682266588
2024-01-16,9.61,sz.000002,万科A,-0.010298661174047541,-0.010352059321032588,9.703999999999999,10.074000000000002,10.990333333333332,0.21956660531819472
2024-01-17,9.34,sz.000002,万科A,-0.02809573361082207,-0.02849797074144988,9.624,10.022000000000002,10.951666666666666,0.23230231265798612
2024-01-18,9.4,sz.000002,万科A,0.0064239828693790635,0.006403437035207007,9.552,9.979,10.913333333333334,0.23449477793510845
2024-01-19,9.41,sz.000002,万科A,0.0010638297872340718,0.0010632643213300838,9.494,9.928500000000001,10.877333333333333,0.22359289409302474
2024-01-22,9.05,sz.000002,万科A,-0.03825717321997868,-0.03900819588545344,9.362,9.862,10.834333333333335,0.25272221285750845
2024-01-23,9.18,sz.000002,万科A,0.014364640883977708,0.014262446920564152,9.276,9.806000000000001,10.794,0.26348401185577386
2024-01-24,9.41,sz.000002,万科A,0.025054466230936878,0.02474574896488923,9.290000000000001,9.767999999999999,10.762,0.2833722541645362
2024-01-25,9.96,sz.000002,万科A,0.05844845908607876,0.056804117999218716,9.402000000000001,9.7575,10.739,0.3593301193123727
2024-01-26,10.2,sz.000002,万科A,0.02409638554216853,0.023810648693718392,9.56,9.741499999999998,10.722000000000001,0.3475923393723672
2024-01-29,10.06,sz.000002,万科A,-0.013725490196078272,-0.013820555618632087,9.762,9.7215,10.701833333333333,0.3500922412888055
2024-01-30,9.79,sz.000002,万科A,-0.026838966202783476,-0.027205708129174316,9.884,9.7035,10.6655,0.3472625778152254
2024-01-31,9.6,sz.000002,万科A,-0.019407558733401387,-0.019598358068628415,9.922,9.677000000000001,10.626666666666667,0.3529922325557435
2024-02-01,9.44,sz.000002,万科A,-0.01666666666666672,-0.01680711831638129,9.818,9.6525,10.581833333333334,0.35115734941746096
2024-02-02,9.49,sz.000002,万科A,0.005296610169491567,0.005282632464427218,9.675999999999998,9.6275,10.540666666666668,0.35093238656643666
2024-02-05,9.18,sz.000002,万科A,-0.03266596417281353,-0.03321140798943745,9.5,9.5955,10.4955,0.36377761651088253
2024-02-06,9.51,sz.000002,万科A,0.03594771241830075,0.035316671924899935,9.443999999999999,9.577,10.458666666666666,0.3883998943363783
2024-02-07,9.52,sz.000002,万科A,0.001051524710830698,0.0010509722459750015,9.428,9.565999999999999,10.421,0.38562725274979487
2024-02-08,10.06,sz.000002,万科A,0.05672268907563027,0.05517231586831922,9.552,9.581,10.390500000000001,0.43657363443800673
2024-02-19,9.84,sz.000002,万科A,-0.021868787276342005,-0.02211145360743115,9.622,9.588,10.357833333333332,0.4439078735379325
2024-02-20,9.9,sz.000002,万科A,0.0060975609756097615,0.0060790460763821925,9.766000000000002,9.5975,10.329166666666667,0.444264048071187
2024-02-21,10.21,sz.000002,万科A,0.031313131313131404,0.030832875036030032,9.906,9.6275,10.3065,0.45425133567027537
2024-02-22,10.15,sz.000002,万科A,-0.00587659157688547,-0.005893926688777913,10.032,9.668,10.277,0.44044408178198863
2024-02-23,10.2,sz.000002,万科A,0.004926108374384119,0.004914014802428941,10.059999999999999,9.708,10.249666666666666,0.4403906822742979
2024-02-26,9.98,sz.000002,万科A,-0.021568627450980316,-0.02180462996685271,10.088,9.7365,10.213166666666666,0.44992578603013283
2024-02-27,10.06,sz.000002,万科A,0.008016032064128265,0.007984074348220549,10.120000000000001,9.787,10.178833333333332,0.42234531597896574
2024-02-28,9.93,sz.000002,万科A,-0.012922465208747624,-0.013006686614512035,10.064,9.8245,10.147666666666668,0.42595681742901825
2024-02-29,10.04,sz.000002,万科A,0.011077542799597051,0.011016636206501784,10.042,9.856,10.119166666666667,0.41975618179488083
2024-03-01,9.89,sz.000002,万科A,-0.014940239043824577,-0.015052968628962264,9.98,9.8525,10.092999999999998,0.37044444681746014
2024-03-04,9.43,sz.000002,万科A,-0.04651162790697683,-0.047628048989254705,9.870000000000001,9.814,10.059500000000002,0.39336135351451007
2024-03-05,9.48,sz.000002,万科A,0.005302226935312904,0.005288219621564382,9.754,9.785,10.027500000000002,0.39268062602166875
2024-03-06,9.33,sz.000002,万科A,-0.015822784810126667,-0.015949301407678064,9.634,9.762,9.996666666666666,0.385572611651879
2024-03-07,9.21,sz.000002,万科A,-0.012861736334405016,-0.01294516459203685,9.468,9.7425,9.970333333333334,0.38236793618536574
2024-03-08,9.18,sz.000002,万科A,-0.0032573289902281255,-0.003262645634816494,9.325999999999999,9.7295,9.942499999999999,0.37839392018718554
2024-03-11,9.46,sz.000002,万科A,0.030501089324618924,0.030045178431387994,9.331999999999999,9.728,9.9185,0.3943110258472938
2024-03-12,10.0,sz.000002,万科A,0.05708245243128962,0.05551270993025876,9.436000000000002,9.769,9.9055,0.42295050579119675
2024-03-13,9.69,sz.000002,万科A,-0.031000000000000028,-0.03149066709137085,9.508000000000001,9.778,9.889833333333335,0.42394202981013773
2024-03-14,9.71,sz.000002,万科A,0.002063983488132193,0.002061856400558777,9.608,9.7875,9.868166666666665,0.4239502473300442
2024-03-15,9.47,sz.000002,万科A,-0.02471678681771372,-0.02502737510524669,9.666,9.758,9.848666666666666,0.3789774596563539
2024-03-18,9.44,sz.000002,万科A,-0.0031678986272440923,-0.0031729270405777203,9.662,9.738,9.831,0.3722169142435237
2024-03-19,9.33,sz.000002,万科A,-0.01165254237288127,-0.011720965298156775,9.528,9.7095,9.809166666666666,0.3725459405458816
2024-03-20,9.36,sz.000002,万科A,0.003215434083601254,0.0032102756302481894,9.462,9.667,9.7895,0.35126397804009324
2024-03-21,9.4,sz.000002,万科A,0.00427350427350448,0.004264398786457739,9.4,9.6295,9.773166666666667,0.35243110528234556
2024-03-22,9.26,sz.000002,万科A,-0.014893617021276673,-0.015005640617870275,9.358,9.5825,9.756499999999999,0.3530943746371782
2024-03-25,9.34,sz.000002,万科A,0.008639308855291628,0.008602203582663288,9.338,9.5505,9.738499999999998,0.3500966339127138
2024-03-26,9.46,sz.000002,万科A,0.012847965738758127,0.012766130823035751,9.364,9.5205,9.723166666666666,0.35253920554838697
2024-03-27,9.21,sz.000002,万科A,-0.026427061310782207,-0.026782532796571397,9.334,9.4845,9.705,0.360824929909168
2024-03-28,9.24,sz.000002,万科A,0.0032573289902280145,0.003252035386377316,9.302,9.444500000000001,9.6895,0.35768510197063436
2024-03-29,9.0,sz.000002,万科A,-0.025974025974025983,-0.026317308317373417,9.25,9.400000000000002,9.669999999999998,0.36428413720486474
2024-04-01,8.98,sz.000002,万科A,-0.0022222222222221255,-0.0022246950221110513,9.178,9.377500000000001,9.644333333333332,0.3286472529241684
2024-04-02,8.5,sz.000002,万科A,-0.053452115812917644,-0.05493371881783752,8.986,9.3285,9.611666666666666,0.3738305892655972
2024-04-03,8.19,sz.000002,万科A,-0.036470588235294144,-0.037152265631292744,8.782,9.2715,9.579,0.3885243281349353
2024-04-08,8.0,sz.000002,万科A,-0.023199023199023117,-0.023472356185142044,8.534,9.211,9.5435,0.39258292510245507
2024-04-09,7.99,sz.000002,万科A,-0.0012499999999999734,-0.0012507819016526025,8.332,9.1515,9.511166666666668,0.3928828135593083
2024-04-10,7.58,sz.000002,万科A,-0.051314142678347996,-0.052677560123903074,8.052,9.057500000000001,9.471,0.3976429610081035
2024-04-11,7.44,sz.000002,万科A,-0.01846965699208436,-0.018642350809279718,7.839999999999999,8.9295,9.431333333333333,0.30685837905359903
2024-04-12,7.1,sz.000002,万科A,-0.045698924731182866,-0.04677606479773083,7.622,8.8,9.385,0.3214336639378229
2024-04-15,7.14,sz.000002,万科A,0.005633802816901401,0.005617992304223274,7.45,8.6715,9.341666666666667,0.324218848021249
2024-04-16,7.07,sz.000002,万科A,-0.009803921568627416,-0.009852296443011594,7.266,8.5515,9.296833333333332,0.3226403820350399
2024-04-17,7.1,sz.000002,万科A,0.004243281471004057,0.004234304138788164,7.17,8.4345,9.2535,0.32707585505113523
2024-04-18,6.88,sz.000002,万科A,-0.030985915492957705,-0.0314761321020174,7.058,8.312000000000001,9.206333333333333,0.33244134836905415
2024-04-19,6.7,sz.000002,万科A,-0.026162790697674354,-0.026511125548331852,6.978,8.179,9.157833333333334,0.327525268514761
2024-04-22,6.69,sz.000002,万科A,-0.0014925373134327957,-0.0014936522567832536,6.888,8.0435,9.113666666666665,0.32331723487220226
2024-04-23,6.57,sz.000002,万科A,-0.017937219730941756,-0.01810004164361799,6.787999999999999,7.909000000000001,9.0665,0.32327722703955764
2024-04-24,6.54,sz.000002,万科A,-0.004566210045662156,-0.004576667027411867,6.675999999999999,7.769000000000001,9.018666666666666,0.31271395544225816
2024-04-25,6.55,sz.000002,万科A,0.001529051987767538,0.0015278841780531714,6.609999999999999,7.6235,8.977,0.30050075004177673
2024-04-26,6.87,sz.000002,万科A,0.04885496183206106,0.047699056587097416,6.644,7.5065,8.938500000000001,0.3807327668357646
2024-04-29,7.56,sz.000002,万科A,0.10043668122270732,0.09570708395718357,6.818,7.422499999999999,8.907666666666668,0.5560055790263508
2024-04-30,7.41,sz.000002,万科A,-0.01984126984126977,-0.020040750883446038,6.986,7.342999999999999,8.865166666666665,0.5540056842565347
2024-05-06,7.46,sz.000002,万科A,0.006747638326585648,0.006724974907673916,7.17,7.267,8.8195,0.5563942504693726
2024-05-07,7.52,sz.000002,万科A,0.008042895442359255,0.008010723746078979,7.364,7.217999999999999,8.777166666666666,0.5330633875192269
2024-05-08,7.2,sz.000002,万科A,-0.04255319148936165,-0.04348511193973878,7.43,7.1685,8.734000000000002,0.538150610706929
2024-05-09,7.3,sz.000002,万科A,0.01388888888888884,0.01379332213233577,7.378,7.1335,8.695666666666666,0.5384312089360249
2024-05-10,7.56,sz.000002,万科A,0.03561643835616435,0.03499684203709615,7.4079999999999995,7.111999999999999,8.664333333333333,0.5565579272494027
2024-05-13,7.42,sz.000002,万科A,-0.01851851851851849,-0.01869213301215252,7.4,7.104000000000001,8.629833333333332,0.5296930121490077
2024-05-14,7.46,sz.000002,万科A,0.005390835579514919,0.005376357036380496,7.388,7.105000000000001,8.601166666666668,0.5257446225514895
2024-05-15,7.73,sz.000002,万科A,0.03619302949061676,0.03555344838366124,7.494,7.1365,8.571499999999999,0.5101396056475578
2024-05-16,8.18,sz.000002,万科A,0.05821474773609303,0.05658328801532499,7.67,7.1885,8.549166666666666,0.5443628018263872
2024-05-17,9.0,sz.000002,万科A,0.10024449877750619,0.09553242672156376,7.958,7.285000000000001,8.531500000000001,0.6315112104362846
2024-05-20,9.18,sz.000002,万科A,0.020000000000000018,0.01980262729617973,8.309999999999999,7.389,8.5205,0.6311339930287287
2024-05-21,9.19,sz.000002,万科A,0.0010893246187364536,0.0010887317351966558,8.656,7.504499999999998,8.508666666666667,0.610991809655367
2024-05-22,9.4,sz.000002,万科A,0.022850924918389692,0.022593752908362665,8.99,7.6395,8.495166666666666,0.591376386530929
2024-05-23,9.56,sz.000002,万科A,0.017021276595744705,0.01687803778735173,9.266,7.7829999999999995,8.485333333333333,0.5870388537179593
2024-05-24,8.99,sz.000002,万科A,-0.05962343096234313,-0.061474878579781046,9.264,7.904000000000001,8.465166666666667,0.6379273427734371
2024-05-27,8.87,sz.000002,万科A,-0.013348164627363879,-0.013438052162040926,9.202,8.0205,8.446666666666667,0.6425280847691583
2024-05-28,8.52,sz.000002,万科A,-0.03945885005636973,-0.0402584554802637,9.068000000000001,8.119,8.421,0.6707202736534202
2024-05-29,8.58,sz.000002,万科A,0.007042253521126751,0.00701757265864654,8.904,8.2045,8.3985,0.6582587761509975
2024-05-30,8.27,sz.000002,万科A,-0.036130536130536184,-0.03679940446427102,8.646,8.24,8.369000000000002,0.5897687146771082
2024-05-31,8.25,sz.000002,万科A,-0.002418379685610539,-0.0024213086890102274,8.498,8.282,8.341666666666667,0.5831851300637865
2024-06-03,8.09,sz.000002,万科A,-0.019393939393939408,-0.019584469276189308,8.342,8.3135,8.319333333333333,0.5900908245590202
2024-06-04,8.36,sz.000002,万科A,0.03337453646477129,0.0328296960262099,8.309999999999999,8.355500000000001,8.300666666666666,0.5987768644826708
2024-06-05,8.11,sz.000002,万科A,-0.029904306220095656,-0.030360558969288663,8.216,8.401,8.280333333333333,0.5867430315417713
2024-06-06,8.02,sz.000002,万科A,-0.011097410604192337,-0.011159446248898407,8.166,8.437000000000001,8.2605,0.5893276252438941
2024-06-07,8.17,sz.000002,万科A,0.018703241895261957,0.0185304869934885,8.15,8.4675,8.243666666666666,0.5808060915057874
2024-06-11,8.01,sz.000002,万科A,-0.019583843329253336,-0.019778147791643632,8.134,8.497,8.2195,0.5813783845800106
2024-06-12,7.89,sz.000002,万科A,-0.014981273408239737,-0.015094626222485016,8.04,8.5185,8.184333333333333,0.5854281929057522
2024-06-13,7.71,sz.000002,万科A,-0.02281368821292773,-0.023077947282544725,7.959999999999999,8.5175,8.151333333333334,0.5790770354341994
2024-06-14,7.94,sz.000002,万科A,0.02983138780804162,0.029395087683806345,7.944,8.5055,8.121833333333333,0.5495627046221077
2024-06-17,7.65,sz.000002,万科A,-0.03652392947103278,-0.037207627420599916,7.839999999999999,8.437999999999999,8.0915,0.4131018414134071
2024-06-18,7.53,sz.000002,万科A,-0.015686274509803977,-0.015810606026642315,7.744,8.355500000000001,8.059666666666667,0.40051621505176893
2024-06-19,7.47,sz.000002,万科A,-0.007968127490039945,-0.008000042667076376,7.659999999999999,8.2695,8.028666666666668,0.39861019003015574
2024-06-20,7.21,sz.000002,万科A,-0.03480589022757696,-0.035426047847868215,7.56,8.16,7.9928333333333335,0.3879756597497018
2024-06-21,7.19,sz.000002,万科A,-0.002773925104022079,-0.002777779563902275,7.410000000000001,8.041500000000001,7.9559999999999995,0.3738410189232258
2024-06-24,6.99,sz.000002,万科A,-0.02781641168289295,-0.028210615487236475,7.2780000000000005,7.9415,7.918166666666666,0.33750245367697784
2024-06-25,7.11,sz.000002,万科A,0.017167381974249052,0.017021687569430743,7.194,7.8534999999999995,7.881,0.35324577898533693
2024-06-26,7.19,sz.000002,万科A,0.011251758087201136,0.011188927917805822,7.138,7.787000000000001,7.843166666666666,0.3443576017655371
2024-06-27,7.0,sz.000002,万科A,-0.026425591098748313,-0.02678102267764207,7.095999999999999,7.708,7.806333333333333,0.3451669436407695
2024-06-28,6.93,sz.000002,万科A,-0.010000000000000009,-0.01005033585350145,7.044,7.641,7.767833333333333,0.33100118085809166
2024-07-01,7.29,sz.000002,万科A,0.051948051948051965,0.050643732818754936,7.103999999999999,7.592999999999999,7.739333333333334,0.39459944935516605
2024-07-02,7.13,sz.000002,万科A,-0.021947873799725626,-0.022192311594362184,7.108,7.545,7.708500000000001,0.3958620672658817
2024-07-03,7.16,sz.000002,万科A,0.004207573632538653,0.004198746546349761,7.101999999999999,7.484999999999999,7.686166666666667,0.3700810163424638
2024-07-04,6.94,sz.000002,万科A,-0.030726256983240163,-0.03120820645384105,7.090000000000001,7.4265,7.665333333333334,0.3707530322106549
2024-07-05,6.88,sz.000002,万科A,-0.008645533141210415,-0.008683122573460881,7.08,7.3695,7.646666666666666,0.3705397671361208
2024-07-08,6.67,sz.000002,万科A,-0.03052325581395343,-0.030998792017719885,6.956,7.294500000000001,7.624666666666667,0.3657511628675872
2024-07-09,6.71,sz.000002,万科A,0.0059970014992503096,0.0059790910560580095,6.872,7.2295,7.610166666666666,0.3679779791976425
2024-07-10,6.65,sz.000002,万科A,-0.00894187779433675,-0.008982096315827592,6.7700000000000005,7.167500000000001,7.5969999999999995,0.36720422381677315
2024-07-11,6.81,sz.000002,万科A,0.02406015037593967,0.023775265493658052,6.744,7.1225,7.592166666666667,0.3800354220772664
2024-07-12,6.95,sz.000002,万科A,0.020558002936857722,0.02034953941527992,6.758,7.073,7.5889999999999995,0.36975260988765857
2024-07-15,6.83,sz.000002,万科A,-0.01726618705035976,-0.017416985994002116,6.790000000000001,7.031999999999999,7.584999999999999,0.35495221705999497
2024-07-16,6.92,sz.000002,万科A,0.013177159590043841,0.01309109604687942,6.831999999999999,7.0015,7.582,0.35864387893670363
2024-07-17,7.12,sz.000002,万科A,0.028901734104046284,0.02849195579430624,6.926,6.984,7.586,0.3766258894215271
2024-07-18,7.14,sz.000002,万科A,0.002808988764044784,0.0028050509276084604,6.992,6.980499999999999,7.593333333333334,0.3564705469813709
2024-07-19,7.06,sz.000002,万科A,-0.011204481792717047,-0.011267724846342269,7.014,6.973999999999999,7.5995,0.35851267491431377
2024-07-22,6.98,sz.000002,万科A,-0.011331444759206666,-0.01139613473086947,7.044,6.9735,7.606333333333334,0.3465330281850163
2024-07-23,6.85,sz.000002,万科A,-0.018624641833810962,-0.018800264500147258,7.029999999999999,6.960500000000001,7.6115,0.3465153483218099
2024-07-24,6.65,sz.000002,万科A,-0.029197080291970656,-0.029631797606371,6.936,6.9334999999999996,7.613166666666667,0.3561733590841236
2024-07-25,6.7,sz.000002,万科A,0.007518796992481258,0.007490671729157659,6.848000000000001,6.9185,7.610333333333333,0.3476748030716996
2024-07-26,6.84,sz.000002,万科A,0.020895522388059584,0.020680205237538603,6.804,6.914,7.598333333333333,0.35541107027573515
2024-07-29,6.69,sz.000002,万科A,-0.021929824561403466,-0.022173857494321967,6.746,6.884,7.586333333333332,0.3040843665690244
2024-07-30,6.75,sz.000002,万科A,0.008968609865470878,0.008928630744301398,6.726000000000001,6.865,7.5745,0.2998040260192113
2024-07-31,7.09,sz.000002,万科A,0.0503703703703704,0.049142835659597706,6.814,6.861500000000001,7.567333333333334,0.35359034664512234
2024-08-01,6.9,sz.000002,万科A,-0.026798307475317307,-0.02716392894082239,6.853999999999999,6.8595,7.562333333333333,0.3493505278986176
2024-08-02,6.81,sz.000002,万科A,-0.013043478260869712,-0.013129291441792848,6.848000000000001,6.855999999999999,7.554166666666666,0.35112827016855447
2024-08-05,6.78,sz.000002,万科A,-0.004405286343612258,-0.00441501820911672,6.866,6.8614999999999995,7.541166666666667,0.3330665728348931
2024-08-06,6.88,sz.000002,万科A,0.014749262536873031,0.014641549992947969,6.892,6.869999999999999,7.532166666666667,0.33623309569690496
2024-08-07,6.79,sz.000002,万科A,-0.013081395348837233,-0.013167710374647557,6.832000000000001,6.877000000000001,7.521,0.33824718138864013
2024-08-08,6.92,sz.000002,万科A,0.019145802650957222,0.01896482805897337,6.836,6.8825,7.507499999999999,0.3342794633173408
2024-08-09,7.18,sz.000002,万科A,0.037572254335260125,0.03688361343055462,6.909999999999999,6.894,7.490833333333333,0.3524379438244492
2024-08-12,6.88,sz.000002,万科A,-0.04178272980501385,-0.042680731114880445,6.93,6.8965000000000005,7.4555,0.37976983819735316
2024-08-13,6.83,sz.000002,万科A,-0.007267441860465129,-0.007293978362553611,6.92,6.892,7.416333333333332,0.37774343534819443
2024-08-14,6.78,sz.000002,万科A,-0.007320644216691097,-0.007347571630394522,6.918000000000001,6.875,7.376166666666666,0.36205020189212606
2024-08-15,6.91,sz.000002,万科A,0.019174041297935096,0.01899253582727432,6.9159999999999995,6.8635,7.334666666666666,0.3696326713267696
2024-08-16,6.8,sz.000002,万科A,-0.01591895803183796,-0.01604702559751756,6.840000000000001,6.850499999999999,7.288666666666667,0.3716679153420923
2024-08-19,6.8,sz.000002,万科A,0.0,0.0,6.824,6.841500000000001,7.252166666666667,0.3699113615090046
2024-08-20,6.67,sz.000002,万科A,-0.01911764705882346,-0.019302752254528596,6.792,6.832499999999999,7.2155000000000005,0.3702260505033198
2024-08-21,6.55,sz.000002,万科A,-0.01799100449775115,-0.018154810280371827,6.746,6.827500000000001,7.182666666666667,0.36095658976900863
2024-08-22,6.47,sz.000002,万科A,-0.012213740458015265,-0.012288941134351352,6.6579999999999995,6.816,7.1475,0.3619276314230286
2024-08-23,6.41,sz.000002,万科A,-0.009273570324574876,-0.009316837580230438,6.58,6.794499999999999,7.1165,0.35289863564066515
2024-08-26,6.53,sz.000002,万科A,0.018720748829953227,0.01854767235576105,6.525999999999999,6.786499999999999,7.087833333333333,0.3534899787435276
2024-08-27,6.31,sz.000002,万科A,-0.03369065849923436,-0.034271266735217965,6.454000000000001,6.7645,7.058166666666667,0.3696375895220139
2024-08-28,6.22,sz.000002,万科A,-0.01426307448494446,-0.01436576980203364,6.388,6.720999999999999,7.0225,0.3123766668137293
2024-08-29,6.24,sz.000002,万科A,0.003215434083601254,0.0032102756302481894,6.3420000000000005,6.688,6.9913333333333325,0.3043712237903627
2024-08-30,6.76,sz.000002,万科A,0.08333333333333326,0.08004270767353636,6.412000000000001,6.6855,6.9703333333333335,0.4344000820910147
2024-09-02,6.42,sz.000002,万科A,-0.050295857988165715,-0.05160477235300295,6.39,6.6674999999999995,6.941166666666666,0.4696548162760438
2024-09-03,6.52,sz.000002,万科A,0.015576323987538832,0.015456258236691672,6.4319999999999995,6.649500000000001,6.916333333333333,0.47006238169334524
2024-09-04,6.46,sz.000002,万科A,-0.009202453987730008,-0.00924505814405105,6.4799999999999995,6.633,6.8925,0.46908016583680406
2024-09-05,6.59,sz.000002,万科A,0.020123839009287936,0.01992403071990538,6.55,6.6165,6.873833333333334,0.4696796038318409
2024-09-06,6.47,sz.000002,万科A,-0.018209408194233667,-0.018377240001606635,6.492,6.581,6.849333333333333,0.44855842097880577
2024-09-09,6.37,sz.000002,万科A,-0.015455950540958163,-0.015576638928737112,6.481999999999999,6.5555,6.828,0.42909767665544485
2024-09-10,6.3,sz.000002,万科A,-0.010989010989011061,-0.011049836186585046,6.438,6.529000000000001,6.807500000000001,0.4297334855288823
2024-09-11,6.31,sz.000002,万科A,0.0015873015873015817,0.0015860431556347797,6.4079999999999995,6.5055000000000005,6.788166666666667,0.4298985623115491
2024-09-12,6.31,sz.000002,万科A,0.0,0.0,6.351999999999999,6.475499999999999,6.773166666666667,0.4219509860531205
2024-09-13,6.32,sz.000002,万科A,0.0015847860538829028,0.001583531605644442,6.322,6.4515,6.7586666666666675,0.4200753532396015
2024-09-18,6.49,sz.000002,万科A,0.02689873417721511,0.026543322557232494,6.345999999999999,6.436,6.750333333333333,0.43353726603191994
2024-09-19,6.77,sz.000002,万科A,0.04314329738058542,0.04223855620818491,6.44,6.441,6.744666666666666,0.45661678422308155
2024-09-20,6.89,sz.000002,万科A,0.017725258493352936,0.017569998101383485,6.556,6.458,6.7396666666666665,0.454374846571703
2024-09-23,6.93,sz.000002,万科A,0.005805515239477588,0.005788728176244745,6.68,6.481,6.7385,0.45090572285129243
2024-09-24,7.12,sz.000002,万科A,0.027417027417027562,0.027047912222072677,6.840000000000001,6.516500000000001,6.741666666666666,0.45556310409753886
2024-09-25,7.31,sz.000002,万科A,0.026685393258427004,0.026335548337802772,7.004,6.5555,6.742000000000001,0.45945430228114004
2024-09-26,8.04,sz.000002,万科A,0.09986320109439117,0.0951858094291878,7.258,6.642,6.757166666666666,0.5431875654868673
2024-09-27,8.84,sz.000002,万科A,0.09950248756218905,0.09485779345867705,7.647999999999999,6.773000000000001,6.785166666666667,0.6137416669922634
2024-09-30,9.72,sz.000002,万科A,0.09954751131221728,0.09489874182279573,8.206,6.947,6.8315,0.6743619341463589
2024-10-08,10.38,sz.000002,万科A,0.06790123456790131,0.06569525926539495,8.857999999999999,7.128,6.889833333333333,0.6581503219568662
2024-10-09,9.34,sz.000002,万科A,-0.10019267822736044,-0.10557462549699148,9.264,7.273999999999999,6.934333333333333,0.7488863042580184
2024-10-10,9.12,sz.000002,万科A,-0.02355460385438979,-0.0238364481545113,9.48,7.404000000000001,6.974500000000001,0.7646438880028444
2024-10-11,9.1,sz.000002,万科A,-0.002192982456140302,-0.002195390563435615,9.532,7.536,7.0153333333333325,0.7617347041512733
2024-10-14,9.34,sz.000002,万科A,0.026373626373626502,0.02603183871794702,9.456,7.6735,7.0575,0.7622495683857645
2024-10-15,9.2,sz.000002,万科A,-0.014989293361884481,-0.015102768185756742,9.22,7.81,7.095,0.7602662194138917
2024-10-16,10.0,sz.000002,万科A,0.0869565217391306,0.08338160893905121,9.352,7.991499999999999,7.147833333333334,0.785498014317099
2024-10-17,9.21,sz.000002,万科A,-0.07899999999999996,-0.08229524272683016,9.370000000000001,8.137,7.185999999999999,0.8592600200790463
2024-10-18,9.37,sz.000002,万科A,0.017372421281215855,0.017223245983115133,9.424,8.290000000000001,7.2235,0.8564612878987229
2024-10-21,9.19,sz.000002,万科A,-0.019210245464247544,-0.019397159882735084,9.394,8.434000000000001,7.257666666666666,0.8654775232874268
2024-10-22,9.24,sz.000002,万科A,0.005440696409140466,0.005425949285997205,9.402,8.58,7.294,0.8644744401658906
2024-10-23,9.33,sz.000002,万科A,0.009740259740259827,0.009693129205659751,9.268,8.722,7.333166666666666,0.8649550586263489
2024-10-24,9.12,sz.000002,万科A,-0.02250803858520911,-0.022765210773012547,9.25,8.8395,7.3709999999999996,0.8727298572720432
2024-10-25,9.14,sz.000002,万科A,0.002192982456140413,0.0021905813798186818,9.204,8.952,7.4125,0.8741654451576218
2024-10-28,9.39,sz.000002,万科A,0.027352297592997843,0.02698490775411293,9.244,9.075,7.457333333333334,0.8742905419379143
2024-10-29,9.13,sz.000002,万科A,-0.027689030883919052,-0.02807959861329443,9.222,9.1755,7.495500000000001,0.8871478810882839
2024-10-30,9.22,sz.000002,万科A,0.009857612267250904,0.009809342961625441,9.200000000000001,9.270999999999999,7.5376666666666665,0.8859614850302132
2024-10-31,9.28,sz.000002,万科A,0.006507592190889255,0.006486509229606632,9.232,9.333,7.579833333333334,0.8246066087367566
2024-11-01,9.11,sz.000002,万科A,-0.018318965517241326,-0.018488835526242198,9.225999999999999,9.346499999999999,7.6135,0.7552344806066782
2024-11-04,9.07,sz.000002,万科A,-0.004390779363336872,-0.0044004471448215975,9.162,9.314,7.649666666666667,0.6626825179662644
2024-11-05,9.34,sz.000002,万科A,0.029768467475192795,0.029333988113705873,9.204,9.262,7.691833333333333,0.6214004917753668
2024-11-06,9.5,sz.000002,万科A,0.017130620985010614,0.016985546365743807,9.26,9.27,7.737166666666666,0.5117024560984539
2024-11-07,9.89,sz.000002,万科A,0.04105263157894745,0.04023234702812568,9.382,9.308499999999999,7.787333333333334,0.5213113007133521
2024-11-08,9.51,sz.000002,万科A,-0.03842264914054605,-0.039180269077321854,9.462,9.328999999999999,7.832666666666667,0.5429602320960663
2024-11-11,9.3,sz.000002,万科A,-0.022082018927444658,-0.022329476398088542,9.508,9.327,7.872333333333333,0.5422538929615783
2024-11-12,9.19,sz.000002,万科A,-0.011827956989247435,-0.011898463791614695,9.478,9.3265,7.905833333333334,0.5411837760172938
2024-11-13,9.07,sz.000002,万科A,-0.013057671381936808,-0.013143672240550366,9.392,9.28,7.942333333333334,0.43535675895101844
2024-11-14,8.95,sz.000002,万科A,-0.013230429988974723,-0.013318731840281315,9.203999999999999,9.267,7.977666666666667,0.33774548769177987
2024-11-15,8.71,sz.000002,万科A,-0.02681564245810042,-0.027181741422352433,9.044,9.233999999999998,8.009833333333333,0.3418860956872402
2024-11-18,8.84,sz.000002,万科A,0.01492537313432818,0.014815085785140463,8.952,9.2165,8.042,0.3424546399782234
2024-11-19,8.75,sz.000002,万科A,-0.010180995475113086,-0.010233176280028969,8.864,9.192,8.0745,0.3426124388803065
2024-11-20,8.76,sz.000002,万科A,0.0011428571428571122,0.0011422045787769796,8.802,9.1635,8.107166666666666,0.33988700498902785
2024-11-21,8.68,sz.000002,万科A,-0.0091324200913242,-0.00917437627604127,8.748000000000001,9.141499999999999,8.140666666666666,0.33291273978097385
2024-11-22,8.42,sz.000002,万科A,-0.02995391705069117,-0.030411700418023366,8.690000000000001,9.105500000000001,8.171833333333332,0.3464881241964216
2024-11-25,8.38,sz.000002,万科A,-0.004750593824227933,-0.004761913760243591,8.598,9.055,8.203666666666667,0.3262713558512096
2024-11-26,8.36,sz.000002,万科A,-0.0023866348448688957,-0.0023894873973815786,8.52,9.016499999999999,8.236166666666666,0.31560890971158473
2024-11-27,8.45,sz.000002,万科A,0.010765550239234534,0.010708014272472307,8.458,8.978,8.268166666666666,0.31616156799545814
2024-11-28,8.48,sz.000002,万科A,0.0035502958579882726,0.0035440084347293315,8.418000000000001,8.937999999999999,8.304333333333334,0.315009958545842
2024-11-29,8.6,sz.000002,万科A,0.014150943396226356,0.014051753455650287,8.453999999999999,8.9125,8.344,0.31693849668006235
2024-12-02,8.68,sz.000002,万科A,0.009302325581395321,0.009259325412796726,8.514,8.892999999999999,8.384666666666668,0.3196775803084207
2024-12-03,8.74,sz.000002,万科A,0.00691244239631339,0.006888660995185316,8.59,8.863,8.417666666666666,0.29918826003014665
2024-12-04,8.55,sz.000002,万科A,-0.021739130434782594,-0.02197890671877523,8.610000000000001,8.815499999999998,8.453166666666666,0.2960479737069711
2024-12-05,8.52,sz.000002,万科A,-0.0035087719298246833,-0.0035149421074446084,8.617999999999999,8.747,8.4865,0.24108688957886687
2024-12-06,8.68,sz.000002,万科A,0.018779342723004744,0.018605187831034486,8.633999999999999,8.7055,8.5235,0.2283691362264582
2024-12-09,8.42,sz.000002,万科A,-0.02995391705069117,-0.030411700418023366,8.581999999999999,8.6615,8.554,0.23793612180378088
2024-12-10,8.58,sz.000002,万科A,0.019002375296912177,0.018824085245635617,8.55,8.631,8.589166666666667,0.25076623291599315
2024-12-11,8.65,sz.000002,万科A,0.00815850815850827,0.008125407443917152,8.569999999999999,8.610000000000001,8.627166666666666,0.2511350821273822
2024-12-12,8.69,sz.000002,万科A,0.0046242774566473965,0.004613618333512715,8.604000000000001,8.597,8.667,0.2487652594999731
2024-12-13,8.41,sz.000002,万科A,-0.032220943613348596,-0.0327514652924439,8.55,8.582,8.702,0.2567155097473232
2024-12-16,8.23,sz.000002,万科A,-0.021403091557669396,-0.021635459295878196,8.512,8.5515,8.734,0.25803532620575625
2024-12-17,8.14,sz.000002,万科A,-0.010935601458080146,-0.010995834674529465,8.424000000000001,8.521,8.764333333333333,0.2583104659165159
2024-12-18,8.14,sz.000002,万科A,0.0,0.0,8.322,8.489999999999998,8.791833333333333,0.2580709481655525
2024-12-19,7.91,sz.000002,万科A,-0.02825552825552835,-0.028662398234886522,8.166,8.4515,8.810833333333335,0.2721153063673236
2024-12-20,7.82,sz.000002,万科A,-0.011378002528445008,-0.011443227222342795,8.048,8.4215,8.826333333333332,0.25661006096323413
2024-12-23,7.66,sz.000002,万科A,-0.020460358056266004,-0.0206725708047198,7.934,8.3855,8.8385,0.2635388271693951
2024-12-24,7.73,sz.000002,万科A,0.009138381201044377,0.009096878846830652,7.851999999999999,8.354000000000001,8.848666666666666,0.2678180186955251
2024-12-25,7.54,sz.000002,万科A,-0.02457956015523932,-0.024886680579465883,7.731999999999999,8.308499999999999,8.852500000000001,0.271727581780191
2024-12-26,7.51,sz.000002,万科A,-0.003978779840848823,-0.003986716243821345,7.652000000000001,8.260000000000002,8.843666666666667,0.26969329474887965
2024-12-27,7.55,sz.000002,万科A,0.005326231691078487,0.005312097484889884,7.598000000000001,8.2075,8.822166666666668,0.26271276895946655
2024-12-30,7.36,sz.000002,万科A,-0.025165562913907258,-0.02548763052014844,7.537999999999999,8.1415,8.782833333333334,0.2639478453624776
2024-12-31,7.26,sz.000002,万科A,-0.013586956521739246,-0.013680103904080266,7.444,8.067499999999999,8.730833333333333,0.25847589159049
2020-01-02,111.86238232,sz.000858,五粮液,,,,,,
2020-01-03,110.56658095,sz.000858,五粮液,-0.011583888552392452,-0.011651504466734679,,,,
2020-01-06,109.4232268,sz.000858,五粮液,-0.010340865568747692,-0.010394703796636465,,,,
2020-01-07,109.56720473,sz.000858,五粮液,0.001315789473684159,0.001314924581309022,,,,
2020-01-08,109.16067881,sz.000858,五粮液,-0.0037102883203216086,-0.003717188513122411,110.116014722,,,
2020-01-09,110.75290533,sz.000858,五粮液,0.014586081154472907,0.01448072750172283,109.894119324,,,
2020-01-10,113.16665298,sz.000858,五粮液,0.021793989447120854,0.021559895578920293,110.41413373,,,
2020-01-13,118.28210414,sz.000858,五粮液,0.04520281395000758,0.04421094692055807,112.18590919799999,,,
2020-01-14,117.35048224,sz.000858,五粮液,-0.007876270943720454,-0.007907452603764199,113.7425647,,,
2020-01-15,119.2476032,sz.000858,五粮液,0.016166281755196188,0.016036998909816885,115.75994957799999,,,
2020-01-16,119.12903314,sz.000858,五粮液,-0.0009943181818181657,-0.0009948128440698109,117.43517514,,,
2020-01-17,117.34201295,sz.000858,五粮液,-0.01500071093416755,-0.015114359570884832,118.27024713400002,,,
2020-01-20,116.50355324,sz.000858,五粮液,-0.007145434861060895,-0.007171085744921869,117.914536954,,,
2020-01-21,112.31972398,sz.000858,五粮液,-0.035911602209944715,-0.03657228962334386,116.90838530200001,,,
2020-01-22,111.5405493,sz.000858,五粮液,-0.0069371135575329035,-0.006961287191486311,115.366974522,,,
2020-01-23,106.84856264,sz.000858,五粮液,-0.04206529992406982,-0.04297566609445238,112.91088042199999,,,
2020-02-03,96.16031866,sz.000858,五粮液,-0.10003170577045017,-0.10539574491220273,108.674541564,,,
2020-02-04,96.9733705,sz.000858,五粮液,0.008455169984146638,0.008419625251714252,104.76850501599999,,,
2020-02-05,99.52262679,sz.000858,五粮液,0.026288209606986968,0.025948613351555357,102.209085578,,,
2020-02-06,100.91159035,sz.000858,五粮液,0.013956259041783659,0.013859767198901482,100.083293788,110.3315581525,,
2020-02-07,102.12269882,sz.000858,五粮液,0.012001678556441409,0.011930229516508326,99.138121024,109.8445739775,,0.48133585214794317
2020-02-10,102.58850977,sz.000858,五粮液,0.004561287112290646,0.004550915967451367,100.423759246,109.44567041849999,,0.4814144251651911
2020-02-11,105.68826991,sz.000858,五粮液,0.030215470981590054,0.02976797549105216,102.16673912799999,109.25892257400001,,0.4948666622238944
2020-02-12,105.43419121,sz.000858,五粮液,-0.002404038785159157,-0.00240693312606847,103.34905201199999,109.05227189799999,,0.4947863641438135
2020-02-13,105.13776606,sz.000858,五粮液,-0.0028114708008674105,-0.0028154304081877855,104.194287154,108.8511262605,,0.49474200899728443
2020-02-14,104.53644647,sz.000858,五粮液,-0.00571934912195915,-0.005735767229669423,104.677036684,108.5403033175,,0.49127949255383363
2020-02-17,105.2732747,sz.000858,五粮液,0.007048529530908176,0.007023804760828086,105.21398967,108.1456344035,,0.4843829346426773
2020-02-18,104.50256931,sz.000858,五粮液,-0.007320997586484301,-0.0073479276062230125,104.97684955,107.456657662,,0.44946499070022594
2020-02-19,106.713054,sz.000858,五粮液,0.02115244347191836,0.020931836041035642,105.23262210800002,106.92478625000001,,0.4593683933966998
2020-02-20,110.22780935,sz.000858,五粮液,0.03293650793650804,0.03240572448909649,106.250630766,106.47379655750001,,0.4729465846947024
2020-02-21,110.10077,sz.000858,五粮液,-0.0011525163273147232,-0.0011531809849920482,107.363495472,106.0223834005,,0.47293586226997225
2020-02-24,107.6446759,sz.000858,五粮液,-0.02230769230769236,-0.02256027226017411,107.83777571199998,105.53751654800001,,0.4759951029125434
2020-02-25,106.1202037,sz.000858,五粮液,-0.014162077104641901,-0.014263316293385633,108.16130258999999,105.01834907100002,,0.47728739612921417
2020-02-26,105.1038889,sz.000858,五粮液,-0.009577015163607427,-0.009623169691461177,107.83946957,104.65755731700001,,0.4630295055034211
2020-02-27,106.9671327,sz.000858,五粮液,0.01772763900080565,0.01757233714588375,107.18733424,104.428886487,,0.46841868026167033
2020-02-28,102.1396374,sz.000858,五粮液,-0.0451306413301662,-0.046180745063360285,105.59510771999999,104.19344022499999,,0.47203798741718944
2020-03-02,103.87584185,sz.000858,五粮液,0.016998341625207303,0.016855486411413247,104.84134091000001,104.5792163845,,0.30080607267257187
2020-03-03,105.33255973,sz.000858,五粮液,0.014023644516917955,0.013926222961151244,104.68381211599998,104.997175846,,0.3025351047051334
2020-03-04,106.09479583,sz.000858,五粮液,0.007236471817962498,0.007210414190450865,104.881993502,105.32578429799999,,0.29154219802029896
2020-03-05,112.8109428,sz.000858,五粮液,0.06330326494771299,0.06138035025018825,106.050755522,105.9207519205,,0.3599238143490812
2020-03-06,110.16005503,sz.000858,五粮液,-0.02349849849849861,-0.023778991030639466,107.65483904799999,106.32261973099999,,0.37364900179844823
2020-03-09,106.9671327,sz.000858,五粮液,-0.028984393019143573,-0.02941273771920402,108.273097218,106.5415508775,,0.3915901667304475
2020-03-10,110.71055888,sz.000858,五粮液,0.0349960411718131,0.03439760175524728,109.34869704799999,106.79266532599999,,0.3964351472533339
2020-03-11,110.0160771,sz.000858,五粮液,-0.006272949816401363,-0.006292707435138793,110.13295330199999,107.0217596205,,0.3973220362796991
2020-03-12,106.74693116,sz.000858,五粮液,-0.029715165511932318,-0.03016560678748006,108.920150974,107.10221787550002,,0.41318434675353494
2020-03-13,103.8334954,sz.000858,五粮液,-0.02729292288162488,-0.027672293386962834,107.65483904800001,107.06707032199999,,0.42482479223421943
2020-03-16,97.8202995,sz.000858,五粮液,-0.05791190864600326,-0.05965649354026279,105.825472408,106.694421562,,0.47063920383311625
2020-03-17,95.16094244,sz.000858,五粮液,-0.027186147186147203,-0.02756252772580533,102.71554912000002,106.22734021850002,,0.47814222494299247
2020-03-18,91.12109111,sz.000858,五粮液,-0.04245283018867929,-0.04338029563022517,98.936551922,105.447742074,,0.48657063002315487
2020-03-19,86.47992019,sz.000858,五粮液,-0.05093410168231238,-0.05227704303837109,94.883149728,104.26034761600002,,0.48538239745343104
2020-03-20,91.90026579,sz.000858,五粮液,0.06267750465184618,0.060791671064669796,92.496503806,103.35032240550001,,0.5519476048929006
2020-03-23,88.51254979,sz.000858,五粮液,-0.03686296193899197,-0.037559574025704125,90.634953864,102.3937161,,0.5591746808508102
2020-03-24,92.35760745,sz.000858,五粮液,0.043440819060377,0.04252373204122575,90.074286866,101.7055862875,,0.5889204665554199
2020-03-25,96.549906,sz.000858,五粮液,0.045392022008252875,0.044391955746857184,91.16004984399999,101.27788714249999,,0.616505086100846
2020-03-26,96.45674381,sz.000858,五粮液,-0.0009649122807016131,-0.0009653781082355837,93.155414568,100.752367698,,0.6115099515546599
2020-03-27,98.08284749,sz.000858,五粮液,0.016858372113442766,0.016717846910026528,94.391930908,100.5495282025,,0.5962216869612367
2020-03-30,95.89777067,sz.000858,五粮液,-0.022277868923236355,-0.022529768870338147,95.868975084,100.1506246435,,0.596484042705212
2020-03-31,97.5662208,sz.000858,五粮液,0.0173982160204893,0.01724859993584273,96.910697754,99.76230769700001,,0.59790411672304
2020-04-01,97.396835,sz.000858,五粮液,-0.0017361111111111605,-0.0017376198985408486,97.080083554,99.3274096555,,0.5966833550434609
2020-04-02,99.25160951,sz.000858,五粮液,0.019043478260869495,0.018864420907260832,97.639056694,98.649442991,104.96725102133334,0.5496947984107138
2020-04-03,99.53109608,sz.000858,五粮液,0.0028159399266149965,0.002811982595110996,97.928706412,98.1179950435,104.76172958400001,0.5463928660406242
2020-04-07,105.13776606,sz.000858,五粮液,0.05633083730428878,0.05480142911988494,99.77670549,98.0265267115,104.67124933583334,0.5786558841194895
2020-04-08,106.10326512,sz.000858,五粮液,0.009183180280328607,0.009141271256986253,101.484114354,97.79616202349999,104.61591664116668,0.5649037179447328
2020-04-09,105.84918642,sz.000858,五粮液,-0.002394636015325746,-0.00239750774155742,103.17458463799998,97.5878174895,104.55394966933333,0.5646389177260797
2020-04-10,107.15345708,sz.000858,五粮液,0.012321971515442565,0.012246673936512558,104.75495415200001,97.6081437855,104.52049597383333,0.5562645085988795
2020-04-13,105.866125,sz.000858,五粮液,-0.012013910844135278,-0.01208666113514693,106.021959936,97.7097752655,104.43904963499999,0.5486318364085481
2020-04-14,108.78803005,sz.000858,五粮液,0.02760000000000007,0.027225986253591527,106.752012734,98.258161793,104.36607258616667,0.5082167624303526
2020-04-15,108.33068839,sz.000858,五粮液,-0.004203970416504443,-0.004212831944590764,107.19749738800002,98.9166490905,104.20021565699999,0.49479555751566345
2020-04-16,106.7977469,sz.000858,五粮液,-0.014150574622781686,-0.014251648640427956,107.38720948400001,99.70048188000001,104.02433673466666,0.4667095120686829
2020-04-17,109.10139378,sz.000858,五粮液,0.021570182394924586,0.021340838147870713,107.776796824,100.8315555595,103.85523324433333,0.4122918855192873
2020-04-20,109.51638899,sz.000858,五粮液,0.0038037571805620285,0.0037965411890155862,108.506849622,101.7123617195,103.69502250849999,0.366765045374485
2020-04-21,107.11111063,sz.000858,五粮液,-0.021962725233933944,-0.022207496415875216,108.17146573800001,102.6422897615,103.52450746983332,0.3452013170845558
2020-04-22,110.3548487,sz.000858,五粮液,0.030283861785403765,0.02983435823891453,108.57629779999999,103.542151824,103.42202906083334,0.33106674258773633
2020-04-23,111.02392261,sz.000858,五粮液,0.006062931696085849,0.0060446260789183215,109.421532942,104.26585265450001,103.40043237133334,0.3021249962369932
2020-04-24,111.2864706,sz.000858,五粮液,0.002364787550537706,0.002361995840792184,109.85854830600002,105.007338994,103.39619772633334,0.3011643286577701
2020-04-27,112.3874783,sz.000858,五粮液,0.009893455098934467,0.009844835287651605,110.43276616799999,105.72257053450001,103.48851298733334,0.299254956549606
2020-04-28,117.723131,sz.000858,五粮液,0.047475508666164234,0.04638299179252989,112.555170242,106.813838551,103.84789319299999,0.3109543790799663
2020-04-29,114.7588795,sz.000858,五粮液,-0.025179856115107868,-0.02550229281093612,113.43597640200001,107.673471486,104.144318343,0.33425473667021255
2020-04-30,114.98755033,sz.000858,五粮液,0.001992619926199257,0.0019906372924342695,114.228701946,108.5530072525,104.40206706866667,0.3330214189069883
2020-05-06,117.05405709,sz.000858,五粮液,0.01797156956617796,0.017811990003745306,115.382219244,109.4431296315,104.671108181,0.3325945600813669
2020-05-07,120.18769439,sz.000858,五粮液,0.026770855943853533,0.02641878623051081,116.942262462,110.475959547,104.9721914405,0.3380016483891603
2020-05-08,121.0261541,sz.000858,五粮液,0.006976252554435902,0.006952031089375578,117.60286708200002,111.27037894899999,105.27948551266667,0.28960305222845656
2020-05-11,120.13687865,sz.000858,五粮液,-0.007347795661301615,-0.007374923680961373,118.678466912,111.9720596255,105.52029565833332,0.294026430732403
2020-05-12,121.0261541,sz.000858,五粮液,0.007402185407120232,0.007374923680961402,119.886187666,112.73090800950001,105.7801617065,0.2921943203204213
2020-05-13,123.651634,sz.000858,五粮液,0.021693491952414323,0.021461536772514764,121.205703048,113.55581685549998,106.08872617216666,0.29637234058621104
2020-05-14,123.9057127,sz.000858,五粮液,0.002054794520547798,0.00205268631774204,121.94930671,114.45779624049999,106.41154727600001,0.28827760622735954
2020-05-15,122.99102938,sz.000858,五粮液,-0.007382091592617823,-0.007409474073977848,122.342281766,115.167946207,106.70684318733333,0.2835227543455005
2020-05-18,128.04719551,sz.000858,五粮液,0.04111003993940221,0.040287490040009026,123.92434513799999,116.153771563,107.099253624,0.3059839899276237
2020-05-19,128.24198918,sz.000858,五粮液,0.001521264633904229,0.0015201086830506473,125.367512154,117.225983677,107.45806921033333,0.29542421536507996
2020-05-20,127.75923965,sz.000858,五粮液,-0.003764364020604871,-0.003771467070090401,126.18903328399999,118.1588759705,107.75025971533334,0.2952165456550777
2020-05-21,128.46219072,sz.000858,五粮液,0.005502154458070896,0.005487072901641539,127.10032888799999,119.106166057,108.056283394,0.29495115420469215
2020-05-22,122.16950825,sz.000858,五粮液,-0.048984704641350074,-0.05022513311850259,126.936024662,119.85908593799999,108.29836393316667,0.3432155055375889
2020-05-25,124.52397087,sz.000858,五粮液,0.019272097053726123,0.019088742201356833,126.23137973399999,120.5675420465,108.605093386,0.3353672069987395
2020-05-26,125.18457549,sz.000858,五粮液,0.0053050397877985045,0.00529101763441568,125.619896996,121.27557469050001,108.93977149583333,0.33538421118726824
2020-05-27,123.78714264,sz.000858,五粮液,-0.011162979500710435,-0.011225753154230196,124.82547759399999,121.90060829250001,109.22010499483333,0.3408463345897168
2020-05-28,123.78714264,sz.000858,五粮液,0.0,0.0,123.89046797799999,122.4705915095,109.58089674883334,0.34098563478071037
2020-05-29,125.5148778,sz.000858,五粮液,0.013957307060755264,0.013860800792235166,124.55954188799998,122.86017884950002,109.94154734800001,0.3044927635770566
2020-06-01,134.31447011,sz.000858,五粮液,0.07010796221322546,0.06775954264852307,126.517641736,123.83795838,110.42457918766668,0.36731240742593907
2020-06-02,134.46691733,sz.000858,五粮液,0.001135002206948732,0.0011343585789106362,128.374110104,124.81192673000001,110.89744787933334,0.3675156378974406
2020-06-03,134.01804496,sz.000858,五粮液,-0.003338162121307553,-0.003343746215018157,130.420290568,125.66012612349998,111.250899582,0.36771357946179256
2020-06-04,134.53467165,sz.000858,五粮液,0.003854903943377286,0.0038474928411233096,132.56979637,126.3774749865,111.65714319233334,0.3603290212325567
2020-06-05,135.58486361,sz.000858,五粮液,0.0078061063896759375,0.007775796374478061,134.583793532,127.10541046200001,112.13410537416667,0.3603740675381208
2020-06-08,136.02526669,sz.000858,五粮液,0.0032481729027420414,0.0032429089848026393,134.925952848,127.899829864,112.556017171,0.35714158542107494
2020-06-09,137.71912469,sz.000858,五粮液,0.012452524749392957,0.012375629762825215,135.57639432000002,128.73447839349998,113.01773463083333,0.35776637981887915
2020-06-10,137.65983966,sz.000858,五粮液,-0.00043047783039185106,-0.0004305705125724509,136.30475326,129.4348886765,113.5329497725,0.35408518029423447
2020-06-11,135.56792503,sz.000858,五粮液,-0.015196259382305843,-0.015312905766452516,136.511403936,130.017999293,114.061856933,0.3615998132817703
2020-06-12,136.7790335,sz.000858,五粮液,0.00893359155369522,0.008893923104105014,136.75023791400002,130.70739949900002,114.71116916633333,0.35896735647568756
2020-06-15,132.967853,sz.000858,五粮液,-0.02786377708978338,-0.028259337314403277,136.138755176,130.9534323735,115.34128434233334,0.3518086941199324
2020-06-16,133.54376472,sz.000858,五粮液,0.004331210191083068,0.004321857496156971,135.30368318200001,131.21852115049998,116.0483289025,0.35188688840840415
2020-06-17,132.01929252,sz.000858,五粮液,-0.011415525114155445,-0.01148118237395648,134.17557375400003,131.43152379400001,116.80731844133334,0.3546608598159129
2020-06-18,134.11967644,sz.000858,五粮液,0.015909674108288474,0.015784441767421435,133.885924036,131.71439808,117.51097528550001,0.357980833404023
2020-06-19,140.22603453,sz.000858,五粮液,0.04552917403384682,0.04452314388158963,134.575324242,132.617224394,118.37286669783335,0.3344958073907468
2020-06-22,139.908442,sz.000858,五粮液,-0.0022648613794469252,-0.002267430057179877,135.963442042,133.38644795049998,119.165380607,0.33285192885959286
2020-06-23,144.18294532,sz.000858,五粮液,0.030552147239263583,0.030094723890718513,138.09127816199998,134.336366442,119.95926459566665,0.34398595730419024
2020-06-24,144.72369574,sz.000858,五粮液,0.003750446481724179,0.003743431092408353,140.632158806,135.383194097,120.7637137945,0.33737501885208676
2020-06-29,143.770945,sz.000858,五粮液,-0.006583239428266441,-0.006605004524768153,142.56241251800003,136.382384215,121.52518208633334,0.34025616229430905
2020-06-30,146.87811408,sz.000858,五粮液,0.021611940298507326,0.02138171350902893,143.892828428,137.450546029,122.3748544765,0.3431883484144209
2020-07-01,156.19962132,sz.000858,五粮液,0.06346423562412351,0.06153172615439464,147.151064292,138.5448035895,123.3520778185,0.32773107851569155
2020-07-02,162.64570966,sz.000858,五粮液,0.041268271238597665,0.0404394617529784,150.84361715999998,139.95374320599998,124.43955906283333,0.347324141881344
2020-07-03,161.98479248,sz.000858,五粮液,-0.004063538973032799,-0.004071817582103451,154.295836508,141.352080582,125.48511211233333,0.34769688341404414
2020-07-06,165.50396188,sz.000858,五粮液,0.021725307333615884,0.021492676136814676,158.642439884,142.9005450935,126.58465987566666,0.3494638137636095
2020-07-07,173.28905126,sz.000858,五粮液,0.04703868893268348,0.04596588338589826,163.92462731999998,144.785754476,127.720514629,0.3722518156828841
2020-07-08,174.55080224,sz.000858,五粮液,0.007281192728713526,0.007254812819011353,167.594863504,146.7120312535,128.86130691433334,0.3711817605991961
2020-07-09,174.85980248,sz.000858,五粮液,0.001770259638080418,0.0017686945752601155,170.037682068,148.56906514300002,130.01148384866667,0.3732460202460602
2020-07-10,177.675138,sz.000858,五粮液,0.016100530139407043,0.01597229124896522,173.17575117200002,150.56983006000002,131.18684519733333,0.3703886226446585
2020-07-13,187.2884788,sz.000858,五粮液,0.05410628019323682,0.05269328013360147,177.532654556,153.15585774849998,132.54388442733332,0.38170203645126183
2020-07-14,189.6059806,sz.000858,五粮液,0.012373968835930338,0.012298037027101045,180.79604042399998,155.7972051035,133.89085026983332,0.38098513447216864
2020-07-15,192.2238993,sz.000858,五粮液,0.01380715255771836,0.013712702227237531,184.330659836,158.7600074185,135.28907045166667,0.34312535646324605
2020-07-16,173.00580104,sz.000858,五粮液,-0.09997767358785448,-0.10533570884091178,183.959859548,160.7331092345,136.39253802066665,0.5430488452401555
2020-07-17,176.29322026,sz.000858,五粮液,0.019001786068664428,0.01882350700516004,183.68347599999998,162.9468056215,137.51240179533335,0.535141431136014
2020-07-20,173.10880112,sz.000858,五粮液,-0.01806319684502644,-0.01822832793789289,180.847540464,164.8962618555,138.57227533083332,0.5479116354619826
2020-07-21,176.45630372,sz.000858,五粮液,0.019337564458548062,0.01915296970511141,178.217605088,166.707775315,139.72802854900002,0.5352974657935938
2020-07-22,179.3059726,sz.000858,五粮液,0.01614943087849019,0.016020415977744243,175.63401974800001,168.677651845,140.87721394733336,0.5327225917576073
2020-07-23,180.31022338,sz.000858,五粮液,0.0056007659167065516,0.005585139945068943,177.09490421599997,170.484015748,142.03198562683335,0.5291900542029947
2020-07-24,172.85988426,sz.000858,五粮液,-0.04131956014661775,-0.04219748188881916,176.408237016,171.89082517399999,143.0582091878333,0.5614643470692721
2020-07-27,175.1859694,sz.000858,五粮液,0.013456477481503581,0.01336674319702929,176.823670672,173.46157639400002,144.1048507061667,0.5583332113579307
2020-07-28,183.683476,sz.000858,五粮液,0.04850563449289558,0.047365945206052314,178.269105128,175.30184448999998,145.20418978950002,0.5733693804662169
2020-07-29,184.52464332,sz.000858,五粮液,0.0045794392523363925,0.004568985523065906,179.312839272,176.71809559,146.36695251983335,0.5402450168986308
2020-07-30,185.67481088,sz.000858,五粮液,0.006233137966322522,0.006213792309681898,180.385756772,177.869550651,147.545073529,0.5265744699977578
2020-07-31,186.687645,sz.000858,五粮液,0.005454881656804744,0.0054400576741395245,183.15130892,179.104693277,148.7056333275,0.5249598268792632
2020-08-03,186.87647848,sz.000858,五粮液,0.0010114942528736126,0.0010109830372605423,185.48941073600002,180.173319107,149.81711306233333,0.5227424028019003
2020-08-04,185.2284772,sz.000858,五粮液,-0.008818666176740875,-0.0088577807419651,185.79841097599999,180.770290404,150.88715178066664,0.5026806041260911
2020-08-05,186.67047832,sz.000858,五粮液,0.007784986098239299,0.0077548394536858176,186.227577976,181.37627420799998,151.99604510849997,0.5027296637461607
2020-08-06,181.12564068,sz.000858,五粮液,-0.029703880816626782,-0.03015397656377379,185.317743936,181.689566118,152.99770321816666,0.5166810036256259
2020-08-07,177.89830484,sz.000858,五粮液,-0.017818216282816768,-0.0179788719578747,183.559875904,181.70072446,153.90181439883332,0.5186727041495104
2020-08-10,176.76530396,sz.000858,五粮液,-0.006368812120042477,-0.006389179527466615,181.53764099999998,181.174565718,154.78280758649998,0.47879521769135897
2020-08-11,179.391806,sz.000858,五粮液,0.01485869670777884,0.014749387736206116,180.37030676,180.663856988,155.72282053016667,0.47989474048485065
2020-08-12,177.22022098,sz.000858,五粮液,-0.012105263157894841,-0.012179128568023116,178.48025529199998,179.913673072,156.54237095466667,0.4771560844842889
2020-08-13,177.5893046,sz.000858,五粮液,0.0020826270160314575,0.0020804613547094246,177.772988076,180.14284825,157.36482621166667,0.3130956168009521
2020-08-14,182.7393086,sz.000858,五粮液,0.028999516674722114,0.028586987147936466,178.74118882800002,180.465152667,158.2811606941667,0.3223843734482754
2020-08-17,188.82489666,sz.000858,五粮液,0.03330201972757174,0.03275951887438416,181.15310736799998,181.250957444,159.2872057931667,0.3314338134423893
2020-08-18,189.32273038,sz.000858,五粮液,0.0026364834765215672,0.0026330140506786157,183.139292244,181.894278777,160.406426162,0.3268280982017229
2020-08-19,190.7218148,sz.000858,五粮液,0.007389944235390189,0.00736277238103314,185.83961100799996,182.465070887,161.50972356083335,0.3238776467674157
2020-08-20,185.77781096,sz.000858,五粮液,-0.025922592259225885,-0.026264504430995064,187.47731228000004,182.738450266,162.51961081866665,0.33982902832751655
2020-08-21,187.4601456,sz.000858,五粮液,0.009055627425614388,0.00901487109621536,188.42147968,183.468463333,163.58082753466667,0.299927801804045
2020-08-24,193.12515,sz.000858,五粮液,0.030219780219780112,0.02977215833367005,189.28153034800002,184.365422363,164.73646099066667,0.31240969185391315
2020-08-25,202.2234904,sz.000858,五粮液,0.047111111111111104,0.0460350495730115,191.861682352,185.29242308300002,166.01493786733334,0.3098669451203716
2020-08-26,203.1247411,sz.000858,五粮液,0.004456706281833478,0.004446804574825213,194.34226761199997,186.222427972,167.16177571716665,0.309869456058707
2020-08-27,204.35215872,sz.000858,五粮液,0.00604267906190592,0.006024495292470205,198.057137164,187.156295364,168.32652974033334,0.3098600835229058
2020-08-28,206.429327,sz.000858,五粮液,0.01016465053763449,0.010113337901088907,201.850973444,188.14337946400002,169.533384441,0.3104056380046349
2020-08-31,206.00016,sz.000858,五粮液,-0.0020790020790021346,-0.002081166203824623,204.425975444,189.09956354000002,170.72447591350002,0.31115418913313975
2020-09-01,202.77282416,sz.000858,五粮液,-0.015666666666666607,-0.015790685906324015,204.535842196,189.976780888,171.844275256,0.3161165943828055
2020-09-02,201.70849,sz.000858,五粮液,-0.0052488994243141684,-0.005262723291508179,204.252591976,190.728681472,172.9389956445,0.3178226292705823
2020-09-03,204.83282576,sz.000858,五粮液,0.015489361702127669,0.015370626062334126,204.348725384,191.914040726,174.057557329,0.29369536502564053
2020-09-04,197.60565348,sz.000858,五粮液,-0.035283271873952304,-0.03592076671957697,202.58399068,192.899408158,175.056654226,0.3182574251865495
2020-09-07,194.74740126,sz.000858,五粮液,-0.014464425332290864,-0.014570054950868187,200.333438932,193.798513023,176.04297882983334,0.3235012794034873
2020-09-08,190.49006462,sz.000858,五粮液,-0.02186081361011949,-0.02210330170141021,197.876887024,194.353425954,176.93816268183335,0.33479821749684435
2020-09-09,186.258478,sz.000858,五粮液,-0.022214211688370233,-0.022464663294178153,194.786884624,194.80533880500002,177.82633976516667,0.34276214850887293
2020-09-10,191.5801488,sz.000858,五粮液,0.02857142857142847,0.028170876966696224,192.136349232,195.504881015,178.79361283316666,0.35480356060467677
2020-09-11,195.59715192,sz.000858,五粮液,0.020967741935483897,0.020750944105038974,191.73464891999998,196.147773181,179.85324382316668,0.34839575776506676
2020-09-14,197.48548672,sz.000858,五粮液,0.00965420396700023,0.009607899920487101,192.28226601199998,196.580802684,180.90934066116668,0.3313833782411261
2020-09-15,197.70007022,sz.000858,五粮液,0.0010865785813629625,0.0010859886821321335,193.72426713199997,196.999669676,181.867241256,0.3314175387486532
2020-09-16,194.00065068,sz.000858,五粮液,-0.018712282377458367,-0.018889572282809276,195.272701668,197.16361147,182.76877806733333,0.3390411887813287
2020-09-17,191.1080651,sz.000858,五粮液,-0.014910184939385895,-0.015022459164293317,195.17828492799998,197.43012417699998,183.55086339699997,0.3295336136832407
2020-09-18,197.00481968,sz.000858,五粮液,0.030855602964293682,0.030389139905397915,195.45981848000002,197.907357881,184.42221546266666,0.3447909671121032
2020-09-21,193.0393166,sz.000858,五粮液,-0.02012896479609616,-0.020334312707839308,194.570584456,197.903066211,185.24335498933337,0.3377562519837138
2020-09-22,191.3226486,sz.000858,五粮液,-0.008892841262783446,-0.008932618573446814,193.295100132,197.358024121,185.98409723133332,0.28964771101606374
2020-09-23,188.24981288,sz.000858,五粮液,-0.016061013907581856,-0.01619138985597544,192.14493257200002,196.61427770999998,186.51826709066665,0.2921553146016149
2020-09-24,185.6576442,sz.000858,五粮液,-0.013769834032464012,-0.013865517576834662,191.054848392,195.679551984,186.90179933299999,0.29191573850083186
2020-09-25,186.4301448,sz.000858,五粮液,0.004160887656033285,0.004152255100767288,188.939913416,194.67959287399998,187.30922187166667,0.28864091703732886
2020-09-28,188.94506342,sz.000858,五粮液,0.013489871086556082,0.013399692865459454,188.12106278,193.826838045,187.69990689733334,0.2958769694480516
2020-09-29,188.60172982,sz.000858,五粮液,-0.0018171080725025712,-0.0018187610160643813,187.576879024,193.11828332800002,187.95511820666667,0.2927932367171421
2020-09-30,189.691814,sz.000858,五粮液,0.005779820689027382,0.005763181608577266,187.86527924799998,192.517449528,188.20746840266668,0.294508863146104
2020-10-09,195.33106838,sz.000858,五粮液,0.0297285067873303,0.029295181853374444,189.799964084,192.042361659,188.54865616766665,0.310221159770007
2020-10-12,207.5022445,sz.000858,五粮液,0.06231049786878762,0.06044625096227642,194.01438402399998,192.53719121,189.04577460933334,0.36135451187831175
2020-10-13,207.94857818,sz.000858,五粮液,0.0021509824198553407,0.0021486723691626006,197.815086976,193.19725005599997,189.390109599,0.3556619684542733
2020-10-14,205.4851596,sz.000858,五粮液,-0.011846287200231176,-0.011917013578693446,201.191772932,193.947004805,189.65476258233332,0.34787479381188186
2020-10-15,205.06457594,sz.000858,五粮液,-0.0020467836257310745,-0.0020488811499438757,204.26632532,194.887309702,189.86877385966667,0.3348239327904314
2020-10-16,203.32215792,sz.000858,五粮液,-0.008496923527688272,-0.008533228180593164,205.864543228,195.474410158,190.37404647433334,0.3259920942983111
2020-10-19,202.72132412,sz.000858,五粮液,-0.002955082742316817,-0.00295945762020032,204.908359152,195.830618768,190.814514872,0.3196731562602142
2020-10-20,206.84132732,sz.000858,五粮液,0.0203234820899314,0.020119716321994816,204.68690898,196.29841079800002,191.376723642,0.32526519078806015
2020-10-21,207.51941118,sz.000858,五粮液,0.0032782803552160455,0.0032729185093991167,205.093759296,196.78937784599998,191.89444209966666,0.325230798641369
2020-10-22,207.49366116,sz.000858,五粮液,-0.0001240848740539091,-0.00012409257321880013,205.57957634,197.46402837,192.36423690899997,0.3156092387252656
2020-10-23,203.10757442,sz.000858,五粮液,-0.021138413171175596,-0.021365028644350956,205.53665964,198.064003836,192.74419275966665,0.32116668135575105
2020-10-26,199.65707174,sz.000858,五粮液,-0.01698854752144696,-0.017134508365143655,204.92380916399998,198.19661643900002,193.190812551,0.3113559082760092
2020-10-27,200.420989,sz.000858,五粮液,0.0038261467692704,0.003818845687135733,203.63974149999999,198.565700059,193.61139621099997,0.3014025066726885
2020-10-28,205.98299332,sz.000858,五粮液,0.027751605995717243,0.027373509427290735,203.332457928,199.29871729500002,193.983054833,0.3116574109756156
2020-10-29,214.5835,sz.000858,五粮液,0.041753479456621445,0.04090533132600366,204.750425696,200.615401651,194.48403577766666,0.32964793924522334
2020-10-30,209.7339129,sz.000858,五粮液,-0.022599999999999953,-0.022859294146082558,206.075693392,201.819215086,194.8850208113333,0.33832077247111897
2020-11-02,210.8926638,sz.000858,五粮液,0.005524861878453136,0.0055096558109697,208.322811804,203.04234103599998,195.28843779133334,0.3382395797117286
2020-11-03,214.9268336,sz.000858,五粮液,0.01912901912901921,0.01894835969881011,211.223980724,204.34142954499998,195.75594370999997,0.34039382058378137
2020-11-04,217.158502,sz.000858,五粮液,0.010383386581469534,0.01032984950157666,213.45908246,205.76926815399997,196.28811079,0.3391083155139945
2020-11-05,222.66042294,sz.000858,五粮液,0.025335968379446516,0.025020332912928194,215.074467048,207.41769860099998,196.88794320033332,0.3450090938703533
2020-11-06,222.5660062,sz.000858,五粮液,-0.0004240391657992504,-0.0004241290958297849,217.64088570799998,208.779445492,197.57861595900002,0.3366297849776185
2020-11-09,231.75018,sz.000858,五粮液,0.04126494408021597,0.04043626645375606,221.81238894799998,209.99184226699998,198.47614721166664,0.2964577616970291
2020-11-10,234.1535152,sz.000858,五粮液,0.010370370370370363,0.010316966970932269,225.657725268,211.302089118,199.432617399,0.29658647144175054
2020-11-11,230.8060126,sz.000858,五粮液,-0.014296187683284445,-0.014399362694488035,228.38722738799999,212.56813176799997,200.28952084233333,0.2986745336767629
2020-11-12,229.7330951,sz.000858,五粮液,-0.004648568240981699,-0.004659406435428615,229.80176182,213.801557726,201.16473541099998,0.29974436014629635
2020-11-13,227.45851,sz.000858,五粮液,-0.00990099009901002,-0.009950330853168203,230.78026258,215.00837532999998,201.99588883433333,0.30067652121674143
2020-11-16,234.325182,sz.000858,五粮液,0.030188679245283012,0.029741969198737516,231.29526298000002,216.58856822400003,202.855653391,0.31073490269211806
2020-11-17,230.9776794,sz.000858,五粮液,-0.014285714285714346,-0.014388737452099669,230.66009582,217.795385828,203.55819977,0.3159593149517265
2020-11-18,226.35984248,sz.000858,五粮液,-0.01999256781865477,-0.02019512348776122,229.77086179600002,218.73740739299996,204.17548497166666,0.3288781712252695
2020-11-19,227.2010098,sz.000858,五粮液,0.0037160624905203665,0.003709174987956799,229.264444736,219.722774825,204.78347155499998,0.32843549754207035
2020-11-20,230.43692898,sz.000858,五粮液,0.014242538723082676,0.01414206662982089,229.860128532,221.08924255300002,205.52779018866667,0.3151938751058557
2020-11-23,233.96468172,sz.000858,五粮液,0.015308973069616538,0.015192973136490224,229.788028476,222.80462305200004,206.30286579066666,0.3038949820342052
2020-11-24,233.28659786,sz.000858,五粮液,-0.002898231711790933,-0.002902439717802911,230.249812168,224.447903495,206.972223255,0.3060882497432868
2020-11-25,225.71609198,sz.000858,五粮液,-0.032451525074506105,-0.032989752051163466,230.121062068,225.434558428,207.36376661466664,0.32785592544030534
2020-11-26,223.66467372,sz.000858,五粮液,-0.009088489181275361,-0.009130041455614931,229.413794852,225.888617114,207.706098825,0.30033840271841605
2020-11-27,225.1410082,sz.000858,五粮液,0.0066006600660064585,0.00657897109804234,228.354610696,226.658971879,208.05257964966665,0.2858376312898089
2020-11-30,218.016836,sz.000858,五粮液,-0.03164315669081197,-0.03215461985429133,225.165041552,227.01518048900002,208.24570479966667,0.3119523719592653
2020-12-01,221.44158866,sz.000858,五粮液,0.015708661417322745,0.01558655746198208,222.79603971199998,227.340918242,208.503061944,0.30966686636285046
2020-12-02,223.6389237,sz.000858,五粮液,0.009922865227334432,0.00987395687470492,222.38060605599998,227.664939327,208.8508302696667,0.30949935963059066
2020-12-03,224.56592442,sz.000858,五粮液,0.004145077720207224,0.0041365105517802755,222.56085619599997,227.76021440100004,209.23178750999998,0.29687457700370384
2020-12-04,229.33826146,sz.000858,五粮液,0.02125138554447137,0.0210287239054479,223.40030684799999,228.09882716399997,209.64021143833332,0.30572884141230333
2020-12-07,231.95618016,sz.000858,五粮液,0.01141509787042927,0.011350437247038256,226.18817568,228.109127172,210.21272021633334,0.27083187545785775
2020-12-08,233.466848,sz.000858,五粮液,0.006512729425695696,0.006491613236507393,228.59322754800002,228.074793812,210.8580443286667,0.2692489037346034
2020-12-09,231.50984648,sz.000858,五粮液,-0.008382352941176507,-0.008417682429616161,230.167412104,228.109985506,211.54170735966667,0.265884324263699
2020-12-10,229.75026178,sz.000858,五粮液,-0.007600474566216819,-0.00762950536514638,231.204279576,228.11084383999997,212.26657042266666,0.2668157867793286
2020-12-11,229.62151168,sz.000858,五粮液,-0.000560391526880033,-0.000560548604897934,231.26092962,228.21899392400002,212.90059313733335,0.2642015932597939
2020-12-14,234.4539321,sz.000858,五粮液,0.021045155502392277,0.02082676494538978,231.760480008,228.225431429,213.54820614033332,0.2523502881741344
2020-12-15,232.4368472,sz.000858,五粮液,-0.00860333150283732,-0.008640553803606774,231.55447984799997,228.29838981899996,214.130728815,0.24882089014220768
2020-12-16,235.46676622,sz.000858,五粮液,0.013035450516986735,0.012951220228733497,232.345863796,228.753736006,214.76017374833333,0.24033718629898432
2020-12-17,238.45376854,sz.000858,五粮液,0.01268545182809011,0.012605665525739447,234.086565148,229.316373943,215.501059046,0.24323646902044288
2020-12-18,237.63835124,sz.000858,五粮液,-0.003419603326014209,-0.0034254635330040997,235.68993306000002,229.67644505599998,216.276563815,0.24001705308601645
2020-12-21,241.97293794,sz.000858,五粮液,0.018240265838329828,0.018075907803494374,237.19373422799998,230.076857867,217.02603245266667,0.2424429539512386
2020-12-22,242.37635492,sz.000858,五粮液,0.0016671987513745545,0.0016658105182957193,239.18163577200002,230.53134572000005,217.84831642466665,0.24181138931133547
2020-12-23,238.86576886,sz.000858,五粮液,-0.014484028613924504,-0.01458994614211941,239.8614363,231.18882956400003,218.64070176233335,0.21472999422448408
2020-12-24,236.31651688,sz.000858,五粮液,-0.010672320241474798,-0.010729677909096248,239.43398596800003,231.82142172199997,219.44181349566668,0.2159749848147712
2020-12-25,236.83151728,sz.000858,五粮液,0.0021792822896993247,0.002176911098422088,239.27261917599998,232.405947176,220.29471138033335,0.21552452879628978
2020-12-28,245.4406073,sz.000858,五粮液,0.03635111626558429,0.035706001732739794,239.96615304799997,233.777135741,221.27821908866665,0.20712609303921045
2020-12-29,241.191854,sz.000858,五粮液,-0.01731071865710787,-0.017462301027579414,239.729252864,234.76464900799996,222.14899893166665,0.2194407466767346
2020-12-30,246.23885792,sz.000858,五粮液,0.020925266903914608,0.020709340523076998,241.203870676,235.89464571900004,223.10961773333332,0.2264947415364107
2020-12-31,250.5047779,sz.000858,五粮液,0.01732431678750701,0.017175961792977326,244.04152288,237.191588393,224.12316713166666,0.23068837666572073
2021-01-04,255.8264487,sz.000858,五粮液,0.02124378961795448,0.02102128601613556,247.84050916400003,238.515997755,225.13142347033332,0.23068153413878487
2021-01-05,274.64971332,sz.000858,五粮液,0.07357825868142931,0.07099723617463032,253.68233036799998,240.650674413,226.2505479506667,0.33395529151960496
2021-01-06,281.7910522,sz.000858,五粮液,0.026001625101568893,0.025669330666981183,261.802170008,243.066884623,227.481255851,0.33939271162103124
2021-01-07,283.25022,sz.000858,五粮液,0.005178190679256733,0.0051648299529788895,269.204442424,245.653903299,228.777340191,0.3331870010795395
2021-01-08,272.091878,sz.000858,五粮液,-0.039393939393939426,-0.04019088058324534,273.521862444,247.77098411000003,229.89446189199998,0.37266673607820056
2021-01-11,258.5302008,sz.000858,五粮液,-0.049842271293375484,-0.0511272779515422,274.062612864,249.216418566,230.81459593999998,0.42620892604144506
2021-01-12,266.08354,sz.000858,五粮液,0.029216467463479612,0.028797801553453607,272.34937820000005,250.79789896100002,231.87063287133333,0.43092270014997724
2021-01-13,262.07512022,sz.000858,五粮液,-0.01506451612903248,-0.015179138563330476,268.406191804,252.27981261200003,232.79119608633334,0.434559997417399
2021-01-14,248.4018596,sz.000858,五粮液,-0.052173058657845495,-0.053583344718478074,261.436519724,252.92656728100002,233.4725702266667,0.4805136504213314
2021-01-15,246.9426918,sz.000858,五粮液,-0.005874222529371087,-0.005891543639881233,256.40668248400004,253.351013444,234.13005407066666,0.48012514666471523
2021-01-18,244.2389397,sz.000858,五粮液,-0.010948905109489093,-0.011009285508369368,253.548430264,253.681042867,234.81557682533332,0.48203064640338755
2021-01-19,241.621021,sz.000858,五粮液,-0.01071867861535758,-0.010776537469387828,248.655926464,253.66344702,235.51497597966667,0.4798923021682429
2021-01-20,244.4964399,sz.000858,五粮液,0.01190053285968018,0.0118302783466594,245.14019040000002,253.769451269,236.24956682799998,0.4816338683834056
2021-01-21,254.8822813,sz.000858,五粮液,0.0424784974548007,0.04160104853546456,246.43627474,254.570276891,237.064554961,0.4996534015554023
2021-01-22,253.68919704,sz.000858,五粮液,-0.004680922714261571,-0.004691912541422264,247.78557578800002,255.43891089900004,237.7163165783333,0.49781384462316025
2021-01-25,270.96746046,sz.000858,五粮液,0.06810799837596426,0.06588885750038365,253.13127994,257.14570805799997,238.73687570433333,0.5471464249926067
2021-01-26,262.46137052,sz.000858,五粮液,-0.0313915550064936,-0.031894830288362756,257.299349844,257.996746219,239.59635414966667,0.5522812146003182
2021-01-27,251.13136172,sz.000858,五粮液,-0.04316829092811825,-0.044127755582527586,258.626334208,258.493721605,240.19976295166668,0.5727187026663247
2021-01-28,245.483524,sz.000858,五粮液,-0.02248957550071784,-0.02274632273008754,256.746582748,258.455954909,240.67184665166667,0.5750582543731256
2021-01-29,249.89536076,sz.000858,五粮液,0.017972027972027904,0.017812440316662126,255.98781549199998,258.425484052,241.125762282,0.5753146638894069
2021-02-01,250.88244486,sz.000858,五粮液,0.003949989695679168,0.003942208968844892,251.970812372,258.17828386,241.5977029263333,0.5702961678832895
2021-02-02,261.03653608,sz.000858,五粮液,0.04047350234356295,0.039675900254876384,251.685845484,257.497624998,242.085808861,0.5235556972483423
2021-02-03,265.0106225,sz.000858,五粮液,0.015224253584111613,0.015109527581951134,254.46169764,256.658603513,242.60009398266666,0.5172641372176856
2021-02-04,269.1735424,sz.000858,五粮液,0.015708502024291304,0.015586400534065641,259.19970132,255.954769633,243.23955281266666,0.5206932901403055
2021-02-05,274.46087984,sz.000858,五粮液,0.019642857142857295,0.01945242592681545,264.11280513599996,256.073219725,243.98501589166668,0.5064906376445846
2021-02-08,274.66688,sz.000858,五粮液,0.0007505629221915555,0.0007502813907040609,268.869692164,256.880053685,244.77182205833333,0.4697491696595071
2021-02-09,282.821053,sz.000858,五粮液,0.02968750000000009,0.029255358148789764,273.226595548,257.716929335,245.58008657500002,0.47009475274712204
2021-02-10,294.1081451,sz.000858,五粮液,0.039908952959028854,0.039133164089270804,279.046100068,259.318580579,246.63226100333335,0.48170577992711067
2021-02-18,286.254389,sz.000858,五粮液,-0.02670363344520643,-0.027066652676154237,282.462269388,261.211207049,247.63050344533335,0.44806739428736947
2021-02-19,295.6102296,sz.000858,五粮液,0.032683658170914676,0.03216090719789746,286.69213934000004,263.644583939,248.77065710866665,0.45368108588678935
2021-02-22,268.71004204,sz.000858,五粮液,-0.09099883855981417,-0.09540890709349888,285.50077174800003,264.868139056,249.40854232633333,0.5742976703811872
2021-02-23,270.37521,sz.000858,五粮液,0.006196895163866234,0.006177773365556091,283.011603148,266.30584850599996,250.01538446433335,0.5711243207873055
2021-02-24,251.56052872,sz.000858,五粮液,-0.06958730158730153,-0.07212702953386989,274.502079872,266.65905294699996,250.31994997866667,0.6306057856635154
2021-02-25,247.9726926,sz.000858,五粮液,-0.01426231745598483,-0.014365001819573673,266.845740592,266.313573512,250.69089332233335,0.614481705415891
2021-02-26,240.33352,sz.000858,五粮液,-0.030806507442021402,-0.03129100430293989,255.79039867199998,265.64578966,250.96870742700003,0.6236843599894528
2021-03-01,248.07569268,sz.000858,五粮液,0.03221428571428575,0.03170628670093485,251.6635288,264.501201271,251.35095216833332,0.5818131117849259
2021-03-02,240.9343538,sz.000858,五粮液,-0.02878693516019659,-0.029209406502347685,245.77535756000003,263.424850435,251.73291079833334,0.5802432050760861
2021-03-03,244.8826902,sz.000858,五粮液,0.016387602422515135,0.016254774851617502,244.43978985599998,263.112416859,252.123595824,0.5647070811350203
2021-03-04,228.58292754,sz.000858,五粮液,-0.06656151419558376,-0.06888021447111682,240.56183684399997,262.267387036,252.205995888,0.6073788767845575
2021-03-05,228.746011,sz.000858,五粮液,0.0007134542450528691,0.0007131998575616765,238.244335044,261.209919548,252.27566399766664,0.6026041813820613
2021-03-08,209.862663,sz.000858,五粮液,-0.0825515947467167,-0.08615893469097251,230.60172910800003,259.158930455,251.95107069000002,0.6632037735292867
2021-03-09,208.145995,sz.000858,五粮液,-0.008179959100204526,-0.008213598537388856,224.04405734799997,256.51440340100004,251.55423427066665,0.6380146355726686
2021-03-10,216.8151684,sz.000858,五粮液,0.041649484536082415,0.04080549953885279,218.430552988,254.10463069600002,251.27670627733332,0.6586874152725937
2021-03-11,227.49284336,sz.000858,五粮液,0.04924782264449723,0.04807354807524969,218.21253615199998,252.020595744,251.20975622533334,0.6856777489895178
2021-03-12,226.9864263,sz.000858,五粮液,-0.0022260790824025767,-0.002228560479651417,217.860619212,249.64687306700003,251.16369230066667,0.6785668641401421
2021-03-15,215.45041734,sz.000858,五粮液,-0.05082246171298921,-0.05215941853637194,218.97817008,246.68604993400004,250.927507395,0.6937054563383348
2021-03-16,225.23542494,sz.000858,五粮液,0.04541651727022833,0.044415387124256314,222.396056068,243.806768531,250.77386560899998,0.7080812439945353
2021-03-17,226.86625954,sz.000858,五粮液,0.007240577721885577,0.00721449058727457,224.406274296,240.444674253,250.68102248133334,0.6864911541783911
2021-03-18,232.08493026,sz.000858,五粮液,0.023003291589421604,0.02274270454928037,225.324691676,237.736201316,250.62465854866664,0.6949800078170361
2021-03-19,223.84492386,sz.000858,五粮液,-0.03550427160767777,-0.03614987547734542,224.696391188,234.147936029,250.381177804,0.682113377065164
2021-03-22,222.737673,sz.000858,五粮液,-0.004946508685148898,-0.004958783153139255,226.15384231999997,231.84931757700002,250.13283316666667,0.6167123747244644
2021-03-23,225.0980915,sz.000858,五粮液,0.010597302504816941,0.010541544670463213,226.12637563200002,229.585461652,249.851585726,0.6183092199842808
2021-03-24,223.8535072,sz.000858,五粮液,-0.005529075309818943,-0.0055444172239087364,225.52382516400002,228.200110576,249.54287159733335,0.5744725092084951
2021-03-25,219.71633732,sz.000858,五粮液,-0.018481595092024516,-0.018654513624852157,223.05010657600002,226.78729281199998,249.22371440499998,0.5755509402864456
2021-03-26,228.2739273,sz.000858,五粮液,0.038948355340260976,0.0382090047606809,223.93590726399998,226.184313177,249.08967124533334,0.5878347761993127
2021-03-29,233.54409806,sz.000858,五粮液,0.023087046437300307,0.022824572731118573,226.097192276,225.45773344600002,249.03488092499998,0.5816681470210493
2021-03-30,234.72001564,sz.000858,五粮液,0.005035098680583605,0.005022464961490473,228.02157710400002,225.14701653800003,248.85620439733333,0.5736254993315915
2021-03-31,230.01634532,sz.000858,五粮液,-0.020039493893074023,-0.02024300802047373,229.25414472800003,224.40369929399998,248.66994591933332,0.5738288196307176
2021-04-01,234.39384872,sz.000858,五粮液,0.019031270990372384,0.018852441689617572,232.189647008,224.69424535299999,248.47252909933334,0.5254793609534153
2021-04-02,244.24752304,sz.000858,五粮液,0.04203896294126275,0.04117933509012031,235.38436615600003,225.46932095499997,248.36824151833335,0.5444931215391272
2021-04-06,244.41918984,sz.000858,五粮液,0.0007028394714647668,0.0007025925954727975,237.559384512,227.197147297,248.17812053733334,0.43931009398282017
2021-04-07,232.4797639,sz.000858,五粮液,-0.04884815283045374,-0.05008155813176466,237.11133416399997,228.413835742,247.475288047,0.48093826356880426
2021-04-08,234.39384872,sz.000858,五粮液,0.008233339486800828,0.008199630446171696,237.986834844,229.292769758,246.68533465566668,0.4623349591275126
2021-04-09,227.7160102,sz.000858,五粮液,-0.028489819833015906,-0.028903531406385526,236.65126714,229.30392809999998,245.75976449233335,0.44410544055771806
2021-04-12,224.01659066,sz.000858,五粮液,-0.01624575951752738,-0.016379168731252624,232.60508066399998,229.155436318,244.95850970333333,0.4479856233106574
2021-04-13,225.6560086,sz.000858,五粮液,0.007318288057013733,0.007291639323394181,228.85244441599997,229.665715881,244.4106065,0.4066100822270149
2021-04-14,226.41134252,sz.000858,五粮液,0.0033472803347280866,0.0033416906619032558,227.63876014,229.72451175999998,243.74940320866668,0.374008636698596
2021-04-15,219.5618372,sz.000858,五粮液,-0.030252483129880936,-0.030719533252996388,224.672357836,229.35929064299998,243.04084849166665,0.38847857870863034
2021-04-16,224.7118412,sz.000858,五粮液,0.023455824863174435,0.023184964331057316,224.07152403600003,228.99063618999998,242.64601485166665,0.3888579699222553
2021-04-19,228.03359378,sz.000858,五粮液,0.014782276546982276,0.014674083619034961,224.87492465999998,229.200069686,242.33086321800002,0.37078709627224865
2021-04-20,229.8189285,sz.000858,五粮液,0.007829261866225012,0.007798772233023479,225.70750864000001,229.55413246099997,242.09052969799998,0.3707572682709245
2021-04-21,232.4797639,sz.000858,五粮液,0.011577964519140949,0.011511452776049685,226.92119291600002,229.92321608100002,241.938175413,0.37108117620807307
2021-04-22,232.77159746,sz.000858,五粮液,0.0012553073657006752,0.0012545201261590087,229.56314496800002,230.369120594,241.74276137233335,0.37006581216563433
2021-04-23,240.33352,sz.000858,五粮液,0.03248644861536176,0.031969920939182675,232.687480728,231.399979728,241.50028201733332,0.3764299747727232
2021-04-26,236.04185,sz.000858,五粮液,-0.017857142857142794,-0.01801850550267825,234.289131972,231.78837586299997,241.20615956666668,0.36172596881228414
2021-04-27,241.89568788,sz.000858,五粮液,0.024799999999999933,0.02449747160038737,236.70448384800002,232.20595535399997,240.72163002366668,0.3631037500443441
2021-04-28,245.1401904,sz.000858,五粮液,0.013412816691505292,0.013323661198470664,239.236569148,232.72696409199997,240.43294368833332,0.3652415316555848
2021-04-29,248.487693,sz.000858,五粮液,0.013655462184873901,0.013563066547620566,242.37978825599998,233.65053147600003,240.388882543,0.35724810701776166
2021-04-30,244.62519,sz.000858,五粮液,-0.015544041450777257,-0.015666116744399463,243.238122256,234.16209854,240.37457697633334,0.3591731316430129
2021-05-06,237.27785096,sz.000858,五粮液,-0.030035087719298303,-0.030495381045457,243.48532244799998,233.81361493600002,240.16428514633333,0.34444364926490595
2021-05-07,233.5526814,sz.000858,五粮液,-0.015699609318477692,-0.015824153433992873,241.81672115199999,233.27028951399998,239.87545575533335,0.3481298325412351
2021-05-10,226.600176,sz.000858,五粮液,-0.029768467475193017,-0.030220542642884523,238.10871827199998,232.97631011900003,239.30151642066667,0.31951747148865295
2021-05-11,236.4281003,sz.000858,五粮液,0.0433712121212122,0.04245702077240945,235.696799732,233.07802269799998,238.82514105066667,0.35543699491113384
2021-05-12,238.19626834,sz.000858,五粮液,0.007478671265202408,0.007450844654517362,234.4110154,233.602035605,238.30885314966665,0.3388432923648841
2021-05-13,236.900184,sz.000858,五粮液,-0.00544124536052748,-0.005456102856092819,234.335482008,234.24621527199997,237.68284155233331,0.33304971744891076
2021-05-14,246.341858,sz.000858,五粮液,0.03985507246376807,0.03908135004247106,236.89331732800002,235.28050774199997,237.21075785233333,0.35774374336454184
2021-05-17,255.08828146,sz.000858,五粮液,0.035505226480836205,0.034889449142392615,242.59093842000001,236.714354689,236.74854499333333,0.37404785261235074
2021-05-18,257.071033,sz.000858,五粮液,0.007772805276086148,0.007742752653490429,246.71952496,238.589814479,236.13125979166668,0.3483075009129422
2021-05-19,259.89495186,sz.000858,五粮液,0.010984974958263782,0.010925078363373792,251.059261664,240.34897001200002,235.69193583933335,0.34382068818486083
2021-05-20,260.51295234,sz.000858,五粮液,0.0023778856633311918,0.002375062967031059,255.781815332,241.97293794,235.10698121833332,0.34316493789224695
2021-05-21,254.5818644,sz.000858,五粮液,-0.02276695990247446,-0.02303012918207707,257.429816612,243.21108473500004,234.871511591,0.35889262247774634
2021-05-24,261.80045334,sz.000858,五粮液,0.028354686446392385,0.02796013325134757,258.772250988,244.67711920699998,234.72859898,0.36757654108901594
2021-05-25,277.26763202,sz.000858,五粮液,0.059080030162945496,0.05740063521143202,262.811570792,246.901920935,235.15705070166666,0.41187786943904137
2021-05-26,273.808546,sz.000858,五粮液,-0.012475621459307251,-0.01255409538176685,265.59428962,248.575672235,235.58764825833333,0.4089306010957549
2021-05-27,273.10471212,sz.000858,五粮液,-0.0025705329153604684,-0.0025738424077509127,268.112641576,250.42881534100002,236.13383479366667,0.40018582785652784
2021-05-28,272.0060446,sz.000858,五粮液,-0.004022880130743589,-0.004030993680218548,271.597477616,251.934333177,236.53267399233334,0.3968362556761602
2021-05-31,270.47821008,sz.000858,五粮液,-0.005616913852950489,-0.005632748034224655,273.333028964,253.201234161,237.025071597,0.39798103984336025
2021-06-01,270.9760438,sz.000858,五粮液,0.0018405686722517967,0.0018388769012954867,272.07471132,254.32565170100003,237.45996082366665,0.39686965872114227
2021-06-02,267.66287456,sz.000858,五粮液,-0.012226797592651328,-0.012302159804695366,270.845577032,255.477535929,238.11129327400002,0.3948020098301876
2021-06-03,269.18212574,sz.000858,五粮液,0.005675987685992867,0.005659939963700538,270.061059756,257.07274966800003,238.7852285196667,0.3727447009206068
2021-06-04,270.6327102,sz.000858,五粮液,0.0053888587736361515,0.00537439082806407,269.786392876,258.926751108,239.79806263966665,0.3634224887718478
2021-06-07,268.58129194,sz.000858,五粮液,-0.007580082461148052,-0.007608957294497753,269.407009248,261.02580690499997,240.80531758866667,0.3409715005268288
2021-06-08,255.7406153,sz.000858,五粮液,-0.04780927423220749,-0.04898992206352956,266.359923548,261.99143265500004,241.454075037,0.3705090145545859
2021-06-09,254.496031,sz.000858,五粮液,-0.004866588353750645,-0.00487846875520778,263.726554836,262.806420788,241.90412816433334,0.3716454711155962
2021-06-10,260.1181187,sz.000858,五粮液,0.02209106239460379,0.021850589959513972,261.913753428,263.967317523,242.45632303766666,0.3756170360818972
2021-06-11,258.84778438,sz.000858,五粮液,-0.004883682560633651,-0.004895646706932743,259.55676826399997,264.59261384200005,243.17961248833333,0.35338861847932257
2021-06-15,256.86503284,sz.000858,五粮液,-0.00765991312133163,-0.007689400935087997,257.213516444,264.681451411,243.70677262,0.3328848040504447
2021-06-16,250.90819488,sz.000858,五粮液,-0.02319053665708759,-0.023463668125576848,256.24703236,264.373309505,244.10747154233334,0.3419992209236377
2021-06-17,252.53902948,sz.000858,五粮液,0.006499726327312549,0.006478694192369175,255.85563205600002,264.00551338599996,244.448373196,0.3402818662514442
2021-06-18,249.775194,sz.000858,五粮液,-0.010944191421385363,-0.011004519650573237,253.78704711600002,263.468625469,244.880544365,0.34169755110863337
2021-06-21,254.81361458,sz.000858,五粮液,0.02017182130584194,0.019971065370320153,252.980213156,263.480212978,245.41514339133334,0.34088509707836684
2021-06-22,257.40578326,sz.000858,五粮液,0.010172802910364931,0.010121408209063024,253.08836324000004,263.260479474,245.95360492066666,0.3268322055453799
2021-06-23,249.72369396,sz.000858,五粮液,-0.029844276234619493,-0.030298680405559778,252.851463056,261.883282571,246.3847747,0.2560657464590506
2021-06-24,251.2343618,sz.000858,五粮液,0.0060493572557915876,0.00603113335252427,252.59052952000002,260.754573361,246.910075108,0.2574210929696634
2021-06-25,257.43153328,sz.000858,五粮液,0.024666894431158326,0.02436757872981656,254.121797376,259.970914419,247.39603520766664,0.2770671611069042
2021-06-28,262.91628754,sz.000858,五粮液,0.02130568151507073,0.021081888609130146,255.742331968,259.516426566,247.88557169900002,0.28988084327395813
2021-06-29,256.2556157,sz.000858,五粮液,-0.025333812151088653,-0.025660238043785144,255.512298456,258.805296847,248.2444983666667,0.3017657751138431
2021-06-30,255.68911526,sz.000858,五粮液,-0.0022106849773908532,-0.0022131321487072705,256.705382716,258.04095042,248.67237786566668,0.30133098783485845
2021-07-01,255.9551988,sz.000858,五粮液,0.001040652589882285,0.001040111486343866,257.649550116,257.45556663200006,249.03173370033332,0.2994574069881969
2021-07-02,245.50927402,sz.000858,五粮液,-0.040811535881958516,-0.04166770190699728,255.26509826400002,256.271924046,249.05276288333334,0.3276601625574408
2021-07-05,241.2776874,sz.000858,五粮液,-0.01723595427053104,-0.01738622251115465,250.937378236,254.80417290600002,249.00040450933332,0.3285477977316657
2021-07-06,237.9731015,sz.000858,五粮液,-0.013696193525435718,-0.013790851682009709,247.280875396,253.273763384,249.091960136,0.3297717809352225
2021-07-07,244.27327306,sz.000858,五粮液,0.026474301172227266,0.02612992177352126,244.997706956,252.70039627199998,249.25661720833332,0.30910677475497506
2021-07-08,231.61284656,sz.000858,五粮液,-0.051828946906075424,-0.05322035725060286,240.129236508,251.55623705,249.32156448099997,0.3560470553304918
2021-07-09,231.6301936,sz.000858,五粮液,7.489670913174429e-05,7.489390451326183e-05,237.35342042399998,250.13184079499996,249.44845786333332,0.34259567380926803
2021-07-12,234.810689,sz.000858,五粮液,0.013730918886560861,0.013637503963622071,236.06002074399998,248.929986026,249.60103587,0.34938701062046684
2021-07-13,239.18712,sz.000858,五粮液,0.018638125115334914,0.018466563705026768,236.302824444,248.046090384,249.81396549466666,0.3587067858591062
2021-07-14,238.580486,sz.000858,五粮液,-0.002536231884057938,-0.002539453568588338,235.164267032,247.42970494000002,250.13094297466668,0.35093512999168913
2021-07-15,243.3728946,sz.000858,五粮液,0.02008717762440959,0.019888091903201233,237.51627663999997,246.97139819600002,250.44196053133334,0.35867310445941847
2021-07-16,240.5043824,sz.000858,五粮液,-0.011786490047359655,-0.011856501390268776,239.29111440000003,246.507857616,250.64980700833334,0.3589764345167937
2021-07-19,243.4248918,sz.000858,五粮液,0.01214326895358897,0.012070130957413215,241.01395496,245.93842147699996,250.87657306333332,0.35359619276308707
2021-07-20,244.646826,sz.000858,五粮液,0.005019758624372539,0.005007201640536207,242.10589616000001,245.30047361399997,251.07935743166666,0.3517026852173831
2021-07-21,243.7108764,sz.000858,五粮液,-0.00382571732199799,-0.0038330540967740014,243.13197424,244.999832736,251.26167874733335,0.33647579803115696
2021-07-22,242.740262,sz.000858,五粮液,-0.003982647037906184,-0.0039905988966068345,243.00544771999998,244.575127746,251.301791114,0.3355706509673766
2021-07-23,235.0360102,sz.000858,五粮液,-0.0317386647625848,-0.03225325372327828,241.91177327999998,243.455351592,251.28502711733336,0.336955405377356
2021-07-26,216.2563548,sz.000858,五粮液,-0.07990118358467602,-0.08327420555990919,236.47806587999997,241.122354955,250.85770489933336,0.4168849423157145
2021-07-27,200.319213,sz.000858,五粮液,-0.07369559990382302,-0.07655237254864083,227.61254328,238.32553481999997,250.11068860933332,0.472994890278684
2021-07-28,205.1116216,sz.000858,五粮液,0.023923858966039546,0.023642167374259046,219.89269231999998,235.79666013699998,249.387754086,0.4888551759178538
2021-07-29,203.699031,sz.000858,五粮液,-0.006886935947270634,-0.006910760338353854,212.08444612,233.18385174699998,248.705651436,0.4871810305846177
2021-07-30,191.306365,sz.000858,五粮液,-0.060838119549032066,-0.06276741798607008,203.33851708,230.473706296,247.93946000333335,0.508225469502842
2021-08-02,203.179059,sz.000858,五粮液,0.06206115515288779,0.06021150605152583,200.72305792,228.568774876,247.43323296333335,0.5712124595073075
2021-08-03,208.032131,sz.000858,五粮液,0.023885689912561237,0.023604889441353975,202.26564152,227.071726351,247.12376554666668,0.5816611450631738
2021-08-04,203.22239,sz.000858,五粮液,-0.023120183295146868,-0.02339164709061533,201.88779519999997,225.019182198,246.57033704166668,0.5714318846365896
2021-08-05,196.8700654,sz.000858,五粮液,-0.031257995735607724,-0.03175695201120477,200.52200208,223.28204314000004,245.88156699266668,0.5551924025992256
2021-08-06,195.85612,sz.000858,五粮液,-0.005150327948232558,-0.005163636602843411,201.43195308,221.49333946000002,245.19749925933334,0.5545562743707454
2021-08-09,199.3312662,sz.000858,五粮液,0.0177433628318584,0.017587786966626866,200.66239452,219.71936831999997,244.413989396,0.5567971549387025
2021-08-10,215.701718,sz.000858,五粮液,0.08212686404938929,0.07892842313463369,202.19631192,218.54509822,243.75754667166666,0.6363440433790152
2021-08-11,213.361844,sz.000858,五粮液,-0.01084773001205308,-0.010906995623193232,204.22420272,217.28416612,243.02906018833335,0.6367073414575899
2021-08-12,206.1862304,sz.000858,五粮液,-0.03363119415109661,-0.034209731038508134,206.08743571999997,215.42483291,242.13391483066664,0.6374085971328808
2021-08-13,208.682096,sz.000858,五粮液,0.012104909213180859,0.012032230722820988,208.65263092,213.83371859,241.270067225,0.6409037197709477
2021-08-16,208.595434,sz.000858,五粮液,-0.00041528239202648365,-0.0004153686456396117,210.50546448,212.09224569999998,240.50362671833332,0.6376542779048484
2021-08-17,199.279269,sz.000858,五粮液,-0.04466140423764031,-0.04568945080309354,207.22097468,209.82386785,239.4616069793333,0.6495890263399111
2021-08-18,198.45598,sz.000858,五粮液,-0.00413133289845613,-0.004139890431693119,204.23980188000002,207.56112303,238.14807944566667,0.6495551144118179
2021-08-19,192.952943,sz.000858,五粮液,-0.027729257641921468,-0.028120971786528337,201.59314440000003,205.07175708,236.80048606233333,0.6523814530791937
2021-08-20,178.8530356,sz.000858,五粮液,-0.07307433191107127,-0.07588190208014318,195.62733232,202.26260835,235.22962478699998,0.6857841056587828
2021-08-23,178.5583848,sz.000858,五粮液,-0.0016474464579900872,-0.0016488049901837822,189.61992248,200.37770985,233.67216379033334,0.6386785494444452
2021-08-24,181.9902,sz.000858,五粮液,0.01921956901572508,0.019037206020084185,186.16210868000002,199.4612592,232.19736362233334,0.5971996938545389
2021-08-25,188.48985,sz.000858,五粮液,0.03571428571428581,0.03509131981127019,184.16888267999997,198.63017062,230.82259372566668,0.6059445512454339
2021-08-26,179.5376654,sz.000858,五粮液,-0.047494252873563125,-0.04865913827094124,181.48582715999999,197.42210233999998,229.35384023966665,0.6257515882913556
2021-08-27,178.2464016,sz.000858,五粮液,-0.007192161027175681,-0.007218149300163337,181.36450036,196.76910417,227.83824483733332,0.5908976168524516
2021-08-30,179.39034,sz.000858,五粮液,0.0064177362893815815,0.00639723030773505,181.5308914,195.57966821999997,226.31753866733334,0.5406713164597675
2021-08-31,174.7885878,sz.000858,五粮液,-0.02565217391304364,-0.02598692811631423,180.09056895999998,193.91749106,224.75432693166667,0.5333151610641315
2021-09-01,180.0056402,sz.000858,五粮液,0.029847786206554705,0.029411010938962118,178.393727,192.75665357,223.49207734666666,0.5465522067666156
2021-09-02,174.3899426,sz.000858,五粮液,-0.031197342448606058,-0.03169434360973997,177.36418244,191.63264743,222.15697587333335,0.5465143141072597
2021-09-03,178.4283918,sz.000858,五粮液,0.02315758087760278,0.022893513110376126,177.40058048,190.76126102,220.795480425,0.5558994241122033
2021-09-06,183.2554652,sz.000858,五粮液,0.02705328087813874,0.02669380971572741,178.17360552,189.95747096999997,219.53560843866669,0.5616961203112191
2021-09-07,183.6974414,sz.000858,五粮液,0.0024118036508087304,0.0024088999202651696,179.95537624000002,188.35725714,218.31614858133332,0.4629171332190853
2021-09-08,180.0143064,sz.000858,五粮液,-0.020050007076473086,-0.020253736248527374,179.95710948,186.68988026,217.13458377333333,0.46492486667727545
2021-09-09,179.6763246,sz.000858,五粮液,-0.0018775274407858422,-0.0018792922047057084,181.01438588,185.36438497,215.92020535866666,0.455313382135927
2021-09-10,185.196694,sz.000858,五粮液,0.030723966623257715,0.030261435553689382,182.36804632,184.19011487,214.84389702533332,0.4699439492684283
2021-09-13,180.0749698,sz.000858,五粮液,-0.027655591951333713,-0.028045208013313276,181.73194724,182.76409166000002,213.59825294566664,0.4759222413930164
2021-09-14,178.2897326,sz.000858,五粮液,-0.009913855334712784,-0.00996332482564929,180.65040548,181.71461484,212.27965210133334,0.4548637919331921
2021-09-15,172.02407,sz.000858,五粮液,-0.03514314878724545,-0.03577552935889422,179.0523582,180.39301934,210.98465836866666,0.4670953510490188
2021-09-16,170.72414,sz.000858,五粮液,-0.007556675062972196,-0.0075853713892565,177.26192128,179.28157919,209.64282133866666,0.460494025253697
2021-09-17,175.013909,sz.000858,五粮液,0.025126903553299496,0.024816413271433368,175.22536427999998,179.08962286,208.26919426733335,0.39755021116838957
2021-09-22,168.0636166,sz.000858,五粮液,-0.039712800198069,-0.04052287280127265,172.82309364,178.56488445,206.6883164183333,0.4209200412227423
2021-09-23,168.4882604,sz.000858,五粮液,0.0025266848862992575,0.0025234981847735987,170.86279919999998,177.88978747000002,205.22552716333334,0.4135017948870104
2021-09-24,173.7746424,sz.000858,五粮液,0.03137537290402226,0.030893225002379766,171.21291367999999,177.15402709,203.860285949,0.40829509228051036
2021-09-27,191.1503734,sz.000858,五粮液,0.09999002593257522,0.09530111242919381,175.29816036000003,177.73466249,202.78020552566667,0.5192302375542026
2021-09-28,188.0045428,sz.000858,五粮液,-0.016457360475132687,-0.016594287212425146,177.89628712,178.22256955,201.82179333866665,0.5228216084302733
2021-09-29,189.5124616,sz.000858,五粮液,0.008020650871208623,0.00798865641472704,182.18605612,178.72867563,200.95903957533335,0.5229845777437631
2021-09-30,190.1277618,sz.000858,五粮液,0.0032467532467532756,0.003241493924171023,186.5139564,179.49563432999997,200.161617247,0.5117413129869269
2021-10-08,197.7800164,sz.000858,五粮液,0.040247960253430026,0.03945910805556416,191.3150312,180.38435313999997,199.38672963599998,0.5197892970672676
2021-10-11,197.416036,sz.000858,五粮液,-0.0018403295066163894,-0.001842024993451815,192.56816372,181.53565781,198.81678279333335,0.5026767032829561
2021-10-12,198.7506308,sz.000858,五粮液,0.006760316066725336,0.006737567597076701,194.71738132000002,182.55176976,198.26879008000003,0.4989049646720604
2021-10-13,207.5468238,sz.000858,五粮液,0.044257434376907545,0.04330604371565877,198.32425376,183.76633769,197.81439232666668,0.5121578171206369
2021-10-14,207.9888,sz.000858,五粮液,0.00212952524113752,0.0021272610161742096,201.8964614,184.98090562,197.29442032666665,0.512190318852478
2021-10-15,203.0663984,sz.000858,五粮液,-0.023666666666666725,-0.023951220822513324,202.9537378,186.13351022,196.70251886666665,0.5148504549556773
2021-10-18,186.6006184,sz.000858,五粮液,-0.08108569477637417,-0.08456240882672149,200.79065427999998,186.47972491000002,195.75631426333334,0.6014862348166051
2021-10-19,189.7637814,sz.000858,五粮液,0.016951514025636216,0.01680944043889405,198.99328440000002,186.70807928,194.91063758,0.5948862267767696
2021-10-20,190.6044028,sz.000858,五粮液,0.004429830570397808,0.004420047751137812,195.6048002,187.23455093,194.03029609666666,0.584570762228882
2021-10-21,191.5143538,sz.000858,五粮液,0.004774029280713021,0.004762669742425286,192.30991096,187.89578199,193.14475489333333,0.5824268939164191
2021-10-22,195.0154986,sz.000858,五粮液,0.01828137019774645,0.018116275024440978,190.69973099999999,189.04535342000003,192.33316526333334,0.565156487269655
2021-10-25,190.9683832,sz.000858,五粮液,-0.020752788517086618,-0.020971154045138846,191.57328396000003,190.05756558000002,191.47030061666666,0.571535600044097
2021-10-26,191.2283692,sz.000858,五粮液,0.0013614086041022766,0.0013604827276441321,191.86620152,190.86828859,190.74017326666666,0.5673241367535911
2021-10-27,187.18992,sz.000858,五粮液,-0.021118462793437875,-0.02134464764799502,191.18330496,191.82460376,190.25573268666668,0.5514874085040837
2021-10-28,186.5746198,sz.000858,五粮液,-0.0032870370370370328,-0.003292451210927462,190.19535816,192.72892173,190.02665613333335,0.552354499934577
2021-10-29,187.6318962,sz.000858,五粮液,0.005666775047610262,0.005650779279054079,188.71863768,193.42178442,189.73532737666665,0.5439676215717196
2021-11-01,177.6051028,sz.000858,五粮液,-0.05343864024756362,-0.0549194823807197,186.0459816,192.74452089,189.3004285733333,0.4510534379657141
2021-11-02,174.4679384,sz.000858,五粮液,-0.017663706450668393,-0.01782157146341251,182.69389544,192.06769067,189.01978813,0.45154107637774044
2021-11-03,172.5700406,sz.000858,五粮液,-0.010878203854559954,-0.010937804137575514,179.76991956,191.22056962000002,188.50963782333332,0.4502179670479736
2021-11-04,179.2343484,sz.000858,五粮液,0.03861798824888263,0.03789097198624521,178.30186528,190.67589894999998,188.02967477999997,0.47489330815235814
2021-11-05,182.2588522,sz.000858,五粮液,0.016874576926796392,0.016733782938757946,177.22725648,189.89984074,187.68028248333334,0.4537567816189682
2021-11-08,182.8481538,sz.000858,五粮液,0.003233322238600067,0.003228106292449676,178.27586668,189.17144663000002,187.44658395666664,0.45438677137691097
2021-11-09,180.9242574,sz.000858,五粮液,-0.01052182567894222,-0.010577571463168296,179.56713048,188.28012796000002,187.19771957999998,0.4533873872925309
2021-11-10,178.263734,sz.000858,五粮液,-0.014705177947022974,-0.014814370865956824,180.70586916,186.81597347,186.84659404333334,0.41645078119792217
2021-11-11,178.9656962,sz.000858,五粮液,0.003937773456490046,0.003930040719788885,180.65213871999998,185.36481828,186.23432701333334,0.41703940726212335
2021-11-12,176.660487,sz.000858,五粮液,-0.01288073216793384,-0.012964408113438032,179.53246568,184.04452271,185.62263772999998,0.4131125213950079
2021-11-15,177.397114,sz.000858,五粮液,0.0041697326465537365,0.004161063401981334,178.44225772,183.58434749,185.14281912333337,0.30629660889387345
2021-11-16,183.72344,sz.000858,五粮液,0.0356619443087447,0.035040782004768796,179.00209424,183.28233042,184.72684152333335,0.3283398284624746
2021-11-17,183.2987962,sz.000858,五粮液,-0.002311320754717072,-0.002313995979529378,180.00910668,182.91705009,184.30523089333332,0.327620240245018
2021-11-18,180.7942644,sz.000858,五粮液,-0.013663656564701365,-0.013757863444658066,180.37482031999997,182.38104562,183.99714748333335,0.32928420325352936
2021-11-19,184.243412,sz.000858,五粮液,0.019077749017352152,0.01889805066002255,181.89140532000002,181.84244128999998,183.76027135,0.32996771491288523
2021-11-22,187.1639214,sz.000858,五粮液,0.01585136406396992,0.015727043241473698,183.84476679999997,181.6522182,183.66378765666664,0.32888481234028977
2021-11-23,186.149976,sz.000858,五粮液,-0.005417419085984032,-0.0054321465146114755,184.330074,181.39829854,183.78540333,0.3291738410397834
2021-11-24,194.4868604,sz.000858,五粮液,0.04478584729981372,0.04381193360201052,186.56768684000002,181.76314556,184.05087792333333,0.35798773888008595
2021-11-25,193.212929,sz.000858,五粮液,-0.0065502183406114245,-0.006571765163234614,189.05141976,182.09506101999997,184.23792340666665,0.3588321259328769
2021-11-26,193.1349332,sz.000858,五粮液,-0.0004036779546983116,-0.0004037594545777407,190.829724,182.37021287,184.31534146,0.35865460018823947
2021-11-29,194.7555126,sz.000858,五粮液,0.008390918065152908,0.008355910008993266,192.34804223999998,183.22773336,184.56897224666668,0.293915848065559
2021-11-30,188.92316,sz.000858,五粮液,-0.029947047568192997,-0.03040461883881228,192.90267904,183.95049444,184.74691821999997,0.3091934322986058
2021-12-01,191.1417072,sz.000858,五粮液,0.011743119266055091,0.011674703926452337,192.2336484,184.87907777,184.94277434,0.3049931405157413
2021-12-02,193.039605,sz.000858,五粮液,0.009929270946681168,0.009880299635377383,192.1989836,185.5693406,185.24695796,0.27934531345489155
2021-12-03,198.845959,sz.000858,五粮液,0.03007856341189674,0.029635074489923814,193.34118876,186.39869593999998,185.56096327333336,0.2911837827677852
2021-12-06,201.315826,sz.000858,五粮液,0.012421006755284347,0.01234449893552092,194.65325144,187.32207954999998,186.00972799666667,0.29246762146841754
2021-12-07,202.78908,sz.000858,五粮液,0.007318123116659692,0.007291475581338169,197.42643543999998,188.41532067999998,186.41573946666668,0.2867236298724953
2021-12-08,211.45528,sz.000858,五粮液,0.04273504273504258,0.041847109935500296,201.48915,190.07489798,186.88573638,0.30401663812308216
2021-12-09,217.52162,sz.000858,五粮液,0.028688524590164022,0.028284713838582103,206.385553,192.00269416999998,187.44947269000002,0.31142870718419347
2021-12-10,214.05514,sz.000858,五粮液,-0.015936254980079778,-0.01606460250380679,209.42738920000002,193.87242682000002,188.01681991666666,0.3145770037107227
2021-12-13,216.6376676,sz.000858,五粮液,0.012064777327935206,0.011992578034098544,212.49175752000002,195.8344545,188.63284230000002,0.3139401775560564
2021-12-14,216.655,sz.000858,五粮液,8.000640051220032e-05,8.000320017083625e-05,215.26494152,197.48103250000003,189.1571474,0.30083700082561116
2021-12-15,211.281956,sz.000858,五粮液,-0.024799999999999933,-0.025112700815075214,215.23027671999998,198.88019049,189.67726383666667,0.32139207265498393
2021-12-16,211.02197,sz.000858,五粮液,-0.0012305168170632097,-0.0012312745245267123,213.93034672000005,200.39157577,190.22280112666667,0.3135591291323184
2021-12-17,203.7943592,sz.000858,五粮液,-0.03425051334702267,-0.03485080898859038,211.87819055999998,201.36912313,190.75230594666667,0.34409682794579255
2021-12-20,204.52232,sz.000858,五粮液,0.003572036060554451,0.003565671491555816,209.45512104,202.23704306,191.31560894666666,0.3418454598573504
2021-12-21,200.752523,sz.000858,五粮液,-0.018432203389830537,-0.01860419316295272,206.27462564,202.96717041,191.74458584666667,0.3499612417863681
2021-12-22,201.1598344,sz.000858,五粮液,0.0020289229440966228,0.002026867459750077,204.25020132,203.30081911,192.29618947666668,0.31506116755340263
2021-12-23,205.3976062,sz.000858,五粮液,0.02106668964328806,0.020847855015405068,203.12532856,203.91005297,192.91134524,0.3204705607981709
2021-12-24,209.6700428,sz.000858,五粮液,0.02080081009240109,0.020587427193889608,204.30046528,204.73680845,193.50960191333334,0.32604957930175504
2021-12-27,204.7043102,sz.000858,五粮液,-0.023683557906919006,-0.023968521662085556,204.33686332000002,205.23424832999999,193.73550085999997,0.3402997170102511
2021-12-28,205.8915796,sz.000858,五粮液,0.005799923796621531,0.005783168991776891,205.36467463999998,206.08266931000003,194.03361814,0.31770421377643027
2021-12-29,195.596134,sz.000858,五粮液,-0.05000420910851078,-0.05129772503790351,204.25193456000002,206.30539065,194.13501268,0.37028660725609347
2021-12-30,195.42281,sz.000858,五粮液,-0.0008861320336730483,-0.0008865248807570016,202.25697531999998,206.42455089999999,194.22326348333337,0.36897503888940264
2021-12-31,192.9616092,sz.000858,五粮液,-0.012594235033259404,-0.012674214642171796,198.9152886,206.13033341,194.1429566966667,0.35500117457429836
2022-01-04,193.7415672,sz.000858,五粮液,0.004042037186742009,0.004033890100936067,196.72274,205.75162046999998,194.08171555,0.35195055829235095
2022-01-05,193.906225,sz.000858,五粮液,0.0008498837001253978,0.000849522753467505,194.32566907999998,205.30747772,194.00097545333333,0.350502914337704
2022-01-06,190.2057576,sz.000858,五粮液,-0.019083798882681635,-0.019268244964190186,193.2475938,204.2450016,193.71195768333334,0.3124725246968253
2022-01-07,188.6285092,sz.000858,五粮液,-0.008292327319117887,-0.00832689992285901,191.88873364,202.80034605999998,193.38928617000002,0.2858841825605996
2022-01-10,186.2886352,sz.000858,五粮液,-0.012404667830561489,-0.012482247960679878,190.55413884,201.41202082,193.10965678333335,0.28468326357117546
2022-01-11,184.9020432,sz.000858,五粮液,-0.007443245254931008,-0.007471084433476813,188.78623404,199.8252396,193.08134719666668,0.2758518074824458
2022-01-12,188.8538304,sz.000858,五粮液,0.021372328458942436,0.021147143087388524,187.77575512,198.43518111999998,193.06618134666667,0.2936413200446653
2022-01-13,181.036918,sz.000858,五粮液,-0.04139133627019098,-0.04227235439862753,185.9419872,196.92292922,192.90672326666666,0.31252039287797756
2022-01-14,179.563664,sz.000858,五粮液,-0.0081378650071805,-0.00817115817719214,184.12901816,195.35001391999998,192.70754510333336,0.3116406928095261
2022-01-17,180.9849208,sz.000858,五粮液,0.007915057915057977,0.007883898157023684,183.06827528,194.209542,192.47370214,0.2999950033047196
2022-01-18,183.2814638,sz.000858,五粮液,0.012689140011492128,0.012609307502307023,182.7441594,193.14749919000002,192.34558681666667,0.30544666766620765
2022-01-19,182.683496,sz.000858,五粮液,-0.0032625656059389607,-0.003267899377451449,181.51009252,192.24404783999998,192.20317226333333,0.30151048919988793
2022-01-20,184.7807164,sz.000858,五粮液,0.011480075901328268,0.011414679855121792,182.25885219999998,191.42509194,192.16301887,0.30606968350375263
2022-01-21,188.2818612,sz.000858,五粮液,0.018947565894381402,0.01877029648327578,184.00249164000002,190.56930469,192.19147289333333,0.30384681759687926
2022-01-24,186.3839634,sz.000858,五粮液,-0.010080088373377594,-0.010131236472714343,185.08230016,189.40500072,192.17067401333333,0.28963468040901313
2022-01-25,180.5689432,sz.000858,五粮液,-0.03119914446459293,-0.03169620365589977,184.53979604,188.19823237,192.22007135333334,0.2969570492875396
2022-01-26,178.567051,sz.000858,五粮液,-0.011086580917642586,-0.011148495092164479,183.71650703999998,186.83200594,192.28838989666664,0.29402908543535117
2022-01-27,176.270508,sz.000858,五粮液,-0.012860956078621588,-0.012944374170366674,182.01446536,185.86572464,192.35006435333335,0.2477800930438146
2022-01-28,171.9200756,sz.000858,五粮液,-0.0246804326450345,-0.024990100296611983,178.74210824000002,184.69058792,192.22815980666667,0.25668482572572626
2022-02-07,169.5282044,sz.000858,五粮液,-0.013912692811775318,-0.014010381455500768,175.37095644,183.51891768000002,192.01598234333332,0.2571585078840576
2022-02-08,164.6578,sz.000858,五粮液,-0.028729168796646443,-0.02914992970186059,172.18872779999998,182.06472932,191.71280978000001,0.26579787830555945
2022-02-09,169.8401876,sz.000858,五粮液,0.03147368421052632,0.030988541047186274,170.44335512000004,180.86142745,191.52807528333332,0.29937618540535155
2022-02-10,167.2923248,sz.000858,五粮液,-0.015001530768445903,-0.015115191890896265,168.64771848,179.71575581,191.34521846333334,0.2974328508635492
2022-02-11,168.3582674,sz.000858,五粮液,0.006371736427683405,0.006351522733913046,167.93535684,178.70224372,191.16842798333334,0.30062205461725694
2022-02-14,171.5994262,sz.000858,五粮液,0.01925155711123705,0.01906859041901396,168.3496012,177.96778326999998,191.08407696999998,0.311768808115755
2022-02-15,173.150676,sz.000858,五粮液,0.009039947477400112,0.00899933174474996,170.0481764,177.38021491,191.01330300333333,0.31476996501611626
2022-02-16,172.8126942,sz.000858,五粮液,-0.001951951951951969,-0.0019538594928529864,170.64267772,176.5781581,190.83145724,0.30132996885352065
2022-02-17,171.1054528,sz.000858,五粮液,-0.009879143473246144,-0.00992826600457725,171.40530331999997,176.08158484,190.62823485,0.2688317255887558
2022-02-18,172.45738,sz.000858,五粮液,0.007901134521880016,0.007870084007469353,172.22512584,175.72627064,190.48928677666666,0.27053658814859366
2022-02-21,172.630704,sz.000858,五粮液,0.0010050251256281673,0.0010045204260054903,172.43138140000002,175.30855979999998,190.29574164333332,0.2683216364992849
2022-02-22,167.604308,sz.000858,五粮液,-0.029116465863453844,-0.02954876213130394,171.3221078,174.52470201,189.96974808666667,0.2783513595571858
2022-02-23,170.030844,sz.000858,五粮液,0.014477766287487093,0.014373964112068776,170.76573776,173.89206941,189.70109588666668,0.2862515827234153
2022-02-24,163.5225278,sz.000858,五粮液,-0.03827726809378185,-0.03902909033164007,169.24915276000002,172.82915998000001,189.18502367666667,0.30571030326006
2022-02-25,165.0737776,sz.000858,五粮液,0.009486459271821568,0.009441745378984772,167.77243228,171.6687558,188.71603782000003,0.2972319693945206
2022-02-28,164.6578,sz.000858,五粮液,-0.002519949601007876,-0.002523130018121093,166.17785148000002,170.58244763,188.24141893333334,0.29719802435307363
2022-03-01,167.4223178,sz.000858,五粮液,0.016789473684210465,0.016650088443976436,166.14145344000002,169.92511636,187.78586568666668,0.29202568870711637
2022-03-02,163.964504,sz.000858,五粮液,-0.0206532429214763,-0.020869503986684773,164.92818544000002,169.19498901,187.3698880866667,0.2972023575649417
2022-03-03,157.7855034,sz.000858,五粮液,-0.03768498942917542,-0.038413428101904366,163.78078055999998,168.27073878000002,186.81395135666668,0.31917052023757714
2022-03-04,152.8457694,sz.000858,五粮液,-0.0313066403031802,-0.03180716743360033,161.33517892,167.31702347,186.14405409666668,0.3253062556564594
2022-03-07,143.85892,sz.000858,五粮液,-0.058796847536429,-0.06059627272572992,157.17540291999998,166.03355925,185.22760344666668,0.37554167671974525
2022-03-08,144.075575,sz.000858,五粮液,0.0015060240963853389,0.001504891179420085,152.50605436,165.004448,184.27359926333332,0.36857740061328115
2022-03-09,141.1550656,sz.000858,五粮液,-0.020270676691729217,-0.02047894617380549,147.94416668,163.5701919,183.24636568999998,0.3429409205817072
2022-03-10,149.188633,sz.000858,五粮液,0.056913064833006066,0.05535245642237501,146.2247926,162.66500731000002,182.20858824,0.41386952345590194
2022-03-11,148.8593174,sz.000858,五粮液,-0.0022073772872495123,-0.002209817135598766,145.4275022,161.69005981,181.06421653,0.41175196371775546
2022-03-14,144.0929074,sz.000858,五粮液,-0.03201956104092685,-0.03254339959664599,145.47429968,160.31473387,179.89817932,0.4105736003415752
2022-03-15,136.189333,sz.000858,五粮液,-0.05485054429542313,-0.05641220980871148,143.89705128,158.46666671999998,178.55737374333333,0.43644449520416917
2022-03-16,142.818976,sz.000858,五粮液,0.048679605472478515,0.047531854231794714,144.22983336000001,156.96698081,177.32677334333331,0.48549564953242264
2022-03-17,145.8001488,sz.000858,五粮液,0.020873786407767048,0.020658913919073076,143.55213652000003,155.70171561,176.23540989,0.49692939896315147
2022-03-18,145.505498,sz.000858,五粮液,-0.002020922491678512,-0.0020229673109491636,142.88137264000002,154.35412150999997,175.14346869000002,0.4940898846072844
2022-03-21,143.6076002,sz.000858,五粮液,-0.01304347826086949,-0.013129291441792623,142.7843112,152.90296632,174.14035604,0.4932098062086588
2022-03-22,142.385666,sz.000858,五粮液,-0.00850884074588154,-0.008545247598480223,144.02357779999997,151.64203422,173.10474514,0.4872857518089042
2022-03-23,143.8069228,sz.000858,五粮液,0.009981740718198573,0.009932252192916994,144.22116716,150.33083815999998,172.15565180333334,0.4848303732260465
2022-03-24,139.8378032,sz.000858,五粮液,-0.027600337471375136,-0.027988383590182842,143.02869804000002,149.14660193,171.13361795,0.47738079526661786
2022-03-25,136.2239978,sz.000858,五粮液,-0.025842835894893335,-0.026182628905809677,141.17239800000002,147.70411294000002,169.98072447666667,0.47731433238719323
2022-03-28,131.032944,sz.000858,五粮液,-0.03810674979324402,-0.03885180099471414,138.65746675999998,146.02287013999998,168.67010616333334,0.4873878253620148
2022-03-29,129.2823716,sz.000858,五粮液,-0.013359788359788238,-0.013449833218415313,136.03680788000003,144.11587283,167.41307385333337,0.4762862780750876
2022-03-30,136.016009,sz.000858,五粮液,0.052084729856548995,0.05077365276094524,134.47862512,142.71844808,166.24848101,0.5268958225376232
2022-03-31,134.3780972,sz.000858,五粮液,-0.012042051608792459,-0.012115144497149446,133.38668392000002,141.54807777,165.22818039666666,0.5159866942530383
2022-04-01,138.572538,sz.000858,五粮液,0.031213723719850428,0.030736481049095633,133.85639196,140.8344162,164.28067586333333,0.5253628913661447
2022-04-06,138.6678662,sz.000858,五粮液,0.0006879299562225771,0.0006876934408746888,135.3833764,140.57486351,163.37578014666667,0.4844699043719661
2022-04-07,139.049179,sz.000858,五粮液,0.00274982813574165,0.002746054275082712,137.33673788000002,140.32354371,162.4642403433333,0.4845888461527421
2022-04-08,139.1705058,sz.000858,五粮液,0.0008725459644749467,0.000872165517533764,137.96763724000002,140.22431572,161.55197835666667,0.47941482870986074
2022-04-11,133.1648292,sz.000858,五粮液,-0.04315337194096758,-0.04411216363391062,137.72498364,139.42312553,160.60129621666664,0.45188534022008614
2022-04-12,142.0216856,sz.000858,五粮液,0.06651047767799034,0.06439208323918143,138.41481316,139.08124394,159.82451582333334,0.5189425154639845
2022-04-13,140.6697584,sz.000858,五粮液,-0.009519160361240009,-0.009564757161111102,138.81519160000002,138.91008649,159.06420121,0.507612417736706
2022-04-14,148.6859934,sz.000858,五粮液,0.05698620009857058,0.05542165107777507,140.74255448,139.53491951,158.46060038,0.5046571264744738
2022-04-15,147.238738,sz.000858,五粮液,-0.009733636416622837,-0.009781317917448056,142.35620092,139.75590761,157.76701550666667,0.47936649107779894
2022-04-18,144.8815316,sz.000858,五粮液,-0.016009417304296836,-0.016138952406876468,144.6995414,139.70997675,157.16442573333333,0.47793283197807
2022-04-19,142.9923,sz.000858,五粮液,-0.013039837301112467,-0.013125602370429347,144.89366428,139.58431685,156.554903,0.4801788300911277
2022-04-20,143.772258,sz.000858,五粮液,0.005454545454545379,0.005439723295818121,145.5141642,139.59254974,155.93469195333333,0.47822649624900465
2022-04-21,140.8950796,sz.000858,五粮液,-0.020012055455093325,-0.02021500887797244,143.95598144000002,139.51802042,155.22825221666665,0.48281579461153634
2022-04-22,143.3649466,sz.000858,五粮液,0.017529831467585133,0.017377956300498303,143.18122316,139.49592161,154.57294306,0.48564012439140164
2022-04-25,134.3261,sz.000858,五粮液,-0.06304781478570998,-0.06512302769967801,141.07013683999998,139.22033645000002,153.73203278666668,0.5271598201539986
2022-04-26,137.35927,sz.000858,五粮液,0.022580645161290436,0.022329476398088795,139.94353084,139.27710006,152.88332293333332,0.5255090498391735
2022-04-27,139.8638018,sz.000858,五粮液,0.018233438485804276,0.018069202730395632,139.1618396,139.71864295,152.10798690666667,0.5077510051165802
2022-04-28,143.728927,sz.000858,五粮液,0.027634921618439723,0.02725996934533027,139.72860908,140.44097072,151.49398663666668,0.5102755069213338
2022-04-29,140.5051006,sz.000858,五粮液,-0.02242990654205612,-0.022685282831083696,139.15663988,140.6654253,150.85962079666666,0.4887264598672565
2022-05-05,139.9937948,sz.000858,五粮液,-0.003639055079257436,-0.003645692547827577,140.29017884,140.94621018,150.25500891,0.4864122882763708
2022-05-06,136.1113372,sz.000858,五粮液,-0.027733069208864536,-0.028124892067421532,140.04059228,140.82315014,149.65819660333332,0.4852528229145479
2022-05-09,134.1354436,sz.000858,五粮液,-0.0145167451929199,-0.014623144104415509,138.89492064,140.59652900999998,149.0683172566667,0.4877731959779657
2022-05-10,134.6120846,sz.000858,五粮液,0.0035534306757978307,0.0035471321575027176,137.07155216,140.37467429,148.56755533333333,0.4878681426838366
2022-05-11,136.5013162,sz.000858,五粮液,0.014034635936393425,0.013937062313828151,136.27079528,140.24121481,148.0119074766667,0.4908285410138852
2022-05-12,136.9952896,sz.000858,五粮液,0.00361881785283491,0.003612285685913787,135.67109424,140.43273783,147.50695689,0.4643023952306888
2022-05-13,136.0073428,sz.000858,五粮液,-0.007211538461538436,-0.007237667300230502,135.65029536,140.13202069,146.9677748133333,0.39693251405078944
2022-05-16,134.4820916,sz.000858,五粮液,-0.011214476870141543,-0.011277833233524038,135.71962495999998,139.82263734999998,146.34915257000003,0.39741152819406117
2022-05-17,135.322713,sz.000858,五粮液,0.00625080551617474,0.006231350263284349,135.86175064,139.15447333,145.71868652,0.33324803557322713
2022-05-18,133.9621196,sz.000858,五粮液,-0.010054434838296489,-0.010105322050362624,135.35391132,138.49064241000002,145.07117694333334,0.33331698905864166
2022-05-19,133.0435024,sz.000858,五粮液,-0.006857290723250142,-0.006880909979280511,134.56355388000003,137.89874095,144.43681110333333,0.3306987334158607
2022-05-20,140.7997514,sz.000858,五粮液,0.05829859301719642,0.05666251764221447,135.52203559999998,137.78911352,143.90918396,0.3955509774868754
2022-05-23,138.1652266,sz.000858,五粮液,-0.018711146673231815,-0.018888414922384862,136.2586626,137.50876195,143.33475933666668,0.40002109744386066
2022-05-24,135.6866934,sz.000858,五粮液,-0.017938907357461065,-0.018101760095842502,136.33145868,137.24834264,142.80279909333333,0.3988272209983989
2022-05-25,136.449319,sz.000858,五粮液,0.0056204892380404825,0.005604753223602085,136.82889856000003,136.90256126,142.24310701,0.3934627442214491
2022-05-26,136.2499964,sz.000858,五粮液,-0.0014607812003811782,-0.001461849181423331,137.47019736,136.99875608,141.78856482,0.32118542059059907
2022-05-27,136.882629,sz.000858,五粮液,0.004643175168553837,0.00463242888248399,136.68677288,136.97492402999998,141.31871234333332,0.3112869640723197
2022-05-30,144.0149116,sz.000858,五粮液,0.052105096549540875,0.05079301098874097,137.85670987999998,137.18247952000002,140.97466420333333,0.3573969108609513
2022-05-31,148.538668,sz.000858,五粮液,0.03141172222890831,0.030928467926844033,140.4271048,137.42296657,140.65993670666663,0.36126250566213053
2022-06-01,147.6807142,sz.000858,五粮液,-0.0057759626604433345,-0.005792708044378014,142.67338383999999,137.78174725000002,140.38854021,0.35108714170640637
2022-06-02,147.108745,sz.000858,五粮液,-0.003873012147174504,-0.0038805316804958615,144.84513356000002,138.13749476,140.21059423666665,0.35114433273096596
2022-06-06,149.8732628,sz.000858,五粮液,0.018792341678939506,0.01861794709347855,147.44326031999998,138.82559104,140.16105246,0.33616348100661886
2022-06-07,150.8958744,sz.000858,五粮液,0.006823175667861614,0.00680000315181255,148.81945288,139.66361258,140.27833503333332,0.3281398520635605
2022-06-08,154.3710206,sz.000858,五粮液,0.02303009418791646,0.02276890412029686,149.9859234,140.65155938,140.44992579333336,0.33337421597248956
2022-06-09,152.5337862,sz.000858,五粮液,-0.011901420311008826,-0.011972809198515368,150.9565378,141.45318288,140.6395711366667,0.3388614131448915
2022-06-10,153.7557204,sz.000858,五粮液,0.008010908471109524,0.007978991486562568,152.28593288,142.29120442,140.71568926,0.3388485703250779
2022-06-13,149.5006162,sz.000858,五粮液,-0.02767444482020065,-0.02806459728678797,152.21140356,142.96586809000001,140.7263775733333,0.35674264279050477
2022-06-14,150.618556,sz.000858,五粮液,0.007477827372326384,0.007450007025638927,152.15593988,143.77269131,140.83513838333332,0.35162453855585246
2022-06-15,153.6343936,sz.000858,五粮液,0.020023014959723806,0.019825190727627312,152.00861448,144.68827534,141.12588939333332,0.355181507286105
2022-06-16,153.911712,sz.000858,五粮液,0.0018050541516243523,0.001803426999150505,152.28419964,145.68575496,141.31076832666668,0.3502669543020772
2022-06-17,157.0142116,sz.000858,五粮液,0.020157657657657868,0.019957181683072252,152.93589788,146.88429042,141.49766937333334,0.3490191780502039
2022-06-20,159.0161038,sz.000858,五粮液,0.0127497516282149,0.012669157855720349,154.83899540000002,147.79510804,141.72284613666667,0.2963763379069937
2022-06-21,157.4301892,sz.000858,五粮液,-0.009973295547441197,-0.010023362022794642,156.20132204,148.75835617,141.95322262,0.2881175601198202
2022-06-22,154.3190234,sz.000858,五粮液,-0.019762193108003978,-0.019960076660844477,156.338248,149.68997267,142.15211191,0.29025058918063773
2022-06-23,156.338248,sz.000858,五粮液,0.013084741955410761,0.012999876215300219,156.82355520000002,150.68441912,142.36096733000002,0.29112059880606894
2022-06-24,160.3247,sz.000858,五粮液,0.025498891352550013,0.025179217449801658,157.48565288,151.8881543,142.70241561,0.29642789387363444
2022-06-27,167.25766,sz.000858,五粮液,0.043243243243243024,0.04233436382656052,159.13396411999997,153.40690585,143.2196433133333,0.3207262600977441
2022-06-28,173.020683,sz.000858,五粮液,0.03445595854922279,0.033875644604344765,162.25206287999998,154.85719441999998,143.91943896333333,0.29529798891951853
2022-06-29,168.946752,sz.000858,五粮液,-0.023545919073732824,-0.02382755391212045,165.17760859999999,155.87759862000001,144.58051196999998,0.30518706291588293
2022-06-30,177.68446683,sz.000858,五粮液,0.051718749999999813,0.050425730662949704,169.44685236599997,157.3777862515,145.27498626716667,0.34039106227007554
2022-07-01,178.625993,sz.000858,五粮液,0.005298865943643927,0.005284876351055991,173.107110966,158.9536486515,146.01245119716665,0.3371508720469097
2022-07-04,176.90132824,sz.000858,五粮液,-0.0096551724137931,-0.009702085806450591,175.03584461399998,160.3050519235,146.65126436783333,0.3423546554722184
2022-07-05,174.76309591,sz.000858,五粮液,-0.012087146836450402,-0.012160790424636496,175.38432719600002,161.49841299899998,147.25285152966666,0.35010757187190106
2022-07-06,171.35776294,sz.000858,五粮液,-0.019485423694678095,-0.019677767260090115,175.866529384,162.347750116,147.79132792866668,0.3576959659472232
2022-07-07,168.58598029,sz.000858,五粮液,-0.01617541337167494,-0.016307663442709026,174.04683207600002,163.1503598205,148.28158583683333,0.3607578804275212
2022-07-08,169.5627037,sz.000858,五粮液,0.005793621796544635,0.005776903312419624,172.23417421599999,163.94070898549998,148.88821707850002,0.36061932112642686
2022-07-11,166.64133278,sz.000858,五粮液,-0.0172288531395951,-0.017378996864966537,170.182175124,164.7977448145,149.2985445315,0.34975234551295337
2022-07-12,167.18689,sz.000858,五粮液,0.003273840954694407,0.0032684936051322415,168.666933942,165.62616151449998,149.74049672483335,0.34978243734759257
2022-07-13,169.9146761,sz.000858,五粮液,0.016315789473684283,0.016184117273982685,168.378316574,166.4401756395,150.0943081031667,0.3479781023628915
2022-07-14,167.30128103,sz.000858,五粮液,-0.015380631796996336,-0.01550014071297401,168.12137672199998,167.10965409099998,150.42868382033333,0.3555159675901986
2022-07-15,167.0988969,sz.000858,五粮液,-0.0012096986272550625,-0.0012104309032545395,167.628615362,167.61388835600002,150.79897324200002,0.35102895949019153
2022-07-18,164.83747423,sz.000858,五粮液,-0.013533438651922025,-0.0136258503452727,167.267843652,167.90495687749998,151.1630594791667,0.3540756495360231
2022-07-19,166.2189659,sz.000858,五粮液,0.008380932045054301,0.00834600703449653,167.074258832,168.3443957125,151.5371712775,0.35180825303910207
2022-07-20,166.40375141,sz.000858,五粮液,0.0011116993118052143,0.0011110818317177015,166.372073894,168.948632113,151.96231580766667,0.3415891973344809
2022-07-21,164.2831177,sz.000858,五粮液,-0.012743905663370692,-0.012825805791504783,165.768441228,169.345875598,152.31095199266665,0.34476118587255317
2022-07-22,163.58797221,sz.000858,五粮液,-0.004231387252276342,-0.0042403649055510854,165.06625629,169.5090392085,152.79864986283332,0.334692542215346
2022-07-25,165.49742248,sz.000858,五粮液,0.011672314560809083,0.011604718589688352,165.19824594000002,169.42102733250002,153.26761907083335,0.2989673591613415
2022-07-26,168.05802169,sz.000858,五粮液,0.015472139515099848,0.015353666423248981,165.566057098,169.172894267,153.73752273566666,0.27638496347803726
2022-07-27,165.5150211,sz.000858,五粮液,-0.015131682287030657,-0.015247334348078378,165.388311036,169.001307722,154.100624304,0.26892029972679804
2022-07-28,164.65268872,sz.000858,五粮液,-0.005209994683679109,-0.005223614031061333,165.46222524,168.3497188165,154.50308410600002,0.18359296242833756
2022-07-29,156.9796904,sz.000858,五粮液,-0.04660111158614777,-0.04772190213001442,164.140568878,167.26740368650002,154.78618236600002,0.23495762632175046
2022-08-01,157.13807798,sz.000858,五粮液,0.0010089686098653239,0.0010084599431612158,162.46869997800002,166.2792411735,155.13662804566667,0.23600453038997987
2022-08-02,154.56867946,sz.000858,五粮液,-0.016351215141673148,-0.016486371600098974,159.77083153200002,165.269520351,155.47718197666666,0.2379883073752947
2022-08-03,153.62715329,sz.000858,五粮液,-0.006091312763292778,-0.006109940492288449,157.39325797,164.3829898685,155.79409978816668,0.2326200379160918
2022-08-04,155.55420218,sz.000858,五粮液,0.012543673749928486,0.012465653636119036,155.573560662,163.731400963,156.11164788783333,0.23717525614648868
2022-08-05,157.66603658,sz.000858,五粮液,0.013576196402308005,0.0134848655366305,155.710829898,163.13656760700002,156.4561603375,0.2429359857821172
2022-08-08,156.54852421,sz.000858,五粮液,-0.007087844625516149,-0.007113082722748144,155.592919144,162.6319271785,156.798513361,0.23796087460783227
2022-08-09,155.73018838,sz.000858,五粮液,-0.00522736214940156,-0.005241072607480165,155.825220928,162.0590920975,157.15264830733332,0.2368939769447791
2022-08-10,153.107994,sz.000858,五粮液,-0.016838060797830234,-0.016981432624675066,155.72138907,161.2187579925,157.44906965733333,0.22934207772900667
2022-08-11,156.54852421,sz.000858,五粮液,0.022471264367816213,0.0222225052321552,155.920253476,160.6811201515,157.82550973416664,0.24560479002676044
2022-08-12,157.2436697,sz.000858,五粮液,0.004440447417233262,0.004430617718698075,155.83578010000002,160.18835879149998,158.22884585583333,0.24702713870988385
2022-08-15,154.867856,sz.000858,五粮液,-0.015109121432568595,-0.01522442712723062,155.49964645799997,159.68987787999998,158.4633142658333,0.24798662086196782
2022-08-16,154.19030913,sz.000858,五粮液,-0.004374999999999907,-0.004384598317823988,155.191670608,159.0884450415,158.73039897466666,0.24433080147515981
2022-08-17,155.0438422,sz.000858,五粮液,0.005535581806768164,0.00552031678175135,155.578840248,158.520449581,159.05301812133334,0.2459698381575944
2022-08-18,152.60643333,sz.000858,五粮液,-0.01572077185017029,-0.015845653739584756,154.790422072,157.93661536250002,159.32230336016667,0.24768844958636393
2022-08-19,152.80881746,sz.000858,五粮液,0.001326183474600784,0.0013253048700047755,153.90345162399998,157.39765762500002,159.59828371116663,0.24827436847862894
2022-08-22,150.9081665,sz.000858,五粮液,-0.012438097431763273,-0.012516098026504554,153.111513724,156.668194826,159.8320426695,0.24371846871522118
2022-08-23,147.828408,sz.000858,五粮液,-0.020408163265306145,-0.020619287202735703,151.83913349799997,155.6567141415,159.89560094283334,0.2379498563002357
2022-08-24,147.15966044,sz.000858,五粮液,-0.0045238095238093745,-0.004534072914894511,150.26229714599998,154.7389461085,159.87261748350002,0.23568718376477765
2022-08-25,149.06911071,sz.000858,五粮液,0.012975364745276163,0.012891905864490669,149.554832622,153.959767208,159.8957574253333,0.2449035988228142
2022-08-26,149.6762631,sz.000858,五粮液,0.004072959093323947,0.004064687048961118,148.92832174999998,153.594595843,159.93854939366665,0.19027354371986738
2022-08-29,145.49659085,sz.000858,五粮液,-0.027924750146972488,-0.02832205997401441,147.84600662,153.01252148650002,159.86560486116664,0.21024780975172058
2022-08-30,144.33508193,sz.000858,五粮液,-0.007983066223162916,-0.008015101503407335,147.147341406,152.50084161,159.75625832000003,0.2056477719594681
2022-08-31,147.11566389,sz.000858,五粮液,0.019264768639883023,0.019081552325160372,147.13854209599998,152.17526714000002,159.63533570816665,0.22032002029479172
2022-09-01,143.92151436,sz.000858,五粮液,-0.021711824869908525,-0.02195099475311316,146.109022826,151.593632749,159.49179784416665,0.2237093230071036
2022-09-02,142.40803304,sz.000858,五粮液,-0.01051601858645157,-0.010571702636951646,144.65537681400002,150.830732572,159.3026697215,0.2150922182799627
2022-09-05,139.92662762,sz.000858,五粮液,-0.01742461690558572,-0.01757821238615257,143.54138416799998,149.9996377425,159.14310324516666,0.21951421493718884
2022-09-06,141.25532343,sz.000858,五粮液,0.009495660923154237,0.009450860517985452,142.925432468,149.27589449500002,158.987049369,0.22589038470464393
2022-09-07,139.85623314,sz.000858,五粮液,-0.009904690712016495,-0.009954068479289658,141.47354631800002,148.61330645200002,158.75741336133333,0.22228937787373004
2022-09-08,139.97062417,sz.000858,五粮液,0.0008179187114634168,0.0008175843982357457,140.68336828,147.78441145,158.52506189750002,0.19968159963274074
2022-09-09,142.07365926,sz.000858,五粮液,0.015024831835041219,0.014913077056600372,140.616493524,147.025910928,158.2760526918333,0.20994474256939272
2022-09-13,143.98310953,sz.000858,五粮液,0.013439861265948316,0.013350347473934833,141.427789906,146.4816736045,158.0255027873333,0.21603888702390145
2022-09-14,142.9007944,sz.000858,五粮液,-0.007516958992849765,-0.007545353713226649,141.75688409999998,145.917197868,157.78334620733332,0.21648565549427543
2022-09-15,144.6606564,sz.000858,五粮液,0.012315270935960632,0.012240054894502006,142.71776875199998,145.398038578,157.62237342400002,0.22160142642677644
2022-09-16,141.73928548,sz.000858,五粮液,-0.020194647201946414,-0.020401346638826066,143.071501014,144.85468118550003,157.379057382,0.22544506593234065
2022-09-19,143.44635162,sz.000858,五粮液,0.01204370499130869,0.011971756683057978,143.34603948600002,144.3865578935,157.09775157566668,0.23166922475870347
2022-09-20,145.88376049,sz.000858,五粮液,0.01699178014967484,0.016849034585062428,143.726169678,144.135337593,156.7415199171667,0.2392874862369692
2022-09-21,143.82472195,sz.000858,五粮液,-0.014114240907171616,-0.014214794081154116,143.91095518799997,143.93515329049998,156.2549205663333,0.23369796149649177
2022-09-22,139.8210359,sz.000858,五粮液,-0.027837259100642386,-0.028232059627549315,142.943031088,143.5682220635,155.76949196466666,0.2519446792959449
2022-09-23,140.02342003,sz.000858,五粮液,0.0014474512271869244,0.001446404679422227,142.599857998,143.1159375295,155.14180785133334,0.24584223101712432
2022-09-26,142.64561441,sz.000858,五粮液,0.01872682712247853,0.018553638931389362,142.439710556,142.76440509499997,154.54213487483332,0.2567052452452199
2022-09-27,150.31861273,sz.000858,五粮液,0.05379063598790945,0.05239379280548444,143.326681004,143.005506189,154.09908961633334,0.3073121750879365
2022-09-28,149.2362976,sz.000858,五粮液,-0.007200140490546181,-0.007226186601163572,144.408996134,143.2505669725,153.67364297783334,0.3069937442601451
2022-09-29,148.27717281,sz.000858,五粮液,-0.006426886792452846,-0.00644762814535167,146.100223516,143.3086424185,153.28896647566668,0.30115042147799836
2022-09-30,148.91072313,sz.000858,五粮液,0.004272743457361727,0.004263641207543524,147.877684136,143.558102857,152.961045523,0.2895618265801785
2022-10-10,139.8210359,sz.000858,五粮液,-0.061041186550848,-0.06298366287732417,147.31276843400002,143.42875299999997,152.46535105966666,0.36414316838259847
2022-10-11,139.54825729,sz.000858,五粮液,-0.0019509125235996905,-0.0019528180321607385,145.158697346,143.4098344835,152.01379980149997,0.35880057391052156
2022-10-12,137.7971946,sz.000858,五粮液,-0.012548079954599944,-0.012627471953806806,142.870876746,143.236928042,151.52397154483333,0.3596828743107563
2022-10-13,135.13100367,sz.000858,五粮液,-0.019348659003831425,-0.01953829441910116,140.241642918,143.00066656849998,150.94424367099998,0.3643185368605148
2022-10-14,140.01462072,sz.000858,五粮液,0.036139871068568086,0.03550214540811519,138.462422436,143.002866396,150.4894659991667,0.3880562368472682
2022-10-17,138.72112215,sz.000858,五粮液,-0.009238310708898911,-0.009281248554646902,138.242439686,142.8352395405,150.01650308666666,0.3853941353140486
2022-10-18,139.6450497,sz.000858,五粮液,0.00666032350142709,0.006638241541293444,138.26179816799998,142.61833654900002,149.59662934449997,0.3827880570736629
2022-10-19,135.9493395,sz.000858,五粮液,-0.026465028355387332,-0.02682153119456304,137.89222714800002,142.270763804,149.09213557116666,0.39268264545556536
2022-10-20,135.64136365,sz.000858,五粮液,-0.0022653721682849293,-0.0022679420056409276,137.994299144,141.8197991665,148.5794291085,0.38892766242190835
2022-10-21,133.88150165,sz.000858,五粮液,-0.012974375608173827,-0.013059277989179252,136.76767533000003,141.426909975,148.07273550766666,0.3855055591751239
2022-10-24,126.03251713,sz.000858,五粮液,-0.05862635557016094,-0.06041514655120625,134.229954326,140.5562182505,147.44681125633332,0.42913049790160573
2022-10-25,125.05579372,sz.000858,五粮液,-0.007749773092229351,-0.007779958638947476,131.31210313,139.514819912,146.77278411033333,0.42036957734695174
2022-10-26,126.1821054,sz.000858,五粮液,0.009006473402758175,0.008966157012693592,129.35865631,138.6326890845,146.07485217216666,0.4234263419422629
2022-10-27,120.6385401,sz.000858,五粮液,-0.043933054393305415,-0.04492734159725125,126.3580916,137.6735642945,145.32691082216667,0.437950270205939
2022-10-28,120.9905125,sz.000858,五粮液,0.0029175784099197966,0.002913330538357307,123.77989376999999,136.721918918,144.5992078851667,0.4383566566606179
2022-10-31,117.4707885,sz.000858,五粮液,-0.029090909090909056,-0.029522439266321726,122.067548044,135.4631776225,143.9407261868333,0.4341025538536766
2022-11-01,125.46056198,sz.000858,五粮液,0.0680149812734081,0.06580176784917806,122.148501696,134.220275085,143.41276758683335,0.46346637792934914
2022-11-02,126.37569022,sz.000858,五粮液,0.007294150652265463,0.007267676992689136,122.18721866000001,133.07724471600002,142.94288443283332,0.4668869522538118
2022-11-03,123.99987652,sz.000858,五粮液,-0.018799610082161244,-0.01897856920913457,122.859485944,131.8633799015,142.44909648666666,0.46844362440003734
2022-11-04,131.98965,sz.000858,五粮液,0.06443372126028968,0.062442940623219007,125.05931344400001,131.017326245,142.05635395033332,0.5342327420543118
2022-11-07,132.99277134,sz.000858,五粮液,0.007599999999999829,0.007571265496317906,128.163710012,130.67591301700003,141.64513286300001,0.49356055853953906
2022-11-08,129.78102319,sz.000858,五粮液,-0.024149794892152854,-0.024446182721162734,129.02780225400002,130.187551312,141.199007846,0.49975503264275983
2022-11-09,127.9419674,sz.000858,五粮液,-0.01417045223404989,-0.014271811771992106,129.34105769,129.694789952,140.73587082966668,0.500192408618272
2022-11-10,128.25874256,sz.000858,五粮液,0.002475928473177458,0.0024728684122292156,130.192830898,129.35117689650002,140.32171663900002,0.4968567811552947
2022-11-11,132.00724862,sz.000858,五粮液,0.0292261251372119,0.028807185029842093,130.196350622,128.9508082915,139.91269537916668,0.49035441861966794
2022-11-14,132.2536293,sz.000858,五粮液,0.0018664178109584206,0.001864678217438449,130.048522214,128.627433649,139.49619470583332,0.48991212343835766
2022-11-15,135.64136365,sz.000858,五粮液,0.025615435795076413,0.02529285757323046,131.220590306,128.4272493465,139.17575316666668,0.4988622656686698
2022-11-16,135.69415951,sz.000858,五粮液,0.0003892312682451937,0.0003891555374056737,132.771028728,128.414490347,138.8674840063333,0.48969596557403766
2022-11-17,134.2774706,sz.000858,五粮液,-0.010440308669995457,-0.010495191019208426,133.97477433600002,128.3462956945,138.521377813,0.4911335954548054
2022-11-18,135.16620091,sz.000858,五粮液,0.006618610747051168,0.006596803910697601,134.606564794,128.4105306575,138.23070727266665,0.48921818922959637
2022-11-21,131.04812383,sz.000858,五粮液,-0.030466766486556662,-0.030940525863277737,134.3654637,128.66131099249998,137.86802904549998,0.4525955571824628
2022-11-22,132.19203413,sz.000858,五粮液,0.008728933055798027,0.008691056176556073,133.67559779599998,129.01812301299998,137.556093506,0.45150515920873663
2022-11-23,131.78726587,sz.000858,五粮液,-0.003061971643479988,-0.0030666690700280725,132.89421906799998,129.2983810365,137.28874113716665,0.45146363377854576
2022-11-24,130.06260111,sz.000858,五粮液,-0.013086732990585492,-0.01317311878032274,132.05124517,129.769584087,137.00379014833334,0.4216292260290802
2022-11-25,129.68423078,sz.000858,五粮液,-0.002909140112306252,-0.0029133798851280765,130.954851144,130.204270001,136.68070881616666,0.42235184254058894
2022-11-28,129.92181215,sz.000858,五粮液,0.0018319989143709137,0.0018303228510783323,130.729588808,130.82682118350002,136.351467967,0.40428513878239053
2022-11-29,136.43330155,sz.000858,五粮液,0.050118523535387816,0.04890303735652635,131.57784229199999,131.375458162,136.20041314533333,0.37112468648914926
2022-11-30,138.02597666,sz.000858,五粮液,0.01167365366010964,0.01160604223806247,132.82558445,131.95797248399998,136.09526139083334,0.3718937327846774
2022-12-01,144.82784329,sz.000858,五粮液,0.049279612393216876,0.04810384527145623,135.778632886,132.9993708225,136.0571310475,0.3928245878209637
2022-12-02,143.48154886,sz.000858,五粮液,-0.00929582599185852,-0.009339301821211884,138.538096502,133.5739657655,136.04979828916666,0.3355407568637273
2022-12-05,148.27717281,sz.000858,五粮液,0.03342327977431614,0.032876863977686244,142.209168634,134.338185839,136.14761728533333,0.3509802779344369
2022-12-06,154.3398974,sz.000858,五粮液,0.04088778114058522,0.040073984725631714,145.790487804,135.5661295495,136.38783844833333,0.3535751475875529
2022-12-07,152.82641608,sz.000858,五粮液,-0.009806157354618095,-0.009854554368046341,148.75057568799997,136.8103519835,136.5806899925,0.35011493205256033
2022-12-08,153.77674156,sz.000858,五粮液,0.006218332565637974,0.006199078513198745,150.54035534200003,138.0862519335,136.81269846616667,0.34941958402452444
2022-12-09,161.26495437,sz.000858,五粮液,0.048695353627832505,0.04754687124655019,154.09703644400003,139.549137221,137.1676039695,0.3703240869384665
2022-12-12,156.93569385,sz.000858,五粮液,-0.02684563758389258,-0.0272125635248847,155.82874065200002,140.7832404485,137.415304546,0.39237870007914205
2022-12-13,157.92121657,sz.000858,五粮液,0.0062797869358004466,0.006260151236284616,156.545004486,141.8972330945,137.64760633,0.38741101305967274
2022-12-14,161.97769848,sz.000858,五粮液,0.025686744302668707,0.02536238268592509,158.375260966,143.211410043,137.96555473133333,0.39128370611022545
2022-12-15,160.11224476,sz.000858,五粮液,-0.011516731855714779,-0.011583563025306972,159.642361606,144.503148751,138.223081204,0.39201743274900364
2022-12-16,160.60500612,sz.000858,五粮液,0.0030775994724114852,0.003072873357398426,159.51037195600003,145.7750890115,138.53750988133334,0.39251861531382587
2022-12-19,158.34358345,sz.000858,五粮液,-0.014080648696033315,-0.014180721534162095,159.79194987600002,147.13986199250002,138.7857970785,0.37459698355427384
2022-12-20,151.79689681,sz.000858,五粮液,-0.04134481800500145,-0.04222382871938689,158.567085924,148.1201051265,138.8843493505,0.41628354639742976
2022-12-21,153.53916019,sz.000858,五粮液,0.011477595501710125,0.011412227604485797,156.879378266,149.2076998425,139.0462566545,0.41469765677113174
2022-12-22,157.9476145,sz.000858,五粮液,0.028712247120178835,0.028307774518194995,156.446452214,150.601950512,139.34836629783334,0.41306288762818505
2022-12-23,158.64275999,sz.000858,五粮液,0.004401114206128209,0.004391457625775373,156.05400298799998,152.04987697250002,139.6586886305,0.4108234008137944
2022-12-26,157.1556766,sz.000858,五粮液,-0.00937378667702038,-0.009417997111710211,155.816421618,153.411570195,139.90052300033332,0.4158339257377471
2022-12-27,159.31150755,sz.000858,五粮液,0.01371780515117571,0.013624567769251427,157.31934376599997,154.555480495,140.05040458066665,0.38828198739270364
2022-12-28,158.54596758,sz.000858,五粮液,-0.0048053024026512015,-0.0048168849883562905,158.32070524399998,155.58148004100002,140.205565747,0.39064863525189164
2022-12-29,157.28766625,sz.000858,五粮液,-0.007936507936507908,-0.007968169649176845,158.188715594,156.204471189,140.35574063766668,0.36062306303819136
2022-12-30,158.99473239,sz.000858,五粮液,0.010853146853146756,0.010794674149622265,158.259110074,156.9801303655,140.52380745866668,0.3575691114890663
2023-01-03,156.8037042,sz.000858,五粮液,-0.013780508052465557,-0.01387634068703047,158.188715594,157.406456935,140.80685193033332,0.34759798913787787
2023-01-04,157.17327522,sz.000858,五粮液,0.002356902356902335,0.0023541292190310606,157.761069128,157.548125826,141.10060222916667,0.3175416436420315
2023-01-05,166.306959,sz.000858,五粮液,0.0581121934833726,0.05648637080390243,159.31326741200002,158.222152972,141.57576496916667,0.3732394515051892
2023-01-06,167.59165826,sz.000858,五粮液,0.007724867724867801,0.007695183706257649,161.374065814,158.91289880699998,142.11677587900002,0.3733699843549496
2023-01-09,172.36088428,sz.000858,五粮液,0.028457418880604823,0.028060028068216645,164.047296192,159.46769530249998,142.6558802716667,0.3476750266873539
2023-01-10,171.79772844,sz.000858,五粮液,-0.0032673065141923807,-0.0032726558151699022,167.04610104,160.210797032,143.20715704316666,0.32994920258892846
2023-01-11,170.7946071,sz.000858,五粮液,-0.005838967424707908,-0.0058560808439820245,169.770367416,160.85446655849998,143.72631633316666,0.33199578575188043
2023-01-12,170.16985609,sz.000858,五粮液,-0.0036579082946934793,-0.003664614800757474,170.542946834,161.264074439,144.29665827633335,0.32294359938934836
2023-01-13,174.73669798,sz.000858,五粮液,0.026836961580226415,0.02648316623124086,171.971954778,161.9952971,144.94824718183332,0.32924092998374593
2023-01-16,181.72335012,sz.000858,五粮液,0.03998388558767241,0.03920521840600025,173.844447946,163.05121430000003,145.745611323,0.3522624438291367
2023-01-17,178.50280266,sz.000858,五粮液,-0.017722254503195867,-0.017881174063598786,175.18546279,164.0591752605,146.62011608183332,0.3552984208740005
2023-01-18,181.0897998,sz.000858,五粮液,0.01449275362318847,0.01438873745209967,177.24450133,165.52382041,147.55401618316665,0.3082739103893666
2023-01-19,180.6498343,sz.000858,五粮液,-0.0024295432458697475,-0.0024324993750613156,179.340496972,166.8793541155,148.46181166483333,0.310756308079723
2023-01-20,183.65919832,sz.000858,五粮液,0.01665854846566006,0.016521316803585154,181.12499703999998,168.1649333065,149.51215596849997,0.30312856349125517
2023-01-30,191.4729856,sz.000858,五粮液,0.04254503641241847,0.04166487415331449,183.074924136,169.806444587,150.68686385350003,0.32686678810849473
2023-01-31,183.905579,sz.000858,五粮液,-0.03952205882352944,-0.040324263016976586,184.155479404,171.14393970700002,151.79411036183333,0.3653835221126263
2023-02-01,184.83830586,sz.000858,五粮液,0.005071770334928338,0.005058952229818413,184.905180616,172.4202796225,152.78373942649998,0.3649212562526131
2023-02-02,186.99413681,sz.000858,五粮液,0.011663334285442195,0.011595841886139865,186.174041118,173.842688084,153.79404686966666,0.3621035312505453
2023-02-03,184.78551,sz.000858,五粮液,-0.011811208884287772,-0.011881515363300526,186.39930345399998,175.2175802715,154.807140761,0.36469246927604726
2023-02-06,177.4820827,sz.000858,五粮液,-0.039523809523809406,-0.04032608575730247,183.601122874,176.141947787,155.56534797266667,0.4020125910184519
2023-02-07,178.77558127,sz.000858,五粮液,0.007288051561725295,0.00726162204935301,182.575123328,177.2405416405,156.32839480483335,0.3952901437486141
2023-02-08,175.59023105,sz.000858,五粮液,-0.017817591179800196,-0.017978235514776272,180.72550836599999,178.161389432,157.0918816025,0.4047200666252837
2023-02-09,182.48889009,sz.000858,五粮液,0.03928839889751945,0.03853624713054046,179.82445902199998,178.9704859865,158.00099698066666,0.3770585958134291
2023-02-10,180.1218757,sz.000858,五粮液,-0.012970731472105701,-0.01305558595803949,178.89173216199998,179.5969968585,158.86538253300003,0.38213951901472293
2023-02-13,186.8973444,sz.000858,五粮液,0.037616023448949765,0.036925796700540005,180.77478450200002,180.3238198645,159.78021746266668,0.3912248996463112
2023-02-14,184.11676244,sz.000858,五粮液,-0.01487758945386064,-0.014989370865373448,181.84302073600003,180.9397715645,160.644603015,0.39635785933687623
2023-02-15,185.665441,sz.000858,五粮液,0.008411393614987439,0.008376214973656041,183.85806272599999,181.6833132595,161.4783376375,0.39500428673805255
2023-02-16,185.48065549,sz.000858,五粮液,-0.0009952606635069694,-0.000995756264263044,184.456415806,182.4488532295,162.30811257050001,0.39438966088000366
2023-02-17,183.15763765,sz.000858,五粮液,-0.012524313297594847,-0.012603403570818954,185.063568196,182.869900213,163.12278202133336,0.3896875682487373
2023-02-20,187.38130645,sz.000858,五粮液,0.023060293057890924,0.02279842272823803,185.16036060599998,183.1527980295,163.99303378033335,0.3724261817836144
2023-02-21,184.85590448,sz.000858,五粮液,-0.013477342099084355,-0.013568985814736501,185.308189014,183.4704531205,164.8898301245,0.3697710333997446
2023-02-22,182.5856825,sz.000858,五粮液,-0.01228103579588724,-0.012357070883733027,184.692237314,183.5452472555,165.729724264,0.3699938645376136
2023-02-23,180.4738481,sz.000858,五粮液,-0.011566265060240943,-0.01163367459241804,183.69087583599998,183.53644794550002,166.54116730116667,0.37242205267072986
2023-02-24,176.9541241,sz.000858,五粮液,-0.019502681618722595,-0.019695368299728584,182.45017312599998,183.2011942345,167.32269268433336,0.37336074301403216
2023-02-27,180.21866811,sz.000858,五粮液,0.01844853306812544,0.01828042331969239,181.017645458,182.63847836,168.16493330650002,0.34423767235858543
2023-02-28,179.87549502,sz.000858,五粮液,-0.0019042038962941987,-0.0019060191973685023,180.021563566,182.436974161,168.99749468766666,0.3157330956433699
2023-03-01,182.48009078,sz.000858,五粮液,0.01447999217297724,0.014376158229201937,180.000445222,182.319063407,169.76494117483333,0.31984068519734526
2023-03-02,181.47696944,sz.000858,五粮液,-0.0054971549811939635,-0.005512319939254862,180.20106949,182.0432050385,170.48912438783333,0.31700881347668114
2023-03-03,181.05460256,sz.000858,五粮液,-0.002327385570209506,-0.0023300981416227323,181.021165182,181.8566596665,171.09290370899998,0.3146196478176895
2023-03-06,180.01628398,sz.000858,五粮液,-0.005734836702954937,-0.005751344020393278,180.980688356,181.9833697305,171.70181596100002,0.28052270662322804
2023-03-07,176.38216895,sz.000858,五粮液,-0.020187701632613186,-0.020394257940345394,180.282023142,181.8636991145,172.17023256333334,0.28899296333714153
2023-03-08,175.3702483,sz.000858,五粮液,-0.005737091544026018,-0.005753611869767005,178.860054646,181.852699977,172.52073841166666,0.2825103096800864
2023-03-09,174.226338,sz.000858,五粮液,-0.006522829904666239,-0.006544196524213704,177.40992835799997,181.43957237249998,172.87740377699998,0.24210841825750803
2023-03-10,171.79772844,sz.000858,五粮液,-0.01393939393939403,-0.014037459675588587,175.558553534,181.02336500949997,173.17775355833334,0.24270341455241165
2023-03-13,174.7542966,sz.000858,五粮液,0.017209588199139647,0.017063180592125603,174.506156058,180.4162126195,173.40257592883333,0.2063261982067313
2023-03-14,171.83292568,sz.000858,五粮液,-0.01671701913393764,-0.016858325526367665,173.596307404,179.8020207815,173.650863126,0.2077964037660392
2023-03-15,169.22832992,sz.000858,五粮液,-0.015157722244981575,-0.015273774737861881,172.367923728,178.98016522749998,173.83931501516665,0.20692007152776304
2023-03-16,168.2428072,sz.000858,五粮液,-0.005823627287853572,-0.005840650729541842,171.171217568,178.118272813,173.94373349383332,0.2065313116014648
2023-03-17,165.8669935,sz.000858,五粮液,-0.01412133891213374,-0.014221993729235305,169.98507058,177.2537406055,174.0396459728333,0.20740100366606545
2023-03-20,163.5791729,sz.000858,五粮液,-0.01379310344827589,-0.01388911216066715,167.75004583999998,176.063633928,174.08921541916666,0.181187331237943
2023-03-21,169.15793544,sz.000858,五粮液,0.03410435718128024,0.033535696700815125,167.215047792,175.278735476,174.26945461900002,0.22980637499710896
2023-03-22,168.74436787,sz.000858,五粮液,-0.0024448605909279664,-0.0024478541427891986,167.11825538199997,174.5866697445,174.55191247000002,0.22793657154259994
2023-03-23,171.21697398,sz.000858,五粮液,0.014652969703290442,0.01454665226185741,167.713088738,174.1238260385,174.84654269983332,0.23503413500252449
2023-03-24,169.84428162,sz.000858,五粮液,-0.00801726796176383,-0.008049579068291653,168.508546362,173.7683339145,175.04482048516667,0.22744425479963973
2023-03-27,167.54766171,sz.000858,五粮液,-0.013521914827478998,-0.013614168492501532,169.302244124,173.1347835945,175.19323551383332,0.21750643631516056
2023-03-28,169.3867175,sz.000858,五粮液,0.010976314269208531,0.010916511741350467,169.34800053600003,172.61034471850002,175.39708619549998,0.22352140919372976
2023-03-29,171.83292568,sz.000858,五粮液,0.014441558441558255,0.014338272356865531,169.96571209799998,172.0779864635,175.60577649766668,0.223481797620234
2023-03-30,174.56951109,sz.000858,五粮液,0.01592585006145031,0.01580036426997615,170.63621952,171.73261354599998,175.87283555616665,0.23292795252427778
2023-03-31,173.346407,sz.000858,五粮液,-0.007006401532335227,-0.0070310616166921166,171.33664459599999,171.34720376799999,176.14048123533334,0.23364969222963688
2023-04-03,171.75373189,sz.000858,五粮液,-0.00918781725888318,-0.00923028557946912,172.17785863199998,170.93407616349998,176.353131227,0.234687075317496
2023-04-04,172.59846565,sz.000858,五粮液,0.004918284748194113,0.004906229497042299,172.820208262,170.74489099849998,176.61637725116668,0.22598575980310137
2023-04-06,167.66205274,sz.000858,五粮液,-0.028600560795309704,-0.029017526376928244,171.986033674,170.3594812205,176.79119020983333,0.24604118962330068
2023-04-07,166.35975486,sz.000858,五粮液,-0.0077673979216962286,-0.007797721281395076,170.344082428,169.9661520635,176.79207014083335,0.24637525570105004
2023-04-10,162.47925915,sz.000858,五粮液,-0.02332592827673763,-0.023602283698666116,168.170652858,169.500228599,176.706863489,0.25443178559355006
2023-04-11,158.85394343,sz.000858,五粮液,-0.022312483076089906,-0.0225651723500055,165.590695166,168.7052109405,176.48174780816666,0.2521565854460551
2023-04-12,154.70946842,sz.000858,五粮液,-0.026089846562898034,-0.02643622452553408,162.01289572000002,167.84903807749998,176.19694347450002,0.2601783856334578
2023-04-13,156.52212628,sz.000858,五粮液,0.011716528267546433,0.011648421219463244,159.78491042800002,167.2137278955,175.95906879416668,0.2638717762149505
2023-04-14,154.50708429,sz.000858,五粮液,-0.012873847537665961,-0.012957433671256593,157.41437631399998,166.52694175000002,175.6980225975,0.2657815266718364
2023-04-17,156.78610558,sz.000858,五粮液,0.014750270516544317,0.014642543321258588,156.2757456,166.072897354,175.3988460575,0.2710726860203181
2023-04-18,156.90929592,sz.000858,五粮液,0.0007857223032887717,0.0007854137851156584,155.886816098,165.739403505,174.9852784875,0.2680633260582494
2023-04-19,155.12303599,sz.000858,五粮液,-0.011384028712427052,-0.01144932277996133,155.969529612,165.0376585325,174.59561570966667,0.2333080165479779
2023-04-20,152.6680285,sz.000858,五粮液,-0.015826195473367832,-0.015952766910738245,155.19871005599998,164.233841564,174.12191952133335,0.23676847928610642
2023-04-21,151.348132,sz.000858,五粮液,-0.008645533141210415,-0.008683122573460881,154.566919598,163.240399465,173.63355781633334,0.2254384551139022
2023-04-24,147.828408,sz.000858,五粮液,-0.023255813953488302,-0.023530497410194046,152.77538008200003,162.139605784,173.0363779776667,0.23354377541876495
2023-04-25,149.4122838,sz.000858,五粮液,0.010714285714285898,0.010657294473988199,151.275977658,161.2328368885,172.33536628099998,0.24006552688948635
2023-04-26,148.36516591,sz.000858,五粮液,-0.0070082449941107905,-0.007032918087357764,149.92440364200002,160.181759309,171.74302606283334,0.2319434625353803
2023-04-27,148.85792727,sz.000858,五粮液,0.0033212739457921803,0.003315770697311309,149.162383396,159.03300938850003,171.14335308633332,0.22176132277490704
2023-04-28,148.708339,sz.000858,五粮液,-0.0010049063072649078,-0.0010054115641269976,148.634424796,157.739950784,170.50525645616665,0.20607710332573154
2023-05-04,148.66434245,sz.000858,五粮液,-0.0002958579881656709,-0.0002959017627745096,148.801611686,156.5058475565,169.903236997,0.20783399504251293
2023-05-05,152.85281401,sz.000858,五粮液,0.028174015981059508,0.02778442895353308,149.48971772800002,155.5608016625,169.4927491855,0.24326659590161262
2023-05-08,150.8201734,sz.000858,五粮液,-0.013298025444706818,-0.013387235950152718,149.98071922599996,154.47188705000002,169.026825721,0.24130606757096607
2023-05-09,153.78554087,sz.000858,五粮液,0.019661610268378205,0.01947081761459049,150.96624194600003,153.7780614565,168.663414218,0.2437744954841498
2023-05-10,152.50964092,sz.000858,五粮液,-0.008296618412771073,-0.008331226906561112,151.72650233,153.08555575949998,168.16376006516666,0.2438844781167523
2023-05-11,151.84969267,sz.000858,五粮液,-0.0043272559427649515,-0.004336645612221231,152.363572374,152.5540774355,167.69255701466668,0.23324074934840658
2023-05-12,149.03391347,sz.000858,五粮液,-0.018543199860926007,-0.01871728035645765,151.59979226599998,152.0630759375,167.06149983249998,0.22951420406797546
2023-05-15,151.73530164,sz.000858,五粮液,0.018125996339375394,0.017963678975904025,151.782817914,151.91436759849998,166.5218088191667,0.2243430092659269
2023-05-16,150.01943619,sz.000858,五粮液,-0.011308281141266474,-0.011372705901794,151.029596978,151.589233094,165.927708739,0.22207842960360472
2023-05-17,149.00751554,sz.000858,五粮液,-0.006745263651826927,-0.006768115763008506,150.329171902,151.3142546565,165.31982307316667,0.2191544592848769
2023-05-18,148.40916246,sz.000858,五粮液,-0.00401558993740414,-0.004023674067635738,149.64106585999997,150.8954075005,164.74068182,0.2103972180775947
2023-05-19,150.2922148,sz.000858,五粮液,0.012688248547373382,0.012608427207973946,149.89272612599999,150.56455344449998,164.1225302925,0.2171163468667662
2023-05-22,156.28454491,sz.000858,五粮液,0.03987119437939102,0.03909685392476586,150.80257478,150.6226288905,163.64634096633333,0.25993959840279074
2023-05-23,153.107994,sz.000858,五粮液,-0.020325432126569454,-0.020534836064706408,151.420286342,150.6446271655,163.155046158,0.26414404279984727
2023-05-24,149.89624585,sz.000858,五粮液,-0.020977011494252684,-0.021200155107553263,151.598032404,150.572032858,162.64541945383334,0.2731407396141921
2023-05-25,148.0043942,sz.000858,五粮液,-0.012621074258878817,-0.01270139656812793,151.517078752,150.580832168,162.1629239555,0.2637555037366362
2023-05-26,149.6762631,sz.000858,五粮液,0.011296076099881036,0.011232751862968342,151.39388841199997,150.594031133,161.653883872,0.26407131072837403
2023-05-29,148.05719006,sz.000858,五粮液,-0.010817166372721898,-0.010876097279148523,149.748417442,150.5786323405,161.12357878933335,0.26579433954402837
2023-05-30,145.33820327,sz.000858,五粮液,-0.018364435991917283,-0.018535155589668586,148.194459296,150.40264614050002,160.50454733083333,0.2732721761668475
2023-05-31,141.82727858,sz.000858,五粮液,-0.024156929224435353,-0.02445349363663361,146.580665842,150.05859311950002,159.84371914983333,0.2853068803098499
2023-06-01,143.71033092,sz.000858,五粮液,0.013277081523762169,0.01318971355500967,145.721853186,149.810892543,159.2213146225,0.2905370286301455
2023-06-02,147.7404149,sz.000858,五粮液,0.028043105559637516,0.027657097632120115,145.334683546,149.5552725875,158.68338347116665,0.29035980077788437
2023-06-05,145.3646012,sz.000858,五粮液,-0.016081000595592476,-0.016211702996617304,144.79616577400003,149.2824939775,158.16642400866664,0.2920176029871837
2023-06-06,145.73417222,sz.000858,五粮液,0.0025423728813558366,0.0025391465186762377,144.875359564,148.879925545,157.6724894073333,0.2815584021936914
2023-06-07,144.308684,sz.000858,五粮液,-0.009781427363845019,-0.009829579781355674,145.371640648,148.469877699,157.1738618406667,0.2820102361466204
2023-06-08,145.03022742,sz.000858,五粮液,0.004999999999999893,0.004987541511038968,145.635619948,148.1289044365,156.72773682366667,0.28319836175845287
2023-06-09,144.82784329,sz.000858,五粮液,-0.0013954617158110638,-0.001396436279260711,145.053105626,147.9186009275,156.22896260183333,0.27649073071062413
2023-06-12,149.94904171,sz.000858,五粮液,0.03536059298863825,0.034749765063324486,145.969993728,147.829287931,155.86423120233334,0.2984373962403618
2023-06-13,152.29845748,sz.000858,五粮液,0.01566809459538754,0.015546617237382656,147.28285078,147.9432389955,155.5820666616667,0.3007435525211209
2023-06-14,156.34614008,sz.000858,五粮液,0.02657730529235036,0.026230264229487966,149.69034199599997,148.3101702225,155.38378887633334,0.3125047357849505
2023-06-15,160.147442,sz.000858,五粮液,0.02431337235479525,0.024022507490623457,152.713784912,148.8970841995,155.28846301800002,0.3206363411397843
2023-06-16,161.97769848,sz.000858,五粮液,0.011428571428571344,0.011363758650315003,156.14375594999998,149.4813583835,155.26177177766667,0.32021483225863057
2023-06-19,156.22294974,sz.000858,五粮液,-0.03552803129074311,-0.03617451008693711,157.398537556,149.478278625,155.04618868266664,0.3198596410689813
2023-06-20,153.11679331,sz.000858,五粮液,-0.019882843302917674,-0.020083166812686303,157.562204722,149.47871859050002,154.78572910666665,0.31948709241271134
2023-06-21,150.8201734,sz.000858,五粮液,-0.014999137980575838,-0.015112762663807598,156.457011386,149.52491496800002,154.4457824303333,0.31490472720905616
2023-06-26,146.64930046,sz.000858,五粮液,-0.027654609101516847,-0.028044197209618624,153.75738307799998,149.457160281,154.059199411,0.3274793802973191
2023-06-27,149.56630812,sz.000858,五粮液,0.019891043808938136,0.019695801795380382,151.275105006,149.45166253199997,153.7595101845,0.3328779561404614
2023-06-28,150.06150117,sz.000858,五粮液,0.003310859619552131,0.0033053907915319286,150.042815292,149.5518780875,153.43742324566668,0.3304608134781369
2023-06-29,147.48649731,sz.000858,五粮液,-0.017159656806863932,-0.017308589937544812,148.916756092,149.6592927895,153.0316494395,0.3295567748823351
2023-06-30,147.27041307,sz.000858,五粮液,-0.001465112020023307,-0.0014661863461058367,148.20680402600001,149.931449514,152.5766644725,0.3162117059213146
2023-07-03,150.68274336,sz.000858,五粮液,0.023170508039371596,0.022906147606123903,149.013492606,150.280070136,152.19893674516666,0.3227435800411038
2023-07-04,151.45704522,sz.000858,五粮液,0.005138623326959912,0.005125465657733227,149.391640026,150.46590165199999,151.860658634,0.3086998191293902
2023-07-05,148.90004838,sz.000858,五粮液,-0.01688265366781605,-0.0170267902402707,149.159349468,150.642674011,151.46568501283335,0.3093151956281578
2023-07-06,147.9276693,sz.000858,五粮液,-0.006530414802273565,-0.006551831250798257,149.24758386599999,150.752348865,151.13677862216667,0.31053816255527317
2023-07-07,147.35144466,sz.000858,五粮液,-0.0038953134510042453,-0.003902919943986722,149.263790184,150.904486898,150.81997345216666,0.30854206210369395
2023-07-10,148.1977746,sz.000858,五粮液,0.005743614811194009,0.005727183143733848,148.766796432,151.062864257,150.58194870966665,0.30867404887999417
2023-07-11,148.68396414,sz.000858,五粮液,0.0032806804374241327,0.003275310746313142,148.212180216,151.2556702995,150.41244905483333,0.3085866818908137
2023-07-12,148.97207646,sz.000858,五粮液,0.001937749788058607,0.00193587477275432,148.226585832,151.206822037,150.3168258555,0.28155934242281416
2023-07-13,155.44560015,sz.000858,五粮液,0.04345461138643758,0.04253695007396429,149.730172002,151.3641791705,150.29888375333334,0.3173057075897768
2023-07-14,154.85136849,sz.000858,五粮液,-0.0038227628149434256,-0.0038300882476001875,151.230156768,151.289440591,150.30462182333332,0.30310579321496295
2023-07-17,152.75355066,sz.000858,五粮液,-0.013547299261584933,-0.013639901208812323,152.14131198,150.91974602399998,150.23741257466665,0.29190316303332403
2023-07-18,151.6191084,sz.000858,五粮液,-0.007426617941766023,-0.007454332571362474,152.72834083200001,150.40181651999998,150.14924278266665,0.28787192885692303
2023-07-19,151.54708032,sz.000858,五粮液,-0.00047505938242276,-0.00047517225888127,153.24334160400002,150.168023049,150.0896435215,0.26122761662544774
2023-07-20,151.76316456,sz.000858,五粮液,0.001425855513307983,0.0014248399465885526,152.506854486,150.1003416115,150.07456245583333,0.2520089348148058
2023-07-21,154.20311577,sz.000858,五粮液,0.01607736117702907,0.01594948914834403,152.377203942,150.26948872999998,150.12214551866666,0.25215192881182236
2023-07-24,152.48344536,sz.000858,五粮液,-0.011151982250248271,-0.011214631817667915,152.323182882,150.56119597499998,150.19972947466664,0.23317013810400303
2023-07-25,161.6130045,sz.000858,五粮液,0.05987246102975918,0.05814858110172393,154.321962102,151.163530794,150.40307481966667,0.3056585551059099
2023-07-26,160.0824078,sz.000858,五粮液,-0.009470752089136392,-0.009515884848529261,156.029027598,151.6645761255,150.5983621845,0.3094142113089021
2023-07-27,160.67663946,sz.000858,五粮液,0.0037120359955005178,0.0037051633922011245,157.811722578,152.32408323299998,150.79534072100003,0.2997259499063708
2023-07-28,163.12559418,sz.000858,五粮液,0.015241510702678651,0.015126525769136541,159.59621825999997,153.11684228849998,151.03562830733333,0.3012106412865878
2023-07-31,162.963531,sz.000858,五粮液,-0.0009934871398610268,-0.0009939809753161041,161.69223538800003,153.73088167049997,151.27394811649998,0.29432221376018697
2023-08-01,161.95513788,sz.000858,五粮液,-0.006187845303867401,-0.006207069363319098,161.760662064,154.2557863035,151.4256535143333,0.29652195048139723
2023-08-02,160.24447098,sz.000858,五粮液,-0.010562597287080311,-0.010618777473790506,161.79307469999998,154.82300743349998,151.58272514066667,0.2915620194912195
2023-08-03,160.8026886,sz.000858,五粮液,0.003483537476121068,0.0034774840136826525,161.818284528,155.4667583985,151.69967760283333,0.28899614722190886
2023-08-04,161.41492728,sz.000858,五粮液,0.0038073908174691695,0.0038001610502728504,161.476151148,156.16993252950002,151.84809904216667,0.2873756118328323
2023-08-07,159.64123581,sz.000858,五粮液,-0.010988398036590685,-0.011049216423774275,160.81169211,156.74210559,151.9779580945,0.29267368564982593
2023-08-08,159.25408488,sz.000858,五粮液,-0.002425131126276181,-0.0024280765197064705,160.27148151,157.270611627,152.14829428466666,0.29352905719954503
2023-08-09,159.52419018,sz.000858,五粮液,0.0016960651289010809,0.0016946284346955772,160.12742535,157.798217313,152.27810909366664,0.2935484414222332
2023-08-10,158.74088481,sz.000858,五粮液,-0.004910260751777806,-0.004922355691217487,159.715064592,157.96298154599998,152.42346657066668,0.25395852530315893
2023-08-11,155.18449836,sz.000858,五粮液,-0.022403720719187947,-0.02265849654503167,158.468978808,157.9796380395,152.52641628433332,0.26702964140776586
2023-08-14,151.81718562,sz.000858,五粮液,-0.021698770016244984,-0.021937650253107576,156.90416877,157.93281978750002,152.58321667033334,0.2740856994750756
2023-08-15,149.9084415,sz.000858,五粮液,-0.012572648558889732,-0.012652353074030993,155.03504009399998,157.84728644249998,152.57682044866667,0.276491144397411
2023-08-16,150.0885117,sz.000858,五粮液,0.001201201201201041,0.0012004803362496402,153.14790439799998,157.7743580115,152.4735532285,0.2765512347972146
2023-08-17,151.65512244,sz.000858,五粮液,0.010437912417516682,0.010383813536978889,151.730751924,157.7689559055,152.4493387025,0.2791534294219878
2023-08-18,147.23439903,sz.000858,五粮液,-0.029149845642365335,-0.02958314354942793,150.140732058,157.42052006850002,152.4049745888333,0.29076030000073894
2023-08-21,145.82985147,sz.000858,五粮液,-0.009539534030453156,-0.009585326845993924,148.943265228,157.087840374,152.36873221,0.2901541172648688
2023-08-22,145.99191465,sz.000858,五粮液,0.0011113169105390064,0.0011106998550216894,148.159959858,156.3067858815,152.3073264025,0.17646781111333448
2023-08-23,144.06516351,sz.000858,五粮液,-0.013197656490903653,-0.013285519472543849,146.95529022,155.505923667,152.24079262666663,0.17820447591103275
2023-08-24,146.09095326,sz.000858,五粮液,0.01406162114867815,0.013963673686135599,145.842456384,154.776639357,152.25333845983332,0.18855320236535097
2023-08-25,145.45170405,sz.000858,五粮液,-0.004375693331689856,-0.0043852946964116684,145.48591738800002,153.8929448505,152.313745551,0.17330581440523488
2023-08-28,141.79627899,sz.000858,五粮液,-0.02513153822346026,-0.025452728084017988,144.679202892,152.83458224999998,152.2818446855,0.1854402628699473
2023-08-29,143.5159494,sz.000858,五粮液,0.012127754143120395,0.012054802169625555,144.184009842,151.91262282600002,152.21143692716666,0.19734481948382843
2023-08-30,142.09339482,sz.000858,五粮液,-0.009912170639899798,-0.0099616232632259,143.789656104,151.00506901800003,152.15691682083335,0.197156664078436
2023-08-31,140.37372441,sz.000858,五粮液,-0.012102395133696597,-0.012176225404428741,142.646210334,149.9836208085,152.067576024,0.19504929566357
2023-09-01,143.82206874,sz.000858,五粮液,0.024565454428837175,0.02426857580078273,142.32028327199998,149.1039778815,152.05946576966664,0.2219420910782839
2023-09-04,151.19594343,sz.000858,五粮液,0.051270815074496046,0.049999732417673616,144.20021616000002,148.68171326249998,152.16222770316668,0.2988296754982054
2023-09-05,149.20616772,sz.000858,五粮液,-0.013160245340320342,-0.013247608697715421,145.33825982399998,148.17931740449998,152.23519977700002,0.30119167664763785
2023-09-06,149.17915719,sz.000858,五粮液,-0.0001810282404054453,-0.00018104462799513164,146.755412298,147.66206575500001,152.22236836833332,0.3008700804721921
2023-09-07,146.8472481,sz.000858,五粮液,-0.015631601182932053,-0.01575506295423776,148.05011703600002,147.0673839195,152.13151487866668,0.30407860543442145
2023-09-08,145.78483392,sz.000858,五粮液,-0.007234825260576283,-0.0072611235278674125,148.442670072,146.5974006975,151.95549310933333,0.29638276099147665
2023-09-11,147.97268685,sz.000858,五粮液,0.01500741106719361,0.014895914011127625,147.798018756,146.40517575899997,151.7525805235,0.29422681879226814
2023-09-12,146.73920598,sz.000858,五粮液,-0.008335868573166927,-0.008370806218154584,147.30462640800002,146.246713983,151.4986056485,0.2924183775068387
2023-09-13,147.34244115,sz.000858,五粮液,0.004110933856914967,0.00410250705511579,146.9372832,146.1094104555,151.35059717200002,0.2928788452256739
2023-09-14,145.856862,sz.000858,五粮液,-0.010082493125572967,-0.01013366571480554,146.73920598,145.81949743349998,151.22959831683332,0.2915248459803513
2023-09-15,143.79505821,sz.000858,五粮液,-0.014135802469135816,-0.01423666456416605,146.341250838,145.6475303925,151.11251306366665,0.27736277628855976
2023-09-18,146.5771428,sz.000858,五粮液,0.019347567466032167,0.01916278290022187,146.062142028,145.684894959,151.111310436,0.2844821959784932
2023-09-19,144.87547941,sz.000858,五粮液,-0.011609336609336607,-0.011677251097381108,145.689396714,145.629073197,151.03312995750002,0.28763000341214795
2023-09-20,143.91210384,sz.000858,五粮液,-0.006649679945311071,-0.006671887570815452,145.00332925200001,145.62142021350002,150.930640002,0.28463810080689395
2023-09-21,141.94933866,sz.000858,五粮液,-0.013638638638638567,-0.01373249926848114,144.221824584,145.4143394835,150.8383540245,0.28359514122234697
2023-09-22,143.98413192,sz.000858,五粮液,0.014334644171001054,0.014232874560382611,144.25963932599998,145.340960877,150.78358267200002,0.2886251624954293
2023-09-25,143.0657739,sz.000858,五粮液,-0.0063781890945472375,-0.006398616649474291,143.557365546,145.4044356225,150.656633181,0.27460702696934086
2023-09-26,141.03998415,sz.000858,五粮液,-0.014159848961611043,-0.014261056144469524,142.790266494,145.28063736,150.48301549650003,0.27580357602886707
2023-09-27,140.98596309,sz.000858,五粮液,-0.00038301947015639826,-0.00038309284084919173,142.205038344,145.22526577349998,150.351114075,0.2736611636852804
2023-09-28,140.5447911,sz.000858,五粮液,-0.003129190880643784,-0.00313409703596523,141.924128832,145.233819108,150.228066105,0.270341145010746
2023-10-09,138.89714877,sz.000858,五粮液,-0.011723254324151111,-0.011792513497538171,140.906732202,144.98757310950003,150.08716117350002,0.25733065172941155
2023-10-10,138.12284691,sz.000858,五粮液,-0.005574641861671115,-0.005590238167166112,139.918146804,144.3339182835,149.919245712,0.1648744438864239
2023-10-11,138.3839487,sz.000858,五粮液,0.001890359168241984,0.0018885746878681546,139.386939714,143.7928073325,149.747578788,0.16298596344441396
2023-10-12,140.21166123,sz.000858,五粮液,0.013207547169811429,0.013121087962697276,139.232079342,143.3444325345,149.60157186749998,0.17342307950816854
2023-10-13,138.32092413,sz.000858,五粮液,-0.013484877672895412,-0.013576624364678736,138.787305948,142.918116336,149.3161606005,0.17151243331825597
2023-10-16,135.17869914,sz.000858,五粮液,-0.022716917268762682,-0.02297892199771239,138.04361602199998,142.387809597,148.988282778,0.18494365767250032
2023-10-17,135.42179391,sz.000858,五粮液,0.0017983215665378083,0.0017967065222655465,137.503405422,141.76026495000002,148.69942016550002,0.17275975828399995
2023-10-18,134.36838324,sz.000858,五粮液,-0.007778738115816752,-0.007809150314164831,136.70029233,141.141723813,148.4119080795,0.17260118844199893
2023-10-19,129.87563175,sz.000858,五粮液,-0.0334360761190029,-0.034007842964748104,134.63308643399998,140.26838334299998,148.05071727,0.19783732509904567
2023-10-20,129.3804387,sz.000858,五粮液,-0.003812824956672345,-0.003820112303229601,132.84498934799998,139.444562178,147.67767183900003,0.19746318323673986
2023-10-23,129.42545625,sz.000858,五粮液,0.0003479471120388933,0.0003478865924805019,131.69434077,138.72608208,147.264710847,0.1961411501771006
2023-10-24,129.69556155,sz.000858,五粮液,0.0020869565217391806,0.0020847818530777187,130.549094298,137.8820030175,146.88491278350003,0.17605743685143832
2023-10-25,134.45841834,sz.000858,五粮液,0.03672335994446363,0.036065124077018056,130.567101318,137.36114996400002,146.4323363475,0.230847720556705
2023-10-26,135.99801855,sz.000858,五粮液,0.011450381679389388,0.011385322225125429,131.791578678,136.96544569949998,146.03092986,0.23657090468325348
2023-10-27,137.74469949,sz.000858,五粮液,0.012843429328036837,0.012761651946606356,133.464430836,136.755213741,145.6487308605,0.23902158685686306
2023-10-30,140.9949666,sz.000858,五粮液,0.02359631348454161,0.023322223777415278,135.778332906,136.605755475,145.2798870675,0.24915153892052147
2023-10-31,140.454756,sz.000858,五粮液,-0.003831417624520994,-0.0038387763071656015,137.93017179600002,136.47520458,144.90474081750003,0.248576476085278
2023-11-01,144.05616,sz.000858,五粮液,0.02564102564102555,0.025317807984289786,139.849720128,136.6260133725,144.6064245195,0.2600954829345111
2023-11-02,142.1654229,sz.000858,五粮液,-0.013124999999999942,-0.013211893972230456,141.083200998,136.684986363,144.3051070515,0.2650011456092673
2023-11-03,143.75904417,sz.000858,五粮液,0.01120962634578837,0.011147264090013459,142.286069934,136.8456990165,144.021046311,0.267240163830963
2023-11-06,143.91210384,sz.000858,五粮液,0.0010646959353666219,0.0010641295486333484,142.86949738200002,137.09644677,143.72933258700002,0.26281508610813403
2023-11-07,143.43491781,sz.000858,五粮液,-0.003315815815815748,-0.003321325315439854,143.46552974399998,137.362050315,143.459227287,0.26208375058276
2023-11-08,142.82267913,sz.000858,五粮液,-0.004268407507375449,-0.004277543164439493,143.21883357,137.5839868365,143.1853705245,0.2630335608541969
2023-11-09,142.75065105,sz.000858,五粮液,-0.0005043182248000155,-0.0005044454360076998,143.3358792,137.7109363275,142.90581153899998,0.2595644222506118
2023-11-10,141.2650719,sz.000858,五粮液,-0.010406811731314858,-0.010461341245369238,142.83708474600002,137.858143716,142.6145479905,0.2575041560040334
2023-11-13,139.44636288,sz.000858,五粮液,-0.012874442319949053,-0.012958036210720064,141.943936554,138.071526903,142.35224573249997,0.2475688530826359
2023-11-14,140.3647209,sz.000858,五粮液,0.006585743801652999,0.006564152535464055,141.32989717200002,138.3186732525,142.16137132050002,0.24818413608195547
2023-11-15,141.58019475,sz.000858,五粮液,0.008659397049390671,0.008622119516819106,141.08140029600003,138.679263828,142.02256720800003,0.2465267278279885
2023-11-16,140.78788587,sz.000858,五粮液,-0.005596184419713879,-0.00561190172513105,140.68884726000002,139.224876534,141.86755677749997,0.2093601075189355
2023-11-17,139.554405,sz.000858,五粮液,-0.008761271343608046,-0.00879987693617222,140.34671387999998,139.733574849,141.66587815350002,0.21256051021920083
2023-11-20,139.0141944,sz.000858,五粮液,-0.003870967741935405,-0.003878479328570745,140.260280184,140.2130117565,141.52887474300002,0.2140119213995848
2023-11-21,139.8245103,sz.000858,五粮液,0.0058290155440412494,0.00581209256396539,140.152238064,140.719459194,141.4287857235,0.21405809433030787
2023-11-22,138.21288201,sz.000858,五粮液,-0.011526078557630437,-0.011593018669531299,139.47877551599998,140.9071823775,141.2991351795,0.18188709690943056
2023-11-23,137.81672757,sz.000858,五粮液,-0.0028662627841832267,-0.0028703783814941234,138.884543856,140.9981178285,141.1949945805,0.17850448154743065
2023-11-24,137.96078373,sz.000858,五粮液,0.001045273404324698,0.0010447274864689622,138.565819602,141.00892204049998,141.059491755,0.17269871167820544
2023-11-27,134.37738675,sz.000858,五粮液,-0.025974025974025983,-0.026317308317373417,137.638458072,140.678043048,140.8749198,0.17301745482549746
2023-11-28,133.92721125,sz.000858,五粮液,-0.00335008375209378,-0.0033557078469723042,136.458998262,140.3516658105,140.743768671,0.17297101339999452
2023-11-29,133.5220533,sz.000858,五粮液,-0.0030252100840335583,-0.0030297952818526745,135.52083252,139.8249604755,140.57720373600003,0.1378805324673603
2023-11-30,134.28735165,sz.000858,五粮液,0.005731625084288483,0.005715261816870992,134.814957336,139.431056913,140.4471030165,0.13712653396060917
2023-12-01,132.54067071,sz.000858,五粮液,-0.013007039892725447,-0.013092372190835809,133.73093473199998,138.87013824000002,140.31655212150002,0.1310974411476303
2023-12-04,131.31619335,sz.000858,五粮液,-0.00923850281910199,-0.009281442456191322,133.118696052,138.24034271550002,140.108120865,0.13089690644478608
2023-12-05,128.45307717,sz.000858,五粮液,-0.021803222488858354,-0.022044425187007305,132.02386923600002,137.4912506835,139.72907309399997,0.14436671040574037
2023-12-06,129.7405791,sz.000858,五粮液,0.010023130300693905,0.009973231878753342,131.26757439600001,136.837145682,139.40464661699997,0.15449084178409794
2023-12-07,128.31802452,sz.000858,五粮液,-0.010964607911172819,-0.011025162267841128,130.07370897,136.1155143555,139.0569610725,0.15514183429044312
2023-12-08,128.68716843,sz.000858,五粮液,0.0028767892225654013,0.002872659183388689,129.303008514,135.486619182,138.754293078,0.1564676014184676
2023-12-11,125.3288592,sz.000858,五粮液,-0.026096690687749335,-0.026443252020704657,128.105541684,134.780743998,138.41336016600002,0.17200355692037522
2023-12-12,125.4188943,sz.000858,五粮液,0.0007183908045977905,0.0007181328854408335,127.49870511000002,134.033452668,138.0374636235,0.16785208088539538
2023-12-13,120.44895678,sz.000858,五粮液,-0.03962670495333809,-0.040433221095498004,125.640380646,132.97689076950002,137.5992928035,0.19834085592068953
2023-12-14,119.43156015,sz.000858,五粮液,-0.008446703543130596,-0.008482579106513408,123.863087772,131.9090744835,137.1341114535,0.19814557873734293
2023-12-15,120.3769287,sz.000858,五粮液,0.0079155672823219,0.007884403524148835,122.20103982599998,130.95020066850003,136.70944589849998,0.2061086673425108
2023-12-18,120.647034,sz.000858,五粮液,0.002243829468960401,0.002241315843013917,121.264674786,130.0318426485,136.323645495,0.2085792852147328
2023-12-19,120.04379883,sz.000858,五粮液,-0.0050000000000000044,-0.005012541823544286,120.189655692,129.04280707499998,135.8814230955,0.20323456952142668
2023-12-20,118.96337763,sz.000858,五粮液,-0.00900022500562514,-0.009040971701241579,119.89253986199999,128.080331856,135.4495547325,0.20277121364103262
2023-12-21,120.7370691,sz.000858,五粮液,0.014909558767880249,0.014799503861507461,120.15364165199999,127.22634893250002,135.0633041535,0.2173283891063813
2023-12-22,120.12483042,sz.000858,五粮液,-0.005070842654735341,-0.00508374300626355,120.103221996,126.33455126700001,134.6995623495,0.21558818742027147
2023-12-25,121.14222705,sz.000858,五粮液,0.008469494828361679,0.00843382989154557,120.20226060600001,125.672793282,134.318863935,0.20956208783268787
2023-12-26,120.93514632,sz.000858,五粮液,-0.0017094017094017033,-0.00171086440362943,120.38053010399999,125.0231900355,133.950020142,0.2098232154155897
2023-12-27,120.49397433,sz.000858,五粮液,-0.0036480047647409197,-0.0036546749610022944,120.686649444,124.37178608699999,133.607586645,0.20975690996965335
2023-12-28,126.1391751,sz.000858,五粮液,0.04685048195471864,0.0457861155346782,121.767070644,123.9643772595,133.36014017850002,0.2775722019291357
2023-12-29,126.32824881,sz.000858,五粮液,0.0014989293361884481,0.0014978070629432265,123.00775432200001,123.65375616449998,133.123197807,0.27538962490185354
2024-01-02,122.447736,sz.000858,五粮液,-0.030717696529114047,-0.031199374669852467,123.26885611200001,123.21033329699999,132.8490409275,0.2926286243501585
2024-01-03,121.43934288,sz.000858,五粮液,-0.008235294117647118,-0.008269391482506742,123.369695424,122.8596465825,132.570982527,0.2851350330408331
2024-01-04,119.13444432,sz.000858,五粮液,-0.018979833926453082,-0.01916226297816408,123.097789422,122.3293398435,132.250157454,0.2866189108268701
2024-01-05,118.16206524,sz.000858,五粮液,-0.008162031438935902,-0.00819552318248029,121.50236745,121.8215418795,131.8826641875,0.2859004813478997
2024-01-08,115.3349631,sz.000858,五粮液,-0.023925632429137478,-0.02421649919021234,119.30371030799999,121.15393161300001,131.499564837,0.2931372151573916
2024-01-09,115.07386131,sz.000858,五粮液,-0.0022638563622170427,-0.002266422759065574,117.82893537,120.64118171850001,131.1644842065,0.28273498302679906
2024-01-10,115.9652088,sz.000858,五粮液,0.007745872779907792,0.007716027526630344,116.734108554,120.16849744350002,130.840207788,0.28541411515142556
2024-01-11,116.70349662,sz.000858,五粮液,0.00636645962732918,0.00634627932931668,116.24791901399999,119.98122443550001,130.545793011,0.2536800513864201
2024-01-12,115.92019125,sz.000858,五粮液,-0.0067119271717327456,-0.006734553455724395,115.799544216,119.80565599049999,130.31320233600002,0.25312029795143787
2024-01-15,115.85716668,sz.000858,五粮液,-0.0005436893203882853,-0.0005438371730198641,115.903984932,119.5796678895,130.087814469,0.2507740775443857
2024-01-16,115.61407191,sz.000858,五粮液,-0.00209822816288463,-0.002100432527642965,116.01202705200001,119.32801978500001,129.85762473000003,0.2503199899460175
2024-01-17,112.66992414,sz.000858,五粮液,-0.02546530644030842,-0.025795159272965194,115.35297012000001,118.9593260505,129.5738641065,0.2637419507605886
2024-01-18,115.1548929,sz.000858,五粮液,0.022055298066165685,0.02181559801457937,115.04324937599999,118.76890181399999,129.2521386825,0.27712340579702516
2024-01-19,116.04624039,sz.000858,五粮液,0.007740422204847608,0.007710618831891253,115.068459204,118.5343603785,128.9196090465,0.27263129685161863
2024-01-22,114.344577,sz.000858,五粮液,-0.014663666692528499,-0.014772240958096901,114.765941268,118.24534770749999,128.529607005,0.2762415091087854
2024-01-23,114.68671038,sz.000858,五粮液,0.0029921259842518033,0.002987658484628291,114.58046896200001,117.92257187399998,128.091136068,0.2740798335234994
2024-01-24,115.28994555,sz.000858,五粮液,0.00525985241011151,0.005246067702314553,115.10447324399999,117.6403118355,127.6717225605,0.27549089195587056
2024-01-25,118.04501961,sz.000858,五粮液,0.02389691526747373,0.023615852865776284,115.682498586,117.5178640995,127.238203554,0.2905687851211962
2024-01-26,117.945981,sz.000858,五粮液,-0.0008389901609334727,-0.0008393423101588117,116.062446708,117.10820439449999,126.83454618900001,0.22961064481443752
2024-01-29,118.64825478,sz.000858,五粮液,0.00595419847328249,0.0059365422845223375,116.923182264,116.724204693,126.4160330325,0.23137131501794617
2024-01-30,114.98382621,sz.000858,五粮液,-0.03088480801335558,-0.03137179697750315,116.98260543,116.35100920350001,125.933895072,0.23163715991034894
2024-01-31,113.7143313,sz.000858,五粮液,-0.011040638947615755,-0.011102039151725312,116.66748258,115.96475862449999,125.43855196349999,0.2326836618758689
2024-02-01,113.8944015,sz.000858,五粮液,0.0015835312747427555,0.0015822788111295796,115.83735895800001,115.7027564835,124.956414003,0.22550031871644796
2024-02-02,111.48146082,sz.000858,五粮液,-0.021185770750988153,-0.02141341007648886,114.544454922,115.36872626249999,124.43526083249999,0.2346582504173431
2024-02-05,113.95742607,sz.000858,五粮液,0.022209659182684582,0.02196661671327096,113.60628918,115.299849411,123.980133402,0.2367093663131238
2024-02-06,119.73767949,sz.000858,五粮液,0.05072292012325197,0.04947842262071487,114.55705983600001,115.53304032000001,123.6516553455,0.2981951304064001
2024-02-07,120.52998837,sz.000858,五粮液,0.006617038875103232,0.006595242372734341,115.92019124999999,115.7612792985,123.32107647,0.2979412205587901
2024-02-08,120.27789009,sz.000858,五粮液,-0.0020915813849257114,-0.002093771796085685,117.19688896800001,115.93999897199998,122.96603805900001,0.29784684245106363
2024-02-19,122.58278865,sz.000858,五粮液,0.019163111011303302,0.01898181111804796,119.41715453399999,116.273128842,122.662619772,0.30231090034795843
2024-02-20,120.98916738,sz.000858,五粮液,-0.013000367242012478,-0.013085611627764688,120.823502796,116.52972887699998,122.35319914499999,0.30742111887474655
2024-02-21,126.96749802,sz.000858,五粮液,0.0494121148980502,0.04823011679889051,122.269466502,117.0974001825,122.15242087200001,0.3490940068767059
2024-02-22,127.0395261,sz.000858,五粮液,0.0005672954190896196,0.0005671345678739231,123.57137404800001,117.81588028050001,121.939337802,0.3307896782791125
2024-02-23,127.58874021,sz.000858,五粮液,0.004323175053153827,0.004313856978010782,125.033544072,118.437572646,121.762268772,0.3254793470663466
2024-02-26,125.83305576,sz.000858,五粮液,-0.013760496789217425,-0.01385605001097795,125.683597494,118.92691341449999,121.5625409085,0.332251089256074
2024-02-27,125.83305576,sz.000858,五粮液,0.0,0.0,126.65237517,119.50133735250002,121.360412109,0.3251747045812647
2024-02-28,125.62597503,sz.000858,五粮液,-0.0016456783056667534,-0.0016470339216856835,126.384070572,120.04830058500002,121.21455524699999,0.3259693262794266
2024-02-29,128.07492975,sz.000858,五粮液,0.01949401562388009,0.01930644110232489,126.591151302,120.687549795,121.117017222,0.3301461477655231
2024-03-01,128.38104909,sz.000858,五粮液,0.002390158172232093,0.00238730628758756,126.749613078,121.204351269,121.03133381849999,0.3229779482873378
2024-03-04,126.34625583,sz.000858,五粮液,-0.015849638824601997,-0.0159765875309834,126.852253092,121.62436501050001,120.8989822215,0.33051415539222556
2024-03-05,127.48069809,sz.000858,五粮液,0.008978835601795687,0.008938765533835057,127.18178155800001,122.065987176,120.81464934449998,0.33096802864962366
2024-03-06,125.20281006,sz.000858,五粮液,-0.017868493537679164,-0.018030062626007665,127.09714856400001,122.57693636849999,120.712759623,0.3157510757162721
2024-03-07,124.47352575,sz.000858,五粮液,-0.005824823817057512,-0.005841854268427714,126.37686776400001,123.11489609100002,120.646433766,0.31288681695743054
2024-03-08,124.62658542,sz.000858,五粮液,0.0012296564195297677,0.0012289010112730488,125.62597502999999,123.651505287,120.56120053800001,0.31293625975663
2024-03-11,127.09354716,sz.000858,五粮液,0.019794827337090037,0.01960145739335204,125.775433296,124.43210960399999,120.540792582,0.3015901613734675
2024-03-12,133.53105681,sz.000858,五粮液,0.050651742703315294,0.04941067894680176,126.98550503999999,125.410791141,120.62152405500001,0.3358844885577829
2024-03-13,133.03586376,sz.000858,五粮液,-0.003708448519991747,-0.0037153418628864806,128.55211578,126.07570035449999,120.749974131,0.29782844216965043
2024-03-14,134.65649556,sz.000858,五粮液,0.012181916621548439,0.012108314217928429,130.588709742,126.782025714,120.903934152,0.29877280799049727
2024-03-15,137.29452399,sz.000858,五粮液,0.019590799679058524,0.019401370018007815,133.122297456,127.63285740900001,121.18469360550002,0.30115584151951924
2024-03-18,138.2038785,sz.000858,五粮液,0.006623385140009264,0.006601546900331096,135.344363724,128.4139119015,121.49756557799999,0.2975999662305178
2024-03-19,141.68823687,sz.000858,五粮液,0.025211726384364752,0.02489915358552112,136.975799736,129.44886537600001,121.85275404749999,0.29584303657132266
2024-03-20,141.31008945,sz.000858,五粮液,-0.00266886954311496,-0.0026724373248104825,138.63064487399998,130.1659949475,122.197138305,0.25418884669806974
2024-03-21,141.00397011,sz.000858,五粮液,-0.0021662949984070368,-0.002168644809619952,139.900139784,130.86421714800002,122.546474493,0.25507402197143214
2024-03-22,138.14085393,sz.000858,五粮液,-0.02030521678053776,-0.02051420152122829,140.069405772,131.391822834,122.866099098,0.27087907562488367
2024-03-25,136.60125372,sz.000858,五粮液,-0.011145147624323837,-0.011207720136416193,139.748880816,131.930232732,123.13050217499999,0.26874033008125636
2024-03-26,139.75248222,sz.000858,五粮液,0.02306881096757185,0.022806748605294584,139.361729886,132.626204055,123.457629705,0.27627357865590957
2024-03-27,137.44758366,sz.000858,五粮液,-0.016492720010307882,-0.01663023905566838,138.589228728,133.21728448649998,123.7293856485,0.2861469427826315
2024-03-28,137.8437381,sz.000858,五粮液,0.0028822219310886688,0.0028780762933137303,137.957182326,133.705724904,124.0111955115,0.2807492764932384
2024-03-29,138.21288201,sz.000858,五粮液,0.0026779882429783797,0.0026744088214719964,137.97158794199999,134.19731655,124.30651063949999,0.2807315738928252
2024-04-01,141.60720528,sz.000858,五粮液,0.02455866067357171,0.024261944913746246,138.972778254,134.9603640225,124.56431114249999,0.27977768151562177
2024-04-02,140.0045805,sz.000858,五粮液,-0.01131739572736512,-0.011381924779567508,139.02319791,135.586558143,124.792250004,0.28598728074383634
2024-04-03,139.1942646,sz.000858,五粮液,-0.005787781350482413,-0.005804595465967336,139.37253409800002,136.28613087,125.07135881399999,0.27631093018684755
2024-04-08,132.61269879,sz.000858,五粮液,-0.047283311772315706,-0.04843770365186996,138.326326236,136.69308952199998,125.2575814125,0.3322756390462171
2024-04-09,131.88341448,sz.000858,五粮液,-0.0054993550139180725,-0.005514532135196363,137.06043272999997,137.05593097499997,125.4700642485,0.33370858526698555
2024-04-10,128.85823512,sz.000858,五粮液,-0.02293828509011475,-0.023205461165791613,134.510638698,137.14416537300002,125.64833374649999,0.33967907983963463
2024-04-11,128.15596134,sz.000858,五粮液,-0.005449972051425278,-0.00546487732933857,132.140914866,136.8754105995,125.8620170505,0.28462257351840037
2024-04-12,126.49031199,sz.000858,五粮液,-0.012997049318533183,-0.013082250007565065,129.600124344,136.548133011,126.05229122850001,0.2873031575893709
2024-04-15,132.63970932,sz.000858,五粮液,0.04861555982632226,0.04747077971330457,129.60552644999999,136.447293699,126.3301995705,0.3366381078167541
2024-04-16,130.52388447,sz.000858,五粮液,-0.015951669834374127,-0.016080267114058428,129.333620448,136.108761723,126.56053936800001,0.33205692001089465
2024-04-17,130.8210003,sz.000858,五粮液,0.0022763330344208743,0.002273746113431082,129.726173484,135.739617813,126.80888618549999,0.33086073937613153
2024-04-18,130.53288798,sz.000858,五粮液,-0.0022023399862354243,-0.0022047687035055643,130.201558812,135.1818503685,127.05348154049999,0.3142617285518474
2024-04-19,128.6601579,sz.000858,五粮液,-0.0143468064560629,-0.014450716936909976,130.635527994,134.549353791,127.27091630700001,0.31637861739921236
2024-04-22,130.15474056,sz.000858,五粮液,0.01161651504548633,0.011549561348151308,130.138534242,134.0068923135,127.562329914,0.3214632660918327
2024-04-23,132.37860753,sz.000858,五粮液,0.017086330935252025,0.016942001305592994,130.509478854,133.7187799935,127.84939182450002,0.3233963781691864
2024-04-24,134.13429198,sz.000858,五粮液,0.013262599469495928,0.013175421158564328,131.17213719,133.59543190649998,128.150859351,0.32577007936756
2024-04-25,134.13429198,sz.000858,五粮液,0.0,0.0,131.89241799,133.3145223945,128.480687934,0.31349616100977973
2024-04-26,137.07843975,sz.000858,五粮液,0.021949254933548046,0.021711837841876084,133.57607435999998,133.296065199,128.8538834235,0.31934811301596233
2024-04-29,136.62826425,sz.000858,五粮液,-0.003284072249589487,-0.0032894766503987574,134.870779098,133.2352915065,129.2095220685,0.31937483388884086
2024-04-30,135.43980093,sz.000858,五粮液,-0.008698517298187936,-0.008736570229875375,135.48301777800003,133.0966374525,129.4994350905,0.3205420656699422
2024-05-06,139.56340851,sz.000858,五粮液,0.03044605464335559,0.02999177125747042,136.56884108399998,132.994447614,129.859725549,0.32733360542829704
2024-05-07,140.40073494,sz.000858,五粮液,0.0059996129281982835,0.00598168691425106,137.822129676,133.014255336,130.222266885,0.3255277181189859
2024-05-08,139.554405,sz.000858,五粮液,-0.006027959471591626,-0.00604620096220726,138.317322726,133.032262356,130.63177653149998,0.32558879989779754
2024-05-09,139.41034884,sz.000858,五粮液,-0.0010322580645160118,-0.001032791209799148,138.87373964399998,133.3721448585,131.06004349050002,0.2730344241658799
2024-05-10,139.04120493,sz.000858,五粮液,-0.002647894600878442,-0.002651406474537868,139.594020444,133.73003438100002,131.479156881,0.2720928223328982
2024-05-13,136.0430361,sz.000858,五粮液,-0.021563167778281378,-0.021799049956215674,138.889945962,134.08927443,131.888516469,0.2704072330410819
2024-05-14,136.25912034,sz.000858,五粮液,0.0015883520847121968,0.0015870919876817243,138.061623042,134.49443237999998,132.2602113735,0.26868972282147924
2024-05-15,136.28613087,sz.000858,五粮液,0.0001982291529005753,0.00019820950809811762,137.40796821600003,134.984223324,132.5360188965,0.26213954261308803
2024-05-16,138.69907155,sz.000858,五粮液,0.01770496135297628,0.017550054268203233,137.265712758,135.2871914355,132.8388369495,0.20991041946765618
2024-05-17,140.82389991,sz.000858,五粮液,0.015319701395650531,0.015203539643473011,137.622251754,135.8021922075,133.1812704465,0.20304776081385525
2024-05-20,141.6252123,sz.000858,五粮液,0.005690173262579146,0.005674045378081999,138.738686994,136.3424028075,133.498644174,0.2030512530135082
2024-05-21,140.94094554,sz.000858,五粮液,-0.00483153210425924,-0.004843241687539937,139.675052034,136.8628056855,133.83117381,0.20433592749860852
2024-05-22,139.66244712,sz.000858,五粮液,-0.009071163919764924,-0.009112557442295707,140.350315284,137.4129201465,134.042756295,0.1988651159265362
2024-05-23,138.2939136,sz.000858,五粮液,-0.00979886539453323,-0.009847190220824538,140.26928369399997,137.81987879849999,134.23032942,0.2027423159568123
2024-05-24,136.08805365,sz.000858,五粮液,-0.01595052083333326,-0.016079099488104657,139.32211444200001,138.0053511045,134.37198464399998,0.20642757821479252
2024-05-27,136.47520458,sz.000858,五粮液,0.002844856103208615,0.002840817158415879,138.292112898,138.1223967345,134.54935379100002,0.20178940916955612
2024-05-28,135.07966053,sz.000858,五粮液,-0.010225623433170461,-0.010278264284960896,137.119855896,138.169665162,134.7034638705,0.20564998273190407
2024-05-29,134.34137271,sz.000858,五粮液,-0.005465573551956315,-0.005480564446591809,136.055641014,138.03281181,134.8487204985,0.19003413046305187
2024-05-30,131.68533726,sz.000858,五粮液,-0.019770792842302765,-0.019968849809525083,134.733925746,137.78566546049998,134.908893957,0.20140214798406994
2024-05-31,132.0814917,sz.000858,五粮液,0.0030083413099957212,0.0030038253061307235,133.932613356,137.61774999899998,134.9705680005,0.20034071827166572
2024-06-03,131.43323898,sz.000858,五粮液,-0.00490797546012256,-0.004920059125449647,132.924220236,137.2112415225,135.05535105299998,0.16194640610302638
2024-06-04,133.05387078,sz.000858,五粮液,0.012330456226880449,0.012255055337015354,132.519062286,136.8438983145,135.1482372645,0.16802997826380606
2024-06-05,131.23516176,sz.000858,五粮液,-0.013668967383949071,-0.013763247848853312,131.89782009599998,136.4279361525,135.2487764595,0.17221604407276808
2024-06-06,130.4608599,sz.000858,五粮液,-0.005900109769484185,-0.005917584185011598,131.652924624,135.9804617055,135.348565362,0.17234047370181102
2024-06-07,128.15596134,sz.000858,五粮液,-0.017667356797791522,-0.017825287455511585,130.86781855200002,135.436199526,135.407388294,0.1797258521402141
2024-06-11,124.68060648,sz.000858,五粮液,-0.02711816776731779,-0.02749265100317134,129.517292052,134.868078045,135.367172616,0.1878222144690259
2024-06-12,124.1584029,sz.000858,五粮液,-0.00418833044482958,-0.004197126068697687,127.73819847600001,134.263042173,135.2109617175,0.18654145301052993
2024-06-13,121.15123056,sz.000858,五粮液,-0.02422044960116021,-0.024518588574618153,125.72141223600002,133.5062971575,135.0128844975,0.1980403173389733
2024-06-14,122.15962368,sz.000858,五粮液,0.008323424494649068,0.00828897581895486,124.061164992,132.679324764,134.8046032995,0.18569047456837812
2024-06-17,122.20464123,sz.000858,五粮液,0.00036851415094329987,0.0003684462662807043,122.87090097000001,131.74836183,134.55310525349998,0.16952187331764537
2024-06-18,120.54799539,sz.000858,五粮液,-0.013556325057098584,-0.013649051000585442,122.04437875199999,130.6945009845,134.25884053500002,0.16407505208903625
2024-06-19,120.84511122,sz.000858,五粮液,0.002464709836432988,0.0024616774208051045,121.38172041600001,129.6897092685,133.91145510750002,0.16792692603181852
2024-06-20,119.0264022,sz.000858,五粮液,-0.015049918045000776,-0.015164317312507362,120.956754744,128.6579070225,133.54006032,0.16994651105772984
2024-06-21,117.2257002,sz.000858,五粮液,-0.015128593040847238,-0.015244197643117081,119.96997004800001,127.60449635250002,133.14375582149998,0.17177642178566765
2024-06-24,117.97299153,sz.000858,五粮液,0.006374807987711284,0.006354574842025121,119.12364010800002,126.69874324650002,132.8076247815,0.17658387288061966
2024-06-25,118.40516001,sz.000858,五粮液,0.0036632832175838015,0.0036565897373796495,118.69507303200001,125.795241018,132.504356553,0.17721536612921845
2024-06-26,118.2160863,sz.000858,五粮液,-0.0015968367424530339,-0.0015981130451230123,118.169268048,124.95206230650001,132.145416621,0.17778905547887652
2024-06-27,116.73050715,sz.000858,五粮液,-0.01256664127951257,-0.012646269324077114,117.710089038,124.0715190285,131.8001320125,0.17897873943143047
2024-06-28,115.28094204,sz.000858,五粮液,-0.012418048592364062,-0.012495796883011088,117.321137406,123.2512992675,131.4240854115,0.17381632595671662
2024-07-01,115.5150333,sz.000858,五粮液,0.0020306154326772408,0.002028556519928388,116.82954576,122.4229763475,131.045787933,0.17313483505739474
2024-07-02,118.45017756,sz.000858,五粮液,0.025409197194076416,0.02509174969926551,116.83854927,121.7738232765,130.659837471,0.20720718935691815
2024-07-03,117.945981,sz.000858,五粮液,-0.004256612952265093,-0.004265698119704645,116.78452821,121.01842878749999,130.292194146,0.19679850296318746
2024-07-04,117.57683709,sz.000858,五粮液,-0.003129770992366443,-0.0031346789688357136,116.95379419800001,120.335512554,129.9319036875,0.19485138439285757
2024-07-05,116.10026145,sz.000858,五粮液,-0.01255838885060101,-0.012637911904961968,117.11765808,119.6174826315,129.6566963985,0.19650075565041253
2024-07-08,113.36319441,sz.000858,五粮液,-0.023575029081039145,-0.023857366313744577,116.687290302,118.877844285,129.348026064,0.20229002027195933
2024-07-09,114.40760157,sz.000858,五粮液,0.009212929870542341,0.0091707497028337,115.87877510399998,118.3641940395,129.1071821715,0.1929650142931236
2024-07-10,113.93041554,sz.000858,五粮液,-0.004170929408987112,-0.004179651997704709,115.075662012,117.8527946715,128.8700897415,0.19296506190503826
2024-07-11,117.47779848,sz.000858,五粮液,0.031136399557452288,0.0306614945940203,115.05585429,117.66912306750001,128.71988118299998,0.21558368029949596
2024-07-12,118.9625528,sz.000858,五粮液,0.01263859502996012,0.012559394611007515,115.62831256,117.50926952350001,128.49192857433334,0.2187002457891445
2024-07-15,119.05593,sz.000858,五粮液,0.0007849293563579884,0.0007846214604179258,116.76685967799999,117.351833962,128.30079599983333,0.21874574090777993
2024-07-16,119.03725456,sz.000858,五粮液,-0.00015686274509807419,-0.0001568750493452095,117.69279027600001,117.2762969205,128.10440023750002,0.21383461914408863
2024-07-17,122.10002672,sz.000858,五粮液,0.025729526200188424,0.02540409230687436,119.326712512,117.33904269550001,127.96385254983333,0.23324269669422837
2024-07-18,122.4175092,sz.000858,五粮液,0.0026001835423676845,0.0025968089136442787,120.31465465599999,117.50859804550001,127.85980840483334,0.2258129569801386
2024-07-19,124.58386024,sz.000858,五粮液,0.017696414950419515,0.017541656511715187,121.43891614399999,117.87650604749999,127.76696039950001,0.22380305255430255
2024-07-22,122.52956184,sz.000858,五粮液,-0.016489281966721725,-0.016626743364637982,122.13364251200001,118.104334563,127.602809638,0.2339106725076919
2024-07-23,118.4022896,sz.000858,五粮液,-0.0336838896509678,-0.03426426191360588,122.00664952000002,118.10419104249999,127.34060959833332,0.26578229871623565
2024-07-24,117.71129832,sz.000858,五粮液,-0.005835962145110507,-0.005853057918161597,121.12890383999999,118.0789516435,127.06689303733333,0.26657276649380013
2024-07-25,117.44984216,sz.000858,五粮液,-0.0022211645248293443,-0.0022236349696066453,120.13537043199999,118.11491839399999,126.73974974416666,0.2626460804715639
2024-07-26,117.8420264,sz.000858,五粮液,0.0033391636190172047,0.003333600991755354,118.78700366400001,118.24297261199999,126.42664577999999,0.2583373596165253
2024-07-29,115.8811052,sz.000858,五粮液,-0.016640253565768592,-0.01678025789655123,117.457312336,118.26127620700001,126.10066751783333,0.2659540811374121
2024-07-30,115.12474988,sz.000858,五粮液,-0.006526994359387528,-0.006548388330100083,116.80180439199998,118.095004823,125.69335654066667,0.24960787368111703
2024-07-31,118.45831592,sz.000858,五粮液,0.028956119717738815,0.028544812325289846,116.951207912,118.12062156900001,125.32764955700002,0.27129849394286354
2024-08-01,115.787728,sz.000858,五粮液,-0.022544537285196342,-0.022802550600714278,116.61878508,118.0311661145,124.93153827366667,0.28310253085531767
2024-08-02,115.5075964,sz.000858,五粮液,-0.0024193548387096975,-0.0024222862065946694,116.15189907999999,118.001532862,124.53315906633334,0.27969672073138574
2024-08-05,117.655272,sz.000858,五粮液,0.01859337105901382,0.018422627553035857,116.50673244,118.21613674150001,124.17672685083333,0.27273840601687094
2024-08-06,117.5618948,sz.000858,五粮液,-0.0007936507936506798,-0.000793965901176401,116.994161424,118.373851403,123.86870782916667,0.27153874886813245
2024-08-07,118.589044,sz.000858,五粮液,0.008737092930897417,0.008699145408289671,117.02030703999999,118.606782826,123.57420655683333,0.27182911492589323
2024-08-08,119.8496362,sz.000858,五粮液,0.010629921259842634,0.010573820858558255,117.83268868,118.725374712,123.300264979,0.2518320089936716
2024-08-09,119.59751776,sz.000858,五粮液,-0.0021036229061160983,-0.0021058386286901785,118.65067295200001,118.75712295999999,122.98190574916666,0.24830062951548001
2024-08-12,119.25202212,sz.000858,五粮液,-0.002888819487820049,-0.002893000180288509,118.970022976,118.766927566,122.62237445266666,0.24856396779078221
2024-08-13,117.2817632,sz.000858,五粮液,-0.01652180721948171,-0.016659814474072446,118.913996656,118.67915299799999,122.216650301,0.25556387456535307
2024-08-14,116.09587276,sz.000858,五粮液,-0.01011146496815285,-0.010162933069252096,118.41536240800001,118.37894529999998,121.80256575466666,0.23758762855206664
2024-08-15,116.6748114,sz.000858,五粮液,0.004986728866725576,0.004974336316115126,117.780397448,118.09181041,121.41943849266666,0.23840493297552295
2024-08-16,116.73083772,sz.000858,五粮液,0.00048019207683069887,0.0004800768215103584,117.20706144,117.699159284,121.06005389466668,0.22681075141515
2024-08-19,115.7410394,sz.000858,五粮液,-0.008479321654267569,-0.00851547562127218,116.504864896,117.359733162,120.72093699050001,0.22230133655669254
2024-08-20,114.9940218,sz.000858,五粮液,-0.006454215409439357,-0.006475133914652658,116.04731661600002,117.189319772,120.3629172775,0.19083585241232712
2024-08-21,114.1069384,sz.000858,五粮液,-0.007714169711733665,-0.007744077829051978,115.649529744,117.009101776,120.01337190866666,0.19153128007202339
2024-08-22,112.97707428,sz.000858,五粮液,-0.009901800327332344,-0.009951149184108584,114.90998232,116.78546338200002,119.65730026816667,0.19384929887177457
2024-08-23,113.08912692,sz.000858,五粮液,0.0009918175055789735,0.000991325979572671,114.18164016,116.54781840800001,119.34736342916668,0.19319081575467303
2024-08-26,110.29714864,sz.000858,五粮液,-0.024688299892659527,-0.02499816665723718,113.092862008,116.26862057999999,118.98429104483333,0.2031433464396829
2024-08-27,109.9049644,sz.000858,五粮液,-0.0035557060616322467,-0.0035620426094908945,112.07505052799999,116.00763130600001,118.6254864685,0.2026136347772119
2024-08-28,106.450008,sz.000858,五粮液,-0.03143585386576042,-0.031940565871735584,110.543664448,115.40721590999999,118.18208875549999,0.19243520990924373
2024-08-29,110.91343816,sz.000858,五粮液,0.041929824561403484,0.04107459419321866,110.130937224,115.16350141800001,117.84339336216667,0.24463659098853
2024-08-30,114.88196916,sz.000858,五粮液,0.03578043441656842,0.0351551854843634,110.48950567199999,115.13222005600001,117.58374518316667,0.2790067845380819
2024-09-02,111.118868,sz.000858,五粮液,-0.03275623831585783,-0.0333047349605481,110.653849544,114.80539985600001,117.29979362750001,0.2925240745148372
2024-09-03,112.35144704,sz.000858,五粮液,0.011092436974789788,0.011031367090000181,111.143146072,114.54487746799998,117.09430763683332,0.29656271761223074
2024-09-04,111.22158292,sz.000858,五粮液,-0.010056515957446721,-0.01010742430872005,112.097461056,114.17650441400001,116.87869397050001,0.2949535982644171
2024-09-05,111.6324426,sz.000858,五粮液,0.0036940643103013926,0.0036872580115241724,112.241261944,113.76564473399999,116.7200475045,0.2917001012041622
2024-09-06,109.74622316,sz.000858,五粮液,-0.016896695943120044,-0.01704107375957099,111.214112744,113.27308000400001,116.51315749583334,0.2955388441479342
2024-09-09,108.52298184,sz.000858,五粮液,-0.0111460903599081,-0.011208673497803238,110.694935512,112.73662798999999,116.28512983933334,0.29653243020520037
2024-09-10,108.71907396,sz.000858,五粮液,0.0018069179143005432,0.0018052874019651973,109.96846089599998,112.30849352800001,116.08798114883332,0.29383323302658937
2024-09-11,108.32688972,sz.000858,五粮液,-0.0036073177016233693,-0.003613839761609303,109.389522256,111.920044376,115.87934412383333,0.29283324936158445
2024-09-12,105.85239392,sz.000858,五粮液,-0.02284285837427813,-0.023107798904890457,108.23351252,111.37892350199999,115.65977731916665,0.298990010049768
2024-09-13,101.9679024,sz.000858,五粮液,-0.03669724770642202,-0.03738753207162033,106.67784836799999,110.64077673599999,115.40548068916668,0.3189255825066998
2024-09-18,100.55790668,sz.000858,五粮液,-0.013827838827838779,-0.013924333970015058,105.084833336,109.8816201,115.115229275,0.3199189650290827
2024-09-19,103.5553148,sz.000858,五粮液,0.029807781595319938,0.029372165015531828,104.05208150399999,109.30968475,114.86773185483335,0.3453442137749568
2024-09-20,102.97637616,sz.000858,五粮液,-0.005590622182146121,-0.005606308200725403,102.98197879199999,108.753156638,114.61373668583333,0.34520518826244245
2024-09-23,104.85325788,sz.000858,五粮液,0.018226332970620263,0.01806222442885132,102.782151584,108.34696581799999,114.41578253133333,0.35411845457903046
2024-09-24,112.38879792,sz.000858,五粮液,0.07186748597381776,0.06940244117739715,104.86633068800002,108.311949368,114.36758012933335,0.443979380471284
2024-09-25,114.0135612,sz.000858,五粮液,0.01445663010967091,0.014353129354814446,107.55746159200001,108.49776999600002,114.34255559433333,0.4367288235627102
2024-09-26,125.41491732,sz.000858,五粮液,0.10000000000000009,0.09531017980432493,111.929382096,109.273267642,114.45863459033333,0.5572757877501571
2024-09-27,137.95547528,sz.000858,五粮液,0.09999255453800915,0.0953034111796079,118.92520192000002,110.848541006,114.79212616166666,0.6273267998195045
2024-09-30,151.74728772,sz.000858,五粮液,0.0999729254095032,0.09528556623732551,128.304007888,112.890233484,115.36163367216668,0.6923568539030132
2024-10-08,153.1852966,sz.000858,五粮液,0.009476339917543486,0.009431721069193398,136.463307624,114.80539985599998,115.97971759133334,0.6890118870502167
2024-10-09,137.89944896,sz.000858,五粮液,-0.09978665041145984,-0.10512348865256853,141.240485176,116.14442890399998,116.38865516716668,0.7854195744353729
2024-10-10,141.91466856,sz.000858,五粮液,0.02911700975081244,0.028701162487096702,144.540435424,117.62258998000001,116.84710628366666,0.7877467410579037
2024-10-11,139.7389798,sz.000858,五粮液,-0.015330964600605235,-0.015449698942930804,144.89713632800002,119.04845982399999,117.27724902133333,0.7900044975633148
2024-10-14,139.84169472,sz.000858,五粮液,0.0007350484463748419,0.0007347784305739444,142.516017728,120.45892243,117.64998062533333,0.7905183025209943
2024-10-15,134.463168,sz.000858,五粮液,-0.038461538461538436,-0.03922071315328127,138.771592008,121.694769672,117.908324212,0.8047279293773824
2024-10-16,132.2688038,sz.000858,五粮液,-0.016319444444444442,-0.01645407329947506,137.645462976,122.88206077,118.12853877533333,0.8068577409568104
2024-10-17,128.8138474,sz.000858,五粮液,-0.026120720084715998,-0.026467925613230622,135.025298744,123.88679944200001,118.29148198933333,0.8171708124106782
2024-10-18,133.529396,sz.000858,五粮液,0.036607466473359995,0.035953329596612266,133.783381984,125.146924756,118.48197147733335,0.820909697991918
2024-10-21,133.53873372,sz.000858,五粮液,6.993006993027961e-05,6.992762493692443e-05,132.522789784,126.531241746,118.66732521933334,0.8120799603651202
2024-10-22,135.80779968,sz.000858,五粮液,0.016991818753933075,0.016849072544324495,132.79171612,128.22323661000001,118.85439087666667,0.7906608917235214
2024-10-23,138.69315516,sz.000858,五粮液,0.021245874587458857,0.021023327612272782,134.076586392,130.12999903399998,119.12378409866666,0.7831163260067997
2024-10-24,136.76024712,sz.000858,五粮液,-0.013936578468996208,-0.01403460440851772,135.665866336,131.79024565,119.42975005733334,0.789255313889586
2024-10-25,138.30097092,sz.000858,五粮液,0.011265874641540385,0.011202887305957542,136.62018132,133.55647538800002,119.77291126733333,0.7856369364527398
2024-10-28,143.77287484,sz.000858,五粮液,0.03956518803591913,0.03880253730294609,138.667009544,135.502456236,120.21162847866667,0.7900765766455867
2024-10-29,140.8128176,sz.000858,五粮液,-0.0205884263168149,-0.020803322667971656,139.66801312799998,136.92365722,120.59447499866668,0.7730047693227733
2024-10-30,138.9452736,sz.000858,五粮液,-0.013262599469495928,-0.013351333174864113,139.71843681599998,138.17024284,120.97887780533333,0.7782932928399169
2024-10-31,137.10574276,sz.000858,五粮液,-0.013239247311828017,-0.013327667424145356,139.787535944,138.75478411199998,121.34522768666666,0.7072178379384313
2024-11-01,138.12355424,sz.000858,五粮液,0.007423551045426802,0.007396132104023327,139.75205260799999,138.76318806,121.67298165866666,0.6130681635900771
2024-11-04,138.7585192,sz.000858,五粮液,0.00459707950243371,0.004586545204789345,138.74918148,138.113749634,122.05582817866667,0.4893790622383372
2024-11-05,142.6803616,sz.000858,五粮液,0.02826379542395685,0.027871744448761247,139.12269028,137.588502884,122.50870759866666,0.5006537162512915
2024-11-06,141.233015,sz.000858,五粮液,-0.010143979057591679,-0.01019577982146933,139.58023856,137.75518118600002,122.90166998199999,0.34913561701660173
2024-11-07,151.49516928,sz.000858,五粮液,0.07266115702479348,0.07014262349186758,142.45812386400002,138.23420622199998,123.46722455666666,0.4216322403734206
2024-11-08,146.10730484,sz.000858,五粮液,-0.03556459566074943,-0.036212422088852385,144.054873984,138.55262247399997,123.92586223733333,0.439424061642411
2024-11-11,144.56658104,sz.000858,五粮液,-0.010545152425385229,-0.010601146537398696,145.216486352,138.78886679,124.33781131799999,0.44187289432950866
2024-11-12,144.0810196,sz.000858,五粮液,-0.0033587391809843936,-0.003364392407452228,145.496617952,139.26975937,124.745869682,0.41602651342972247
2024-11-13,143.74486168,sz.000858,五粮液,-0.002333117303953136,-0.0023358432629435925,145.998987288,139.843562264,125.15408367466667,0.40998244118492544
2024-11-14,143.32466428,sz.000858,五粮液,-0.0029232168377290035,-0.0029274977808546924,144.364886288,140.56910310799998,125.58813202600001,0.39501396375314957
2024-11-15,141.27036588,sz.000858,五粮液,-0.014333181314743593,-0.014436893568573025,143.397498496,140.956151602,126.00770691133334,0.38325813021335847
2024-11-18,139.44017276,sz.000858,五粮液,-0.012955251503734666,-0.013039902687566492,142.37221684000002,141.25122355399998,126.38712960066667,0.3873872405362984
2024-11-19,138.6184534,sz.000858,五粮液,-0.005892988682783096,-0.005910420859408436,141.2797036,141.39175624,126.75192319533333,0.3844930660356128
2024-11-20,139.6922912,sz.000858,五粮液,0.007746716066015624,0.00771686433060819,140.46918950399998,141.441713042,127.15111072533334,0.3781371806472691
2024-11-21,139.598914,sz.000858,五粮液,-0.0006684491978609097,-0.0006686727096356982,139.72403944799998,141.583646386,127.56119226199999,0.37427503692139874
2024-11-22,135.29422508,sz.000858,五粮液,-0.030836120401337874,-0.0313215589981103,138.52881128799999,141.43330909399998,127.91431370666668,0.38893488172402185
2024-11-25,134.2764136,sz.000858,五粮液,-0.00752294844364676,-0.007551388545684442,137.496059456,140.958486032,128.26930269533332,0.3588382434809162
2024-11-26,135.2101856,sz.000858,五粮液,0.00695410292072296,0.006930034664669412,136.81440589599998,140.678354432,128.63798700666666,0.35440084969681046
2024-11-27,137.3111726,sz.000858,五粮液,0.015538674033149125,0.015419185048387997,136.33818217599998,140.596649382,129.08822073933334,0.3567799709207435
2024-11-28,134.463168,sz.000858,五粮液,-0.020741244474668408,-0.02095936542400334,135.31103297599998,140.464520644,129.49752413266665,0.3613374147753525
2024-11-29,137.04971644,sz.000858,五粮液,0.01923611111111123,0.019053436047106884,135.66213124799998,140.410828754,130.00751927333334,0.3672577885583964
2024-12-02,137.6379928,sz.000858,五粮液,0.004292430333174391,0.00428324413212888,136.334447088,140.354802434,130.45292851733333,0.36720724757127277
2024-12-03,137.25514628,sz.000858,五粮液,-0.0027815468113976394,-0.0027854225013400156,136.74343922399999,140.083541668,130.82581480266666,0.35154051572826156
2024-12-04,136.07859356,sz.000858,五粮液,-0.008572011701476256,-0.008608962708290983,136.49692341600002,139.825820596,131.24181022866665,0.35108421464453854
2024-12-05,135.42495316,sz.000858,五粮液,-0.004803403554518582,-0.0048149769734465555,136.689280448,139.02230979,131.626368664,0.2149711694928911
2024-12-06,136.74157168,sz.000858,五粮液,0.009722126456595204,0.0096751706798768,136.627651496,138.554023132,132.05170181,0.18958198138810606
2024-12-09,136.10660672,sz.000858,五粮液,-0.004643540016388892,-0.004654354740387193,136.32137428000001,138.131024416,132.45960454533332,0.187713579157292
2024-12-10,139.2254052,sz.000858,五粮液,0.022914379802414953,0.022655788259044567,136.715426064,137.888243696,132.950924246,0.208913087387576
2024-12-11,139.5055368,sz.000858,五粮液,0.002012072434607548,0.0020100509280241,137.400814712,137.676277452,133.46730016200002,0.20928818945007518
2024-12-12,141.76526504,sz.000858,五粮液,0.016198125836680122,0.016068335889905284,138.668877088,137.59830749,134.01807001333333,0.21827127976910232
2024-12-13,138.23560688,sz.000858,五粮液,-0.024897905414306365,-0.02521310107066687,138.96768412800003,137.44656953999998,134.51654863266666,0.23008138278612295
2024-12-16,135.01409348,sz.000858,五粮液,-0.023304512293974566,-0.023580356477920263,138.74918148,137.225265576,135.00257695866668,0.23994405708120192
2024-12-17,135.29422508,sz.000858,五粮液,0.0020748322843902045,0.0020726827925958338,137.962945456,137.05905416,135.55801566999997,0.23967710640024978
2024-12-18,135.5836944,sz.000858,五粮液,0.0021395541445237143,0.002137268558065094,137.17857697600002,136.85362432,136.14177879866665,0.23774947935946647
2024-12-19,134.0429706,sz.000858,五粮液,-0.011363636363636576,-0.011428695823622968,135.634118088,136.57582715,136.64990639533332,0.24033925063201678
2024-12-20,133.72548812,sz.000858,五粮液,-0.002368512713340265,-0.0023713220764617414,134.732094336,136.497390302,137.16239159466667,0.21479694325582233
2024-12-23,133.0158214,sz.000858,五粮液,-0.0053068919768172185,-0.0053210235466938415,134.33243992,136.43436069199998,137.63176765333336,0.21397785906922884
2024-12-24,133.97760656,sz.000858,五粮液,0.0072306072306072,0.007204591720164496,134.069116216,136.37273174,137.99158113066667,0.21410585576926297
2024-12-25,133.60409776,sz.000858,五粮液,-0.0027878449958181895,-0.0027917382732647934,133.67319688799998,136.187377998,138.31809007333334,0.20576398045905675
2024-12-26,133.05317228,sz.000858,五粮液,-0.00412356723511309,-0.004132092583119424,133.47523722399998,136.11687821200002,138.44539432266666,0.19298436646035177
2024-12-27,133.08118544,sz.000858,五粮液,0.00021054109060281156,0.00021051892993782795,133.346376688,135.918451662,138.36415615866665,0.17850855643242255
2024-12-30,131.85794412,sz.000858,五粮液,-0.009191692394049933,-0.009234196656474666,133.11480123200002,135.629449228,138.03266709866665,0.17921307529177583
2024-12-31,130.76543088,sz.000858,五粮液,-0.008285532186105948,-0.00832004799469583,132.472366096,135.304963458,137.65900267,0.18055786454626643
